{
	"start":	{
		"connected":	[{
				"socket":	5,
				"local_host":	"10.100.102.149",
				"local_port":	49469,
				"remote_host":	"10.100.102.161",
				"remote_port":	5201
			}],
		"version":	"iperf 3.18",
		"system_info":	"Darwin mimi-2.local 24.3.0 Darwin Kernel Version 24.3.0: Thu Jan  2 20:24:23 PST 2025; root:xnu-11215.81.4~3/RELEASE_ARM64_T8122 arm64",
		"timestamp":	{
			"time":	"Sat, 22 Feb 2025 17:10:50 UTC",
			"timesecs":	1740244250
		},
		"connecting_to":	{
			"host":	"10.100.102.161",
			"port":	5201
		},
		"cookie":	"ocs7v3ofr7eagq4ffu57ujtdmbhs3ltawsul",
		"tcp_mss_default":	1448,
		"target_bitrate":	0,
		"fq_rate":	0,
		"sock_bufsize":	0,
		"sndbuf_actual":	131072,
		"rcvbuf_actual":	131072,
		"test_start":	{
			"protocol":	"TCP",
			"num_streams":	1,
			"blksize":	131072,
			"omit":	0,
			"duration":	30,
			"bytes":	0,
			"blocks":	0,
			"reverse":	0,
			"tos":	0,
			"target_bitrate":	0,
			"bidir":	0,
			"fqrate":	0,
			"interval":	1
		}
	},
	"intervals":	[{
			"streams":	[{
					"socket":	5,
					"start":	0,
					"end":	1.002891,
					"seconds":	1.002890944480896,
					"bytes":	1870397440,
					"bits_per_second":	14920046493.933651,
					"omitted":	false,
					"sender":	true
				}],
			"sum":	{
				"start":	0,
				"end":	1.002891,
				"seconds":	1.002890944480896,
				"bytes":	1870397440,
				"bits_per_second":	14920046493.933651,
				"omitted":	false,
				"sender":	true
			}
		}, {
			"streams":	[{
					"socket":	5,
					"start":	1.002891,
					"end":	2.005023,
					"seconds":	1.0021320581436157,
					"bytes":	1910898688,
					"bits_per_second":	15254665669.830503,
					"omitted":	false,
					"sender":	true
				}],
			"sum":	{
				"start":	1.002891,
				"end":	2.005023,
				"seconds":	1.0021320581436157,
				"bytes":	1910898688,
				"bits_per_second":	15254665669.830503,
				"omitted":	false,
				"sender":	true
			}
		}, {
			"streams":	[{
					"socket":	5,
					"start":	2.005023,
					"end":	3.001458,
					"seconds":	0.996434986591339,
					"bytes":	1885339648,
					"bits_per_second":	15136679649.914549,
					"omitted":	false,
					"sender":	true
				}],
			"sum":	{
				"start":	2.005023,
				"end":	3.001458,
				"seconds":	0.996434986591339,
				"bytes":	1885339648,
				"bits_per_second":	15136679649.914549,
				"omitted":	false,
				"sender":	true
			}
		}, {
			"streams":	[{
					"socket":	5,
					"start":	3.001458,
					"end":	4.005026,
					"seconds":	1.0035680532455444,
					"bytes":	1905786880,
					"bits_per_second":	15192088858.043459,
					"omitted":	false,
					"sender":	true
				}],
			"sum":	{
				"start":	3.001458,
				"end":	4.005026,
				"seconds":	1.0035680532455444,
				"bytes":	1905786880,
				"bits_per_second":	15192088858.043459,
				"omitted":	false,
				"sender":	true
			}
		}, {
			"streams":	[{
					"socket":	5,
					"start":	4.005026,
					"end":	5.002272,
					"seconds":	0.997246026992798,
					"bytes":	1884028928,
					"bits_per_second":	15113854571.524757,
					"omitted":	false,
					"sender":	true
				}],
			"sum":	{
				"start":	4.005026,
				"end":	5.002272,
				"seconds":	0.997246026992798,
				"bytes":	1884028928,
				"bits_per_second":	15113854571.524757,
				"omitted":	false,
				"sender":	true
			}
		}, {
			"streams":	[{
					"socket":	5,
					"start":	5.002272,
					"end":	6.005042,
					"seconds":	1.002769947052002,
					"bytes":	1906311168,
					"bits_per_second":	15208362983.787283,
					"omitted":	false,
					"sender":	true
				}],
			"sum":	{
				"start":	5.002272,
				"end":	6.005042,
				"seconds":	1.002769947052002,
				"bytes":	1906311168,
				"bits_per_second":	15208362983.787283,
				"omitted":	false,
				"sender":	true
			}
		}, {
			"streams":	[{
					"socket":	5,
					"start":	6.005042,
					"end":	7.005086,
					"seconds":	1.0000439882278442,
					"bytes":	1888092160,
					"bits_per_second":	15104072878.60084,
					"omitted":	false,
					"sender":	true
				}],
			"sum":	{
				"start":	6.005042,
				"end":	7.005086,
				"seconds":	1.0000439882278442,
				"bytes":	1888092160,
				"bits_per_second":	15104072878.60084,
				"omitted":	false,
				"sender":	true
			}
		}, {
			"streams":	[{
					"socket":	5,
					"start":	7.005086,
					"end":	8.005021,
					"seconds":	0.99993497133255,
					"bytes":	1892286464,
					"bits_per_second":	15139276198.957375,
					"omitted":	false,
					"sender":	true
				}],
			"sum":	{
				"start":	7.005086,
				"end":	8.005021,
				"seconds":	0.99993497133255,
				"bytes":	1892286464,
				"bits_per_second":	15139276198.957375,
				"omitted":	false,
				"sender":	true
			}
		}, {
			"streams":	[{
					"socket":	5,
					"start":	8.005021,
					"end":	9.005043,
					"seconds":	1.0000220537185669,
					"bytes":	1912209408,
					"bits_per_second":	15297337900.815113,
					"omitted":	false,
					"sender":	true
				}],
			"sum":	{
				"start":	8.005021,
				"end":	9.005043,
				"seconds":	1.0000220537185669,
				"bytes":	1912209408,
				"bits_per_second":	15297337900.815113,
				"omitted":	false,
				"sender":	true
			}
		}, {
			"streams":	[{
					"socket":	5,
					"start":	9.005043,
					"end":	10.005019,
					"seconds":	0.99997597932815552,
					"bytes":	1878261760,
					"bits_per_second":	15026455025.545155,
					"omitted":	false,
					"sender":	true
				}],
			"sum":	{
				"start":	9.005043,
				"end":	10.005019,
				"seconds":	0.99997597932815552,
				"bytes":	1878261760,
				"bits_per_second":	15026455025.545155,
				"omitted":	false,
				"sender":	true
			}
		}, {
			"streams":	[{
					"socket":	5,
					"start":	10.005019,
					"end":	11.005015,
					"seconds":	0.9999960064888,
					"bytes":	1887698944,
					"bits_per_second":	15101651860.615843,
					"omitted":	false,
					"sender":	true
				}],
			"sum":	{
				"start":	10.005019,
				"end":	11.005015,
				"seconds":	0.9999960064888,
				"bytes":	1887698944,
				"bits_per_second":	15101651860.615843,
				"omitted":	false,
				"sender":	true
			}
		}, {
			"streams":	[{
					"socket":	5,
					"start":	11.005015,
					"end":	12.005015,
					"seconds":	1,
					"bytes":	1851654144,
					"bits_per_second":	14813233152,
					"omitted":	false,
					"sender":	true
				}],
			"sum":	{
				"start":	11.005015,
				"end":	12.005015,
				"seconds":	1,
				"bytes":	1851654144,
				"bits_per_second":	14813233152,
				"omitted":	false,
				"sender":	true
			}
		}, {
			"streams":	[{
					"socket":	5,
					"start":	12.005015,
					"end":	13.005045,
					"seconds":	1.0000300407409668,
					"bytes":	1869873152,
					"bits_per_second":	14958535850.499273,
					"omitted":	false,
					"sender":	true
				}],
			"sum":	{
				"start":	12.005015,
				"end":	13.005045,
				"seconds":	1.0000300407409668,
				"bytes":	1869873152,
				"bits_per_second":	14958535850.499273,
				"omitted":	false,
				"sender":	true
			}
		}, {
			"streams":	[{
					"socket":	5,
					"start":	13.005045,
					"end":	14.005018,
					"seconds":	0.99997299909591675,
					"bytes":	1850474496,
					"bits_per_second":	14804195694.667982,
					"omitted":	false,
					"sender":	true
				}],
			"sum":	{
				"start":	13.005045,
				"end":	14.005018,
				"seconds":	0.99997299909591675,
				"bytes":	1850474496,
				"bits_per_second":	14804195694.667982,
				"omitted":	false,
				"sender":	true
			}
		}, {
			"streams":	[{
					"socket":	5,
					"start":	14.005018,
					"end":	15.003576,
					"seconds":	0.998557984828949,
					"bytes":	1864237056,
					"bits_per_second":	14935433569.793867,
					"omitted":	false,
					"sender":	true
				}],
			"sum":	{
				"start":	14.005018,
				"end":	15.003576,
				"seconds":	0.998557984828949,
				"bytes":	1864237056,
				"bits_per_second":	14935433569.793867,
				"omitted":	false,
				"sender":	true
			}
		}, {
			"streams":	[{
					"socket":	5,
					"start":	15.003576,
					"end":	16.005016,
					"seconds":	1.0014400482177734,
					"bytes":	1864105984,
					"bits_per_second":	14891403532.882328,
					"omitted":	false,
					"sender":	true
				}],
			"sum":	{
				"start":	15.003576,
				"end":	16.005016,