{
	"start":	{
		"connected":	[{
				"socket":	5,
				"local_host":	"192.168.105.1",
				"local_port":	49564,
				"remote_host":	"192.168.105.4",
				"remote_port":	5201
			}],
		"version":	"iperf 3.8.1 -  -- Apple version iperf3-117",
		"system_info":	"Darwin space-gray.local 24.3.0 Darwin Kernel Version 24.3.0: Thu Jan  2 20:24:23 PST 2025; root:xnu-11215.81.4~3/RELEASE_ARM64_T6020 arm64",
		"timestamp":	{
			"time":	"Sat, 22 Feb 2025 14:57:34 UTC",
			"timesecs":	1740236254
		},
		"connecting_to":	{
			"host":	"192.168.105.4",
			"port":	5201
		},
		"cookie":	"wod6ty6zbtgq6xdmy63lfvvn2jjqei5g5ccn",
		"tcp_mss_default":	1448,
		"sock_bufsize":	0,
		"sndbuf_actual":	131072,
		"rcvbuf_actual":	131072,
		"test_start":	{
			"protocol":	"TCP",
			"num_streams":	1,
			"blksize":	131072,
			"omit":	0,
			"duration":	30,
			"bytes":	0,
			"blocks":	0,
			"reverse":	0,
			"tos":	0
		}
	},
	"intervals":	[{
			"streams":	[{
					"socket":	5,
					"start":	0,
					"end":	1.000031,
					"seconds":	1.0000309944152832,
					"bytes":	229417032,
					"bits_per_second":	1835279372.5889652,
					"retransmits":	0,
					"snd_cwnd":	8388480,
					"rtt":	18,
					"rttvar":	0,
					"pmtu":	-1,
					"omitted":	false,
					"sender":	true
				}],
			"sum":	{
				"start":	0,
				"end":	1.000031,
				"seconds":	1.0000309944152832,
				"bytes":	229417032,
				"bits_per_second":	1835279372.5889652,
				"retransmits":	0,
				"omitted":	false,
				"sender":	true
			}
		}, {
			"streams":	[{
					"socket":	5,
					"start":	1.000031,
					"end":	2.000017,
					"seconds":	0.99998599290847778,
					"bytes":	228528304,
					"bits_per_second":	1828252040.4936569,
					"retransmits":	0,
					"snd_cwnd":	8388480,
					"rtt":	18,
					"rttvar":	0,
					"pmtu":	-1,
					"omitted":	false,
					"sender":	true
				}],
			"sum":	{
				"start":	1.000031,
				"end":	2.000017,
				"seconds":	0.99998599290847778,
				"bytes":	228528304,
				"bits_per_second":	1828252040.4936569,
				"retransmits":	0,
				"omitted":	false,
				"sender":	true
			}
		}, {
			"streams":	[{
					"socket":	5,
					"start":	2.000017,
					"end":	3.000032,
					"seconds":	1.0000150203704834,
					"bytes":	230465176,
					"bits_per_second":	1843693715.0373423,
					"retransmits":	0,
					"snd_cwnd":	8388480,
					"rtt":	18,
					"rttvar":	0,
					"pmtu":	-1,
					"omitted":	false,
					"sender":	true
				}],
			"sum":	{
				"start":	2.000017,
				"end":	3.000032,
				"seconds":	1.0000150203704834,
				"bytes":	230465176,
				"bits_per_second":	1843693715.0373423,
				"retransmits":	0,
				"omitted":	false,
				"sender":	true
			}
		}, {
			"streams":	[{
					"socket":	5,
					"start":	3.000032,
					"end":	4.000018,
					"seconds":	0.99998599290847778,
					"bytes":	227655160,
					"bits_per_second":	1821266790.6506231,
					"retransmits":	0,
					"snd_cwnd":	8388480,
					"rtt":	18,
					"rttvar":	0,
					"pmtu":	-1,
					"omitted":	false,
					"sender":	true
				}],
			"sum":	{
				"start":	3.000032,
				"end":	4.000018,
				"seconds":	0.99998599290847778,
				"bytes":	227655160,
				"bits_per_second":	1821266790.6506231,
				"retransmits":	0,
				"omitted":	false,
				"sender":	true
			}
		}, {
			"streams":	[{
					"socket":	5,
					"start":	4.000018,
					"end":	5.000004,
					"seconds":	0.99998599290847778,
					"bytes":	227393072,
					"bits_per_second":	1819170057.2814867,
					"retransmits":	0,
					"snd_cwnd":	8388480,
					"rtt":	19,
					"rttvar":	0,
					"pmtu":	-1,
					"omitted":	false,
					"sender":	true
				}],
			"sum":	{
				"start":	4.000018,
				"end":	5.000004,
				"seconds":	0.99998599290847778,
				"bytes":	227393072,
				"bits_per_second":	1819170057.2814867,
				"retransmits":	0,
				"omitted":	false,
				"sender":	true
			}
		}, {
			"streams":	[{
					"socket":	5,
					"start":	5.000004,
					"end":	6.000015,
					"seconds":	1.0000109672546387,
					"bytes":	228655728,
					"bits_per_second":	1829225762.415272,
					"retransmits":	0,
					"snd_cwnd":	8388480,
					"rtt":	18,
					"rttvar":	0,
					"pmtu":	-1,
					"omitted":	false,
					"sender":	true
				}],
			"sum":	{
				"start":	5.000004,
				"end":	6.000015,
				"seconds":	1.0000109672546387,
				"bytes":	228655728,
				"bits_per_second":	1829225762.415272,
				"retransmits":	0,
				"omitted":	false,
				"sender":	true
			}
		}, {
			"streams":	[{
					"socket":	5,
					"start":	6.000015,
					"end":	7.000052,
					"seconds":	1.0000369548797607,
					"bytes":	225380904,
					"bits_per_second":	1802980603.0686026,
					"retransmits":	0,
					"snd_cwnd":	8388480,
					"rtt":	18,
					"rttvar":	0,
					"pmtu":	-1,
					"omitted":	false,
					"sender":	true
				}],
			"sum":	{
				"start":	6.000015,
				"end":	7.000052,
				"seconds":	1.0000369548797607,
				"bytes":	225380904,
				"bits_per_second":	1802980603.0686026,
				"retransmits":	0,
				"omitted":	false,
				"sender":	true
			}
		}, {
			"streams":	[{
					"socket":	5,
					"start":	7.000052,
					"end":	8.000013,
					"seconds":	0.999961018562317,
					"bytes":	226935504,
					"bits_per_second":	1815554804.9364889,
					"retransmits":	0,
					"snd_cwnd":	8388480,
					"rtt":	18,
					"rttvar":	0,
					"pmtu":	-1,
					"omitted":	false,
					"sender":	true
				}],
			"sum":	{
				"start":	7.000052,
				"end":	8.000013,
				"seconds":	0.999961018562317,
				"bytes":	226935504,
				"bits_per_second":	1815554804.9364889,
				"retransmits":	0,
				"omitted":	false,
				"sender":	true
			}
		}, {
			"streams":	[{
					"socket":	5,
					"start":	8.000013,
					"end":	9.00001,
					"seconds":	0.99999701976776123,
					"bytes":	227376248,
					"bits_per_second":	1819015405.0883532,
					"retransmits":	0,
					"snd_cwnd":	8388480,
					"rtt":	18,
					"rttvar":	0,
					"pmtu":	-1,
					"omitted":	false,
					"sender":	true
				}],
			"sum":	{
				"start":	8.000013,
				"end":	9.00001,
				"seconds":	0.99999701976776123,
				"bytes":	227376248,
				"bits_per_second":	1819015405.0883532,
				"retransmits":	0,
				"omitted":	false,
				"sender":	true
			}
		}, {
			"streams":	[{
					"socket":	5,
					"start":	9.00001,
					"end":	10.000016,
					"seconds":	1.0000059604644775,
					"bytes":	227156352,
					"bits_per_second":	1817239984.4056258,
					"retransmits":	0,
					"snd_cwnd":	8388480,
					"rtt":	17,
					"rttvar":	0,
					"pmtu":	-1,
					"omitted":	false,
					"sender":	true
				}],
			"sum":	{
				"start":	9.00001,
				"end":	10.000016,
				"seconds":	1.0000059604644775,
				"bytes":	227156352,
				"bits_per_second":	1817239984.4056258,
				"retransmits":	0,
				"omitted":	false,
				"sender":	true
			}
		}, {
			"streams":	[{
					"socket":	5,
					"start":	10.000016,
					"end":	11.000005,
					"seconds":	0.99998897314071655,
					"bytes":	224058880,
					"bits_per_second":	1792490805.5438795,
					"retransmits":	0,
					"snd_cwnd":	8388480,
					"rtt":	18,
					"rttvar":	0,
					"pmtu":	-1,
					"omitted":	false,
					"sender":	true
				}],
			"sum":	{
				"start":	10.000016,
				"end":	11.000005,
				"seconds":	0.99998897314071655,
				"bytes":	224058880,
				"bits_per_second":	1792490805.5438795,
				"retransmits":	0,
				"omitted":	false,
				"sender":	true
			}
		}, {
			"streams":	[{
					"socket":	5,
					"start":	11.000005,
					"end":	12.00001,
					"seconds":	1.0000050067901611,
					"bytes":	227723912,
					"bits_per_second":	1821782174.7189319,
					"retransmits":	0,
					"snd_cwnd":	8388480,
					"rtt":	18,
					"rttvar":	0,
					"pmtu":	-1,
					"omitted":	false,
					"sender":	true
				}],
			"sum":	{
				"start":	11.000005,
				"end":	12.00001,
				"seconds":	1.0000050067901611,
				"bytes":	227723912,
				"bits_per_second":	1821782174.7189319,
				"retransmits":	0,
				"omitted":	false,
				"sender":	true
			}
		}, {
			"streams":	[{
					"socket":	5,
					"start":	12.00001,
					"end":	13.000013,
					"seconds":	1.0000029802322388,
					"bytes":	227439464,
					"bits_per_second":	1819510289.4367766,
					"retransmits":	0,
					"snd_cwnd":	8388480,
					"rtt":	18,