{
	"start":	{
		"connected":	[{
				"socket":	5,
				"local_host":	"192.168.105.1",
				"local_port":	49566,
				"remote_host":	"192.168.105.4",
				"remote_port":	5201
			}],
		"version":	"iperf 3.8.1 -  -- Apple version iperf3-117",
		"system_info":	"Darwin space-gray.local 24.3.0 Darwin Kernel Version 24.3.0: Thu Jan  2 20:24:23 PST 2025; root:xnu-11215.81.4~3/RELEASE_ARM64_T6020 arm64",
		"timestamp":	{
			"time":	"Sat, 22 Feb 2025 14:58:05 UTC",
			"timesecs":	1740236285
		},
		"connecting_to":	{
			"host":	"192.168.105.4",
			"port":	5201
		},
		"cookie":	"qpsiagtdj4b7csh4g52egib63drmjay3fpvi",
		"tcp_mss_default":	1448,
		"sock_bufsize":	0,
		"sndbuf_actual":	131072,
		"rcvbuf_actual":	131072,
		"test_start":	{
			"protocol":	"TCP",
			"num_streams":	1,
			"blksize":	131072,
			"omit":	0,
			"duration":	30,
			"bytes":	0,
			"blocks":	0,
			"reverse":	1,
			"tos":	0
		}
	},
	"intervals":	[{
			"streams":	[{
					"socket":	5,
					"start":	0,
					"end":	1.000062,
					"seconds":	1.0000619888305664,
					"bytes":	164270808,
					"bits_per_second":	1314085005.40725,
					"omitted":	false,
					"sender":	false
				}],
			"sum":	{
				"start":	0,
				"end":	1.000062,
				"seconds":	1.0000619888305664,
				"bytes":	164270808,
				"bits_per_second":	1314085005.40725,
				"omitted":	false,
				"sender":	false
			}
		}, {
			"streams":	[{
					"socket":	5,
					"start":	1.000062,
					"end":	2.000023,
					"seconds":	0.999961018562317,
					"bytes":	164112752,
					"bits_per_second":	1312953196.8032219,
					"omitted":	false,
					"sender":	false
				}],
			"sum":	{
				"start":	1.000062,
				"end":	2.000023,
				"seconds":	0.999961018562317,
				"bytes":	164112752,
				"bits_per_second":	1312953196.8032219,
				"omitted":	false,
				"sender":	false
			}
		}, {
			"streams":	[{
					"socket":	5,
					"start":	2.000023,
					"end":	3.000013,
					"seconds":	0.99998998641967773,
					"bytes":	163930304,
					"bits_per_second":	1311455564.3656328,
					"omitted":	false,
					"sender":	false
				}],
			"sum":	{
				"start":	2.000023,
				"end":	3.000013,
				"seconds":	0.99998998641967773,
				"bytes":	163930304,
				"bits_per_second":	1311455564.3656328,
				"omitted":	false,
				"sender":	false
			}
		}, {
			"streams":	[{
					"socket":	5,
					"start":	3.000013,
					"end":	4.000022,
					"seconds":	1.0000089406967163,
					"bytes":	165376080,
					"bits_per_second":	1322996811.4867518,
					"omitted":	false,
					"sender":	false
				}],
			"sum":	{
				"start":	3.000013,
				"end":	4.000022,
				"seconds":	1.0000089406967163,
				"bytes":	165376080,
				"bits_per_second":	1322996811.4867518,
				"omitted":	false,
				"sender":	false
			}
		}, {
			"streams":	[{
					"socket":	5,
					"start":	4.000022,
					"end":	5.000012,
					"seconds":	0.99998998641967773,
					"bytes":	164910184,
					"bits_per_second":	1319294682.8632755,
					"omitted":	false,
					"sender":	false
				}],
			"sum":	{
				"start":	4.000022,
				"end":	5.000012,
				"seconds":	0.99998998641967773,
				"bytes":	164910184,
				"bits_per_second":	1319294682.8632755,
				"omitted":	false,
				"sender":	false
			}
		}, {
			"streams":	[{
					"socket":	5,
					"start":	5.000012,
					"end":	6.000013,
					"seconds":	1.0000009536743164,
					"bytes":	165508824,
					"bits_per_second":	1324069329.2690876,
					"omitted":	false,
					"sender":	false
				}],
			"sum":	{
				"start":	5.000012,
				"end":	6.000013,
				"seconds":	1.0000009536743164,
				"bytes":	165508824,
				"bits_per_second":	1324069329.2690876,
				"omitted":	false,
				"sender":	false
			}
		}, {
			"streams":	[{
					"socket":	5,
					"start":	6.000013,
					"end":	7.000002,
					"seconds":	0.99998897314071655,
					"bytes":	165209504,
					"bits_per_second":	1321690606.09633,
					"omitted":	false,
					"sender":	false
				}],
			"sum":	{
				"start":	6.000013,
				"end":	7.000002,
				"seconds":	0.99998897314071655,
				"bytes":	165209504,
				"bits_per_second":	1321690606.09633,
				"omitted":	false,
				"sender":	false
			}
		}, {
			"streams":	[{
					"socket":	5,
					"start":	7.000002,
					"end":	8.000007,
					"seconds":	1.0000050067901611,
					"bytes":	164863848,
					"bits_per_second":	1318904180.5235255,
					"omitted":	false,
					"sender":	false
				}],
			"sum":	{
				"start":	7.000002,
				"end":	8.000007,
				"seconds":	1.0000050067901611,
				"bytes":	164863848,
				"bits_per_second":	1318904180.5235255,
				"omitted":	false,
				"sender":	false
			}
		}, {
			"streams":	[{
					"socket":	5,
					"start":	8.000007,
					"end":	9.000014,
					"seconds":	1.0000070333480835,
					"bytes":	163444944,
					"bits_per_second":	1307550355.5432127,
					"omitted":	false,
					"sender":	false
				}],
			"sum":	{
				"start":	8.000007,
				"end":	9.000014,
				"seconds":	1.0000070333480835,
				"bytes":	163444944,
				"bits_per_second":	1307550355.5432127,
				"omitted":	false,
				"sender":	false
			}
		}, {
			"streams":	[{
					"socket":	5,
					"start":	9.000014,
					"end":	10.000007,
					"seconds":	0.99999302625656128,
					"bytes":	164398288,
					"bits_per_second":	1315195475.83582,
					"omitted":	false,
					"sender":	false
				}],
			"sum":	{
				"start":	9.000014,
				"end":	10.000007,
				"seconds":	0.99999302625656128,
				"bytes":	164398288,
				"bits_per_second":	1315195475.83582,
				"omitted":	false,
				"sender":	false
			}
		}, {
			"streams":	[{
					"socket":	5,
					"start":	10.000007,
					"end":	11.000022,
					"seconds":	1.0000150203704834,
					"bytes":	165259768,
					"bits_per_second":	1322058286.1947408,
					"omitted":	false,
					"sender":	false
				}],
			"sum":	{
				"start":	10.000007,
				"end":	11.000022,
				"seconds":	1.0000150203704834,
				"bytes":	165259768,
				"bits_per_second":	1322058286.1947408,
				"omitted":	false,
				"sender":	false
			}
		}, {
			"streams":	[{
					"socket":	5,
					"start":	11.000022,
					"end":	12.00001,
					"seconds":	0.9999880194664,
					"bytes":	164897264,
					"bits_per_second":	1319193916.6470432,
					"omitted":	false,
					"sender":	false
				}],
			"sum":	{
				"start":	11.000022,
				"end":	12.00001,
				"seconds":	0.9999880194664,
				"bytes":	164897264,
				"bits_per_second":	1319193916.6470432,
				"omitted":	false,
				"sender":	false
			}
		}, {
			"streams":	[{
					"socket":	5,
					"start":	12.00001,
					"end":	13.000016,
					"seconds":	1.0000059604644775,
					"bytes":	165149800,
					"bits_per_second":	1321190525.0908072,
					"omitted":	false,
					"sender":	false
				}],
			"sum":	{
				"start":	12.00001,
				"end":	13.000016,
				"seconds":	1.0000059604644775,
				"bytes":	165149800,
				"bits_per_second":	1321190525.0908072,
				"omitted":	false,
				"sender":	false
			}
		}, {
			"streams":	[{
					"socket":	5,
					"start":	13.000016,
					"end":	14.000011,
					"seconds":	0.999994993209839,
					"bytes":	165097312,
					"bits_per_second":	1320785108.8938882,
					"omitted":	false,
					"sender":	false
				}],
			"sum":	{
				"start":	13.000016,
				"end":	14.000011,
				"seconds":	0.999994993209839,
				"bytes":	165097312,
				"bits_per_second":	1320785108.8938882,
				"omitted":	false,
				"sender":	false
			}
		}, {
			"streams":	[{
					"socket":	5,
					"start":	14.000011,
					"end":	15.000027,
					"seconds":	1.0000159740448,
					"bytes":	163510384,
					"bits_per_second":	1308062176.9561844,
					"omitted":	false,
					"sender":	false
				}],
			"sum":	{
				"start":	14.000011,
				"end":	15.000027,
				"seconds":	1.0000159740448,
				"bytes":	163510384,
				"bits_per_second":	1308062176.9561844,
				"omitted":	false,
				"sender":	false
			}
		}, {
			"streams":	[{
					"socket":	5,
					"start":	15.000027,
					"end":	16.000003,
					"seconds":	0.99997597932815552,
					"bytes":	164512816,
					"bits_per_second":	1316134142.4263384,
					"omitted":	false,
					"sender":	false
				}],
			"sum":	{
				"start":	15.000027,
				"end":	16.000003,
				"seconds":	0.99997597932815552,