{
	"start":	{
		"connected":	[{
				"socket":	5,
				"local_host":	"192.168.105.1",
				"local_port":	50694,
				"remote_host":	"192.168.105.3",
				"remote_port":	5201
			}],
		"version":	"iperf 3.19.1",
		"system_info":	"Darwin space-gray.local 24.6.0 Darwin Kernel Version 24.6.0: Mon Jul 14 11:30:30 PDT 2025; root:xnu-11417.140.69~1/RELEASE_ARM64_T6020 arm64",
		"timestamp":	{
			"time":	"Sun, 31 Aug 2025 06:56:30 UTC",
			"timesecs":	1756623390
		},
		"connecting_to":	{
			"host":	"192.168.105.3",
			"port":	5201
		},
		"cookie":	"jwpbe6fe7psjmn762gvokjzsjenfjlmqrtpk",
		"tcp_mss_default":	1448,
		"target_bitrate":	0,
		"fq_rate":	0,
		"sock_bufsize":	0,
		"sndbuf_actual":	131072,
		"rcvbuf_actual":	131072,
		"test_start":	{
			"protocol":	"TCP",
			"num_streams":	1,
			"blksize":	131072,
			"omit":	0,
			"duration":	30,
			"bytes":	0,
			"blocks":	0,
			"reverse":	0,
			"tos":	0,
			"target_bitrate":	0,
			"bidir":	0,
			"fqrate":	0,
			"interval":	1
		}
	},
	"intervals":	[{
			"streams":	[{
					"socket":	5,
					"start":	0,
					"end":	1.005006,
					"seconds":	1.005005955696106,
					"bytes":	1096548352,
					"bits_per_second":	8728691373.6982841,
					"omitted":	false,
					"sender":	true
				}],
			"sum":	{
				"start":	0,
				"end":	1.005006,
				"seconds":	1.005005955696106,
				"bytes":	1096548352,
				"bits_per_second":	8728691373.6982841,
				"omitted":	false,
				"sender":	true
			}
		}, {
			"streams":	[{
					"socket":	5,
					"start":	1.005006,
					"end":	2.005014,
					"seconds":	1.0000079870224,
					"bytes":	1107034112,
					"bits_per_second":	8856202161.31496,
					"omitted":	false,
					"sender":	true
				}],
			"sum":	{
				"start":	1.005006,
				"end":	2.005014,
				"seconds":	1.0000079870224,
				"bytes":	1107034112,
				"bits_per_second":	8856202161.31496,
				"omitted":	false,
				"sender":	true
			}
		}, {
			"streams":	[{
					"socket":	5,
					"start":	2.005014,
					"end":	3.005005,
					"seconds":	0.999990999698639,
					"bytes":	1111097344,
					"bits_per_second":	8888858754.4075451,
					"omitted":	false,
					"sender":	true
				}],
			"sum":	{
				"start":	2.005014,
				"end":	3.005005,
				"seconds":	0.999990999698639,
				"bytes":	1111097344,
				"bits_per_second":	8888858754.4075451,
				"omitted":	false,
				"sender":	true
			}
		}, {
			"streams":	[{
					"socket":	5,
					"start":	3.005005,
					"end":	4.005011,
					"seconds":	1.0000059604644775,
					"bytes":	1122762752,
					"bits_per_second":	8982048478.8191071,
					"omitted":	false,
					"sender":	true
				}],
			"sum":	{
				"start":	3.005005,
				"end":	4.005011,
				"seconds":	1.0000059604644775,
				"bytes":	1122762752,
				"bits_per_second":	8982048478.8191071,
				"omitted":	false,
				"sender":	true
			}
		}, {
			"streams":	[{
					"socket":	5,
					"start":	4.005011,
					"end":	5.003595,
					"seconds":	0.998583972454071,
					"bytes":	1119485952,
					"bits_per_second":	8968587382.78209,
					"omitted":	false,
					"sender":	true
				}],
			"sum":	{
				"start":	4.005011,
				"end":	5.003595,
				"seconds":	0.998583972454071,
				"bytes":	1119485952,
				"bits_per_second":	8968587382.78209,
				"omitted":	false,
				"sender":	true
			}
		}, {
			"streams":	[{
					"socket":	5,
					"start":	5.003595,
					"end":	6.005013,
					"seconds":	1.0014179944992065,
					"bytes":	1121714176,
					"bits_per_second":	8961006749.72154,
					"omitted":	false,
					"sender":	true
				}],
			"sum":	{
				"start":	5.003595,
				"end":	6.005013,
				"seconds":	1.0014179944992065,
				"bytes":	1121714176,
				"bits_per_second":	8961006749.72154,
				"omitted":	false,
				"sender":	true
			}
		}, {
			"streams":	[{
					"socket":	5,
					"start":	6.005013,
					"end":	7.005008,
					"seconds":	0.999994993209839,
					"bytes":	1114898432,
					"bits_per_second":	8919232112.723587,
					"omitted":	false,
					"sender":	true
				}],
			"sum":	{
				"start":	6.005013,
				"end":	7.005008,
				"seconds":	0.999994993209839,
				"bytes":	1114898432,
				"bits_per_second":	8919232112.723587,
				"omitted":	false,
				"sender":	true
			}
		}, {
			"streams":	[{
					"socket":	5,
					"start":	7.005008,
					"end":	8.005011,
					"seconds":	1.0000029802322388,
					"bytes":	1129185280,
					"bits_per_second":	9033455318.20523,
					"omitted":	false,
					"sender":	true
				}],
			"sum":	{
				"start":	7.005008,
				"end":	8.005011,
				"seconds":	1.0000029802322388,
				"bytes":	1129185280,
				"bits_per_second":	9033455318.20523,
				"omitted":	false,
				"sender":	true
			}
		}, {
			"streams":	[{
					"socket":	5,
					"start":	8.005011,
					"end":	9.005009,
					"seconds":	0.99999797344207764,
					"bytes":	1142816768,
					"bits_per_second":	9142552671.91255,
					"omitted":	false,
					"sender":	true
				}],
			"sum":	{
				"start":	8.005011,
				"end":	9.005009,
				"seconds":	0.99999797344207764,
				"bytes":	1142816768,
				"bits_per_second":	9142552671.91255,
				"omitted":	false,
				"sender":	true
			}
		}, {
			"streams":	[{
					"socket":	5,
					"start":	9.005009,
					"end":	10.001405,
					"seconds":	0.996396005153656,
					"bytes":	1113718784,
					"bits_per_second":	8941977111.425705,
					"omitted":	false,
					"sender":	true
				}],
			"sum":	{
				"start":	9.005009,
				"end":	10.001405,
				"seconds":	0.996396005153656,
				"bytes":	1113718784,
				"bits_per_second":	8941977111.425705,
				"omitted":	false,
				"sender":	true
			}
		}, {
			"streams":	[{
					"socket":	5,
					"start":	10.001405,
					"end":	11.002828,
					"seconds":	1.0014230012893677,
					"bytes":	1122631680,
					"bits_per_second":	8968291549.56155,
					"omitted":	false,
					"sender":	true
				}],
			"sum":	{
				"start":	10.001405,
				"end":	11.002828,
				"seconds":	1.0014230012893677,
				"bytes":	1122631680,
				"bits_per_second":	8968291549.56155,
				"omitted":	false,
				"sender":	true
			}
		}, {
			"streams":	[{
					"socket":	5,
					"start":	11.002828,
					"end":	12.005007,
					"seconds":	1.0021790266036987,
					"bytes":	1132855296,
					"bits_per_second":	9043137131.60933,
					"omitted":	false,
					"sender":	true
				}],
			"sum":	{
				"start":	11.002828,
				"end":	12.005007,
				"seconds":	1.0021790266036987,
				"bytes":	1132855296,
				"bits_per_second":	9043137131.60933,
				"omitted":	false,
				"sender":	true
			}
		}, {
			"streams":	[{
					"socket":	5,
					"start":	12.005007,
					"end":	13.005012,
					"seconds":	1.0000050067901611,
					"bytes":	1124597760,
					"bits_per_second":	8996737035.22553,
					"omitted":	false,
					"sender":	true
				}],
			"sum":	{
				"start":	12.005007,
				"end":	13.005012,
				"seconds":	1.0000050067901611,
				"bytes":	1124597760,
				"bits_per_second":	8996737035.22553,
				"omitted":	false,
				"sender":	true
			}
		}, {
			"streams":	[{
					"socket":	5,
					"start":	13.005012,
					"end":	14.005007,
					"seconds":	0.999994993209839,
					"bytes":	1125122048,
					"bits_per_second":	9001021450.22564,
					"omitted":	false,
					"sender":	true
				}],
			"sum":	{
				"start":	13.005012,
				"end":	14.005007,
				"seconds":	0.999994993209839,
				"bytes":	1125122048,
				"bits_per_second":	9001021450.22564,
				"omitted":	false,
				"sender":	true
			}
		}, {
			"streams":	[{
					"socket":	5,
					"start":	14.005007,
					"end":	15.00501,
					"seconds":	1.0000029802322388,
					"bytes":	1136656384,
					"bits_per_second":	9093223972.0807648,
					"omitted":	false,
					"sender":	true
				}],
			"sum":	{
				"start":	14.005007,
				"end":	15.00501,
				"seconds":	1.0000029802322388,
				"bytes":	1136656384,
				"bits_per_second":	9093223972.0807648,
				"omitted":	false,
				"sender":	true
			}
		}, {
			"streams":	[{
					"socket":	5,
					"start":	15.00501,
					"end":	16.004574,
					"seconds":	0.999563992023468,
					"bytes":	1129971712,
					"bits_per_second":	9043716828.6748,
					"omitted":	false,
					"sender":	true
				}],
			"sum":	{
				"start":	15.00501,
				"end":	16.004574,