{
	"start":	{
		"connected":	[{
				"socket":	5,
				"local_host":	"192.168.105.1",
				"local_port":	49447,
				"remote_host":	"192.168.105.2",
				"remote_port":	5201
			}],
		"version":	"iperf 3.20",
		"system_info":	"Darwin mimi-2.local 25.3.0 Darwin Kernel Version 25.3.0: Wed Jan 28 20:53:31 PST 2026; root:xnu-12377.81.4~5/RELEASE_ARM64_T8122 arm64",
		"timestamp":	{
			"time":	"Fri, 27 Feb 2026 20:12:22 UTC",
			"timesecs":	1772223142,
			"timemillisecs":	1772223142064
		},
		"connecting_to":	{
			"host":	"192.168.105.2",
			"port":	5201
		},
		"cookie":	"eoq4twpwtahsce54sq4iinqdetzkhwxr74sc",
		"tcp_mss_default":	1448,
		"target_bitrate":	0,
		"fq_rate":	0,
		"sock_bufsize":	0,
		"sndbuf_actual":	131072,
		"rcvbuf_actual":	131072,
		"test_start":	{
			"protocol":	"TCP",
			"num_streams":	1,
			"blksize":	131072,
			"omit":	0,
			"duration":	30,
			"bytes":	0,
			"blocks":	0,
			"reverse":	0,
			"tos":	0,
			"target_bitrate":	0,
			"bidir":	0,
			"fqrate":	0,
			"interval":	1
		}
	},
	"intervals":	[{
			"streams":	[{
					"socket":	5,
					"start":	0,
					"end":	1.001332,
					"seconds":	1.0013320446014404,
					"bytes":	1514536960,
					"bits_per_second":	12100177703.613432,
					"omitted":	false,
					"sender":	true
				}],
			"sum":	{
				"start":	0,
				"end":	1.001332,
				"seconds":	1.0013320446014404,
				"bytes":	1514536960,
				"bits_per_second":	12100177703.613432,
				"omitted":	false,
				"sender":	true
			}
		}, {
			"streams":	[{
					"socket":	5,
					"start":	1.001332,
					"end":	2.005061,
					"seconds":	1.003728985786438,
					"bytes":	1451360256,
					"bits_per_second":	11567746087.259485,
					"omitted":	false,
					"sender":	true
				}],
			"sum":	{
				"start":	1.001332,
				"end":	2.005061,
				"seconds":	1.003728985786438,
				"bytes":	1451360256,
				"bits_per_second":	11567746087.259485,
				"omitted":	false,
				"sender":	true
			}
		}, {
			"streams":	[{
					"socket":	5,
					"start":	2.005061,
					"end":	3.003117,
					"seconds":	0.99805599451065063,
					"bytes":	1318322176,
					"bits_per_second":	10567119947.183939,
					"omitted":	false,
					"sender":	true
				}],
			"sum":	{
				"start":	2.005061,
				"end":	3.003117,
				"seconds":	0.99805599451065063,
				"bytes":	1318322176,
				"bits_per_second":	10567119947.183939,
				"omitted":	false,
				"sender":	true
			}
		}, {
			"streams":	[{
					"socket":	5,
					"start":	3.003117,
					"end":	4.005029,
					"seconds":	1.001911997795105,
					"bytes":	1483603968,
					"bits_per_second":	11846181870.383415,
					"omitted":	false,
					"sender":	true
				}],
			"sum":	{
				"start":	3.003117,
				"end":	4.005029,
				"seconds":	1.001911997795105,
				"bytes":	1483603968,
				"bits_per_second":	11846181870.383415,
				"omitted":	false,
				"sender":	true
			}
		}, {
			"streams":	[{
					"socket":	5,
					"start":	4.005029,
					"end":	5.005019,
					"seconds":	0.99998998641967773,
					"bytes":	1646919680,
					"bits_per_second":	13175489373.821131,
					"omitted":	false,
					"sender":	true
				}],
			"sum":	{
				"start":	4.005029,
				"end":	5.005019,
				"seconds":	0.99998998641967773,
				"bytes":	1646919680,
				"bits_per_second":	13175489373.821131,
				"omitted":	false,
				"sender":	true
			}
		}, {
			"streams":	[{
					"socket":	5,
					"start":	5.005019,
					"end":	6.001489,
					"seconds":	0.99646997451782227,
					"bytes":	1635385344,
					"bits_per_second":	13129429974.376015,
					"omitted":	false,
					"sender":	true
				}],
			"sum":	{
				"start":	5.005019,
				"end":	6.001489,
				"seconds":	0.99646997451782227,
				"bytes":	1635385344,
				"bits_per_second":	13129429974.376015,
				"omitted":	false,
				"sender":	true
			}
		}, {
			"streams":	[{
					"socket":	5,
					"start":	6.001489,
					"end":	7.000188,
					"seconds":	0.99869900941848755,
					"bytes":	1673920512,
					"bits_per_second":	13408808829.997128,
					"omitted":	false,
					"sender":	true
				}],
			"sum":	{
				"start":	6.001489,
				"end":	7.000188,
				"seconds":	0.99869900941848755,
				"bytes":	1673920512,
				"bits_per_second":	13408808829.997128,
				"omitted":	false,
				"sender":	true
			}
		}, {
			"streams":	[{
					"socket":	5,
					"start":	7.000188,
					"end":	8.005026,
					"seconds":	1.0048379898071289,
					"bytes":	1655963648,
					"bits_per_second":	13183925486.876545,
					"omitted":	false,
					"sender":	true
				}],
			"sum":	{
				"start":	7.000188,
				"end":	8.005026,
				"seconds":	1.0048379898071289,
				"bytes":	1655963648,
				"bits_per_second":	13183925486.876545,
				"omitted":	false,
				"sender":	true
			}
		}, {
			"streams":	[{
					"socket":	5,
					"start":	8.005026,
					"end":	9.001633,
					"seconds":	0.996607005596161,
					"bytes":	1672740864,
					"bits_per_second":	13427486297.866287,
					"omitted":	false,
					"sender":	true
				}],
			"sum":	{
				"start":	8.005026,
				"end":	9.001633,
				"seconds":	0.996607005596161,
				"bytes":	1672740864,
				"bits_per_second":	13427486297.866287,
				"omitted":	false,
				"sender":	true
			}
		}, {
			"streams":	[{
					"socket":	5,
					"start":	9.001633,
					"end":	10.002418,
					"seconds":	1.0007849931716919,
					"bytes":	1681260544,
					"bits_per_second":	13439534409.258015,
					"omitted":	false,
					"sender":	true
				}],
			"sum":	{
				"start":	9.001633,
				"end":	10.002418,
				"seconds":	1.0007849931716919,
				"bytes":	1681260544,
				"bits_per_second":	13439534409.258015,
				"omitted":	false,
				"sender":	true
			}
		}, {
			"streams":	[{
					"socket":	5,
					"start":	10.002418,
					"end":	11.00343,
					"seconds":	1.0010119676589966,
					"bytes":	1634074624,
					"bits_per_second":	13059381320.457193,
					"omitted":	false,
					"sender":	true
				}],
			"sum":	{
				"start":	10.002418,
				"end":	11.00343,
				"seconds":	1.0010119676589966,
				"bytes":	1634074624,
				"bits_per_second":	13059381320.457193,
				"omitted":	false,
				"sender":	true
			}
		}, {
			"streams":	[{
					"socket":	5,
					"start":	11.00343,
					"end":	12.00445,
					"seconds":	1.0010199546813965,
					"bytes":	1658847232,
					"bits_per_second":	13257256055.623594,
					"omitted":	false,
					"sender":	true
				}],
			"sum":	{
				"start":	11.00343,
				"end":	12.00445,
				"seconds":	1.0010199546813965,
				"bytes":	1658847232,
				"bits_per_second":	13257256055.623594,
				"omitted":	false,
				"sender":	true
			}
		}, {
			"streams":	[{
					"socket":	5,
					"start":	12.00445,
					"end":	13.004168,
					"seconds":	0.99971801042556763,
					"bytes":	1633288192,
					"bits_per_second":	13069991137.238625,
					"omitted":	false,
					"sender":	true
				}],
			"sum":	{
				"start":	12.00445,
				"end":	13.004168,
				"seconds":	0.99971801042556763,
				"bytes":	1633288192,
				"bits_per_second":	13069991137.238625,
				"omitted":	false,
				"sender":	true
			}
		}, {
			"streams":	[{
					"socket":	5,
					"start":	13.004168,
					"end":	14.005016,
					"seconds":	1.0008480548858643,
					"bytes":	1645477888,
					"bits_per_second":	13152668918.861204,
					"omitted":	false,
					"sender":	true
				}],
			"sum":	{
				"start":	13.004168,
				"end":	14.005016,
				"seconds":	1.0008480548858643,
				"bytes":	1645477888,
				"bits_per_second":	13152668918.861204,
				"omitted":	false,
				"sender":	true
			}
		}, {
			"streams":	[{
					"socket":	5,
					"start":	14.005016,
					"end":	15.005017,
					"seconds":	1.0000009536743164,
					"bytes":	1605107712,
					"bits_per_second":	12840849450.011679,
					"omitted":	false,
					"sender":	true
				}],
			"sum":	{
				"start":	14.005016,
				"end":	15.005017,
				"seconds":	1.0000009536743164,
				"bytes":	1605107712,
				"bits_per_second":	12840849450.011679,
				"omitted":	false,
				"sender":	true
			}
		}, {
			"streams":	[{
					"socket":	5,
					"start":	15.005017,
					"end":	16.005015,
					"seconds":	0.99999797344207764,
					"bytes":	1631059968,
					"bits_per_second":	13048506187.553589,
					"omitted":	false,