{
	"start":	{
		"connected":	[{
				"socket":	5,
				"local_host":	"192.168.105.1",
				"local_port":	50818,
				"remote_host":	"192.168.105.3",
				"remote_port":	5201
			}],
		"version":	"iperf 3.8.1 -  -- Apple version iperf3-117.100.3",
		"system_info":	"Darwin space-gray.local 24.6.0 Darwin Kernel Version 24.6.0: Mon Jul 14 11:30:30 PDT 2025; root:xnu-11417.140.69~1/RELEASE_ARM64_T6020 arm64",
		"timestamp":	{
			"time":	"Sun, 31 Aug 2025 07:29:12 UTC",
			"timesecs":	1756625352
		},
		"connecting_to":	{
			"host":	"192.168.105.3",
			"port":	5201
		},
		"cookie":	"np5w2ugppazduhigpds2mgy7ozcsqt2geokx",
		"tcp_mss_default":	1448,
		"sock_bufsize":	0,
		"sndbuf_actual":	131072,
		"rcvbuf_actual":	131072,
		"test_start":	{
			"protocol":	"TCP",
			"num_streams":	1,
			"blksize":	131072,
			"omit":	0,
			"duration":	30,
			"bytes":	0,
			"blocks":	0,
			"reverse":	0,
			"tos":	0
		}
	},
	"intervals":	[{
			"streams":	[{
					"socket":	5,
					"start":	0,
					"end":	1.000055,
					"seconds":	1.0000549554824829,
					"bytes":	230766016,
					"bits_per_second":	1846026678.7131951,
					"retransmits":	0,
					"snd_cwnd":	8376717,
					"rtt":	20,
					"rttvar":	0,
					"pmtu":	-1,
					"omitted":	false,
					"sender":	true
				}],
			"sum":	{
				"start":	0,
				"end":	1.000055,
				"seconds":	1.0000549554824829,
				"bytes":	230766016,
				"bits_per_second":	1846026678.7131951,
				"retransmits":	0,
				"omitted":	false,
				"sender":	true
			}
		}, {
			"streams":	[{
					"socket":	5,
					"start":	1.000055,
					"end":	2.000023,
					"seconds":	0.99996799230575562,
					"bytes":	227792944,
					"bits_per_second":	1822401882.8822577,
					"retransmits":	0,
					"snd_cwnd":	8388480,
					"rtt":	18,
					"rttvar":	0,
					"pmtu":	-1,
					"omitted":	false,
					"sender":	true
				}],
			"sum":	{
				"start":	1.000055,
				"end":	2.000023,
				"seconds":	0.99996799230575562,
				"bytes":	227792944,
				"bits_per_second":	1822401882.8822577,
				"retransmits":	0,
				"omitted":	false,
				"sender":	true
			}
		}, {
			"streams":	[{
					"socket":	5,
					"start":	2.000023,
					"end":	3.000023,
					"seconds":	1,
					"bytes":	226915560,
					"bits_per_second":	1815324480,
					"retransmits":	0,
					"snd_cwnd":	8388480,
					"rtt":	20,
					"rttvar":	0,
					"pmtu":	-1,
					"omitted":	false,
					"sender":	true
				}],
			"sum":	{
				"start":	2.000023,
				"end":	3.000023,
				"seconds":	1,
				"bytes":	226915560,
				"bits_per_second":	1815324480,
				"retransmits":	0,
				"omitted":	false,
				"sender":	true
			}
		}, {
			"streams":	[{
					"socket":	5,
					"start":	3.000023,
					"end":	4.000026,
					"seconds":	1.0000029802322388,
					"bytes":	228424048,
					"bits_per_second":	1827386937.9625347,
					"retransmits":	0,
					"snd_cwnd":	8388480,
					"rtt":	18,
					"rttvar":	0,
					"pmtu":	-1,
					"omitted":	false,
					"sender":	true
				}],
			"sum":	{
				"start":	3.000023,
				"end":	4.000026,
				"seconds":	1.0000029802322388,
				"bytes":	228424048,
				"bits_per_second":	1827386937.9625347,
				"retransmits":	0,
				"omitted":	false,
				"sender":	true
			}
		}, {
			"streams":	[{
					"socket":	5,
					"start":	4.000026,
					"end":	5.00004,
					"seconds":	1.0000139474868774,
					"bytes":	229211432,
					"bits_per_second":	1833665880.9691875,
					"retransmits":	0,
					"snd_cwnd":	8388480,
					"rtt":	18,
					"rttvar":	0,
					"pmtu":	-1,
					"omitted":	false,
					"sender":	true
				}],
			"sum":	{
				"start":	4.000026,
				"end":	5.00004,
				"seconds":	1.0000139474868774,
				"bytes":	229211432,
				"bits_per_second":	1833665880.9691875,
				"retransmits":	0,
				"omitted":	false,
				"sender":	true
			}
		}, {
			"streams":	[{
					"socket":	5,
					"start":	5.00004,
					"end":	6.00001,
					"seconds":	0.999970018863678,
					"bytes":	228448664,
					"bits_per_second":	1827644106.8471155,
					"retransmits":	0,
					"snd_cwnd":	8388480,
					"rtt":	18,
					"rttvar":	0,
					"pmtu":	-1,
					"omitted":	false,
					"sender":	true
				}],
			"sum":	{
				"start":	5.00004,
				"end":	6.00001,
				"seconds":	0.999970018863678,
				"bytes":	228448664,
				"bits_per_second":	1827644106.8471155,
				"retransmits":	0,
				"omitted":	false,
				"sender":	true
			}
		}, {
			"streams":	[{
					"socket":	5,
					"start":	6.00001,
					"end":	7.000018,
					"seconds":	1.0000079870224,
					"bytes":	231540032,
					"bits_per_second":	1852305461.5947869,
					"retransmits":	0,
					"snd_cwnd":	8388480,
					"rtt":	18,
					"rttvar":	0,
					"pmtu":	-1,
					"omitted":	false,
					"sender":	true
				}],
			"sum":	{
				"start":	6.00001,
				"end":	7.000018,
				"seconds":	1.0000079870224,
				"bytes":	231540032,
				"bits_per_second":	1852305461.5947869,
				"retransmits":	0,
				"omitted":	false,
				"sender":	true
			}
		}, {
			"streams":	[{
					"socket":	5,
					"start":	7.000018,
					"end":	8.000023,
					"seconds":	1.0000050067901611,
					"bytes":	228378408,
					"bits_per_second":	1827018116.50367,
					"retransmits":	0,
					"snd_cwnd":	8388480,
					"rtt":	19,
					"rttvar":	0,
					"pmtu":	-1,
					"omitted":	false,
					"sender":	true
				}],
			"sum":	{
				"start":	7.000018,
				"end":	8.000023,
				"seconds":	1.0000050067901611,
				"bytes":	228378408,
				"bits_per_second":	1827018116.50367,
				"retransmits":	0,
				"omitted":	false,
				"sender":	true
			}
		}, {
			"streams":	[{
					"socket":	5,
					"start":	8.000023,
					"end":	9.000029,
					"seconds":	1.0000059604644775,
					"bytes":	228279248,
					"bits_per_second":	1826223098.8620911,
					"retransmits":	0,
					"snd_cwnd":	8388480,
					"rtt":	17,
					"rttvar":	0,
					"pmtu":	-1,
					"omitted":	false,
					"sender":	true
				}],
			"sum":	{
				"start":	8.000023,
				"end":	9.000029,
				"seconds":	1.0000059604644775,
				"bytes":	228279248,
				"bits_per_second":	1826223098.8620911,
				"retransmits":	0,
				"omitted":	false,
				"sender":	true
			}
		}, {
			"streams":	[{
					"socket":	5,
					"start":	9.000029,
					"end":	10.00002,
					"seconds":	0.999990999698639,
					"bytes":	227891184,
					"bits_per_second":	1823145880.8623531,
					"retransmits":	0,
					"snd_cwnd":	8388480,
					"rtt":	19,
					"rttvar":	0,
					"pmtu":	-1,
					"omitted":	false,
					"sender":	true
				}],
			"sum":	{
				"start":	9.000029,
				"end":	10.00002,
				"seconds":	0.999990999698639,
				"bytes":	227891184,
				"bits_per_second":	1823145880.8623531,
				"retransmits":	0,
				"omitted":	false,
				"sender":	true
			}
		}, {
			"streams":	[{
					"socket":	5,
					"start":	10.00002,
					"end":	11.00006,
					"seconds":	1.0000400543212891,
					"bytes":	226461424,
					"bits_per_second":	1811618828.8373764,
					"retransmits":	0,
					"snd_cwnd":	8388480,
					"rtt":	18,
					"rttvar":	0,
					"pmtu":	-1,
					"omitted":	false,
					"sender":	true
				}],
			"sum":	{
				"start":	10.00002,
				"end":	11.00006,
				"seconds":	1.0000400543212891,
				"bytes":	226461424,
				"bits_per_second":	1811618828.8373764,
				"retransmits":	0,
				"omitted":	false,
				"sender":	true
			}
		}, {
			"streams":	[{
					"socket":	5,
					"start":	11.00006,
					"end":	12.000074,
					"seconds":	1.0000139474868774,
					"bytes":	226174992,
					"bits_per_second":	1809374699.7701185,
					"retransmits":	0,
					"snd_cwnd":	8388480,
					"rtt":	19,
					"rttvar":	0,
					"pmtu":	-1,
					"omitted":	false,
					"sender":	true
				}],
			"sum":	{
				"start":	11.00006,
				"end":	12.000074,
				"seconds":	1.0000139474868774,
				"bytes":	226174992,
				"bits_per_second":	1809374699.7701185,
				"retransmits":	0,
				"omitted":	false,
				"sender":	true
			}
		}, {
			"streams":	[{
					"socket":	5,
					"start":	12.000074,
					"end":	13.000013,
					"seconds":	0.99993902444839478,
					"bytes":	224912816,
					"bits_per_second":	1799412248.1543963,
					"retransmits":	0,
					"snd_cwnd":	8388480,
					"rtt":	18,
					"rttvar":	1,
					"pmtu":	-1,
					"omitted":	false,