{
	"start":	{
		"connected":	[{
				"socket":	5,
				"local_host":	"10.100.102.149",
				"local_port":	50334,
				"remote_host":	"10.100.102.161",
				"remote_port":	5201
			}],
		"version":	"iperf 3.19.1",
		"system_info":	"Darwin mimi-2.local 24.6.0 Darwin Kernel Version 24.6.0: Mon Jul 14 11:29:54 PDT 2025; root:xnu-11417.140.69~1/RELEASE_ARM64_T8122 arm64",
		"timestamp":	{
			"time":	"Sat, 30 Aug 2025 21:22:32 UTC",
			"timesecs":	1756588952
		},
		"connecting_to":	{
			"host":	"10.100.102.161",
			"port":	5201
		},
		"cookie":	"hf3olan5pfsavwyd7d4flnwnyda2w3yp5u5n",
		"tcp_mss_default":	1448,
		"target_bitrate":	0,
		"fq_rate":	0,
		"sock_bufsize":	0,
		"sndbuf_actual":	131072,
		"rcvbuf_actual":	131072,
		"test_start":	{
			"protocol":	"TCP",
			"num_streams":	1,
			"blksize":	131072,
			"omit":	0,
			"duration":	30,
			"bytes":	0,
			"blocks":	0,
			"reverse":	1,
			"tos":	0,
			"target_bitrate":	0,
			"bidir":	0,
			"fqrate":	0,
			"interval":	1
		}
	},
	"intervals":	[{
			"streams":	[{
					"socket":	5,
					"start":	0,
					"end":	1.001902,
					"seconds":	1.0019019842147827,
					"bytes":	2134769664,
					"bits_per_second":	17045736590.07633,
					"omitted":	false,
					"sender":	false
				}],
			"sum":	{
				"start":	0,
				"end":	1.001902,
				"seconds":	1.0019019842147827,
				"bytes":	2134769664,
				"bits_per_second":	17045736590.07633,
				"omitted":	false,
				"sender":	false
			}
		}, {
			"streams":	[{
					"socket":	5,
					"start":	1.001902,
					"end":	2.003715,
					"seconds":	1.0018130540847778,
					"bytes":	2118123520,
					"bits_per_second":	16914321580.167831,
					"omitted":	false,
					"sender":	false
				}],
			"sum":	{
				"start":	1.001902,
				"end":	2.003715,
				"seconds":	1.0018130540847778,
				"bytes":	2118123520,
				"bits_per_second":	16914321580.167831,
				"omitted":	false,
				"sender":	false
			}
		}, {
			"streams":	[{
					"socket":	5,
					"start":	2.003715,
					"end":	3.005026,
					"seconds":	1.00131094455719,
					"bytes":	2128609280,
					"bits_per_second":	17006579557.09321,
					"omitted":	false,
					"sender":	false
				}],
			"sum":	{
				"start":	2.003715,
				"end":	3.005026,
				"seconds":	1.00131094455719,
				"bytes":	2128609280,
				"bits_per_second":	17006579557.09321,
				"omitted":	false,
				"sender":	false
			}
		}, {
			"streams":	[{
					"socket":	5,
					"start":	3.005026,
					"end":	4.005019,
					"seconds":	0.99999302625656128,
					"bytes":	2111438848,
					"bits_per_second":	16891628581.883993,
					"omitted":	false,
					"sender":	false
				}],
			"sum":	{
				"start":	3.005026,
				"end":	4.005019,
				"seconds":	0.99999302625656128,
				"bytes":	2111438848,
				"bits_per_second":	16891628581.883993,
				"omitted":	false,
				"sender":	false
			}
		}, {
			"streams":	[{
					"socket":	5,
					"start":	4.005019,
					"end":	5.003277,
					"seconds":	0.99825799465179443,
					"bytes":	2117599232,
					"bits_per_second":	16970356307.44853,
					"omitted":	false,
					"sender":	false
				}],
			"sum":	{
				"start":	4.005019,
				"end":	5.003277,
				"seconds":	0.99825799465179443,
				"bytes":	2117599232,
				"bits_per_second":	16970356307.44853,
				"omitted":	false,
				"sender":	false
			}
		}, {
			"streams":	[{
					"socket":	5,
					"start":	5.003277,
					"end":	6.005019,
					"seconds":	1.0017420053482056,
					"bytes":	2106589184,
					"bits_per_second":	16823407007.018734,
					"omitted":	false,
					"sender":	false
				}],
			"sum":	{
				"start":	5.003277,
				"end":	6.005019,
				"seconds":	1.0017420053482056,
				"bytes":	2106589184,
				"bits_per_second":	16823407007.018734,
				"omitted":	false,
				"sender":	false
			}
		}, {
			"streams":	[{
					"socket":	5,
					"start":	6.005019,
					"end":	7.002335,
					"seconds":	0.997316002845764,
					"bytes":	2094792704,
					"bits_per_second":	16803442022.569944,
					"omitted":	false,
					"sender":	false
				}],
			"sum":	{
				"start":	6.005019,
				"end":	7.002335,
				"seconds":	0.997316002845764,
				"bytes":	2094792704,
				"bits_per_second":	16803442022.569944,
				"omitted":	false,
				"sender":	false
			}
		}, {
			"streams":	[{
					"socket":	5,
					"start":	7.002335,
					"end":	8.005047,
					"seconds":	1.00271201133728,
					"bytes":	2091778048,
					"bits_per_second":	16688963725.16988,
					"omitted":	false,
					"sender":	false
				}],
			"sum":	{
				"start":	7.002335,
				"end":	8.005047,
				"seconds":	1.00271201133728,
				"bytes":	2091778048,
				"bits_per_second":	16688963725.16988,
				"omitted":	false,
				"sender":	false
			}
		}, {
			"streams":	[{
					"socket":	5,
					"start":	8.005047,
					"end":	9.005044,
					"seconds":	0.99999701976776123,
					"bytes":	2095841280,
					"bits_per_second":	16766780208.898918,
					"omitted":	false,
					"sender":	false
				}],
			"sum":	{
				"start":	8.005047,
				"end":	9.005044,
				"seconds":	0.99999701976776123,
				"bytes":	2095841280,
				"bits_per_second":	16766780208.898918,
				"omitted":	false,
				"sender":	false
			}
		}, {
			"streams":	[{
					"socket":	5,
					"start":	9.005044,
					"end":	10.005038,
					"seconds":	0.99999397993087769,
					"bytes":	2091909120,
					"bits_per_second":	16735373708.10651,
					"omitted":	false,
					"sender":	false
				}],
			"sum":	{
				"start":	9.005044,
				"end":	10.005038,
				"seconds":	0.99999397993087769,
				"bytes":	2091909120,
				"bits_per_second":	16735373708.10651,
				"omitted":	false,
				"sender":	false
			}
		}, {
			"streams":	[{
					"socket":	5,
					"start":	10.005038,
					"end":	11.005027,
					"seconds":	0.99998897314071655,
					"bytes":	2073165824,
					"bits_per_second":	16585509478.079159,
					"omitted":	false,
					"sender":	false
				}],
			"sum":	{
				"start":	10.005038,
				"end":	11.005027,
				"seconds":	0.99998897314071655,
				"bytes":	2073165824,
				"bits_per_second":	16585509478.079159,
				"omitted":	false,
				"sender":	false
			}
		}, {
			"streams":	[{
					"socket":	5,
					"start":	11.005027,
					"end":	12.004801,
					"seconds":	0.99977397918701172,
					"bytes":	2086535168,
					"bits_per_second":	16696054999.92478,
					"omitted":	false,
					"sender":	false
				}],
			"sum":	{
				"start":	11.005027,
				"end":	12.004801,
				"seconds":	0.99977397918701172,
				"bytes":	2086535168,
				"bits_per_second":	16696054999.92478,
				"omitted":	false,
				"sender":	false
			}
		}, {
			"streams":	[{
					"socket":	5,
					"start":	12.004801,
					"end":	13.001493,
					"seconds":	0.9966920018196106,
					"bytes":	2075262976,
					"bits_per_second":	16657205814.52482,
					"omitted":	false,
					"sender":	false
				}],
			"sum":	{
				"start":	12.004801,
				"end":	13.001493,
				"seconds":	0.9966920018196106,
				"bytes":	2075262976,
				"bits_per_second":	16657205814.52482,
				"omitted":	false,
				"sender":	false
			}
		}, {
			"streams":	[{
					"socket":	5,
					"start":	13.001493,
					"end":	14.001646,
					"seconds":	1.0001529455184937,
					"bytes":	2091122688,
					"bits_per_second":	16726423272.520041,
					"omitted":	false,
					"sender":	false
				}],
			"sum":	{
				"start":	13.001493,
				"end":	14.001646,
				"seconds":	1.0001529455184937,
				"bytes":	2091122688,
				"bits_per_second":	16726423272.520041,
				"omitted":	false,
				"sender":	false
			}
		}, {
			"streams":	[{
					"socket":	5,
					"start":	14.001646,
					"end":	15.003221,
					"seconds":	1.0015749931335449,
					"bytes":	2081816576,
					"bits_per_second":	16628343081.8239,
					"omitted":	false,
					"sender":	false
				}],
			"sum":	{
				"start":	14.001646,
				"end":	15.003221,
				"seconds":	1.0015749931335449,
				"bytes":	2081816576,
				"bits_per_second":	16628343081.8239,
				"omitted":	false,
				"sender":	false
			}
		}, {
			"streams":	[{
					"socket":	5,
					"start":	15.003221,
					"end":	16.005078,
					"seconds":	1.0018570423126221,
					"bytes":	2083782656,
					"bits_per_second":	16639361250.103554,
					"omitted":	false,