{
	"start":	{
		"connected":	[{
				"socket":	5,
				"local_host":	"10.100.102.151",
				"local_port":	49390,
				"remote_host":	"10.100.102.161",
				"remote_port":	5201
			}],
		"version":	"iperf 3.18",
		"system_info":	"Darwin space-gray.local 24.3.0 Darwin Kernel Version 24.3.0: Thu Jan  2 20:24:23 PST 2025; root:xnu-11215.81.4~3/RELEASE_ARM64_T6020 arm64",
		"timestamp":	{
			"time":	"Sat, 22 Feb 2025 14:26:53 UTC",
			"timesecs":	1740234413
		},
		"connecting_to":	{
			"host":	"10.100.102.161",
			"port":	5201
		},
		"cookie":	"yntra6jtkeqbsihr2yt55lgk7czb5rxrrr3d",
		"tcp_mss_default":	1448,
		"target_bitrate":	0,
		"fq_rate":	0,
		"sock_bufsize":	0,
		"sndbuf_actual":	131072,
		"rcvbuf_actual":	131072,
		"test_start":	{
			"protocol":	"TCP",
			"num_streams":	1,
			"blksize":	131072,
			"omit":	0,
			"duration":	30,
			"bytes":	0,
			"blocks":	0,
			"reverse":	1,
			"tos":	0,
			"target_bitrate":	0,
			"bidir":	0,
			"fqrate":	0,
			"interval":	1
		}
	},
	"intervals":	[{
			"streams":	[{
					"socket":	5,
					"start":	0,
					"end":	1.008485,
					"seconds":	1.008484959602356,
					"bytes":	1354891264,
					"bits_per_second":	10747934323.456696,
					"omitted":	false,
					"sender":	false
				}],
			"sum":	{
				"start":	0,
				"end":	1.008485,
				"seconds":	1.008484959602356,
				"bytes":	1354891264,
				"bits_per_second":	10747934323.456696,
				"omitted":	false,
				"sender":	false
			}
		}, {
			"streams":	[{
					"socket":	5,
					"start":	1.008485,
					"end":	2.006553,
					"seconds":	0.99806797504425049,
					"bytes":	1338769408,
					"bits_per_second":	10730887606.653397,
					"omitted":	false,
					"sender":	false
				}],
			"sum":	{
				"start":	1.008485,
				"end":	2.006553,
				"seconds":	0.99806797504425049,
				"bytes":	1338769408,
				"bits_per_second":	10730887606.653397,
				"omitted":	false,
				"sender":	false
			}
		}, {
			"streams":	[{
					"socket":	5,
					"start":	2.006553,
					"end":	3.010009,
					"seconds":	1.0034559965133667,
					"bytes":	1354891264,
					"bits_per_second":	10801799131.862196,
					"omitted":	false,
					"sender":	false
				}],
			"sum":	{
				"start":	2.006553,
				"end":	3.010009,
				"seconds":	1.0034559965133667,
				"bytes":	1354891264,
				"bits_per_second":	10801799131.862196,
				"omitted":	false,
				"sender":	false
			}
		}, {
			"streams":	[{
					"socket":	5,
					"start":	3.010009,
					"end":	4.01001,
					"seconds":	1.0000009536743164,
					"bytes":	1339293696,
					"bits_per_second":	10714339350.009745,
					"omitted":	false,
					"sender":	false
				}],
			"sum":	{
				"start":	3.010009,
				"end":	4.01001,
				"seconds":	1.0000009536743164,
				"bytes":	1339293696,
				"bits_per_second":	10714339350.009745,
				"omitted":	false,
				"sender":	false
			}
		}, {
			"streams":	[{
					"socket":	5,
					"start":	4.01001,
					"end":	5.007048,
					"seconds":	0.99703800678253174,
					"bytes":	1334312960,
					"bits_per_second":	10706215417.451244,
					"omitted":	false,
					"sender":	false
				}],
			"sum":	{
				"start":	4.01001,
				"end":	5.007048,
				"seconds":	0.99703800678253174,
				"bytes":	1334312960,
				"bits_per_second":	10706215417.451244,
				"omitted":	false,
				"sender":	false
			}
		}, {
			"streams":	[{
					"socket":	5,
					"start":	5.007048,
					"end":	6.001444,
					"seconds":	0.99439597129821777,
					"bytes":	1326579712,
					"bits_per_second":	10672446391.898432,
					"omitted":	false,
					"sender":	false
				}],
			"sum":	{
				"start":	5.007048,
				"end":	6.001444,
				"seconds":	0.99439597129821777,
				"bytes":	1326579712,
				"bits_per_second":	10672446391.898432,
				"omitted":	false,
				"sender":	false
			}
		}, {
			"streams":	[{
					"socket":	5,
					"start":	6.001444,
					"end":	7.005322,
					"seconds":	1.0038779973983765,
					"bytes":	1344798720,
					"bits_per_second":	10716829921.445789,
					"omitted":	false,
					"sender":	false
				}],
			"sum":	{
				"start":	6.001444,
				"end":	7.005322,
				"seconds":	1.0038779973983765,
				"bytes":	1344798720,
				"bits_per_second":	10716829921.445789,
				"omitted":	false,
				"sender":	false
			}
		}, {
			"streams":	[{
					"socket":	5,
					"start":	7.005322,
					"end":	8.010004,
					"seconds":	1.0046819448471069,
					"bytes":	1337720832,
					"bits_per_second":	10651895070.761524,
					"omitted":	false,
					"sender":	false
				}],
			"sum":	{
				"start":	7.005322,
				"end":	8.010004,
				"seconds":	1.0046819448471069,
				"bytes":	1337720832,
				"bits_per_second":	10651895070.761524,
				"omitted":	false,
				"sender":	false
			}
		}, {
			"streams":	[{
					"socket":	5,
					"start":	8.010004,
					"end":	9.010006,
					"seconds":	1.0000020265579224,
					"bytes":	1336803328,
					"bits_per_second":	10694404951.168921,
					"omitted":	false,
					"sender":	false
				}],
			"sum":	{
				"start":	8.010004,
				"end":	9.010006,
				"seconds":	1.0000020265579224,
				"bytes":	1336803328,
				"bits_per_second":	10694404951.168921,
				"omitted":	false,
				"sender":	false
			}
		}, {
			"streams":	[{
					"socket":	5,
					"start":	9.010006,
					"end":	10.009957,
					"seconds":	0.99995100498199463,
					"bytes":	1345454080,
					"bits_per_second":	10764160030.214493,
					"omitted":	false,
					"sender":	false
				}],
			"sum":	{
				"start":	9.010006,
				"end":	10.009957,
				"seconds":	0.99995100498199463,
				"bytes":	1345454080,
				"bits_per_second":	10764160030.214493,
				"omitted":	false,
				"sender":	false
			}
		}, {
			"streams":	[{
					"socket":	5,
					"start":	10.009957,
					"end":	11.010007,
					"seconds":	1.0000499486923218,
					"bytes":	1334444032,
					"bits_per_second":	10675019052.757805,
					"omitted":	false,
					"sender":	false
				}],
			"sum":	{
				"start":	10.009957,
				"end":	11.010007,
				"seconds":	1.0000499486923218,
				"bytes":	1334444032,
				"bits_per_second":	10675019052.757805,
				"omitted":	false,
				"sender":	false
			}
		}, {
			"streams":	[{
					"socket":	5,
					"start":	11.010007,
					"end":	12.010007,
					"seconds":	1,
					"bytes":	1348468736,
					"bits_per_second":	10787749888,
					"omitted":	false,
					"sender":	false
				}],
			"sum":	{
				"start":	11.010007,
				"end":	12.010007,
				"seconds":	1,
				"bytes":	1348468736,
				"bits_per_second":	10787749888,
				"omitted":	false,
				"sender":	false
			}
		}, {
			"streams":	[{
					"socket":	5,
					"start":	12.010007,
					"end":	13.010003,
					"seconds":	0.9999960064888,
					"bytes":	1341521920,
					"bits_per_second":	10732218219.23366,
					"omitted":	false,
					"sender":	false
				}],
			"sum":	{
				"start":	12.010007,
				"end":	13.010003,
				"seconds":	0.9999960064888,
				"bytes":	1341521920,
				"bits_per_second":	10732218219.23366,
				"omitted":	false,
				"sender":	false
			}
		}, {
			"streams":	[{
					"socket":	5,
					"start":	13.010003,
					"end":	14.006836,
					"seconds":	0.99683302640914917,
					"bytes":	1339686912,
					"bits_per_second":	10751545155.568525,
					"omitted":	false,
					"sender":	false
				}],
			"sum":	{
				"start":	13.010003,
				"end":	14.006836,
				"seconds":	0.99683302640914917,
				"bytes":	1339686912,
				"bits_per_second":	10751545155.568525,
				"omitted":	false,
				"sender":	false
			}
		}, {
			"streams":	[{
					"socket":	5,
					"start":	14.006836,
					"end":	15.00854,
					"seconds":	1.0017039775848389,
					"bytes":	1342570496,
					"bits_per_second":	10722293420.353653,
					"omitted":	false,
					"sender":	false
				}],
			"sum":	{
				"start":	14.006836,
				"end":	15.00854,
				"seconds":	1.0017039775848389,
				"bytes":	1342570496,
				"bits_per_second":	10722293420.353653,
				"omitted":	false,
				"sender":	false
			}
		}, {
			"streams":	[{
					"socket":	5,
					"start":	15.00854,
					"end":	16.010002,
					"seconds":	1.0014619827270508,
					"bytes":	1339424768,
					"bits_per_second":	10699755286.587339,
					"omitted":	false,
					"sender":	false
				}],