{
	"start":	{
		"connected":	[{
				"socket":	5,
				"local_host":	"192.168.105.1",
				"local_port":	52157,
				"remote_host":	"192.168.105.11",
				"remote_port":	5201
			}],
		"version":	"iperf 3.20",
		"system_info":	"Darwin space-gray 25.3.0 Darwin Kernel Version 25.3.0: Wed Jan 28 20:53:05 PST 2026; root:xnu-12377.81.4~5/RELEASE_ARM64_T6020 arm64",
		"timestamp":	{
			"time":	"Fri, 27 Feb 2026 18:03:31 UTC",
			"timesecs":	1772215411,
			"timemillisecs":	1772215411741
		},
		"connecting_to":	{
			"host":	"192.168.105.11",
			"port":	5201
		},
		"cookie":	"5dgrofld6sshwqthdpv6zzj467wzqfupz2ru",
		"tcp_mss_default":	1448,
		"target_bitrate":	0,
		"fq_rate":	0,
		"sock_bufsize":	0,
		"sndbuf_actual":	131072,
		"rcvbuf_actual":	131072,
		"test_start":	{
			"protocol":	"TCP",
			"num_streams":	1,
			"blksize":	131072,
			"omit":	0,
			"duration":	30,
			"bytes":	0,
			"blocks":	0,
			"reverse":	0,
			"tos":	0,
			"target_bitrate":	0,
			"bidir":	0,
			"fqrate":	0,
			"interval":	1
		}
	},
	"intervals":	[{
			"streams":	[{
					"socket":	5,
					"start":	0,
					"end":	1.003391,
					"seconds":	1.0033910274505615,
					"bytes":	1413480448,
					"bits_per_second":	11269627966.208969,
					"omitted":	false,
					"sender":	true
				}],
			"sum":	{
				"start":	0,
				"end":	1.003391,
				"seconds":	1.0033910274505615,
				"bytes":	1413480448,
				"bits_per_second":	11269627966.208969,
				"omitted":	false,
				"sender":	true
			}
		}, {
			"streams":	[{
					"socket":	5,
					"start":	1.003391,
					"end":	2.00501,
					"seconds":	1.0016189813613892,
					"bytes":	1363017728,
					"bits_per_second":	10886516756.28113,
					"omitted":	false,
					"sender":	true
				}],
			"sum":	{
				"start":	1.003391,
				"end":	2.00501,
				"seconds":	1.0016189813613892,
				"bytes":	1363017728,
				"bits_per_second":	10886516756.28113,
				"omitted":	false,
				"sender":	true
			}
		}, {
			"streams":	[{
					"socket":	5,
					"start":	2.00501,
					"end":	3.005019,
					"seconds":	1.0000089406967163,
					"bytes":	1398800384,
					"bits_per_second":	11190303022.894508,
					"omitted":	false,
					"sender":	true
				}],
			"sum":	{
				"start":	2.00501,
				"end":	3.005019,
				"seconds":	1.0000089406967163,
				"bytes":	1398800384,
				"bits_per_second":	11190303022.894508,
				"omitted":	false,
				"sender":	true
			}
		}, {
			"streams":	[{
					"socket":	5,
					"start":	3.005019,
					"end":	4.00501,
					"seconds":	0.999990999698639,
					"bytes":	1399324672,
					"bits_per_second":	11194698131.656832,
					"omitted":	false,
					"sender":	true
				}],
			"sum":	{
				"start":	3.005019,
				"end":	4.00501,
				"seconds":	0.999990999698639,
				"bytes":	1399324672,
				"bits_per_second":	11194698131.656832,
				"omitted":	false,
				"sender":	true
			}
		}, {
			"streams":	[{
					"socket":	5,
					"start":	4.00501,
					"end":	5.005006,
					"seconds":	0.9999960064888,
					"bytes":	1372192768,
					"bits_per_second":	10977585983.112572,
					"omitted":	false,
					"sender":	true
				}],
			"sum":	{
				"start":	4.00501,
				"end":	5.005006,
				"seconds":	0.9999960064888,
				"bytes":	1372192768,
				"bits_per_second":	10977585983.112572,
				"omitted":	false,
				"sender":	true
			}
		}, {
			"streams":	[{
					"socket":	5,
					"start":	5.005006,
					"end":	6.005008,
					"seconds":	1.0000020265579224,
					"bytes":	1365901312,
					"bits_per_second":	10927188351.419878,
					"omitted":	false,
					"sender":	true
				}],
			"sum":	{
				"start":	5.005006,
				"end":	6.005008,
				"seconds":	1.0000020265579224,
				"bytes":	1365901312,
				"bits_per_second":	10927188351.419878,
				"omitted":	false,
				"sender":	true
			}
		}, {
			"streams":	[{
					"socket":	5,
					"start":	6.005008,
					"end":	7.005011,
					"seconds":	1.0000029802322388,
					"bytes":	1396441088,
					"bits_per_second":	11171495410.349222,
					"omitted":	false,
					"sender":	true
				}],
			"sum":	{
				"start":	6.005008,
				"end":	7.005011,
				"seconds":	1.0000029802322388,
				"bytes":	1396441088,
				"bits_per_second":	11171495410.349222,
				"omitted":	false,
				"sender":	true
			}
		}, {
			"streams":	[{
					"socket":	5,
					"start":	7.005011,
					"end":	8.005007,
					"seconds":	0.9999960064888,
					"bytes":	1374552064,
					"bits_per_second":	10996460426.487873,
					"omitted":	false,
					"sender":	true
				}],
			"sum":	{
				"start":	7.005011,
				"end":	8.005007,
				"seconds":	0.9999960064888,
				"bytes":	1374552064,
				"bits_per_second":	10996460426.487873,
				"omitted":	false,
				"sender":	true
			}
		}, {
			"streams":	[{
					"socket":	5,
					"start":	8.005007,
					"end":	9.005014,
					"seconds":	1.0000070333480835,
					"bytes":	1393819648,
					"bits_per_second":	11150478758.801592,
					"omitted":	false,
					"sender":	true
				}],
			"sum":	{
				"start":	8.005007,
				"end":	9.005014,
				"seconds":	1.0000070333480835,
				"bytes":	1393819648,
				"bits_per_second":	11150478758.801592,
				"omitted":	false,
				"sender":	true
			}
		}, {
			"streams":	[{
					"socket":	5,
					"start":	9.005014,
					"end":	10.004235,
					"seconds":	0.99922102689743042,
					"bytes":	1394475008,
					"bits_per_second":	11164496906.794113,
					"omitted":	false,
					"sender":	true
				}],
			"sum":	{
				"start":	9.005014,
				"end":	10.004235,
				"seconds":	0.99922102689743042,
				"bytes":	1394475008,
				"bits_per_second":	11164496906.794113,
				"omitted":	false,
				"sender":	true
			}
		}, {
			"streams":	[{
					"socket":	5,
					"start":	10.004235,
					"end":	11.005013,
					"seconds":	1.0007779598236084,
					"bytes":	1372454912,
					"bits_per_second":	10971104217.698009,
					"omitted":	false,
					"sender":	true
				}],
			"sum":	{
				"start":	10.004235,
				"end":	11.005013,
				"seconds":	1.0007779598236084,
				"bytes":	1372454912,
				"bits_per_second":	10971104217.698009,
				"omitted":	false,
				"sender":	true
			}
		}, {
			"streams":	[{
					"socket":	5,
					"start":	11.005013,
					"end":	12.005012,
					"seconds":	0.99999898672103882,
					"bytes":	1394212864,
					"bits_per_second":	11153714213.823952,
					"omitted":	false,
					"sender":	true
				}],
			"sum":	{
				"start":	11.005013,
				"end":	12.005012,
				"seconds":	0.99999898672103882,
				"bytes":	1394212864,
				"bits_per_second":	11153714213.823952,
				"omitted":	false,
				"sender":	true
			}
		}, {
			"streams":	[{
					"socket":	5,
					"start":	12.005012,
					"end":	13.005011,
					"seconds":	0.99999898672103882,
					"bytes":	1371144192,
					"bits_per_second":	10969164650.823763,
					"omitted":	false,
					"sender":	true
				}],
			"sum":	{
				"start":	12.005012,
				"end":	13.005011,
				"seconds":	0.99999898672103882,
				"bytes":	1371144192,
				"bits_per_second":	10969164650.823763,
				"omitted":	false,
				"sender":	true
			}
		}, {
			"streams":	[{
					"socket":	5,
					"start":	13.005011,
					"end":	14.005012,
					"seconds":	1.0000009536743164,
					"bytes":	1414266880,
					"bits_per_second":	11314124250.01029,
					"omitted":	false,
					"sender":	true
				}],
			"sum":	{
				"start":	13.005011,
				"end":	14.005012,
				"seconds":	1.0000009536743164,
				"bytes":	1414266880,
				"bits_per_second":	11314124250.01029,
				"omitted":	false,
				"sender":	true
			}
		}, {
			"streams":	[{
					"socket":	5,
					"start":	14.005012,
					"end":	15.002003,
					"seconds":	0.996990978717804,
					"bytes":	1401815040,
					"bits_per_second":	11248366895.378141,
					"omitted":	false,
					"sender":	true
				}],
			"sum":	{
				"start":	14.005012,
				"end":	15.002003,
				"seconds":	0.996990978717804,
				"bytes":	1401815040,
				"bits_per_second":	11248366895.378141,
				"omitted":	false,
				"sender":	true
			}
		}, {
			"streams":	[{
					"socket":	5,
					"start":	15.002003,
					"end":	16.005009,
					"seconds":	1.0030059814453125,
					"bytes":	1384775680,
					"bits_per_second":	11045004361.824959,
					"omitted":	false,
					"sender":	true
				}],