{
	"start":	{
		"connected":	[{
				"socket":	5,
				"local_host":	"192.168.105.1",
				"local_port":	52159,
				"remote_host":	"192.168.105.11",
				"remote_port":	5201
			}],
		"version":	"iperf 3.20",
		"system_info":	"Darwin space-gray 25.3.0 Darwin Kernel Version 25.3.0: Wed Jan 28 20:53:05 PST 2026; root:xnu-12377.81.4~5/RELEASE_ARM64_T6020 arm64",
		"timestamp":	{
			"time":	"Fri, 27 Feb 2026 18:04:01 UTC",
			"timesecs":	1772215441,
			"timemillisecs":	1772215441757
		},
		"connecting_to":	{
			"host":	"192.168.105.11",
			"port":	5201
		},
		"cookie":	"zjcxxxfw4nmmxtml4whwfcylccdxipxa5aly",
		"tcp_mss_default":	1448,
		"target_bitrate":	0,
		"fq_rate":	0,
		"sock_bufsize":	0,
		"sndbuf_actual":	131072,
		"rcvbuf_actual":	131072,
		"test_start":	{
			"protocol":	"TCP",
			"num_streams":	1,
			"blksize":	131072,
			"omit":	0,
			"duration":	30,
			"bytes":	0,
			"blocks":	0,
			"reverse":	1,
			"tos":	0,
			"target_bitrate":	0,
			"bidir":	0,
			"fqrate":	0,
			"interval":	1
		}
	},
	"intervals":	[{
			"streams":	[{
					"socket":	5,
					"start":	0,
					"end":	1.005009,
					"seconds":	1.0050090551376343,
					"bytes":	1237319680,
					"bits_per_second":	9849222143.2217941,
					"omitted":	false,
					"sender":	false
				}],
			"sum":	{
				"start":	0,
				"end":	1.005009,
				"seconds":	1.0050090551376343,
				"bytes":	1237319680,
				"bits_per_second":	9849222143.2217941,
				"omitted":	false,
				"sender":	false
			}
		}, {
			"streams":	[{
					"socket":	5,
					"start":	1.005009,
					"end":	2.005008,
					"seconds":	0.99999898672103882,
					"bytes":	1227358208,
					"bits_per_second":	9818875613.26008,
					"omitted":	false,
					"sender":	false
				}],
			"sum":	{
				"start":	1.005009,
				"end":	2.005008,
				"seconds":	0.99999898672103882,
				"bytes":	1227358208,
				"bits_per_second":	9818875613.26008,
				"omitted":	false,
				"sender":	false
			}
		}, {
			"streams":	[{
					"socket":	5,
					"start":	2.005008,
					"end":	3.003645,
					"seconds":	0.998637020587921,
					"bytes":	1233125376,
					"bits_per_second":	9878467155.3556461,
					"omitted":	false,
					"sender":	false
				}],
			"sum":	{
				"start":	2.005008,
				"end":	3.003645,
				"seconds":	0.998637020587921,
				"bytes":	1233125376,
				"bits_per_second":	9878467155.3556461,
				"omitted":	false,
				"sender":	false
			}
		}, {
			"streams":	[{
					"socket":	5,
					"start":	3.003645,
					"end":	4.005005,
					"seconds":	1.0013600587844849,
					"bytes":	1236926464,
					"bits_per_second":	9881971649.6498642,
					"omitted":	false,
					"sender":	false
				}],
			"sum":	{
				"start":	3.003645,
				"end":	4.005005,
				"seconds":	1.0013600587844849,
				"bytes":	1236926464,
				"bits_per_second":	9881971649.6498642,
				"omitted":	false,
				"sender":	false
			}
		}, {
			"streams":	[{
					"socket":	5,
					"start":	4.005005,
					"end":	5.005006,
					"seconds":	1.0000009536743164,
					"bytes":	1222508544,
					"bits_per_second":	9780059025.008894,
					"omitted":	false,
					"sender":	false
				}],
			"sum":	{
				"start":	4.005005,
				"end":	5.005006,
				"seconds":	1.0000009536743164,
				"bytes":	1222508544,
				"bits_per_second":	9780059025.008894,
				"omitted":	false,
				"sender":	false
			}
		}, {
			"streams":	[{
					"socket":	5,
					"start":	5.005006,
					"end":	6.005006,
					"seconds":	1,
					"bytes":	1225261056,
					"bits_per_second":	9802088448,
					"omitted":	false,
					"sender":	false
				}],
			"sum":	{
				"start":	5.005006,
				"end":	6.005006,
				"seconds":	1,
				"bytes":	1225261056,
				"bits_per_second":	9802088448,
				"omitted":	false,
				"sender":	false
			}
		}, {
			"streams":	[{
					"socket":	5,
					"start":	6.005006,
					"end":	7.00097,
					"seconds":	0.995963990688324,
					"bytes":	1227096064,
					"bits_per_second":	9856549638.12045,
					"omitted":	false,
					"sender":	false
				}],
			"sum":	{
				"start":	6.005006,
				"end":	7.00097,
				"seconds":	0.995963990688324,
				"bytes":	1227096064,
				"bits_per_second":	9856549638.12045,
				"omitted":	false,
				"sender":	false
			}
		}, {
			"streams":	[{
					"socket":	5,
					"start":	7.00097,
					"end":	8.005007,
					"seconds":	1.0040370225906372,
					"bytes":	1231945728,
					"bits_per_second":	9815938657.88979,
					"omitted":	false,
					"sender":	false
				}],
			"sum":	{
				"start":	7.00097,
				"end":	8.005007,
				"seconds":	1.0040370225906372,
				"bytes":	1231945728,
				"bits_per_second":	9815938657.88979,
				"omitted":	false,
				"sender":	false
			}
		}, {
			"streams":	[{
					"socket":	5,
					"start":	8.005007,
					"end":	9.005003,
					"seconds":	0.9999960064888,
					"bytes":	1217527808,
					"bits_per_second":	9740261361.84284,
					"omitted":	false,
					"sender":	false
				}],
			"sum":	{
				"start":	8.005007,
				"end":	9.005003,
				"seconds":	0.9999960064888,
				"bytes":	1217527808,
				"bits_per_second":	9740261361.84284,
				"omitted":	false,
				"sender":	false
			}
		}, {
			"streams":	[{
					"socket":	5,
					"start":	9.005003,
					"end":	10.003814,
					"seconds":	0.99881100654602051,
					"bytes":	1223950336,
					"bits_per_second":	9803258698.42009,
					"omitted":	false,
					"sender":	false
				}],
			"sum":	{
				"start":	9.005003,
				"end":	10.003814,
				"seconds":	0.99881100654602051,
				"bytes":	1223950336,
				"bits_per_second":	9803258698.42009,
				"omitted":	false,
				"sender":	false
			}
		}, {
			"streams":	[{
					"socket":	5,
					"start":	10.003814,
					"end":	11.002058,
					"seconds":	0.99824398756027222,
					"bytes":	1226178560,
					"bits_per_second":	9826684259.80149,
					"omitted":	false,
					"sender":	false
				}],
			"sum":	{
				"start":	10.003814,
				"end":	11.002058,
				"seconds":	0.99824398756027222,
				"bytes":	1226178560,
				"bits_per_second":	9826684259.80149,
				"omitted":	false,
				"sender":	false
			}
		}, {
			"streams":	[{
					"socket":	5,
					"start":	11.002058,
					"end":	12.000595,
					"seconds":	0.998537003993988,
					"bytes":	1222377472,
					"bits_per_second":	9793347404.13774,
					"omitted":	false,
					"sender":	false
				}],
			"sum":	{
				"start":	11.002058,
				"end":	12.000595,
				"seconds":	0.998537003993988,
				"bytes":	1222377472,
				"bits_per_second":	9793347404.13774,
				"omitted":	false,
				"sender":	false
			}
		}, {
			"streams":	[{
					"socket":	5,
					"start":	12.000595,
					"end":	13.003873,
					"seconds":	1.0032780170440674,
					"bytes":	1232338944,
					"bits_per_second":	9826500117.13251,
					"omitted":	false,
					"sender":	false
				}],
			"sum":	{
				"start":	12.000595,
				"end":	13.003873,
				"seconds":	1.0032780170440674,
				"bytes":	1232338944,
				"bits_per_second":	9826500117.13251,
				"omitted":	false,
				"sender":	false
			}
		}, {
			"streams":	[{
					"socket":	5,
					"start":	13.003873,
					"end":	14.005008,
					"seconds":	1.001134991645813,
					"bytes":	1240203264,
					"bits_per_second":	9910377915.85865,
					"omitted":	false,
					"sender":	false
				}],
			"sum":	{
				"start":	13.003873,
				"end":	14.005008,
				"seconds":	1.001134991645813,
				"bytes":	1240203264,
				"bits_per_second":	9910377915.85865,
				"omitted":	false,
				"sender":	false
			}
		}, {
			"streams":	[{
					"socket":	5,
					"start":	14.005008,
					"end":	15.005006,
					"seconds":	0.99999797344207764,
					"bytes":	1227489280,
					"bits_per_second":	9819934140.66533,
					"omitted":	false,
					"sender":	false
				}],
			"sum":	{
				"start":	14.005008,
				"end":	15.005006,
				"seconds":	0.99999797344207764,
				"bytes":	1227489280,
				"bits_per_second":	9819934140.66533,
				"omitted":	false,
				"sender":	false
			}
		}, {
			"streams":	[{
					"socket":	5,
					"start":	15.005006,
					"end":	16.001927,
					"seconds":	0.99692100286483765,
					"bytes":	1229717504,
					"bits_per_second":	9868123957.3942432,
					"omitted":	false,
					"sender":	false
				}],
			"sum":	{
				"start":	15.005006,