{
	"start":	{
		"connected":	[{
				"socket":	5,
				"local_host":	"192.168.105.1",
				"local_port":	49647,
				"remote_host":	"192.168.105.4",
				"remote_port":	5201
			}],
		"version":	"iperf 3.8.1 -  -- Apple version iperf3-117",
		"system_info":	"Darwin space-gray.local 24.3.0 Darwin Kernel Version 24.3.0: Thu Jan  2 20:24:23 PST 2025; root:xnu-11215.81.4~3/RELEASE_ARM64_T6020 arm64",
		"timestamp":	{
			"time":	"Sat, 22 Feb 2025 15:06:56 UTC",
			"timesecs":	1740236816
		},
		"connecting_to":	{
			"host":	"192.168.105.4",
			"port":	5201
		},
		"cookie":	"aa7cvajojts55kjgnixtwejkmovfxgvqu2vq",
		"tcp_mss_default":	1448,
		"sock_bufsize":	0,
		"sndbuf_actual":	131072,
		"rcvbuf_actual":	131072,
		"test_start":	{
			"protocol":	"TCP",
			"num_streams":	1,
			"blksize":	131072,
			"omit":	0,
			"duration":	30,
			"bytes":	0,
			"blocks":	0,
			"reverse":	0,
			"tos":	0
		}
	},
	"intervals":	[{
			"streams":	[{
					"socket":	5,
					"start":	0,
					"end":	1.000013,
					"seconds":	1.000012993812561,
					"bytes":	226919400,
					"bits_per_second":	1815331611.9212985,
					"retransmits":	0,
					"snd_cwnd":	6521829,
					"rtt":	14,
					"rttvar":	0,
					"pmtu":	-1,
					"omitted":	false,
					"sender":	true
				}],
			"sum":	{
				"start":	0,
				"end":	1.000013,
				"seconds":	1.000012993812561,
				"bytes":	226919400,
				"bits_per_second":	1815331611.9212985,
				"retransmits":	0,
				"omitted":	false,
				"sender":	true
			}
		}, {
			"streams":	[{
					"socket":	5,
					"start":	1.000013,
					"end":	2.000035,
					"seconds":	1.0000220537185669,
					"bytes":	227149208,
					"bits_per_second":	1817153589.0061553,
					"retransmits":	0,
					"snd_cwnd":	7147365,
					"rtt":	8,
					"rttvar":	0,
					"pmtu":	-1,
					"omitted":	false,
					"sender":	true
				}],
			"sum":	{
				"start":	1.000013,
				"end":	2.000035,
				"seconds":	1.0000220537185669,
				"bytes":	227149208,
				"bits_per_second":	1817153589.0061553,
				"retransmits":	0,
				"omitted":	false,
				"sender":	true
			}
		}, {
			"streams":	[{
					"socket":	5,
					"start":	2.000035,
					"end":	3.000029,
					"seconds":	0.99999397993087769,
					"bytes":	225521656,
					"bits_per_second":	1804184109.3130474,
					"retransmits":	0,
					"snd_cwnd":	7147365,
					"rtt":	14,
					"rttvar":	0,
					"pmtu":	-1,
					"omitted":	false,
					"sender":	true
				}],
			"sum":	{
				"start":	2.000035,
				"end":	3.000029,
				"seconds":	0.99999397993087769,
				"bytes":	225521656,
				"bits_per_second":	1804184109.3130474,
				"retransmits":	0,
				"omitted":	false,
				"sender":	true
			}
		}, {
			"streams":	[{
					"socket":	5,
					"start":	3.000029,
					"end":	4.000058,
					"seconds":	1.0000289678573608,
					"bytes":	226244208,
					"bits_per_second":	1809901235.0391862,
					"retransmits":	0,
					"snd_cwnd":	7147365,
					"rtt":	14,
					"rttvar":	0,
					"pmtu":	-1,
					"omitted":	false,
					"sender":	true
				}],
			"sum":	{
				"start":	3.000029,
				"end":	4.000058,
				"seconds":	1.0000289678573608,
				"bytes":	226244208,
				"bits_per_second":	1809901235.0391862,
				"retransmits":	0,
				"omitted":	false,
				"sender":	true
			}
		}, {
			"streams":	[{
					"socket":	5,
					"start":	4.000058,
					"end":	5.000022,
					"seconds":	0.99996399879455566,
					"bytes":	227383784,
					"bits_per_second":	1819135763.0803378,
					"retransmits":	0,
					"snd_cwnd":	7147365,
					"rtt":	14,
					"rttvar":	0,
					"pmtu":	-1,
					"omitted":	false,
					"sender":	true
				}],
			"sum":	{
				"start":	4.000058,
				"end":	5.000022,
				"seconds":	0.99996399879455566,
				"bytes":	227383784,
				"bits_per_second":	1819135763.0803378,
				"retransmits":	0,
				"omitted":	false,
				"sender":	true
			}
		}, {
			"streams":	[{
					"socket":	5,
					"start":	5.000022,
					"end":	6.000043,
					"seconds":	1.0000209808349609,
					"bytes":	230580272,
					"bits_per_second":	1844603474.6789293,
					"retransmits":	0,
					"snd_cwnd":	7147365,
					"rtt":	15,
					"rttvar":	0,
					"pmtu":	-1,
					"omitted":	false,
					"sender":	true
				}],
			"sum":	{
				"start":	5.000022,
				"end":	6.000043,
				"seconds":	1.0000209808349609,
				"bytes":	230580272,
				"bits_per_second":	1844603474.6789293,
				"retransmits":	0,
				"omitted":	false,
				"sender":	true
			}
		}, {
			"streams":	[{
					"socket":	5,
					"start":	6.000043,
					"end":	7.000082,
					"seconds":	1.0000389814376831,
					"bytes":	230612072,
					"bits_per_second":	1844824662.0823989,
					"retransmits":	0,
					"snd_cwnd":	7147365,
					"rtt":	13,
					"rttvar":	0,
					"pmtu":	-1,
					"omitted":	false,
					"sender":	true
				}],
			"sum":	{
				"start":	6.000043,
				"end":	7.000082,
				"seconds":	1.0000389814376831,
				"bytes":	230612072,
				"bits_per_second":	1844824662.0823989,
				"retransmits":	0,
				"omitted":	false,
				"sender":	true
			}
		}, {
			"streams":	[{
					"socket":	5,
					"start":	7.000082,
					"end":	8.000072,
					"seconds":	0.99998998641967773,
					"bytes":	231032744,
					"bits_per_second":	1848280459.9048433,
					"retransmits":	0,
					"snd_cwnd":	7147365,
					"rtt":	14,
					"rttvar":	0,
					"pmtu":	-1,
					"omitted":	false,
					"sender":	true
				}],
			"sum":	{
				"start":	7.000082,
				"end":	8.000072,
				"seconds":	0.99998998641967773,
				"bytes":	231032744,
				"bits_per_second":	1848280459.9048433,
				"retransmits":	0,
				"omitted":	false,
				"sender":	true
			}
		}, {
			"streams":	[{
					"socket":	5,
					"start":	8.000072,
					"end":	9.000022,
					"seconds":	0.99994999170303345,
					"bytes":	230187112,
					"bits_per_second":	1841588990.7291386,
					"retransmits":	0,
					"snd_cwnd":	7147365,
					"rtt":	15,
					"rttvar":	0,
					"pmtu":	-1,
					"omitted":	false,
					"sender":	true
				}],
			"sum":	{
				"start":	8.000072,
				"end":	9.000022,
				"seconds":	0.99994999170303345,
				"bytes":	230187112,
				"bits_per_second":	1841588990.7291386,
				"retransmits":	0,
				"omitted":	false,
				"sender":	true
			}
		}, {
			"streams":	[{
					"socket":	5,
					"start":	9.000022,
					"end":	10.000016,
					"seconds":	0.99999397993087769,
					"bytes":	230010456,
					"bits_per_second":	1840094725.4974391,
					"retransmits":	0,
					"snd_cwnd":	7147365,
					"rtt":	15,
					"rttvar":	0,
					"pmtu":	-1,
					"omitted":	false,
					"sender":	true
				}],
			"sum":	{
				"start":	9.000022,
				"end":	10.000016,
				"seconds":	0.99999397993087769,
				"bytes":	230010456,
				"bits_per_second":	1840094725.4974391,
				"retransmits":	0,
				"omitted":	false,
				"sender":	true
			}
		}, {
			"streams":	[{
					"socket":	5,
					"start":	10.000016,
					"end":	11.000046,
					"seconds":	1.0000300407409668,
					"bytes":	232010144,
					"bits_per_second":	1856025395.6218624,
					"retransmits":	0,
					"snd_cwnd":	7147365,
					"rtt":	14,
					"rttvar":	0,
					"pmtu":	-1,
					"omitted":	false,
					"sender":	true
				}],
			"sum":	{
				"start":	10.000016,
				"end":	11.000046,
				"seconds":	1.0000300407409668,
				"bytes":	232010144,
				"bits_per_second":	1856025395.6218624,
				"retransmits":	0,
				"omitted":	false,
				"sender":	true
			}
		}, {
			"streams":	[{
					"socket":	5,
					"start":	11.000046,
					"end":	12.000014,
					"seconds":	0.99996799230575562,
					"bytes":	230795272,
					"bits_per_second":	1846421275.6876385,
					"retransmits":	0,
					"snd_cwnd":	7147365,
					"rtt":	14,
					"rttvar":	0,
					"pmtu":	-1,
					"omitted":	false,
					"sender":	true
				}],
			"sum":	{
				"start":	11.000046,
				"end":	12.000014,
				"seconds":	0.99996799230575562,
				"bytes":	230795272,
				"bits_per_second":	1846421275.6876385,
				"retransmits":	0,
				"omitted":	false,
				"sender":	true
			}
		}, {
			"streams":	[{
					"socket":	5,
					"start":	12.000014,
					"end":	13.000036,
					"seconds":	1.0000220537185669,
					"bytes":	231752400,
					"bits_per_second":	1853978312.8840585,
					"retransmits":	0,
					"snd_cwnd":	7147365,