{
	"start":	{
		"connected":	[{
				"socket":	5,
				"local_host":	"192.168.105.1",
				"local_port":	49635,
				"remote_host":	"192.168.105.6",
				"remote_port":	5201
			}],
		"version":	"iperf 3.8.1 -  -- Apple version iperf3-117",
		"system_info":	"Darwin mimi-2.local 24.3.0 Darwin Kernel Version 24.3.0: Thu Jan  2 20:24:23 PST 2025; root:xnu-11215.81.4~3/RELEASE_ARM64_T8122 arm64",
		"timestamp":	{
			"time":	"Sat, 22 Feb 2025 17:36:30 UTC",
			"timesecs":	1740245790
		},
		"connecting_to":	{
			"host":	"192.168.105.6",
			"port":	5201
		},
		"cookie":	"uvm3hasc4jhxhqxmb7axahsjfmxurs5robum",
		"tcp_mss_default":	1448,
		"sock_bufsize":	0,
		"sndbuf_actual":	131072,
		"rcvbuf_actual":	131072,
		"test_start":	{
			"protocol":	"TCP",
			"num_streams":	1,
			"blksize":	131072,
			"omit":	0,
			"duration":	30,
			"bytes":	0,
			"blocks":	0,
			"reverse":	0,
			"tos":	0
		}
	},
	"intervals":	[{
			"streams":	[{
					"socket":	5,
					"start":	0,
					"end":	1.000042,
					"seconds":	1.0000419616699219,
					"bytes":	224617080,
					"bits_per_second":	1796861240.7017221,
					"retransmits":	0,
					"snd_cwnd":	6540653,
					"rtt":	14,
					"rttvar":	0,
					"pmtu":	-1,
					"omitted":	false,
					"sender":	true
				}],
			"sum":	{
				"start":	0,
				"end":	1.000042,
				"seconds":	1.0000419616699219,
				"bytes":	224617080,
				"bits_per_second":	1796861240.7017221,
				"retransmits":	0,
				"omitted":	false,
				"sender":	true
			}
		}, {
			"streams":	[{
					"socket":	5,
					"start":	1.000042,
					"end":	2.000008,
					"seconds":	0.999966025352478,
					"bytes":	222715432,
					"bits_per_second":	1781783991.4830709,
					"retransmits":	0,
					"snd_cwnd":	6540653,
					"rtt":	13,
					"rttvar":	0,
					"pmtu":	-1,
					"omitted":	false,
					"sender":	true
				}],
			"sum":	{
				"start":	1.000042,
				"end":	2.000008,
				"seconds":	0.999966025352478,
				"bytes":	222715432,
				"bits_per_second":	1781783991.4830709,
				"retransmits":	0,
				"omitted":	false,
				"sender":	true
			}
		}, {
			"streams":	[{
					"socket":	5,
					"start":	2.000008,
					"end":	3.000045,
					"seconds":	1.0000369548797607,
					"bytes":	225562200,
					"bits_per_second":	1804430917.4724083,
					"retransmits":	0,
					"snd_cwnd":	6586989,
					"rtt":	13,
					"rttvar":	1,
					"pmtu":	-1,
					"omitted":	false,
					"sender":	true
				}],
			"sum":	{
				"start":	2.000008,
				"end":	3.000045,
				"seconds":	1.0000369548797607,
				"bytes":	225562200,
				"bits_per_second":	1804430917.4724083,
				"retransmits":	0,
				"omitted":	false,
				"sender":	true
			}
		}, {
			"streams":	[{
					"socket":	5,
					"start":	3.000045,
					"end":	4.00002,
					"seconds":	0.999975025653839,
					"bytes":	222784936,
					"bits_per_second":	1782324000.3765562,
					"retransmits":	0,
					"snd_cwnd":	6586989,
					"rtt":	13,
					"rttvar":	0,
					"pmtu":	-1,
					"omitted":	false,
					"sender":	true
				}],
			"sum":	{
				"start":	3.000045,
				"end":	4.00002,
				"seconds":	0.999975025653839,
				"bytes":	222784936,
				"bits_per_second":	1782324000.3765562,
				"retransmits":	0,
				"omitted":	false,
				"sender":	true
			}
		}, {
			"streams":	[{
					"socket":	5,
					"start":	4.00002,
					"end":	5.000001,
					"seconds":	0.99998098611831665,
					"bytes":	226465752,
					"bits_per_second":	1811760464.5991125,
					"retransmits":	0,
					"snd_cwnd":	6586989,
					"rtt":	14,
					"rttvar":	0,
					"pmtu":	-1,
					"omitted":	false,
					"sender":	true
				}],
			"sum":	{
				"start":	4.00002,
				"end":	5.000001,
				"seconds":	0.99998098611831665,
				"bytes":	226465752,
				"bits_per_second":	1811760464.5991125,
				"retransmits":	0,
				"omitted":	false,
				"sender":	true
			}
		}, {
			"streams":	[{
					"socket":	5,
					"start":	5.000001,
					"end":	6.000001,
					"seconds":	1,
					"bytes":	226778520,
					"bits_per_second":	1814228160,
					"retransmits":	0,
					"snd_cwnd":	6586989,
					"rtt":	15,
					"rttvar":	0,
					"pmtu":	-1,
					"omitted":	false,
					"sender":	true
				}],
			"sum":	{
				"start":	5.000001,
				"end":	6.000001,
				"seconds":	1,
				"bytes":	226778520,
				"bits_per_second":	1814228160,
				"retransmits":	0,
				"omitted":	false,
				"sender":	true
			}
		}, {
			"streams":	[{
					"socket":	5,
					"start":	6.000001,
					"end":	7.00006,
					"seconds":	1.0000590085983276,
					"bytes":	228587072,
					"bits_per_second":	1828588673.5454562,
					"retransmits":	0,
					"snd_cwnd":	6586989,
					"rtt":	14,
					"rttvar":	0,
					"pmtu":	-1,
					"omitted":	false,
					"sender":	true
				}],
			"sum":	{
				"start":	6.000001,
				"end":	7.00006,
				"seconds":	1.0000590085983276,
				"bytes":	228587072,
				"bits_per_second":	1828588673.5454562,
				"retransmits":	0,
				"omitted":	false,
				"sender":	true
			}
		}, {
			"streams":	[{
					"socket":	5,
					"start":	7.00006,
					"end":	8.000036,
					"seconds":	0.99997597932815552,
					"bytes":	226691640,
					"bits_per_second":	1813576683.3303752,
					"retransmits":	0,
					"snd_cwnd":	6586989,
					"rtt":	15,
					"rttvar":	0,
					"pmtu":	-1,
					"omitted":	false,
					"sender":	true
				}],
			"sum":	{
				"start":	7.00006,
				"end":	8.000036,
				"seconds":	0.99997597932815552,
				"bytes":	226691640,
				"bits_per_second":	1813576683.3303752,
				"retransmits":	0,
				"omitted":	false,
				"sender":	true
			}
		}, {
			"streams":	[{
					"socket":	5,
					"start":	8.000036,
					"end":	9.000004,
					"seconds":	0.99996799230575562,
					"bytes":	228298920,
					"bits_per_second":	1826449820.4474056,
					"retransmits":	0,
					"snd_cwnd":	6684005,
					"rtt":	14,
					"rttvar":	0,
					"pmtu":	-1,
					"omitted":	false,
					"sender":	true
				}],
			"sum":	{
				"start":	8.000036,
				"end":	9.000004,
				"seconds":	0.99996799230575562,
				"bytes":	228298920,
				"bits_per_second":	1826449820.4474056,
				"retransmits":	0,
				"omitted":	false,
				"sender":	true
			}
		}, {
			"streams":	[{
					"socket":	5,
					"start":	9.000004,
					"end":	10.000135,
					"seconds":	1.0001310110092163,
					"bytes":	225556408,
					"bits_per_second":	1804214891.9861579,
					"retransmits":	0,
					"snd_cwnd":	6684005,
					"rtt":	14,
					"rttvar":	0,
					"pmtu":	-1,
					"omitted":	false,
					"sender":	true
				}],
			"sum":	{
				"start":	9.000004,
				"end":	10.000135,
				"seconds":	1.0001310110092163,
				"bytes":	225556408,
				"bits_per_second":	1804214891.9861579,
				"retransmits":	0,
				"omitted":	false,
				"sender":	true
			}
		}, {
			"streams":	[{
					"socket":	5,
					"start":	10.000135,
					"end":	11.000008,
					"seconds":	0.99987298250198364,
					"bytes":	228159912,
					"bits_per_second":	1825511167.8611426,
					"retransmits":	0,
					"snd_cwnd":	6684005,
					"rtt":	15,
					"rttvar":	0,
					"pmtu":	-1,
					"omitted":	false,
					"sender":	true
				}],
			"sum":	{
				"start":	10.000135,
				"end":	11.000008,
				"seconds":	0.99987298250198364,
				"bytes":	228159912,
				"bits_per_second":	1825511167.8611426,
				"retransmits":	0,
				"omitted":	false,
				"sender":	true
			}
		}, {
			"streams":	[{
					"socket":	5,
					"start":	11.000008,
					"end":	12.000008,
					"seconds":	1,
					"bytes":	227260704,
					"bits_per_second":	1818085632,
					"retransmits":	0,
					"snd_cwnd":	6684005,
					"rtt":	14,
					"rttvar":	0,
					"pmtu":	-1,
					"omitted":	false,
					"sender":	true
				}],
			"sum":	{
				"start":	11.000008,
				"end":	12.000008,
				"seconds":	1,
				"bytes":	227260704,
				"bits_per_second":	1818085632,
				"retransmits":	0,
				"omitted":	false,
				"sender":	true
			}
		}, {
			"streams":	[{
					"socket":	5,
					"start":	12.000008,
					"end":	13.000034,
					"seconds":	1.0000259876251221,
					"bytes":	228346704,
					"bits_per_second":	1826726159.7253604,
					"retransmits":	0,
					"snd_cwnd":	6684005,
					"rtt":	15,
					"rttvar":	0,
					"pmtu":	-1,
					"omitted":	false,
					"sender":	true
				}],