{
	"start":	{
		"connected":	[{
				"socket":	5,
				"local_host":	"192.168.105.1",
				"local_port":	49637,
				"remote_host":	"192.168.105.6",
				"remote_port":	5201
			}],
		"version":	"iperf 3.8.1 -  -- Apple version iperf3-117",
		"system_info":	"Darwin mimi-2.local 24.3.0 Darwin Kernel Version 24.3.0: Thu Jan  2 20:24:23 PST 2025; root:xnu-11215.81.4~3/RELEASE_ARM64_T8122 arm64",
		"timestamp":	{
			"time":	"Sat, 22 Feb 2025 17:37:00 UTC",
			"timesecs":	1740245820
		},
		"connecting_to":	{
			"host":	"192.168.105.6",
			"port":	5201
		},
		"cookie":	"lt25bohibqk5bm2qfswz2wxxildggj4wai3v",
		"tcp_mss_default":	1448,
		"sock_bufsize":	0,
		"sndbuf_actual":	131072,
		"rcvbuf_actual":	131072,
		"test_start":	{
			"protocol":	"TCP",
			"num_streams":	1,
			"blksize":	131072,
			"omit":	0,
			"duration":	30,
			"bytes":	0,
			"blocks":	0,
			"reverse":	1,
			"tos":	0
		}
	},
	"intervals":	[{
			"streams":	[{
					"socket":	5,
					"start":	0,
					"end":	1.000024,
					"seconds":	1.0000239610672,
					"bytes":	151870584,
					"bits_per_second":	1214935560.8473833,
					"omitted":	false,
					"sender":	false
				}],
			"sum":	{
				"start":	0,
				"end":	1.000024,
				"seconds":	1.0000239610672,
				"bytes":	151870584,
				"bits_per_second":	1214935560.8473833,
				"omitted":	false,
				"sender":	false
			}
		}, {
			"streams":	[{
					"socket":	5,
					"start":	1.000024,
					"end":	2.000023,
					"seconds":	0.99999898672103882,
					"bytes":	146676608,
					"bits_per_second":	1173414052.9957726,
					"omitted":	false,
					"sender":	false
				}],
			"sum":	{
				"start":	1.000024,
				"end":	2.000023,
				"seconds":	0.99999898672103882,
				"bytes":	146676608,
				"bits_per_second":	1173414052.9957726,
				"omitted":	false,
				"sender":	false
			}
		}, {
			"streams":	[{
					"socket":	5,
					"start":	2.000023,
					"end":	3.000002,
					"seconds":	0.999979019165039,
					"bytes":	147326760,
					"bits_per_second":	1178638808.8263266,
					"omitted":	false,
					"sender":	false
				}],
			"sum":	{
				"start":	2.000023,
				"end":	3.000002,
				"seconds":	0.999979019165039,
				"bytes":	147326760,
				"bits_per_second":	1178638808.8263266,
				"omitted":	false,
				"sender":	false
			}
		}, {
			"streams":	[{
					"socket":	5,
					"start":	3.000002,
					"end":	4.000016,
					"seconds":	1.0000139474868774,
					"bytes":	146243656,
					"bits_per_second":	1169932930.3758061,
					"omitted":	false,
					"sender":	false
				}],
			"sum":	{
				"start":	3.000002,
				"end":	4.000016,
				"seconds":	1.0000139474868774,
				"bytes":	146243656,
				"bits_per_second":	1169932930.3758061,
				"omitted":	false,
				"sender":	false
			}
		}, {
			"streams":	[{
					"socket":	5,
					"start":	4.000016,
					"end":	5.000015,
					"seconds":	0.99999898672103882,
					"bytes":	146203112,
					"bits_per_second":	1169626081.1575005,
					"omitted":	false,
					"sender":	false
				}],
			"sum":	{
				"start":	4.000016,
				"end":	5.000015,
				"seconds":	0.99999898672103882,
				"bytes":	146203112,
				"bits_per_second":	1169626081.1575005,
				"omitted":	false,
				"sender":	false
			}
		}, {
			"streams":	[{
					"socket":	5,
					"start":	5.000015,
					"end":	6.000039,
					"seconds":	1.0000239610672,
					"bytes":	147084944,
					"bits_per_second":	1176651358.177736,
					"omitted":	false,
					"sender":	false
				}],
			"sum":	{
				"start":	5.000015,
				"end":	6.000039,
				"seconds":	1.0000239610672,
				"bytes":	147084944,
				"bits_per_second":	1176651358.177736,
				"omitted":	false,
				"sender":	false
			}
		}, {
			"streams":	[{
					"socket":	5,
					"start":	6.000039,
					"end":	7.000037,
					"seconds":	0.99999797344207764,
					"bytes":	146442032,
					"bits_per_second":	1171538630.1908925,
					"omitted":	false,
					"sender":	false
				}],
			"sum":	{
				"start":	6.000039,
				"end":	7.000037,
				"seconds":	0.99999797344207764,
				"bytes":	146442032,
				"bits_per_second":	1171538630.1908925,
				"omitted":	false,
				"sender":	false
			}
		}, {
			"streams":	[{
					"socket":	5,
					"start":	7.000037,
					"end":	8.000007,
					"seconds":	0.999970018863678,
					"bytes":	147764056,
					"bits_per_second":	1182147890.1370471,
					"omitted":	false,
					"sender":	false
				}],
			"sum":	{
				"start":	7.000037,
				"end":	8.000007,
				"seconds":	0.999970018863678,
				"bytes":	147764056,
				"bits_per_second":	1182147890.1370471,
				"omitted":	false,
				"sender":	false
			}
		}, {
			"streams":	[{
					"socket":	5,
					"start":	8.000007,
					"end":	9.000035,
					"seconds":	1.0000280141830444,
					"bytes":	146514432,
					"bits_per_second":	1172082621.06291,
					"omitted":	false,
					"sender":	false
				}],
			"sum":	{
				"start":	8.000007,
				"end":	9.000035,
				"seconds":	1.0000280141830444,
				"bytes":	146514432,
				"bits_per_second":	1172082621.06291,
				"omitted":	false,
				"sender":	false
			}
		}, {
			"streams":	[{
					"socket":	5,
					"start":	9.000035,
					"end":	10.000023,
					"seconds":	0.9999880194664,
					"bytes":	146762040,
					"bits_per_second":	1174110386.468935,
					"omitted":	false,
					"sender":	false
				}],
			"sum":	{
				"start":	9.000035,
				"end":	10.000023,
				"seconds":	0.9999880194664,
				"bytes":	146762040,
				"bits_per_second":	1174110386.468935,
				"omitted":	false,
				"sender":	false
			}
		}, {
			"streams":	[{
					"socket":	5,
					"start":	10.000023,
					"end":	11.000006,
					"seconds":	0.999983012676239,
					"bytes":	147561336,
					"bits_per_second":	1180510741.7181728,
					"omitted":	false,
					"sender":	false
				}],
			"sum":	{
				"start":	10.000023,
				"end":	11.000006,
				"seconds":	0.999983012676239,
				"bytes":	147561336,
				"bits_per_second":	1180510741.7181728,
				"omitted":	false,
				"sender":	false
			}
		}, {
			"streams":	[{
					"socket":	5,
					"start":	11.000006,
					"end":	12.000027,
					"seconds":	1.0000209808349609,
					"bytes":	143098600,
					"bits_per_second":	1144764781.8790424,
					"omitted":	false,
					"sender":	false
				}],
			"sum":	{
				"start":	11.000006,
				"end":	12.000027,
				"seconds":	1.0000209808349609,
				"bytes":	143098600,
				"bits_per_second":	1144764781.8790424,
				"omitted":	false,
				"sender":	false
			}
		}, {
			"streams":	[{
					"socket":	5,
					"start":	12.000027,
					"end":	13.000035,
					"seconds":	1.0000079870224,
					"bytes":	139975264,
					"bits_per_second":	1119793168.1868825,
					"omitted":	false,
					"sender":	false
				}],
			"sum":	{
				"start":	12.000027,
				"end":	13.000035,
				"seconds":	1.0000079870224,
				"bytes":	139975264,
				"bits_per_second":	1119793168.1868825,
				"omitted":	false,
				"sender":	false
			}
		}, {
			"streams":	[{
					"socket":	5,
					"start":	13.000035,
					"end":	14.000037,
					"seconds":	1.0000020265579224,
					"bytes":	139849288,
					"bits_per_second":	1118792036.7031345,
					"omitted":	false,
					"sender":	false
				}],
			"sum":	{
				"start":	13.000035,
				"end":	14.000037,
				"seconds":	1.0000020265579224,
				"bytes":	139849288,
				"bits_per_second":	1118792036.7031345,
				"omitted":	false,
				"sender":	false
			}
		}, {
			"streams":	[{
					"socket":	5,
					"start":	14.000037,
					"end":	15.000008,
					"seconds":	0.99997097253799438,
					"bytes":	146298680,
					"bits_per_second":	1170423414.4211926,
					"omitted":	false,
					"sender":	false
				}],
			"sum":	{
				"start":	14.000037,
				"end":	15.000008,
				"seconds":	0.99997097253799438,
				"bytes":	146298680,
				"bits_per_second":	1170423414.4211926,
				"omitted":	false,
				"sender":	false
			}
		}, {
			"streams":	[{
					"socket":	5,
					"start":	15.000008,
					"end":	16.000021,
					"seconds":	1.000012993812561,
					"bytes":	145981568,
					"bits_per_second":	1167837369.340121,
					"omitted":	false,
					"sender":	false
				}],
			"sum":	{
				"start":	15.000008,
				"end":	16.000021,
				"seconds":	1.000012993812561,
				"bytes":	145981568,