{
	"start":	{
		"connected":	[{
				"socket":	5,
				"local_host":	"10.100.102.149",
				"local_port":	49476,
				"remote_host":	"10.100.102.161",
				"remote_port":	5201
			}],
		"version":	"iperf 3.18",
		"system_info":	"Darwin mimi-2.local 24.3.0 Darwin Kernel Version 24.3.0: Thu Jan  2 20:24:23 PST 2025; root:xnu-11215.81.4~3/RELEASE_ARM64_T8122 arm64",
		"timestamp":	{
			"time":	"Sat, 22 Feb 2025 17:13:07 UTC",
			"timesecs":	1740244387
		},
		"connecting_to":	{
			"host":	"10.100.102.161",
			"port":	5201
		},
		"cookie":	"bw4xpwy2prtl3cpgmstiofnnz6ec7k5qkrgp",
		"tcp_mss_default":	1448,
		"target_bitrate":	0,
		"fq_rate":	0,
		"sock_bufsize":	0,
		"sndbuf_actual":	131072,
		"rcvbuf_actual":	131072,
		"test_start":	{
			"protocol":	"TCP",
			"num_streams":	1,
			"blksize":	131072,
			"omit":	0,
			"duration":	30,
			"bytes":	0,
			"blocks":	0,
			"reverse":	1,
			"tos":	0,
			"target_bitrate":	0,
			"bidir":	0,
			"fqrate":	0,
			"interval":	1
		}
	},
	"intervals":	[{
			"streams":	[{
					"socket":	5,
					"start":	0,
					"end":	1.001103,
					"seconds":	1.0011030435562134,
					"bytes":	2194145280,
					"bits_per_second":	17533821670.990021,
					"omitted":	false,
					"sender":	false
				}],
			"sum":	{
				"start":	0,
				"end":	1.001103,
				"seconds":	1.0011030435562134,
				"bytes":	2194145280,
				"bits_per_second":	17533821670.990021,
				"omitted":	false,
				"sender":	false
			}
		}, {
			"streams":	[{
					"socket":	5,
					"start":	1.001103,
					"end":	2.005008,
					"seconds":	1.0039050579071045,
					"bytes":	2179072000,
					"bits_per_second":	17364765584.847874,
					"omitted":	false,
					"sender":	false
				}],
			"sum":	{
				"start":	1.001103,
				"end":	2.005008,
				"seconds":	1.0039050579071045,
				"bytes":	2179072000,
				"bits_per_second":	17364765584.847874,
				"omitted":	false,
				"sender":	false
			}
		}, {
			"streams":	[{
					"socket":	5,
					"start":	2.005008,
					"end":	3.000846,
					"seconds":	0.9958379864692688,
					"bytes":	2060451840,
					"bits_per_second":	16552506475.920296,
					"omitted":	false,
					"sender":	false
				}],
			"sum":	{
				"start":	2.005008,
				"end":	3.000846,
				"seconds":	0.9958379864692688,
				"bytes":	2060451840,
				"bits_per_second":	16552506475.920296,
				"omitted":	false,
				"sender":	false
			}
		}, {
			"streams":	[{
					"socket":	5,
					"start":	3.000846,
					"end":	4.002409,
					"seconds":	1.0015629529953,
					"bytes":	2083651584,
					"bits_per_second":	16643200132.501524,
					"omitted":	false,
					"sender":	false
				}],
			"sum":	{
				"start":	3.000846,
				"end":	4.002409,
				"seconds":	1.0015629529953,
				"bytes":	2083651584,
				"bits_per_second":	16643200132.501524,
				"omitted":	false,
				"sender":	false
			}
		}, {
			"streams":	[{
					"socket":	5,
					"start":	4.002409,
					"end":	5.001802,
					"seconds":	0.99939298629760742,
					"bytes":	2065694720,
					"bits_per_second":	16535595092.798544,
					"omitted":	false,
					"sender":	false
				}],
			"sum":	{
				"start":	4.002409,
				"end":	5.001802,
				"seconds":	0.99939298629760742,
				"bytes":	2065694720,
				"bits_per_second":	16535595092.798544,
				"omitted":	false,
				"sender":	false
			}
		}, {
			"streams":	[{
					"socket":	5,
					"start":	5.001802,
					"end":	6.005047,
					"seconds":	1.0032449960708618,
					"bytes":	2090074112,
					"bits_per_second":	16666510136.0934,
					"omitted":	false,
					"sender":	false
				}],
			"sum":	{
				"start":	5.001802,
				"end":	6.005047,
				"seconds":	1.0032449960708618,
				"bytes":	2090074112,
				"bits_per_second":	16666510136.0934,
				"omitted":	false,
				"sender":	false
			}
		}, {
			"streams":	[{
					"socket":	5,
					"start":	6.005047,
					"end":	7.001691,
					"seconds":	0.99664402008056641,
					"bytes":	2062286848,
					"bits_per_second":	16553849169.401846,
					"omitted":	false,
					"sender":	false
				}],
			"sum":	{
				"start":	6.005047,
				"end":	7.001691,
				"seconds":	0.99664402008056641,
				"bytes":	2062286848,
				"bits_per_second":	16553849169.401846,
				"omitted":	false,
				"sender":	false
			}
		}, {
			"streams":	[{
					"socket":	5,
					"start":	7.001691,
					"end":	8.001082,
					"seconds":	0.99939101934433,
					"bytes":	2088370176,
					"bits_per_second":	16717141823.988903,
					"omitted":	false,
					"sender":	false
				}],
			"sum":	{
				"start":	7.001691,
				"end":	8.001082,
				"seconds":	0.99939101934433,
				"bytes":	2088370176,
				"bits_per_second":	16717141823.988903,
				"omitted":	false,
				"sender":	false
			}
		}, {
			"streams":	[{
					"socket":	5,
					"start":	8.001082,
					"end":	9.003306,
					"seconds":	1.0022239685058594,
					"bytes":	2063990784,
					"bits_per_second":	16475285755.355057,
					"omitted":	false,
					"sender":	false
				}],
			"sum":	{
				"start":	8.001082,
				"end":	9.003306,
				"seconds":	1.0022239685058594,
				"bytes":	2063990784,
				"bits_per_second":	16475285755.355057,
				"omitted":	false,
				"sender":	false
			}
		}, {
			"streams":	[{
					"socket":	5,
					"start":	9.003306,
					"end":	10.004672,
					"seconds":	1.0013660192489624,
					"bytes":	2084306944,
					"bits_per_second":	16651708996.982,
					"omitted":	false,
					"sender":	false
				}],
			"sum":	{
				"start":	9.003306,
				"end":	10.004672,
				"seconds":	1.0013660192489624,
				"bytes":	2084306944,
				"bits_per_second":	16651708996.982,
				"omitted":	false,
				"sender":	false
			}
		}, {
			"streams":	[{
					"socket":	5,
					"start":	10.004672,
					"end":	11.00101,
					"seconds":	0.99633800983428955,
					"bytes":	2063073280,
					"bits_per_second":	16565248015.324673,
					"omitted":	false,
					"sender":	false
				}],
			"sum":	{
				"start":	10.004672,
				"end":	11.00101,
				"seconds":	0.99633800983428955,
				"bytes":	2063073280,
				"bits_per_second":	16565248015.324673,
				"omitted":	false,
				"sender":	false
			}
		}, {
			"streams":	[{
					"socket":	5,
					"start":	11.00101,
					"end":	12.001533,
					"seconds":	1.0005229711532593,
					"bytes":	2108686336,
					"bits_per_second":	16860673042.3743,
					"omitted":	false,
					"sender":	false
				}],
			"sum":	{
				"start":	11.00101,
				"end":	12.001533,
				"seconds":	1.0005229711532593,
				"bytes":	2108686336,
				"bits_per_second":	16860673042.3743,
				"omitted":	false,
				"sender":	false
			}
		}, {
			"streams":	[{
					"socket":	5,
					"start":	12.001533,
					"end":	13.002281,
					"seconds":	1.0007480382919312,
					"bytes":	2093350912,
					"bits_per_second":	16734289406.735504,
					"omitted":	false,
					"sender":	false
				}],
			"sum":	{
				"start":	12.001533,
				"end":	13.002281,
				"seconds":	1.0007480382919312,
				"bytes":	2093350912,
				"bits_per_second":	16734289406.735504,
				"omitted":	false,
				"sender":	false
			}
		}, {
			"streams":	[{
					"socket":	5,
					"start":	13.002281,
					"end":	14.005017,
					"seconds":	1.00273597240448,
					"bytes":	2113273856,
					"bits_per_second":	16860062183.129143,
					"omitted":	false,
					"sender":	false
				}],
			"sum":	{
				"start":	13.002281,
				"end":	14.005017,
				"seconds":	1.00273597240448,
				"bytes":	2113273856,
				"bits_per_second":	16860062183.129143,
				"omitted":	false,
				"sender":	false
			}
		}, {
			"streams":	[{
					"socket":	5,
					"start":	14.005017,
					"end":	15.003416,
					"seconds":	0.998399019241333,
					"bytes":	2104492032,
					"bits_per_second":	16862933488.049047,
					"omitted":	false,
					"sender":	false
				}],
			"sum":	{
				"start":	14.005017,
				"end":	15.003416,
				"seconds":	0.998399019241333,
				"bytes":	2104492032,
				"bits_per_second":	16862933488.049047,
				"omitted":	false,
				"sender":	false
			}
		}, {
			"streams":	[{
					"socket":	5,
					"start":	15.003416,
					"end":	16.005028,
					"seconds":	1.0016119480133057,
					"bytes":	2102919168,
					"bits_per_second":	16796278616.053923,
					"omitted":	false,
					"sender":	false
				}],