{
	"start":	{
		"connected":	[{
				"socket":	5,
				"local_host":	"192.168.105.1",
				"local_port":	50738,
				"remote_host":	"192.168.105.3",
				"remote_port":	5201
			}],
		"version":	"iperf 3.19.1",
		"system_info":	"Darwin space-gray.local 24.6.0 Darwin Kernel Version 24.6.0: Mon Jul 14 11:30:30 PDT 2025; root:xnu-11417.140.69~1/RELEASE_ARM64_T6020 arm64",
		"timestamp":	{
			"time":	"Sun, 31 Aug 2025 07:09:11 UTC",
			"timesecs":	1756624151
		},
		"connecting_to":	{
			"host":	"192.168.105.3",
			"port":	5201
		},
		"cookie":	"tvcfytlnfozhvbwhagzj2cleul5blvthqdae",
		"tcp_mss_default":	1448,
		"target_bitrate":	0,
		"fq_rate":	0,
		"sock_bufsize":	0,
		"sndbuf_actual":	131072,
		"rcvbuf_actual":	131072,
		"test_start":	{
			"protocol":	"TCP",
			"num_streams":	1,
			"blksize":	131072,
			"omit":	0,
			"duration":	30,
			"bytes":	0,
			"blocks":	0,
			"reverse":	1,
			"tos":	0,
			"target_bitrate":	0,
			"bidir":	0,
			"fqrate":	0,
			"interval":	1
		}
	},
	"intervals":	[{
			"streams":	[{
					"socket":	5,
					"start":	0,
					"end":	1.001404,
					"seconds":	1.0014040470123291,
					"bytes":	6059458560,
					"bits_per_second":	48407701790.926735,
					"omitted":	false,
					"sender":	false
				}],
			"sum":	{
				"start":	0,
				"end":	1.001404,
				"seconds":	1.0014040470123291,
				"bytes":	6059458560,
				"bits_per_second":	48407701790.926735,
				"omitted":	false,
				"sender":	false
			}
		}, {
			"streams":	[{
					"socket":	5,
					"start":	1.001404,
					"end":	2.005011,
					"seconds":	1.0036070346832275,
					"bytes":	6071123968,
					"bits_per_second":	48394431351.639565,
					"omitted":	false,
					"sender":	false
				}],
			"sum":	{
				"start":	1.001404,
				"end":	2.005011,
				"seconds":	1.0036070346832275,
				"bytes":	6071123968,
				"bits_per_second":	48394431351.639565,
				"omitted":	false,
				"sender":	false
			}
		}, {
			"streams":	[{
					"socket":	5,
					"start":	2.005011,
					"end":	3.003833,
					"seconds":	0.99882197380065918,
					"bytes":	6039011328,
					"bits_per_second":	48369070656.4711,
					"omitted":	false,
					"sender":	false
				}],
			"sum":	{
				"start":	2.005011,
				"end":	3.003833,
				"seconds":	0.99882197380065918,
				"bytes":	6039011328,
				"bits_per_second":	48369070656.4711,
				"omitted":	false,
				"sender":	false
			}
		}, {
			"streams":	[{
					"socket":	5,
					"start":	3.003833,
					"end":	4.001602,
					"seconds":	0.997768998146057,
					"bytes":	6009913344,
					"bits_per_second":	48186811618.055481,
					"omitted":	false,
					"sender":	false
				}],
			"sum":	{
				"start":	3.003833,
				"end":	4.001602,
				"seconds":	0.997768998146057,
				"bytes":	6009913344,
				"bits_per_second":	48186811618.055481,
				"omitted":	false,
				"sender":	false
			}
		}, {
			"streams":	[{
					"socket":	5,
					"start":	4.001602,
					"end":	5.003123,
					"seconds":	1.0015209913253784,
					"bytes":	6114639872,
					"bits_per_second":	48842829456.090347,
					"omitted":	false,
					"sender":	false
				}],
			"sum":	{
				"start":	4.001602,
				"end":	5.003123,
				"seconds":	1.0015209913253784,
				"bytes":	6114639872,
				"bits_per_second":	48842829456.090347,
				"omitted":	false,
				"sender":	false
			}
		}, {
			"streams":	[{
					"socket":	5,
					"start":	5.003123,
					"end":	6.001917,
					"seconds":	0.99879401922225952,
					"bytes":	6068764672,
					"bits_per_second":	48608738580.358124,
					"omitted":	false,
					"sender":	false
				}],
			"sum":	{
				"start":	5.003123,
				"end":	6.001917,
				"seconds":	0.99879401922225952,
				"bytes":	6068764672,
				"bits_per_second":	48608738580.358124,
				"omitted":	false,
				"sender":	false
			}
		}, {
			"streams":	[{
					"socket":	5,
					"start":	6.001917,
					"end":	7.000703,
					"seconds":	0.998785972595215,
					"bytes":	6042812416,
					"bits_per_second":	48401259783.803665,
					"omitted":	false,
					"sender":	false
				}],
			"sum":	{
				"start":	6.001917,
				"end":	7.000703,
				"seconds":	0.998785972595215,
				"bytes":	6042812416,
				"bits_per_second":	48401259783.803665,
				"omitted":	false,
				"sender":	false
			}
		}, {
			"streams":	[{
					"socket":	5,
					"start":	7.000703,
					"end":	8.004136,
					"seconds":	1.0034329891204834,
					"bytes":	6064963584,
					"bits_per_second":	48353710908.516068,
					"omitted":	false,
					"sender":	false
				}],
			"sum":	{
				"start":	7.000703,
				"end":	8.004136,
				"seconds":	1.0034329891204834,
				"bytes":	6064963584,
				"bits_per_second":	48353710908.516068,
				"omitted":	false,
				"sender":	false
			}
		}, {
			"streams":	[{
					"socket":	5,
					"start":	8.004136,
					"end":	9.000018,
					"seconds":	0.995881974697113,
					"bytes":	6040846336,
					"bits_per_second":	48526604473.083344,
					"omitted":	false,
					"sender":	false
				}],
			"sum":	{
				"start":	8.004136,
				"end":	9.000018,
				"seconds":	0.995881974697113,
				"bytes":	6040846336,
				"bits_per_second":	48526604473.083344,
				"omitted":	false,
				"sender":	false
			}
		}, {
			"streams":	[{
					"socket":	5,
					"start":	9.000018,
					"end":	10.004235,
					"seconds":	1.0042170286178589,
					"bytes":	6129451008,
					"bits_per_second":	48829691856.04184,
					"omitted":	false,
					"sender":	false
				}],
			"sum":	{
				"start":	9.000018,
				"end":	10.004235,
				"seconds":	1.0042170286178589,
				"bytes":	6129451008,
				"bits_per_second":	48829691856.04184,
				"omitted":	false,
				"sender":	false
			}
		}, {
			"streams":	[{
					"socket":	5,
					"start":	10.004235,
					"end":	11.004293,
					"seconds":	1.0000580549240112,
					"bytes":	6005587968,
					"bits_per_second":	48041914674.294228,
					"omitted":	false,
					"sender":	false
				}],
			"sum":	{
				"start":	10.004235,
				"end":	11.004293,
				"seconds":	1.0000580549240112,
				"bytes":	6005587968,
				"bits_per_second":	48041914674.294228,
				"omitted":	false,
				"sender":	false
			}
		}, {
			"streams":	[{
					"socket":	5,
					"start":	11.004293,
					"end":	12.000111,
					"seconds":	0.995818018913269,
					"bytes":	5889327104,
					"bits_per_second":	47312476714.787643,
					"omitted":	false,
					"sender":	false
				}],
			"sum":	{
				"start":	11.004293,
				"end":	12.000111,
				"seconds":	0.995818018913269,
				"bytes":	5889327104,
				"bits_per_second":	47312476714.787643,
				"omitted":	false,
				"sender":	false
			}
		}, {
			"streams":	[{
					"socket":	5,
					"start":	12.000111,
					"end":	13.004376,
					"seconds":	1.0042649507522583,
					"bytes":	5963644928,
					"bits_per_second":	47506546343.435371,
					"omitted":	false,
					"sender":	false
				}],
			"sum":	{
				"start":	12.000111,
				"end":	13.004376,
				"seconds":	1.0042649507522583,
				"bytes":	5963644928,
				"bits_per_second":	47506546343.435371,
				"omitted":	false,
				"sender":	false
			}
		}, {
			"streams":	[{
					"socket":	5,
					"start":	13.004376,
					"end":	14.003321,
					"seconds":	0.99894499778747559,
					"bytes":	5891162112,
					"bits_per_second":	47179070920.205666,
					"omitted":	false,
					"sender":	false
				}],
			"sum":	{
				"start":	13.004376,
				"end":	14.003321,
				"seconds":	0.99894499778747559,
				"bytes":	5891162112,
				"bits_per_second":	47179070920.205666,
				"omitted":	false,
				"sender":	false
			}
		}, {
			"streams":	[{
					"socket":	5,
					"start":	14.003321,
					"end":	15.004449,
					"seconds":	1.0011279582977295,
					"bytes":	5968494592,
					"bits_per_second":	47694159712.798714,
					"omitted":	false,
					"sender":	false
				}],
			"sum":	{
				"start":	14.003321,
				"end":	15.004449,
				"seconds":	1.0011279582977295,
				"bytes":	5968494592,
				"bits_per_second":	47694159712.798714,
				"omitted":	false,
				"sender":	false
			}
		}, {
			"streams":	[{
					"socket":	5,
					"start":	15.004449,
					"end":	16.004494,
					"seconds":	1.0000449419021606,
					"bytes":	5955125248,
					"bits_per_second":	47638861002.969757,
					"omitted":	false,