{
	"start":	{
		"connected":	[{
				"socket":	5,
				"local_host":	"192.168.105.1",
				"local_port":	49379,
				"remote_host":	"192.168.105.2",
				"remote_port":	5201
			}],
		"version":	"iperf 3.18",
		"system_info":	"Darwin space-gray.local 24.3.0 Darwin Kernel Version 24.3.0: Thu Jan  2 20:24:23 PST 2025; root:xnu-11215.81.4~3/RELEASE_ARM64_T6020 arm64",
		"timestamp":	{
			"time":	"Sat, 22 Feb 2025 14:23:09 UTC",
			"timesecs":	1740234189
		},
		"connecting_to":	{
			"host":	"192.168.105.2",
			"port":	5201
		},
		"cookie":	"wlyx6hmz66yxrszptnq2e4ywitysjz6cn7kd",
		"tcp_mss_default":	1448,
		"target_bitrate":	0,
		"fq_rate":	0,
		"sock_bufsize":	0,
		"sndbuf_actual":	131072,
		"rcvbuf_actual":	131072,
		"test_start":	{
			"protocol":	"TCP",
			"num_streams":	1,
			"blksize":	131072,
			"omit":	0,
			"duration":	30,
			"bytes":	0,
			"blocks":	0,
			"reverse":	1,
			"tos":	0,
			"target_bitrate":	0,
			"bidir":	0,
			"fqrate":	0,
			"interval":	1
		}
	},
	"intervals":	[{
			"streams":	[{
					"socket":	5,
					"start":	0,
					"end":	1.002324,
					"seconds":	1.0023239850997925,
					"bytes":	4989255680,
					"bits_per_second":	39821500865.337585,
					"omitted":	false,
					"sender":	false
				}],
			"sum":	{
				"start":	0,
				"end":	1.002324,
				"seconds":	1.0023239850997925,
				"bytes":	4989255680,
				"bits_per_second":	39821500865.337585,
				"omitted":	false,
				"sender":	false
			}
		}, {
			"streams":	[{
					"socket":	5,
					"start":	1.002324,
					"end":	2.003227,
					"seconds":	1.0009030103683472,
					"bytes":	4909039616,
					"bits_per_second":	39236885613.469383,
					"omitted":	false,
					"sender":	false
				}],
			"sum":	{
				"start":	1.002324,
				"end":	2.003227,
				"seconds":	1.0009030103683472,
				"bytes":	4909039616,
				"bits_per_second":	39236885613.469383,
				"omitted":	false,
				"sender":	false
			}
		}, {
			"streams":	[{
					"socket":	5,
					"start":	2.003227,
					"end":	3.000015,
					"seconds":	0.99678802490234375,
					"bytes":	4882038784,
					"bits_per_second":	39182162401.907249,
					"omitted":	false,
					"sender":	false
				}],
			"sum":	{
				"start":	2.003227,
				"end":	3.000015,
				"seconds":	0.99678802490234375,
				"bytes":	4882038784,
				"bits_per_second":	39182162401.907249,
				"omitted":	false,
				"sender":	false
			}
		}, {
			"streams":	[{
					"socket":	5,
					"start":	3.000015,
					"end":	4.005003,
					"seconds":	1.0049879550933838,
					"bytes":	4959895552,
					"bits_per_second":	39482228831.601273,
					"omitted":	false,
					"sender":	false
				}],
			"sum":	{
				"start":	3.000015,
				"end":	4.005003,
				"seconds":	1.0049879550933838,
				"bytes":	4959895552,
				"bits_per_second":	39482228831.601273,
				"omitted":	false,
				"sender":	false
			}
		}, {
			"streams":	[{
					"socket":	5,
					"start":	4.005003,
					"end":	5.005008,
					"seconds":	1.0000050067901611,
					"bytes":	4877058048,
					"bits_per_second":	39016269037.728058,
					"omitted":	false,
					"sender":	false
				}],
			"sum":	{
				"start":	4.005003,
				"end":	5.005008,
				"seconds":	1.0000050067901611,
				"bytes":	4877058048,
				"bits_per_second":	39016269037.728058,
				"omitted":	false,
				"sender":	false
			}
		}, {
			"streams":	[{
					"socket":	5,
					"start":	5.005008,
					"end":	6.000835,
					"seconds":	0.99582701921463,
					"bytes":	4870766592,
					"bits_per_second":	39129419049.837662,
					"omitted":	false,
					"sender":	false
				}],
			"sum":	{
				"start":	5.005008,
				"end":	6.000835,
				"seconds":	0.99582701921463,
				"bytes":	4870766592,
				"bits_per_second":	39129419049.837662,
				"omitted":	false,
				"sender":	false
			}
		}, {
			"streams":	[{
					"socket":	5,
					"start":	6.000835,
					"end":	7.000268,
					"seconds":	0.99943298101425171,
					"bytes":	4904321024,
					"bits_per_second":	39256827558.545944,
					"omitted":	false,
					"sender":	false
				}],
			"sum":	{
				"start":	6.000835,
				"end":	7.000268,
				"seconds":	0.99943298101425171,
				"bytes":	4904321024,
				"bits_per_second":	39256827558.545944,
				"omitted":	false,
				"sender":	false
			}
		}, {
			"streams":	[{
					"socket":	5,
					"start":	7.000268,
					"end":	8.001644,
					"seconds":	1.0013760328292847,
					"bytes":	4944691200,
					"bits_per_second":	39503171938.551674,
					"omitted":	false,
					"sender":	false
				}],
			"sum":	{
				"start":	7.000268,
				"end":	8.001644,
				"seconds":	1.0013760328292847,
				"bytes":	4944691200,
				"bits_per_second":	39503171938.551674,
				"omitted":	false,
				"sender":	false
			}
		}, {
			"streams":	[{
					"socket":	5,
					"start":	8.001644,
					"end":	9.005003,
					"seconds":	1.0033589601516724,
					"bytes":	4905762816,
					"bits_per_second":	39114717749.734726,
					"omitted":	false,
					"sender":	false
				}],
			"sum":	{
				"start":	8.001644,
				"end":	9.005003,
				"seconds":	1.0033589601516724,
				"bytes":	4905762816,
				"bits_per_second":	39114717749.734726,
				"omitted":	false,
				"sender":	false
			}
		}, {
			"streams":	[{
					"socket":	5,
					"start":	9.005003,
					"end":	10.003874,
					"seconds":	0.99887102842330933,
					"bytes":	4858707968,
					"bits_per_second":	38913596087.9301,
					"omitted":	false,
					"sender":	false
				}],
			"sum":	{
				"start":	9.005003,
				"end":	10.003874,
				"seconds":	0.99887102842330933,
				"bytes":	4858707968,
				"bits_per_second":	38913596087.9301,
				"omitted":	false,
				"sender":	false
			}
		}, {
			"streams":	[{
					"socket":	5,
					"start":	10.003874,
					"end":	11.0041,
					"seconds":	1.0002260208129883,
					"bytes":	4857135104,
					"bits_per_second":	38848300307.581268,
					"omitted":	false,
					"sender":	false
				}],
			"sum":	{
				"start":	10.003874,
				"end":	11.0041,
				"seconds":	1.0002260208129883,
				"bytes":	4857135104,
				"bits_per_second":	38848300307.581268,
				"omitted":	false,
				"sender":	false
			}
		}, {
			"streams":	[{
					"socket":	5,
					"start":	11.0041,
					"end":	12.001987,
					"seconds":	0.9978870153427124,
					"bytes":	4883742720,
					"bits_per_second":	39152670752.592056,
					"omitted":	false,
					"sender":	false
				}],
			"sum":	{
				"start":	11.0041,
				"end":	12.001987,
				"seconds":	0.9978870153427124,
				"bytes":	4883742720,
				"bits_per_second":	39152670752.592056,
				"omitted":	false,
				"sender":	false
			}
		}, {
			"streams":	[{
					"socket":	5,
					"start":	12.001987,
					"end":	13.001038,
					"seconds":	0.99905097484588623,
					"bytes":	4902223872,
					"bits_per_second":	39255045001.131943,
					"omitted":	false,
					"sender":	false
				}],
			"sum":	{
				"start":	12.001987,
				"end":	13.001038,
				"seconds":	0.99905097484588623,
				"bytes":	4902223872,
				"bits_per_second":	39255045001.131943,
				"omitted":	false,
				"sender":	false
			}
		}, {
			"streams":	[{
					"socket":	5,
					"start":	13.001038,
					"end":	14.003985,
					"seconds":	1.0029469728469849,
					"bytes":	4908777472,
					"bits_per_second":	39154831550.59214,
					"omitted":	false,
					"sender":	false
				}],
			"sum":	{
				"start":	13.001038,
				"end":	14.003985,
				"seconds":	1.0029469728469849,
				"bytes":	4908777472,
				"bits_per_second":	39154831550.59214,
				"omitted":	false,
				"sender":	false
			}
		}, {
			"streams":	[{
					"socket":	5,
					"start":	14.003985,
					"end":	15.003791,
					"seconds":	0.999805986881256,
					"bytes":	4911661056,
					"bits_per_second":	39300913340.766724,
					"omitted":	false,
					"sender":	false
				}],
			"sum":	{
				"start":	14.003985,
				"end":	15.003791,
				"seconds":	0.999805986881256,
				"bytes":	4911661056,
				"bits_per_second":	39300913340.766724,
				"omitted":	false,
				"sender":	false
			}
		}, {
			"streams":	[{
					"socket":	5,
					"start":	15.003791,
					"end":	16.005007,
					"seconds":	1.0012160539627075,
					"bytes":	4895145984,
					"bits_per_second":	39113603619.322952,
					"omitted":	false,