{
	"start":	{
		"connected":	[{
				"socket":	5,
				"local_host":	"10.100.102.3",
				"local_port":	52233,
				"remote_host":	"10.100.102.6",
				"remote_port":	5201
			}],
		"version":	"iperf 3.20",
		"system_info":	"Darwin space-gray 25.3.0 Darwin Kernel Version 25.3.0: Wed Jan 28 20:53:05 PST 2026; root:xnu-12377.81.4~5/RELEASE_ARM64_T6020 arm64",
		"timestamp":	{
			"time":	"Fri, 27 Feb 2026 18:15:47 UTC",
			"timesecs":	1772216147,
			"timemillisecs":	1772216147220
		},
		"connecting_to":	{
			"host":	"10.100.102.6",
			"port":	5201
		},
		"cookie":	"642uen5iaj5nxv3laf36ogm6jear4lqbmpwt",
		"tcp_mss_default":	1448,
		"target_bitrate":	0,
		"fq_rate":	0,
		"sock_bufsize":	0,
		"sndbuf_actual":	131072,
		"rcvbuf_actual":	131072,
		"test_start":	{
			"protocol":	"TCP",
			"num_streams":	1,
			"blksize":	131072,
			"omit":	0,
			"duration":	30,
			"bytes":	0,
			"blocks":	0,
			"reverse":	0,
			"tos":	0,
			"target_bitrate":	0,
			"bidir":	0,
			"fqrate":	0,
			"interval":	1
		}
	},
	"intervals":	[{
			"streams":	[{
					"socket":	5,
					"start":	0,
					"end":	1.010009,
					"seconds":	1.0100090503692627,
					"bytes":	165937152,
					"bits_per_second":	1314341901.703418,
					"omitted":	false,
					"sender":	true
				}],
			"sum":	{
				"start":	0,
				"end":	1.010009,
				"seconds":	1.0100090503692627,
				"bytes":	165937152,
				"bits_per_second":	1314341901.703418,
				"omitted":	false,
				"sender":	true
			}
		}, {
			"streams":	[{
					"socket":	5,
					"start":	1.010009,
					"end":	2.003728,
					"seconds":	0.993718981742859,
					"bytes":	166592512,
					"bits_per_second":	1341163971.3901212,
					"omitted":	false,
					"sender":	true
				}],
			"sum":	{
				"start":	1.010009,
				"end":	2.003728,
				"seconds":	0.993718981742859,
				"bytes":	166592512,
				"bits_per_second":	1341163971.3901212,
				"omitted":	false,
				"sender":	true
			}
		}, {
			"streams":	[{
					"socket":	5,
					"start":	2.003728,
					"end":	3.010012,
					"seconds":	1.00628399848938,
					"bytes":	154796032,
					"bits_per_second":	1230634947.8467529,
					"omitted":	false,
					"sender":	true
				}],
			"sum":	{
				"start":	2.003728,
				"end":	3.010012,
				"seconds":	1.00628399848938,
				"bytes":	154796032,
				"bits_per_second":	1230634947.8467529,
				"omitted":	false,
				"sender":	true
			}
		}, {
			"streams":	[{
					"socket":	5,
					"start":	3.010012,
					"end":	4.006644,
					"seconds":	0.99663197994232178,
					"bytes":	161349632,
					"bits_per_second":	1295159178.0896921,
					"omitted":	false,
					"sender":	true
				}],
			"sum":	{
				"start":	3.010012,
				"end":	4.006644,
				"seconds":	0.99663197994232178,
				"bytes":	161349632,
				"bits_per_second":	1295159178.0896921,
				"omitted":	false,
				"sender":	true
			}
		}, {
			"streams":	[{
					"socket":	5,
					"start":	4.006644,
					"end":	5.005333,
					"seconds":	0.99868899583816528,
					"bytes":	169345024,
					"bits_per_second":	1356538619.776216,
					"omitted":	false,
					"sender":	true
				}],
			"sum":	{
				"start":	4.006644,
				"end":	5.005333,
				"seconds":	0.99868899583816528,
				"bytes":	169345024,
				"bits_per_second":	1356538619.776216,
				"omitted":	false,
				"sender":	true
			}
		}, {
			"streams":	[{
					"socket":	5,
					"start":	5.005333,
					"end":	6.004511,
					"seconds":	0.99917799234390259,
					"bytes":	170655744,
					"bits_per_second":	1366369117.8759491,
					"omitted":	false,
					"sender":	true
				}],
			"sum":	{
				"start":	5.005333,
				"end":	6.004511,
				"seconds":	0.99917799234390259,
				"bytes":	170655744,
				"bits_per_second":	1366369117.8759491,
				"omitted":	false,
				"sender":	true
			}
		}, {
			"streams":	[{
					"socket":	5,
					"start":	6.004511,
					"end":	7.000268,
					"seconds":	0.995756983757019,
					"bytes":	177209344,
					"bits_per_second":	1423715600.4179587,
					"omitted":	false,
					"sender":	true
				}],
			"sum":	{
				"start":	6.004511,
				"end":	7.000268,
				"seconds":	0.995756983757019,
				"bytes":	177209344,
				"bits_per_second":	1423715600.4179587,
				"omitted":	false,
				"sender":	true
			}
		}, {
			"streams":	[{
					"socket":	5,
					"start":	7.000268,
					"end":	8.006104,
					"seconds":	1.005836009979248,
					"bytes":	179699712,
					"bits_per_second":	1429256540.5663493,
					"omitted":	false,
					"sender":	true
				}],
			"sum":	{
				"start":	7.000268,
				"end":	8.006104,
				"seconds":	1.005836009979248,
				"bytes":	179699712,
				"bits_per_second":	1429256540.5663493,
				"omitted":	false,
				"sender":	true
			}
		}, {
			"streams":	[{
					"socket":	5,
					"start":	8.006104,
					"end":	9.004798,
					"seconds":	0.99869400262832642,
					"bytes":	180224000,
					"bits_per_second":	1443677438.9408011,
					"omitted":	false,
					"sender":	true
				}],
			"sum":	{
				"start":	8.006104,
				"end":	9.004798,
				"seconds":	0.99869400262832642,
				"bytes":	180224000,
				"bits_per_second":	1443677438.9408011,
				"omitted":	false,
				"sender":	true
			}
		}, {
			"streams":	[{
					"socket":	5,
					"start":	9.004798,
					"end":	10.010007,
					"seconds":	1.0052089691162109,
					"bytes":	177340416,
					"bits_per_second":	1411371537.2509606,
					"omitted":	false,
					"sender":	true
				}],
			"sum":	{
				"start":	9.004798,
				"end":	10.010007,
				"seconds":	1.0052089691162109,
				"bytes":	177340416,
				"bits_per_second":	1411371537.2509606,
				"omitted":	false,
				"sender":	true
			}
		}, {
			"streams":	[{
					"socket":	5,
					"start":	10.010007,
					"end":	11.010007,
					"seconds":	1,
					"bytes":	180224000,
					"bits_per_second":	1441792000,
					"omitted":	false,
					"sender":	true
				}],
			"sum":	{
				"start":	10.010007,
				"end":	11.010007,
				"seconds":	1,
				"bytes":	180224000,
				"bits_per_second":	1441792000,
				"omitted":	false,
				"sender":	true
			}
		}, {
			"streams":	[{
					"socket":	5,
					"start":	11.010007,
					"end":	12.002864,
					"seconds":	0.99285697937011719,
					"bytes":	177340416,
					"bits_per_second":	1428930205.93969,
					"omitted":	false,
					"sender":	true
				}],
			"sum":	{
				"start":	11.010007,
				"end":	12.002864,
				"seconds":	0.99285697937011719,
				"bytes":	177340416,
				"bits_per_second":	1428930205.93969,
				"omitted":	false,
				"sender":	true
			}
		}, {
			"streams":	[{
					"socket":	5,
					"start":	12.002864,
					"end":	13.010006,
					"seconds":	1.0071419477462769,
					"bytes":	183238656,
					"bits_per_second":	1455514042.7626171,
					"omitted":	false,
					"sender":	true
				}],
			"sum":	{
				"start":	12.002864,
				"end":	13.010006,
				"seconds":	1.0071419477462769,
				"bytes":	183238656,
				"bits_per_second":	1455514042.7626171,
				"omitted":	false,
				"sender":	true
			}
		}, {
			"streams":	[{
					"socket":	5,
					"start":	13.010006,
					"end":	14.00531,
					"seconds":	0.995303988456726,
					"bytes":	180879360,
					"bits_per_second":	1453862233.832407,
					"omitted":	false,
					"sender":	true
				}],
			"sum":	{
				"start":	13.010006,
				"end":	14.00531,
				"seconds":	0.995303988456726,
				"bytes":	180879360,
				"bits_per_second":	1453862233.832407,
				"omitted":	false,
				"sender":	true
			}
		}, {
			"streams":	[{
					"socket":	5,
					"start":	14.00531,
					"end":	15.006579,
					"seconds":	1.0012689828872681,
					"bytes":	183369728,
					"bits_per_second":	1465098638.8990774,
					"omitted":	false,
					"sender":	true
				}],
			"sum":	{
				"start":	14.00531,
				"end":	15.006579,
				"seconds":	1.0012689828872681,
				"bytes":	183369728,
				"bits_per_second":	1465098638.8990774,
				"omitted":	false,
				"sender":	true
			}
		}, {
			"streams":	[{
					"socket":	5,
					"start":	15.006579,
					"end":	16.003059,
					"seconds":	0.99647998809814453,
					"bytes":	181665792,
					"bits_per_second":	1458460133.0266354,
					"omitted":	false,
					"sender":	true
				}],
			"sum":	{
				"start":	15.006579,
				"end":	16.003059,