{
	"start":	{
		"connected":	[{
				"socket":	5,
				"local_host":	"192.168.105.1",
				"local_port":	50303,
				"remote_host":	"192.168.105.2",
				"remote_port":	5201
			}],
		"version":	"iperf 3.19.1",
		"system_info":	"Darwin mimi-2.local 24.6.0 Darwin Kernel Version 24.6.0: Mon Jul 14 11:29:54 PDT 2025; root:xnu-11417.140.69~1/RELEASE_ARM64_T8122 arm64",
		"timestamp":	{
			"time":	"Sat, 30 Aug 2025 21:17:09 UTC",
			"timesecs":	1756588629
		},
		"connecting_to":	{
			"host":	"192.168.105.2",
			"port":	5201
		},
		"cookie":	"u57cresai7zxicgvyuz5yglyptoycwbcfh6e",
		"tcp_mss_default":	1448,
		"target_bitrate":	0,
		"fq_rate":	0,
		"sock_bufsize":	0,
		"sndbuf_actual":	131072,
		"rcvbuf_actual":	131072,
		"test_start":	{
			"protocol":	"TCP",
			"num_streams":	1,
			"blksize":	131072,
			"omit":	0,
			"duration":	30,
			"bytes":	0,
			"blocks":	0,
			"reverse":	1,
			"tos":	0,
			"target_bitrate":	0,
			"bidir":	0,
			"fqrate":	0,
			"interval":	1
		}
	},
	"intervals":	[{
			"streams":	[{
					"socket":	5,
					"start":	0,
					"end":	1.00431,
					"seconds":	1.0043100118637085,
					"bytes":	1905131520,
					"bits_per_second":	15175644950.2251,
					"omitted":	false,
					"sender":	false
				}],
			"sum":	{
				"start":	0,
				"end":	1.00431,
				"seconds":	1.0043100118637085,
				"bytes":	1905131520,
				"bits_per_second":	15175644950.2251,
				"omitted":	false,
				"sender":	false
			}
		}, {
			"streams":	[{
					"socket":	5,
					"start":	1.00431,
					"end":	2.000558,
					"seconds":	0.99624800682067871,
					"bytes":	1893859328,
					"bits_per_second":	15207934691.23307,
					"omitted":	false,
					"sender":	false
				}],
			"sum":	{
				"start":	1.00431,
				"end":	2.000558,
				"seconds":	0.99624800682067871,
				"bytes":	1893859328,
				"bits_per_second":	15207934691.23307,
				"omitted":	false,
				"sender":	false
			}
		}, {
			"streams":	[{
					"socket":	5,
					"start":	2.000558,
					"end":	3.005015,
					"seconds":	1.0044569969177246,
					"bytes":	1925840896,
					"bits_per_second":	15338364126.36585,
					"omitted":	false,
					"sender":	false
				}],
			"sum":	{
				"start":	2.000558,
				"end":	3.005015,
				"seconds":	1.0044569969177246,
				"bytes":	1925840896,
				"bits_per_second":	15338364126.36585,
				"omitted":	false,
				"sender":	false
			}
		}, {
			"streams":	[{
					"socket":	5,
					"start":	3.005015,
					"end":	4.005037,
					"seconds":	1.0000220537185669,
					"bytes":	1906180096,
					"bits_per_second":	15249104468.541653,
					"omitted":	false,
					"sender":	false
				}],
			"sum":	{
				"start":	3.005015,
				"end":	4.005037,
				"seconds":	1.0000220537185669,
				"bytes":	1906180096,
				"bits_per_second":	15249104468.541653,
				"omitted":	false,
				"sender":	false
			}
		}, {
			"streams":	[{
					"socket":	5,
					"start":	4.005037,
					"end":	5.005021,
					"seconds":	0.9999840259552002,
					"bytes":	1909981184,
					"bits_per_second":	15280093556.899023,
					"omitted":	false,
					"sender":	false
				}],
			"sum":	{
				"start":	4.005037,
				"end":	5.005021,
				"seconds":	0.9999840259552002,
				"bytes":	1909981184,
				"bits_per_second":	15280093556.899023,
				"omitted":	false,
				"sender":	false
			}
		}, {
			"streams":	[{
					"socket":	5,
					"start":	5.005021,
					"end":	6.004077,
					"seconds":	0.99905598163604736,
					"bytes":	1901330432,
					"bits_per_second":	15225016150.837866,
					"omitted":	false,
					"sender":	false
				}],
			"sum":	{
				"start":	5.005021,
				"end":	6.004077,
				"seconds":	0.99905598163604736,
				"bytes":	1901330432,
				"bits_per_second":	15225016150.837866,
				"omitted":	false,
				"sender":	false
			}
		}, {
			"streams":	[{
					"socket":	5,
					"start":	6.004077,
					"end":	7.005031,
					"seconds":	1.0009540319442749,
					"bytes":	1922301952,
					"bits_per_second":	15363758099.9885,
					"omitted":	false,
					"sender":	false
				}],
			"sum":	{
				"start":	6.004077,
				"end":	7.005031,
				"seconds":	1.0009540319442749,
				"bytes":	1922301952,
				"bits_per_second":	15363758099.9885,
				"omitted":	false,
				"sender":	false
			}
		}, {
			"streams":	[{
					"socket":	5,
					"start":	7.005031,
					"end":	8.00315,
					"seconds":	0.99811899662017822,
					"bytes":	1901592576,
					"bits_per_second":	15241409751.25536,
					"omitted":	false,
					"sender":	false
				}],
			"sum":	{
				"start":	7.005031,
				"end":	8.00315,
				"seconds":	0.99811899662017822,
				"bytes":	1901592576,
				"bits_per_second":	15241409751.25536,
				"omitted":	false,
				"sender":	false
			}
		}, {
			"streams":	[{
					"socket":	5,
					"start":	8.00315,
					"end":	9.005024,
					"seconds":	1.0018739700317383,
					"bytes":	1910636544,
					"bits_per_second":	15256502124.230042,
					"omitted":	false,
					"sender":	false
				}],
			"sum":	{
				"start":	8.00315,
				"end":	9.005024,
				"seconds":	1.0018739700317383,
				"bytes":	1910636544,
				"bits_per_second":	15256502124.230042,
				"omitted":	false,
				"sender":	false
			}
		}, {
			"streams":	[{
					"socket":	5,
					"start":	9.005024,
					"end":	10.004233,
					"seconds":	0.99920898675918579,
					"bytes":	1891106816,
					"bits_per_second":	15140831125.897516,
					"omitted":	false,
					"sender":	false
				}],
			"sum":	{
				"start":	9.005024,
				"end":	10.004233,
				"seconds":	0.99920898675918579,
				"bytes":	1891106816,
				"bits_per_second":	15140831125.897516,
				"omitted":	false,
				"sender":	false
			}
		}, {
			"streams":	[{
					"socket":	5,
					"start":	10.004233,
					"end":	11.002118,
					"seconds":	0.99788498878479,
					"bytes":	1913389056,
					"bits_per_second":	15339555780.512121,
					"omitted":	false,
					"sender":	false
				}],
			"sum":	{
				"start":	10.004233,
				"end":	11.002118,
				"seconds":	0.99788498878479,
				"bytes":	1913389056,
				"bits_per_second":	15339555780.512121,
				"omitted":	false,
				"sender":	false
			}
		}, {
			"streams":	[{
					"socket":	5,
					"start":	11.002118,
					"end":	12.005019,
					"seconds":	1.0029009580612183,
					"bytes":	1932394496,
					"bits_per_second":	15414439325.978144,
					"omitted":	false,
					"sender":	false
				}],
			"sum":	{
				"start":	11.002118,
				"end":	12.005019,
				"seconds":	1.0029009580612183,
				"bytes":	1932394496,
				"bits_per_second":	15414439325.978144,
				"omitted":	false,
				"sender":	false
			}
		}, {
			"streams":	[{
					"socket":	5,
					"start":	12.005019,
					"end":	13.005029,
					"seconds":	1.0000100135803223,
					"bytes":	1893335040,
					"bits_per_second":	15146528649.01877,
					"omitted":	false,
					"sender":	false
				}],
			"sum":	{
				"start":	12.005019,
				"end":	13.005029,
				"seconds":	1.0000100135803223,
				"bytes":	1893335040,
				"bits_per_second":	15146528649.01877,
				"omitted":	false,
				"sender":	false
			}
		}, {
			"streams":	[{
					"socket":	5,
					"start":	13.005029,
					"end":	14.005027,
					"seconds":	0.99999797344207764,
					"bytes":	1907228672,
					"bits_per_second":	15257860296.937662,
					"omitted":	false,
					"sender":	false
				}],
			"sum":	{
				"start":	13.005029,
				"end":	14.005027,
				"seconds":	0.99999797344207764,
				"bytes":	1907228672,
				"bits_per_second":	15257860296.937662,
				"omitted":	false,
				"sender":	false
			}
		}, {
			"streams":	[{
					"socket":	5,
					"start":	14.005027,
					"end":	15.005023,
					"seconds":	0.9999960064888,
					"bytes":	1927938048,
					"bits_per_second":	15423565978.183477,
					"omitted":	false,
					"sender":	false
				}],
			"sum":	{
				"start":	14.005027,
				"end":	15.005023,
				"seconds":	0.9999960064888,
				"bytes":	1927938048,
				"bits_per_second":	15423565978.183477,
				"omitted":	false,
				"sender":	false
			}
		}, {
			"streams":	[{
					"socket":	5,
					"start":	15.005023,
					"end":	16.005019,
					"seconds":	0.9999960064888,
					"bytes":	1918500864,
					"bits_per_second":	15348068204.682274,
					"omitted":	false,
					"sender":	false
				}],