{
	"start":	{
		"connected":	[{
				"socket":	5,
				"local_host":	"192.168.105.1",
				"local_port":	49449,
				"remote_host":	"192.168.105.2",
				"remote_port":	5201
			}],
		"version":	"iperf 3.20",
		"system_info":	"Darwin mimi-2.local 25.3.0 Darwin Kernel Version 25.3.0: Wed Jan 28 20:53:31 PST 2026; root:xnu-12377.81.4~5/RELEASE_ARM64_T8122 arm64",
		"timestamp":	{
			"time":	"Fri, 27 Feb 2026 20:12:52 UTC",
			"timesecs":	1772223172,
			"timemillisecs":	1772223172081
		},
		"connecting_to":	{
			"host":	"192.168.105.2",
			"port":	5201
		},
		"cookie":	"ukzeh4ig2nge7pw7vnh3kdhm3on2tcovtid4",
		"tcp_mss_default":	1448,
		"target_bitrate":	0,
		"fq_rate":	0,
		"sock_bufsize":	0,
		"sndbuf_actual":	131072,
		"rcvbuf_actual":	131072,
		"test_start":	{
			"protocol":	"TCP",
			"num_streams":	1,
			"blksize":	131072,
			"omit":	0,
			"duration":	30,
			"bytes":	0,
			"blocks":	0,
			"reverse":	1,
			"tos":	0,
			"target_bitrate":	0,
			"bidir":	0,
			"fqrate":	0,
			"interval":	1
		}
	},
	"intervals":	[{
			"streams":	[{
					"socket":	5,
					"start":	0,
					"end":	1.000212,
					"seconds":	1.0002119541168213,
					"bytes":	1601437696,
					"bits_per_second":	12808786692.928947,
					"omitted":	false,
					"sender":	false
				}],
			"sum":	{
				"start":	0,
				"end":	1.000212,
				"seconds":	1.0002119541168213,
				"bytes":	1601437696,
				"bits_per_second":	12808786692.928947,
				"omitted":	false,
				"sender":	false
			}
		}, {
			"streams":	[{
					"socket":	5,
					"start":	1.000212,
					"end":	2.005019,
					"seconds":	1.0048069953918457,
					"bytes":	1623588864,
					"bits_per_second":	12926572935.466854,
					"omitted":	false,
					"sender":	false
				}],
			"sum":	{
				"start":	1.000212,
				"end":	2.005019,
				"seconds":	1.0048069953918457,
				"bytes":	1623588864,
				"bits_per_second":	12926572935.466854,
				"omitted":	false,
				"sender":	false
			}
		}, {
			"streams":	[{
					"socket":	5,
					"start":	2.005019,
					"end":	3.001384,
					"seconds":	0.9963650107383728,
					"bytes":	1591345152,
					"bits_per_second":	12777206223.415712,
					"omitted":	false,
					"sender":	false
				}],
			"sum":	{
				"start":	2.005019,
				"end":	3.001384,
				"seconds":	0.9963650107383728,
				"bytes":	1591345152,
				"bits_per_second":	12777206223.415712,
				"omitted":	false,
				"sender":	false
			}
		}, {
			"streams":	[{
					"socket":	5,
					"start":	3.001384,
					"end":	4.004322,
					"seconds":	1.0029380321502686,
					"bytes":	1602224128,
					"bits_per_second":	12780244255.489088,
					"omitted":	false,
					"sender":	false
				}],
			"sum":	{
				"start":	3.001384,
				"end":	4.004322,
				"seconds":	1.0029380321502686,
				"bytes":	1602224128,
				"bits_per_second":	12780244255.489088,
				"omitted":	false,
				"sender":	false
			}
		}, {
			"streams":	[{
					"socket":	5,
					"start":	4.004322,
					"end":	5.005014,
					"seconds":	1.0006920099258423,
					"bytes":	1579941888,
					"bits_per_second":	12630794468.856277,
					"omitted":	false,
					"sender":	false
				}],
			"sum":	{
				"start":	4.004322,
				"end":	5.005014,
				"seconds":	1.0006920099258423,
				"bytes":	1579941888,
				"bits_per_second":	12630794468.856277,
				"omitted":	false,
				"sender":	false
			}
		}, {
			"streams":	[{
					"socket":	5,
					"start":	5.005014,
					"end":	6.001345,
					"seconds":	0.996330976486206,
					"bytes":	1615200256,
					"bits_per_second":	12969186297.480228,
					"omitted":	false,
					"sender":	false
				}],
			"sum":	{
				"start":	5.005014,
				"end":	6.001345,
				"seconds":	0.996330976486206,
				"bytes":	1615200256,
				"bits_per_second":	12969186297.480228,
				"omitted":	false,
				"sender":	false
			}
		}, {
			"streams":	[{
					"socket":	5,
					"start":	6.001345,
					"end":	7.005018,
					"seconds":	1.0036729574203491,
					"bytes":	1638662144,
					"bits_per_second":	13061323467.052111,
					"omitted":	false,
					"sender":	false
				}],
			"sum":	{
				"start":	6.001345,
				"end":	7.005018,
				"seconds":	1.0036729574203491,
				"bytes":	1638662144,
				"bits_per_second":	13061323467.052111,
				"omitted":	false,
				"sender":	false
			}
		}, {
			"streams":	[{
					"socket":	5,
					"start":	7.005018,
					"end":	8.001518,
					"seconds":	0.996500015258789,
					"bytes":	1599209472,
					"bits_per_second":	12838610717.609982,
					"omitted":	false,
					"sender":	false
				}],
			"sum":	{
				"start":	7.005018,
				"end":	8.001518,
				"seconds":	0.996500015258789,
				"bytes":	1599209472,
				"bits_per_second":	12838610717.609982,
				"omitted":	false,
				"sender":	false
			}
		}, {
			"streams":	[{
					"socket":	5,
					"start":	8.001518,
					"end":	9.0015,
					"seconds":	0.99998199939727783,
					"bytes":	1624113152,
					"bits_per_second":	12993139100.335058,
					"omitted":	false,
					"sender":	false
				}],
			"sum":	{
				"start":	8.001518,
				"end":	9.0015,
				"seconds":	0.99998199939727783,
				"bytes":	1624113152,
				"bits_per_second":	12993139100.335058,
				"omitted":	false,
				"sender":	false
			}
		}, {
			"streams":	[{
					"socket":	5,
					"start":	9.0015,
					"end":	10.000088,
					"seconds":	0.99858802556991577,
					"bytes":	1595801600,
					"bits_per_second":	12784464136.463015,
					"omitted":	false,
					"sender":	false
				}],
			"sum":	{
				"start":	9.0015,
				"end":	10.000088,
				"seconds":	0.99858802556991577,
				"bytes":	1595801600,
				"bits_per_second":	12784464136.463015,
				"omitted":	false,
				"sender":	false
			}
		}, {
			"streams":	[{
					"socket":	5,
					"start":	10.000088,
					"end":	11.005022,
					"seconds":	1.0049339532852173,
					"bytes":	1643773952,
					"bits_per_second":	13085627740.022984,
					"omitted":	false,
					"sender":	false
				}],
			"sum":	{
				"start":	10.000088,
				"end":	11.005022,
				"seconds":	1.0049339532852173,
				"bytes":	1643773952,
				"bits_per_second":	13085627740.022984,
				"omitted":	false,
				"sender":	false
			}
		}, {
			"streams":	[{
					"socket":	5,
					"start":	11.005022,
					"end":	12.00502,
					"seconds":	0.99999797344207764,
					"bytes":	1631977472,
					"bits_per_second":	13055846234.428619,
					"omitted":	false,
					"sender":	false
				}],
			"sum":	{
				"start":	11.005022,
				"end":	12.00502,
				"seconds":	0.99999797344207764,
				"bytes":	1631977472,
				"bits_per_second":	13055846234.428619,
				"omitted":	false,
				"sender":	false
			}
		}, {
			"streams":	[{
					"socket":	5,
					"start":	12.00502,
					"end":	13.004752,
					"seconds":	0.99973201751709,
					"bytes":	1661730816,
					"bits_per_second":	13297410000.948328,
					"omitted":	false,
					"sender":	false
				}],
			"sum":	{
				"start":	12.00502,
				"end":	13.004752,
				"seconds":	0.99973201751709,
				"bytes":	1661730816,
				"bits_per_second":	13297410000.948328,
				"omitted":	false,
				"sender":	false
			}
		}, {
			"streams":	[{
					"socket":	5,
					"start":	13.004752,
					"end":	14.001098,
					"seconds":	0.99634599685668945,
					"bytes":	1623195648,
					"bits_per_second":	13033188495.730759,
					"omitted":	false,
					"sender":	false
				}],
			"sum":	{
				"start":	13.004752,
				"end":	14.001098,
				"seconds":	0.99634599685668945,
				"bytes":	1623195648,
				"bits_per_second":	13033188495.730759,
				"omitted":	false,
				"sender":	false
			}
		}, {
			"streams":	[{
					"socket":	5,
					"start":	14.001098,
					"end":	15.003682,
					"seconds":	1.0025839805603027,
					"bytes":	1604714496,
					"bits_per_second":	12804629055.438858,
					"omitted":	false,
					"sender":	false
				}],
			"sum":	{
				"start":	14.001098,
				"end":	15.003682,
				"seconds":	1.0025839805603027,
				"bytes":	1604714496,
				"bits_per_second":	12804629055.438858,
				"omitted":	false,
				"sender":	false
			}
		}, {
			"streams":	[{
					"socket":	5,
					"start":	15.003682,
					"end":	16.005017,
					"seconds":	1.0013350248336792,
					"bytes":	1603010560,
					"bits_per_second":	12806986834.5313,