{
	"start":	{
		"connected":	[{
				"socket":	5,
				"local_host":	"10.100.102.149",
				"local_port":	49766,
				"remote_host":	"10.100.102.189",
				"remote_port":	5201
			}],
		"version":	"iperf 3.18",
		"system_info":	"Darwin mimi-2.local 24.3.0 Darwin Kernel Version 24.3.0: Thu Jan  2 20:24:23 PST 2025; root:xnu-11215.81.4~3/RELEASE_ARM64_T8122 arm64",
		"timestamp":	{
			"time":	"Sat, 22 Feb 2025 16:08:55 UTC",
			"timesecs":	1740240535
		},
		"connecting_to":	{
			"host":	"10.100.102.189",
			"port":	5201
		},
		"cookie":	"t64qx63z5othpn4bp3353lhf2yktaxp5aocs",
		"tcp_mss_default":	1448,
		"target_bitrate":	0,
		"fq_rate":	0,
		"sock_bufsize":	0,
		"sndbuf_actual":	131072,
		"rcvbuf_actual":	131072,
		"test_start":	{
			"protocol":	"TCP",
			"num_streams":	1,
			"blksize":	131072,
			"omit":	0,
			"duration":	30,
			"bytes":	0,
			"blocks":	0,
			"reverse":	0,
			"tos":	0,
			"target_bitrate":	0,
			"bidir":	0,
			"fqrate":	0,
			"interval":	1
		}
	},
	"intervals":	[{
			"streams":	[{
					"socket":	5,
					"start":	0,
					"end":	1.004233,
					"seconds":	1.0042330026626587,
					"bytes":	1936588800,
					"bits_per_second":	15427406148.694658,
					"omitted":	false,
					"sender":	true
				}],
			"sum":	{
				"start":	0,
				"end":	1.004233,
				"seconds":	1.0042330026626587,
				"bytes":	1936588800,
				"bits_per_second":	15427406148.694658,
				"omitted":	false,
				"sender":	true
			}
		}, {
			"streams":	[{
					"socket":	5,
					"start":	1.004233,
					"end":	2.005016,
					"seconds":	1.0007829666137695,
					"bytes":	1977483264,
					"bits_per_second":	15807489375.571411,
					"omitted":	false,
					"sender":	true
				}],
			"sum":	{
				"start":	1.004233,
				"end":	2.005016,
				"seconds":	1.0007829666137695,
				"bytes":	1977483264,
				"bits_per_second":	15807489375.571411,
				"omitted":	false,
				"sender":	true
			}
		}, {
			"streams":	[{
					"socket":	5,
					"start":	2.005016,
					"end":	3.005027,
					"seconds":	1.0000109672546387,
					"bytes":	1972764672,
					"bits_per_second":	15781944291.398262,
					"omitted":	false,
					"sender":	true
				}],
			"sum":	{
				"start":	2.005016,
				"end":	3.005027,
				"seconds":	1.0000109672546387,
				"bytes":	1972764672,
				"bits_per_second":	15781944291.398262,
				"omitted":	false,
				"sender":	true
			}
		}, {
			"streams":	[{
					"socket":	5,
					"start":	3.005027,
					"end":	4.00496,
					"seconds":	0.99993300437927246,
					"bytes":	1981546496,
					"bits_per_second":	15853434078.656763,
					"omitted":	false,
					"sender":	true
				}],
			"sum":	{
				"start":	3.005027,
				"end":	4.00496,
				"seconds":	0.99993300437927246,
				"bytes":	1981546496,
				"bits_per_second":	15853434078.656763,
				"omitted":	false,
				"sender":	true
			}
		}, {
			"streams":	[{
					"socket":	5,
					"start":	4.00496,
					"end":	5.005013,
					"seconds":	1.00005304813385,
					"bytes":	1968177152,
					"bits_per_second":	15744581995.3069,
					"omitted":	false,
					"sender":	true
				}],
			"sum":	{
				"start":	4.00496,
				"end":	5.005013,
				"seconds":	1.00005304813385,
				"bytes":	1968177152,
				"bits_per_second":	15744581995.3069,
				"omitted":	false,
				"sender":	true
			}
		}, {
			"streams":	[{
					"socket":	5,
					"start":	5.005013,
					"end":	6.005055,
					"seconds":	1.0000419616699219,
					"bytes":	1987444736,
					"bits_per_second":	15898890743.994476,
					"omitted":	false,
					"sender":	true
				}],
			"sum":	{
				"start":	5.005013,
				"end":	6.005055,
				"seconds":	1.0000419616699219,
				"bytes":	1987444736,
				"bits_per_second":	15898890743.994476,
				"omitted":	false,
				"sender":	true
			}
		}, {
			"streams":	[{
					"socket":	5,
					"start":	6.005055,
					"end":	7.005016,
					"seconds":	0.999961018562317,
					"bytes":	1976434688,
					"bits_per_second":	15812093882.152306,
					"omitted":	false,
					"sender":	true
				}],
			"sum":	{
				"start":	6.005055,
				"end":	7.005016,
				"seconds":	0.999961018562317,
				"bytes":	1976434688,
				"bits_per_second":	15812093882.152306,
				"omitted":	false,
				"sender":	true
			}
		}, {
			"streams":	[{
					"socket":	5,
					"start":	7.005016,
					"end":	8.005026,
					"seconds":	1.0000100135803223,
					"bytes":	1985085440,
					"bits_per_second":	15880524499.092369,
					"omitted":	false,
					"sender":	true
				}],
			"sum":	{
				"start":	7.005016,
				"end":	8.005026,
				"seconds":	1.0000100135803223,
				"bytes":	1985085440,
				"bits_per_second":	15880524499.092369,
				"omitted":	false,
				"sender":	true
			}
		}, {
			"streams":	[{
					"socket":	5,
					"start":	8.005026,
					"end":	9.004784,
					"seconds":	0.999758005142212,
					"bytes":	1984561152,
					"bits_per_second":	15880332174.72625,
					"omitted":	false,
					"sender":	true
				}],
			"sum":	{
				"start":	8.005026,
				"end":	9.004784,
				"seconds":	0.999758005142212,
				"bytes":	1984561152,
				"bits_per_second":	15880332174.72625,
				"omitted":	false,
				"sender":	true
			}
		}, {
			"streams":	[{
					"socket":	5,
					"start":	9.004784,
					"end":	10.005038,
					"seconds":	1.0002540349960327,
					"bytes":	1990983680,
					"bits_per_second":	15923824231.374557,
					"omitted":	false,
					"sender":	true
				}],
			"sum":	{
				"start":	9.004784,
				"end":	10.005038,
				"seconds":	1.0002540349960327,
				"bytes":	1990983680,
				"bits_per_second":	15923824231.374557,
				"omitted":	false,
				"sender":	true
			}
		}, {
			"streams":	[{
					"socket":	5,
					"start":	10.005038,
					"end":	11.00065,
					"seconds":	0.99561202526092529,
					"bytes":	1967259648,
					"bits_per_second":	15807439830.666407,
					"omitted":	false,
					"sender":	true
				}],
			"sum":	{
				"start":	10.005038,
				"end":	11.00065,
				"seconds":	0.99561202526092529,
				"bytes":	1967259648,
				"bits_per_second":	15807439830.666407,
				"omitted":	false,
				"sender":	true
			}
		}, {
			"streams":	[{
					"socket":	5,
					"start":	11.00065,
					"end":	12.005062,
					"seconds":	1.004412055015564,
					"bytes":	1968701440,
					"bits_per_second":	15680428606.321287,
					"omitted":	false,
					"sender":	true
				}],
			"sum":	{
				"start":	11.00065,
				"end":	12.005062,
				"seconds":	1.004412055015564,
				"bytes":	1968701440,
				"bits_per_second":	15680428606.321287,
				"omitted":	false,
				"sender":	true
			}
		}, {
			"streams":	[{
					"socket":	5,
					"start":	12.005062,
					"end":	13.005027,
					"seconds":	0.999965012073517,
					"bytes":	1962147840,
					"bits_per_second":	15697731951.091457,
					"omitted":	false,
					"sender":	true
				}],
			"sum":	{
				"start":	12.005062,
				"end":	13.005027,
				"seconds":	0.999965012073517,
				"bytes":	1962147840,
				"bits_per_second":	15697731951.091457,
				"omitted":	false,
				"sender":	true
			}
		}, {
			"streams":	[{
					"socket":	5,
					"start":	13.005027,
					"end":	14.001798,
					"seconds":	0.996770977973938,
					"bytes":	1952317440,
					"bits_per_second":	15669135503.670704,
					"omitted":	false,
					"sender":	true
				}],
			"sum":	{
				"start":	13.005027,
				"end":	14.001798,
				"seconds":	0.996770977973938,
				"bytes":	1952317440,
				"bits_per_second":	15669135503.670704,
				"omitted":	false,
				"sender":	true
			}
		}, {
			"streams":	[{
					"socket":	5,
					"start":	14.001798,
					"end":	15.000495,
					"seconds":	0.99869698286056519,
					"bytes":	1960968192,
					"bits_per_second":	15708213607.560555,
					"omitted":	false,
					"sender":	true
				}],
			"sum":	{
				"start":	14.001798,
				"end":	15.000495,
				"seconds":	0.99869698286056519,
				"bytes":	1960968192,
				"bits_per_second":	15708213607.560555,
				"omitted":	false,
				"sender":	true
			}
		}, {
			"streams":	[{
					"socket":	5,
					"start":	15.000495,
					"end":	16.005033,
					"seconds":	1.0045380592346191,
					"bytes":	1955594240,
					"bits_per_second":	15574077832.272577,
					"omitted":	false,
					"sender":	true
				}],