{
	"start":	{
		"connected":	[{
				"socket":	5,
				"local_host":	"10.100.102.149",
				"local_port":	49768,
				"remote_host":	"10.100.102.189",
				"remote_port":	5201
			}],
		"version":	"iperf 3.18",
		"system_info":	"Darwin mimi-2.local 24.3.0 Darwin Kernel Version 24.3.0: Thu Jan  2 20:24:23 PST 2025; root:xnu-11215.81.4~3/RELEASE_ARM64_T8122 arm64",
		"timestamp":	{
			"time":	"Sat, 22 Feb 2025 16:09:25 UTC",
			"timesecs":	1740240565
		},
		"connecting_to":	{
			"host":	"10.100.102.189",
			"port":	5201
		},
		"cookie":	"6vkt2ke6o43dfi66bk4d5jeyvf3wtl56mdlu",
		"tcp_mss_default":	1448,
		"target_bitrate":	0,
		"fq_rate":	0,
		"sock_bufsize":	0,
		"sndbuf_actual":	131072,
		"rcvbuf_actual":	131072,
		"test_start":	{
			"protocol":	"TCP",
			"num_streams":	1,
			"blksize":	131072,
			"omit":	0,
			"duration":	30,
			"bytes":	0,
			"blocks":	0,
			"reverse":	1,
			"tos":	0,
			"target_bitrate":	0,
			"bidir":	0,
			"fqrate":	0,
			"interval":	1
		}
	},
	"intervals":	[{
			"streams":	[{
					"socket":	5,
					"start":	0,
					"end":	1.004976,
					"seconds":	1.0049760341644287,
					"bytes":	2349596672,
					"bits_per_second":	18703703110.321709,
					"omitted":	false,
					"sender":	false
				}],
			"sum":	{
				"start":	0,
				"end":	1.004976,
				"seconds":	1.0049760341644287,
				"bytes":	2349596672,
				"bits_per_second":	18703703110.321709,
				"omitted":	false,
				"sender":	false
			}
		}, {
			"streams":	[{
					"socket":	5,
					"start":	1.004976,
					"end":	2.005013,
					"seconds":	1.0000369548797607,
					"bytes":	2347761664,
					"bits_per_second":	18781399247.649063,
					"omitted":	false,
					"sender":	false
				}],
			"sum":	{
				"start":	1.004976,
				"end":	2.005013,
				"seconds":	1.0000369548797607,
				"bytes":	2347761664,
				"bits_per_second":	18781399247.649063,
				"omitted":	false,
				"sender":	false
			}
		}, {
			"streams":	[{
					"socket":	5,
					"start":	2.005013,
					"end":	3.001007,
					"seconds":	0.995993971824646,
					"bytes":	2326003712,
					"bits_per_second":	18682873814.899071,
					"omitted":	false,
					"sender":	false
				}],
			"sum":	{
				"start":	2.005013,
				"end":	3.001007,
				"seconds":	0.995993971824646,
				"bytes":	2326003712,
				"bits_per_second":	18682873814.899071,
				"omitted":	false,
				"sender":	false
			}
		}, {
			"streams":	[{
					"socket":	5,
					"start":	3.001007,
					"end":	4.002067,
					"seconds":	1.0010600090026855,
					"bytes":	2365718528,
					"bits_per_second":	18905708003.314342,
					"omitted":	false,
					"sender":	false
				}],
			"sum":	{
				"start":	3.001007,
				"end":	4.002067,
				"seconds":	1.0010600090026855,
				"bytes":	2365718528,
				"bits_per_second":	18905708003.314342,
				"omitted":	false,
				"sender":	false
			}
		}, {
			"streams":	[{
					"socket":	5,
					"start":	4.002067,
					"end":	5.000193,
					"seconds":	0.998125970363617,
					"bytes":	2328100864,
					"bits_per_second":	18659775885.016788,
					"omitted":	false,
					"sender":	false
				}],
			"sum":	{
				"start":	4.002067,
				"end":	5.000193,
				"seconds":	0.998125970363617,
				"bytes":	2328100864,
				"bits_per_second":	18659775885.016788,
				"omitted":	false,
				"sender":	false
			}
		}, {
			"streams":	[{
					"socket":	5,
					"start":	5.000193,
					"end":	6.001093,
					"seconds":	1.0009000301361084,
					"bytes":	2366636032,
					"bits_per_second":	18916063229.037334,
					"omitted":	false,
					"sender":	false
				}],
			"sum":	{
				"start":	5.000193,
				"end":	6.001093,
				"seconds":	1.0009000301361084,
				"bytes":	2366636032,
				"bits_per_second":	18916063229.037334,
				"omitted":	false,
				"sender":	false
			}
		}, {
			"streams":	[{
					"socket":	5,
					"start":	6.001093,
					"end":	7.004914,
					"seconds":	1.0038210153579712,
					"bytes":	2340028416,
					"bits_per_second":	18648969329.780575,
					"omitted":	false,
					"sender":	false
				}],
			"sum":	{
				"start":	6.001093,
				"end":	7.004914,
				"seconds":	1.0038210153579712,
				"bytes":	2340028416,
				"bits_per_second":	18648969329.780575,
				"omitted":	false,
				"sender":	false
			}
		}, {
			"streams":	[{
					"socket":	5,
					"start":	7.004914,
					"end":	8.001117,
					"seconds":	0.99620300531387329,
					"bytes":	2338717696,
					"bits_per_second":	18781053126.922791,
					"omitted":	false,
					"sender":	false
				}],
			"sum":	{
				"start":	7.004914,
				"end":	8.001117,
				"seconds":	0.99620300531387329,
				"bytes":	2338717696,
				"bits_per_second":	18781053126.922791,
				"omitted":	false,
				"sender":	false
			}
		}, {
			"streams":	[{
					"socket":	5,
					"start":	8.001117,
					"end":	9.004044,
					"seconds":	1.00292694568634,
					"bytes":	2346975232,
					"bits_per_second":	18721006486.819454,
					"omitted":	false,
					"sender":	false
				}],
			"sum":	{
				"start":	8.001117,
				"end":	9.004044,
				"seconds":	1.00292694568634,
				"bytes":	2346975232,
				"bits_per_second":	18721006486.819454,
				"omitted":	false,
				"sender":	false
			}
		}, {
			"streams":	[{
					"socket":	5,
					"start":	9.004044,
					"end":	10.004689,
					"seconds":	1.0006450414657593,
					"bytes":	2362441728,
					"bits_per_second":	18887350699.620407,
					"omitted":	false,
					"sender":	false
				}],
			"sum":	{
				"start":	9.004044,
				"end":	10.004689,
				"seconds":	1.0006450414657593,
				"bytes":	2362441728,
				"bits_per_second":	18887350699.620407,
				"omitted":	false,
				"sender":	false
			}
		}, {
			"streams":	[{
					"socket":	5,
					"start":	10.004689,
					"end":	11.00502,
					"seconds":	1.0003310441970825,
					"bytes":	2326790144,
					"bits_per_second":	18608161028.273212,
					"omitted":	false,
					"sender":	false
				}],
			"sum":	{
				"start":	10.004689,
				"end":	11.00502,
				"seconds":	1.0003310441970825,
				"bytes":	2326790144,
				"bits_per_second":	18608161028.273212,
				"omitted":	false,
				"sender":	false
			}
		}, {
			"streams":	[{
					"socket":	5,
					"start":	11.00502,
					"end":	12.005019,
					"seconds":	0.99999898672103882,
					"bytes":	2347892736,
					"bits_per_second":	18783160920.581787,
					"omitted":	false,
					"sender":	false
				}],
			"sum":	{
				"start":	11.00502,
				"end":	12.005019,
				"seconds":	0.99999898672103882,
				"bytes":	2347892736,
				"bits_per_second":	18783160920.581787,
				"omitted":	false,
				"sender":	false
			}
		}, {
			"streams":	[{
					"socket":	5,
					"start":	12.005019,
					"end":	13.001714,
					"seconds":	0.99669498205184937,
					"bytes":	2321678336,
					"bits_per_second":	18635015749.51622,
					"omitted":	false,
					"sender":	false
				}],
			"sum":	{
				"start":	12.005019,
				"end":	13.001714,
				"seconds":	0.99669498205184937,
				"bytes":	2321678336,
				"bits_per_second":	18635015749.51622,
				"omitted":	false,
				"sender":	false
			}
		}, {
			"streams":	[{
					"socket":	5,
					"start":	13.001714,
					"end":	14.00265,
					"seconds":	1.0009360313415527,
					"bytes":	2356543488,
					"bits_per_second":	18834718017.626194,
					"omitted":	false,
					"sender":	false
				}],
			"sum":	{
				"start":	13.001714,
				"end":	14.00265,
				"seconds":	1.0009360313415527,
				"bytes":	2356543488,
				"bits_per_second":	18834718017.626194,
				"omitted":	false,
				"sender":	false
			}
		}, {
			"streams":	[{
					"socket":	5,
					"start":	14.00265,
					"end":	15.004597,
					"seconds":	1.0019470453262329,
					"bytes":	2352873472,
					"bits_per_second":	18786409784.632137,
					"omitted":	false,
					"sender":	false
				}],
			"sum":	{
				"start":	14.00265,
				"end":	15.004597,
				"seconds":	1.0019470453262329,
				"bytes":	2352873472,
				"bits_per_second":	18786409784.632137,
				"omitted":	false,
				"sender":	false
			}
		}, {
			"streams":	[{
					"socket":	5,
					"start":	15.004597,
					"end":	16.005023,
					"seconds":	1.0004260540008545,
					"bytes":	2346713088,
					"bits_per_second":	18765709498.389339,
					"omitted":	false,