{
	"start":	{
		"connected":	[{
				"socket":	5,
				"local_host":	"192.168.105.1",
				"local_port":	49625,
				"remote_host":	"192.168.105.4",
				"remote_port":	5201
			}],
		"version":	"iperf 3.8.1 -  -- Apple version iperf3-117",
		"system_info":	"Darwin space-gray.local 24.3.0 Darwin Kernel Version 24.3.0: Thu Jan  2 20:24:23 PST 2025; root:xnu-11215.81.4~3/RELEASE_ARM64_T6020 arm64",
		"timestamp":	{
			"time":	"Sat, 22 Feb 2025 15:04:36 UTC",
			"timesecs":	1740236676
		},
		"connecting_to":	{
			"host":	"192.168.105.4",
			"port":	5201
		},
		"cookie":	"4hwdfvbjpoj7ak67grpwnk5ihq4uthinajt7",
		"tcp_mss_default":	1448,
		"sock_bufsize":	0,
		"sndbuf_actual":	131072,
		"rcvbuf_actual":	131072,
		"test_start":	{
			"protocol":	"TCP",
			"num_streams":	1,
			"blksize":	131072,
			"omit":	0,
			"duration":	30,
			"bytes":	0,
			"blocks":	0,
			"reverse":	0,
			"tos":	0
		}
	},
	"intervals":	[{
			"streams":	[{
					"socket":	5,
					"start":	0,
					"end":	1.000017,
					"seconds":	1.0000170469284058,
					"bytes":	330037272,
					"bits_per_second":	2640253167.7932754,
					"retransmits":	0,
					"snd_cwnd":	6618845,
					"rtt":	10,
					"rttvar":	0,
					"pmtu":	-1,
					"omitted":	false,
					"sender":	true
				}],
			"sum":	{
				"start":	0,
				"end":	1.000017,
				"seconds":	1.0000170469284058,
				"bytes":	330037272,
				"bits_per_second":	2640253167.7932754,
				"retransmits":	0,
				"omitted":	false,
				"sender":	true
			}
		}, {
			"streams":	[{
					"socket":	5,
					"start":	1.000017,
					"end":	2.00013,
					"seconds":	1.0001130104064941,
					"bytes":	326638392,
					"bits_per_second":	2612811861.069488,
					"retransmits":	0,
					"snd_cwnd":	6734685,
					"rtt":	8,
					"rttvar":	1,
					"pmtu":	-1,
					"omitted":	false,
					"sender":	true
				}],
			"sum":	{
				"start":	1.000017,
				"end":	2.00013,
				"seconds":	1.0001130104064941,
				"bytes":	326638392,
				"bits_per_second":	2612811861.069488,
				"retransmits":	0,
				"omitted":	false,
				"sender":	true
			}
		}, {
			"streams":	[{
					"socket":	5,
					"start":	2.00013,
					"end":	3.00004,
					"seconds":	0.999909996986389,
					"bytes":	328697448,
					"bits_per_second":	2629816275.390028,
					"retransmits":	0,
					"snd_cwnd":	6792605,
					"rtt":	10,
					"rttvar":	0,
					"pmtu":	-1,
					"omitted":	false,
					"sender":	true
				}],
			"sum":	{
				"start":	2.00013,
				"end":	3.00004,
				"seconds":	0.999909996986389,
				"bytes":	328697448,
				"bits_per_second":	2629816275.390028,
				"retransmits":	0,
				"omitted":	false,
				"sender":	true
			}
		}, {
			"streams":	[{
					"socket":	5,
					"start":	3.00004,
					"end":	4.000046,
					"seconds":	1.0000059604644775,
					"bytes":	331741144,
					"bits_per_second":	2653913333.44385,
					"retransmits":	0,
					"snd_cwnd":	6925821,
					"rtt":	10,
					"rttvar":	0,
					"pmtu":	-1,
					"omitted":	false,
					"sender":	true
				}],
			"sum":	{
				"start":	3.00004,
				"end":	4.000046,
				"seconds":	1.0000059604644775,
				"bytes":	331741144,
				"bits_per_second":	2653913333.44385,
				"retransmits":	0,
				"omitted":	false,
				"sender":	true
			}
		}, {
			"streams":	[{
					"socket":	5,
					"start":	4.000046,
					"end":	5.00001,
					"seconds":	0.99996399879455566,
					"bytes":	329541632,
					"bits_per_second":	2636427970.5850081,
					"retransmits":	0,
					"snd_cwnd":	6925821,
					"rtt":	9,
					"rttvar":	0,
					"pmtu":	-1,
					"omitted":	false,
					"sender":	true
				}],
			"sum":	{
				"start":	4.000046,
				"end":	5.00001,
				"seconds":	0.99996399879455566,
				"bytes":	329541632,
				"bits_per_second":	2636427970.5850081,
				"retransmits":	0,
				"omitted":	false,
				"sender":	true
			}
		}, {
			"streams":	[{
					"socket":	5,
					"start":	5.00001,
					"end":	6.00002,
					"seconds":	1.0000100135803223,
					"bytes":	331791824,
					"bits_per_second":	2654308012.8735132,
					"retransmits":	0,
					"snd_cwnd":	6925821,
					"rtt":	9,
					"rttvar":	0,
					"pmtu":	-1,
					"omitted":	false,
					"sender":	true
				}],
			"sum":	{
				"start":	5.00001,
				"end":	6.00002,
				"seconds":	1.0000100135803223,
				"bytes":	331791824,
				"bits_per_second":	2654308012.8735132,
				"retransmits":	0,
				"omitted":	false,
				"sender":	true
			}
		}, {
			"streams":	[{
					"socket":	5,
					"start":	6.00002,
					"end":	7.000022,
					"seconds":	1.0000020265579224,
					"bytes":	335482776,
					"bits_per_second":	2683856769.0088024,
					"retransmits":	0,
					"snd_cwnd":	6925821,
					"rtt":	11,
					"rttvar":	1,
					"pmtu":	-1,
					"omitted":	false,
					"sender":	true
				}],
			"sum":	{
				"start":	6.00002,
				"end":	7.000022,
				"seconds":	1.0000020265579224,
				"bytes":	335482776,
				"bits_per_second":	2683856769.0088024,
				"retransmits":	0,
				"omitted":	false,
				"sender":	true
			}
		}, {
			"streams":	[{
					"socket":	5,
					"start":	7.000022,
					"end":	8.000093,
					"seconds":	1.0000710487365723,
					"bytes":	336410944,
					"bits_per_second":	2691096353.0041246,
					"retransmits":	0,
					"snd_cwnd":	6976501,
					"rtt":	10,
					"rttvar":	0,
					"pmtu":	-1,
					"omitted":	false,
					"sender":	true
				}],
			"sum":	{
				"start":	7.000022,
				"end":	8.000093,
				"seconds":	1.0000710487365723,
				"bytes":	336410944,
				"bits_per_second":	2691096353.0041246,
				"retransmits":	0,
				"omitted":	false,
				"sender":	true
			}
		}, {
			"streams":	[{
					"socket":	5,
					"start":	8.000093,
					"end":	9.000031,
					"seconds":	0.99993801116943359,
					"bytes":	337421648,
					"bits_per_second":	2699540525.3602338,
					"retransmits":	0,
					"snd_cwnd":	6976501,
					"rtt":	9,
					"rttvar":	0,
					"pmtu":	-1,
					"omitted":	false,
					"sender":	true
				}],
			"sum":	{
				"start":	8.000093,
				"end":	9.000031,
				"seconds":	0.99993801116943359,
				"bytes":	337421648,
				"bits_per_second":	2699540525.3602338,
				"retransmits":	0,
				"omitted":	false,
				"sender":	true
			}
		}, {
			"streams":	[{
					"socket":	5,
					"start":	9.000031,
					"end":	10.000009,
					"seconds":	0.999978005886078,
					"bytes":	338024016,
					"bits_per_second":	2704251605.617888,
					"retransmits":	0,
					"snd_cwnd":	6976501,
					"rtt":	10,
					"rttvar":	0,
					"pmtu":	-1,
					"omitted":	false,
					"sender":	true
				}],
			"sum":	{
				"start":	9.000031,
				"end":	10.000009,
				"seconds":	0.999978005886078,
				"bytes":	338024016,
				"bits_per_second":	2704251605.617888,
				"retransmits":	0,
				"omitted":	false,
				"sender":	true
			}
		}, {
			"streams":	[{
					"socket":	5,
					"start":	10.000009,
					"end":	11.000106,
					"seconds":	1.0000970363616943,
					"bytes":	340052664,
					"bits_per_second":	2720157357.82676,
					"retransmits":	0,
					"snd_cwnd":	6976501,
					"rtt":	9,
					"rttvar":	0,
					"pmtu":	-1,
					"omitted":	false,
					"sender":	true
				}],
			"sum":	{
				"start":	10.000009,
				"end":	11.000106,
				"seconds":	1.0000970363616943,
				"bytes":	340052664,
				"bits_per_second":	2720157357.82676,
				"retransmits":	0,
				"omitted":	false,
				"sender":	true
			}
		}, {
			"streams":	[{
					"socket":	5,
					"start":	11.000106,
					"end":	12.000003,
					"seconds":	0.999897003173828,
					"bytes":	338632176,
					"bits_per_second":	2709336461.05652,
					"retransmits":	0,
					"snd_cwnd":	6976501,
					"rtt":	10,
					"rttvar":	0,
					"pmtu":	-1,
					"omitted":	false,
					"sender":	true
				}],
			"sum":	{
				"start":	11.000106,
				"end":	12.000003,
				"seconds":	0.999897003173828,
				"bytes":	338632176,
				"bits_per_second":	2709336461.05652,
				"retransmits":	0,
				"omitted":	false,
				"sender":	true
			}
		}, {
			"streams":	[{
					"socket":	5,
					"start":	12.000003,
					"end":	13.000046,
					"seconds":	1.0000430345535278,
					"bytes":	339723968,
					"bits_per_second":	2717674790.0787749,
					"retransmits":	0,
					"snd_cwnd":	6976501,
					"rtt":	10,
					"rttvar":	1,
					"pmtu":	-1,