{
	"start":	{
		"connected":	[{
				"socket":	5,
				"local_host":	"192.168.105.1",
				"local_port":	49627,
				"remote_host":	"192.168.105.4",
				"remote_port":	5201
			}],
		"version":	"iperf 3.8.1 -  -- Apple version iperf3-117",
		"system_info":	"Darwin space-gray.local 24.3.0 Darwin Kernel Version 24.3.0: Thu Jan  2 20:24:23 PST 2025; root:xnu-11215.81.4~3/RELEASE_ARM64_T6020 arm64",
		"timestamp":	{
			"time":	"Sat, 22 Feb 2025 15:05:06 UTC",
			"timesecs":	1740236706
		},
		"connecting_to":	{
			"host":	"192.168.105.4",
			"port":	5201
		},
		"cookie":	"zfscn3zive5vuliybebws7cjyoeanznuqo3w",
		"tcp_mss_default":	1448,
		"sock_bufsize":	0,
		"sndbuf_actual":	131072,
		"rcvbuf_actual":	131072,
		"test_start":	{
			"protocol":	"TCP",
			"num_streams":	1,
			"blksize":	131072,
			"omit":	0,
			"duration":	30,
			"bytes":	0,
			"blocks":	0,
			"reverse":	1,
			"tos":	0
		}
	},
	"intervals":	[{
			"streams":	[{
					"socket":	5,
					"start":	0,
					"end":	1.000002,
					"seconds":	1.0000020265579224,
					"bytes":	249030688,
					"bits_per_second":	1992241466.6072726,
					"omitted":	false,
					"sender":	false
				}],
			"sum":	{
				"start":	0,
				"end":	1.000002,
				"seconds":	1.0000020265579224,
				"bytes":	249030688,
				"bits_per_second":	1992241466.6072726,
				"omitted":	false,
				"sender":	false
			}
		}, {
			"streams":	[{
					"socket":	5,
					"start":	1.000002,
					"end":	2.000037,
					"seconds":	1.0000350475311279,
					"bytes":	250666176,
					"bits_per_second":	2005259128.61827,
					"omitted":	false,
					"sender":	false
				}],
			"sum":	{
				"start":	1.000002,
				"end":	2.000037,
				"seconds":	1.0000350475311279,
				"bytes":	250666176,
				"bits_per_second":	2005259128.61827,
				"omitted":	false,
				"sender":	false
			}
		}, {
			"streams":	[{
					"socket":	5,
					"start":	2.000037,
					"end":	3.000013,
					"seconds":	0.99997597932815552,
					"bytes":	250556128,
					"bits_per_second":	2004497173.3688147,
					"omitted":	false,
					"sender":	false
				}],
			"sum":	{
				"start":	2.000037,
				"end":	3.000013,
				"seconds":	0.99997597932815552,
				"bytes":	250556128,
				"bits_per_second":	2004497173.3688147,
				"omitted":	false,
				"sender":	false
			}
		}, {
			"streams":	[{
					"socket":	5,
					"start":	3.000013,
					"end":	4.00001,
					"seconds":	0.99999701976776123,
					"bytes":	249011112,
					"bits_per_second":	1992094832.9052436,
					"omitted":	false,
					"sender":	false
				}],
			"sum":	{
				"start":	3.000013,
				"end":	4.00001,
				"seconds":	0.99999701976776123,
				"bytes":	249011112,
				"bits_per_second":	1992094832.9052436,
				"omitted":	false,
				"sender":	false
			}
		}, {
			"streams":	[{
					"socket":	5,
					"start":	4.00001,
					"end":	5.000012,
					"seconds":	1.0000020265579224,
					"bytes":	249529496,
					"bits_per_second":	1996231922.5203826,
					"omitted":	false,
					"sender":	false
				}],
			"sum":	{
				"start":	4.00001,
				"end":	5.000012,
				"seconds":	1.0000020265579224,
				"bytes":	249529496,
				"bits_per_second":	1996231922.5203826,
				"omitted":	false,
				"sender":	false
			}
		}, {
			"streams":	[{
					"socket":	5,
					"start":	5.000012,
					"end":	6.000006,
					"seconds":	0.99999397993087769,
					"bytes":	250722648,
					"bits_per_second":	2005793259.0140643,
					"omitted":	false,
					"sender":	false
				}],
			"sum":	{
				"start":	5.000012,
				"end":	6.000006,
				"seconds":	0.99999397993087769,
				"bytes":	250722648,
				"bits_per_second":	2005793259.0140643,
				"omitted":	false,
				"sender":	false
			}
		}, {
			"streams":	[{
					"socket":	5,
					"start":	6.000006,
					"end":	7.000011,
					"seconds":	1.0000050067901611,
					"bytes":	251026728,
					"bits_per_second":	2008203769.3451262,
					"omitted":	false,
					"sender":	false
				}],
			"sum":	{
				"start":	6.000006,
				"end":	7.000011,
				"seconds":	1.0000050067901611,
				"bytes":	251026728,
				"bits_per_second":	2008203769.3451262,
				"omitted":	false,
				"sender":	false
			}
		}, {
			"streams":	[{
					"socket":	5,
					"start":	7.000011,
					"end":	8.000015,
					"seconds":	1.0000040531158447,
					"bytes":	250457664,
					"bits_per_second":	2003653190.9615045,
					"omitted":	false,
					"sender":	false
				}],
			"sum":	{
				"start":	7.000011,
				"end":	8.000015,
				"seconds":	1.0000040531158447,
				"bytes":	250457664,
				"bits_per_second":	2003653190.9615045,
				"omitted":	false,
				"sender":	false
			}
		}, {
			"streams":	[{
					"socket":	5,
					"start":	8.000015,
					"end":	9.000009,
					"seconds":	0.99999397993087769,
					"bytes":	249623616,
					"bits_per_second":	1997000950.0837569,
					"omitted":	false,
					"sender":	false
				}],
			"sum":	{
				"start":	8.000015,
				"end":	9.000009,
				"seconds":	0.99999397993087769,
				"bytes":	249623616,
				"bits_per_second":	1997000950.0837569,
				"omitted":	false,
				"sender":	false
			}
		}, {
			"streams":	[{
					"socket":	5,
					"start":	9.000009,
					"end":	10.00001,
					"seconds":	1.0000009536743164,
					"bytes":	251384384,
					"bits_per_second":	2011073154.0911846,
					"omitted":	false,
					"sender":	false
				}],
			"sum":	{
				"start":	9.000009,
				"end":	10.00001,
				"seconds":	1.0000009536743164,
				"bytes":	251384384,
				"bits_per_second":	2011073154.0911846,
				"omitted":	false,
				"sender":	false
			}
		}, {
			"streams":	[{
					"socket":	5,
					"start":	10.00001,
					"end":	11.000012,
					"seconds":	1.0000020265579224,
					"bytes":	251992544,
					"bits_per_second":	2015936266.588388,
					"omitted":	false,
					"sender":	false
				}],
			"sum":	{
				"start":	10.00001,
				"end":	11.000012,
				"seconds":	1.0000020265579224,
				"bytes":	251992544,
				"bits_per_second":	2015936266.588388,
				"omitted":	false,
				"sender":	false
			}
		}, {
			"streams":	[{
					"socket":	5,
					"start":	11.000012,
					"end":	12.000014,
					"seconds":	1.0000020265579224,
					"bytes":	249924800,
					"bits_per_second":	1999394348.1115439,
					"omitted":	false,
					"sender":	false
				}],
			"sum":	{
				"start":	11.000012,
				"end":	12.000014,
				"seconds":	1.0000020265579224,
				"bytes":	249924800,
				"bits_per_second":	1999394348.1115439,
				"omitted":	false,
				"sender":	false
			}
		}, {
			"streams":	[{
					"socket":	5,
					"start":	12.000014,
					"end":	13.00002,
					"seconds":	1.0000059604644775,
					"bytes":	250208608,
					"bits_per_second":	2001656933.1949534,
					"omitted":	false,
					"sender":	false
				}],
			"sum":	{
				"start":	12.000014,
				"end":	13.00002,
				"seconds":	1.0000059604644775,
				"bytes":	250208608,
				"bits_per_second":	2001656933.1949534,
				"omitted":	false,
				"sender":	false
			}
		}, {
			"streams":	[{
					"socket":	5,
					"start":	13.00002,
					"end":	14.000044,
					"seconds":	1.0000239610672,
					"bytes":	250356304,
					"bits_per_second":	2002802442.7160823,
					"omitted":	false,
					"sender":	false
				}],
			"sum":	{
				"start":	13.00002,
				"end":	14.000044,
				"seconds":	1.0000239610672,
				"bytes":	250356304,
				"bits_per_second":	2002802442.7160823,
				"omitted":	false,
				"sender":	false
			}
		}, {
			"streams":	[{
					"socket":	5,
					"start":	14.000044,
					"end":	15.000002,
					"seconds":	0.99995797872543335,
					"bytes":	249914664,
					"bits_per_second":	1999401329.3922312,
					"omitted":	false,
					"sender":	false
				}],
			"sum":	{
				"start":	14.000044,
				"end":	15.000002,
				"seconds":	0.99995797872543335,
				"bytes":	249914664,
				"bits_per_second":	1999401329.3922312,
				"omitted":	false,
				"sender":	false
			}
		}, {
			"streams":	[{
					"socket":	5,
					"start":	15.000002,
					"end":	16.000013,
					"seconds":	1.0000109672546387,
					"bytes":	251784032,
					"bits_per_second":	2014250165.2055323,
					"omitted":	false,
					"sender":	false
				}],
			"sum":	{
				"start":	15.000002,
				"end":	16.000013,
				"seconds":	1.0000109672546387,