{
	"start":	{
		"connected":	[{
				"socket":	5,
				"local_host":	"192.168.105.1",
				"local_port":	49433,
				"remote_host":	"192.168.105.2",
				"remote_port":	5201
			}],
		"version":	"iperf 3.20",
		"system_info":	"Darwin mimi-2.local 25.3.0 Darwin Kernel Version 25.3.0: Wed Jan 28 20:53:31 PST 2026; root:xnu-12377.81.4~5/RELEASE_ARM64_T8122 arm64",
		"timestamp":	{
			"time":	"Fri, 27 Feb 2026 20:08:47 UTC",
			"timesecs":	1772222927,
			"timemillisecs":	1772222927727
		},
		"connecting_to":	{
			"host":	"192.168.105.2",
			"port":	5201
		},
		"cookie":	"vc3lpyvtv2z4274rjglfsbvn5inyyhssdlke",
		"tcp_mss_default":	1448,
		"target_bitrate":	0,
		"fq_rate":	0,
		"sock_bufsize":	0,
		"sndbuf_actual":	131072,
		"rcvbuf_actual":	131072,
		"test_start":	{
			"protocol":	"TCP",
			"num_streams":	1,
			"blksize":	131072,
			"omit":	0,
			"duration":	30,
			"bytes":	0,
			"blocks":	0,
			"reverse":	0,
			"tos":	0,
			"target_bitrate":	0,
			"bidir":	0,
			"fqrate":	0,
			"interval":	1
		}
	},
	"intervals":	[{
			"streams":	[{
					"socket":	5,
					"start":	0,
					"end":	1.005017,
					"seconds":	1.0050170421600342,
					"bytes":	1379532800,
					"bits_per_second":	10981169410.103035,
					"omitted":	false,
					"sender":	true
				}],
			"sum":	{
				"start":	0,
				"end":	1.005017,
				"seconds":	1.0050170421600342,
				"bytes":	1379532800,
				"bits_per_second":	10981169410.103035,
				"omitted":	false,
				"sender":	true
			}
		}, {
			"streams":	[{
					"socket":	5,
					"start":	1.005017,
					"end":	2.003103,
					"seconds":	0.99808597564697266,
					"bytes":	1342701568,
					"bits_per_second":	10762211679.246513,
					"omitted":	false,
					"sender":	true
				}],
			"sum":	{
				"start":	1.005017,
				"end":	2.003103,
				"seconds":	0.99808597564697266,
				"bytes":	1342701568,
				"bits_per_second":	10762211679.246513,
				"omitted":	false,
				"sender":	true
			}
		}, {
			"streams":	[{
					"socket":	5,
					"start":	2.003103,
					"end":	3.003698,
					"seconds":	1.0005949735641479,
					"bytes":	1800273920,
					"bits_per_second":	14393627532.126192,
					"omitted":	false,
					"sender":	true
				}],
			"sum":	{
				"start":	2.003103,
				"end":	3.003698,
				"seconds":	1.0005949735641479,
				"bytes":	1800273920,
				"bits_per_second":	14393627532.126192,
				"omitted":	false,
				"sender":	true
			}
		}, {
			"streams":	[{
					"socket":	5,
					"start":	3.003698,
					"end":	4.001825,
					"seconds":	0.998126983642578,
					"bytes":	1774321664,
					"bits_per_second":	14221209870.710169,
					"omitted":	false,
					"sender":	true
				}],
			"sum":	{
				"start":	3.003698,
				"end":	4.001825,
				"seconds":	0.998126983642578,
				"bytes":	1774321664,
				"bits_per_second":	14221209870.710169,
				"omitted":	false,
				"sender":	true
			}
		}, {
			"streams":	[{
					"socket":	5,
					"start":	4.001825,
					"end":	5.001819,
					"seconds":	0.99999397993087769,
					"bytes":	1807876096,
					"bits_per_second":	14463095836.83666,
					"omitted":	false,
					"sender":	true
				}],
			"sum":	{
				"start":	4.001825,
				"end":	5.001819,
				"seconds":	0.99999397993087769,
				"bytes":	1807876096,
				"bits_per_second":	14463095836.83666,
				"omitted":	false,
				"sender":	true
			}
		}, {
			"streams":	[{
					"socket":	5,
					"start":	5.001819,
					"end":	6.005038,
					"seconds":	1.00321900844574,
					"bytes":	1776680960,
					"bits_per_second":	14167841279.264149,
					"omitted":	false,
					"sender":	true
				}],
			"sum":	{
				"start":	5.001819,
				"end":	6.005038,
				"seconds":	1.00321900844574,
				"bytes":	1776680960,
				"bits_per_second":	14167841279.264149,
				"omitted":	false,
				"sender":	true
			}
		}, {
			"streams":	[{
					"socket":	5,
					"start":	6.005038,
					"end":	7.003831,
					"seconds":	0.99879300594329834,
					"bytes":	1791229952,
					"bits_per_second":	14347156548.684832,
					"omitted":	false,
					"sender":	true
				}],
			"sum":	{
				"start":	6.005038,
				"end":	7.003831,
				"seconds":	0.99879300594329834,
				"bytes":	1791229952,
				"bits_per_second":	14347156548.684832,
				"omitted":	false,
				"sender":	true
			}
		}, {
			"streams":	[{
					"socket":	5,
					"start":	7.003831,
					"end":	8.001185,
					"seconds":	0.997353971004486,
					"bytes":	1775370240,
					"bits_per_second":	14240643074.489864,
					"omitted":	false,
					"sender":	true
				}],
			"sum":	{
				"start":	7.003831,
				"end":	8.001185,
				"seconds":	0.997353971004486,
				"bytes":	1775370240,
				"bits_per_second":	14240643074.489864,
				"omitted":	false,
				"sender":	true
			}
		}, {
			"streams":	[{
					"socket":	5,
					"start":	8.001185,
					"end":	9.00196,
					"seconds":	1.0007749795913696,
					"bytes":	1798307840,
					"bits_per_second":	14375322138.723125,
					"omitted":	false,
					"sender":	true
				}],
			"sum":	{
				"start":	8.001185,
				"end":	9.00196,
				"seconds":	1.0007749795913696,
				"bytes":	1798307840,
				"bits_per_second":	14375322138.723125,
				"omitted":	false,
				"sender":	true
			}
		}, {
			"streams":	[{
					"socket":	5,
					"start":	9.00196,
					"end":	10.00502,
					"seconds":	1.003059983253479,
					"bytes":	1806172160,
					"bits_per_second":	14405297311.465528,
					"omitted":	false,
					"sender":	true
				}],
			"sum":	{
				"start":	9.00196,
				"end":	10.00502,
				"seconds":	1.003059983253479,
				"bytes":	1806172160,
				"bits_per_second":	14405297311.465528,
				"omitted":	false,
				"sender":	true
			}
		}, {
			"streams":	[{
					"socket":	5,
					"start":	10.00502,
					"end":	11.005035,
					"seconds":	1.0000150203704834,
					"bytes":	1818099712,
					"bits_per_second":	14544579231.031425,
					"omitted":	false,
					"sender":	true
				}],
			"sum":	{
				"start":	10.00502,
				"end":	11.005035,
				"seconds":	1.0000150203704834,
				"bytes":	1818099712,
				"bits_per_second":	14544579231.031425,
				"omitted":	false,
				"sender":	true
			}
		}, {
			"streams":	[{
					"socket":	5,
					"start":	11.005035,
					"end":	12.005014,
					"seconds":	0.999979019165039,
					"bytes":	1814429696,
					"bits_per_second":	14515742120.389763,
					"omitted":	false,
					"sender":	true
				}],
			"sum":	{
				"start":	11.005035,
				"end":	12.005014,
				"seconds":	0.999979019165039,
				"bytes":	1814429696,
				"bits_per_second":	14515742120.389763,
				"omitted":	false,
				"sender":	true
			}
		}, {
			"streams":	[{
					"socket":	5,
					"start":	12.005014,
					"end":	13.005045,
					"seconds":	1.0000309944152832,
					"bytes":	1828323328,
					"bits_per_second":	14626133295.55065,
					"omitted":	false,
					"sender":	true
				}],
			"sum":	{
				"start":	12.005014,
				"end":	13.005045,
				"seconds":	1.0000309944152832,
				"bytes":	1828323328,
				"bits_per_second":	14626133295.55065,
				"omitted":	false,
				"sender":	true
			}
		}, {
			"streams":	[{
					"socket":	5,
					"start":	13.005045,
					"end":	14.005023,
					"seconds":	0.999978005886078,
					"bytes":	1821114368,
					"bits_per_second":	14569235381.422737,
					"omitted":	false,
					"sender":	true
				}],
			"sum":	{
				"start":	13.005045,
				"end":	14.005023,
				"seconds":	0.999978005886078,
				"bytes":	1821114368,
				"bits_per_second":	14569235381.422737,
				"omitted":	false,
				"sender":	true
			}
		}, {
			"streams":	[{
					"socket":	5,
					"start":	14.005023,
					"end":	15.005018,
					"seconds":	0.999994993209839,
					"bytes":	1827405824,
					"bits_per_second":	14619319787.866476,
					"omitted":	false,
					"sender":	true
				}],
			"sum":	{
				"start":	14.005023,
				"end":	15.005018,
				"seconds":	0.999994993209839,
				"bytes":	1827405824,
				"bits_per_second":	14619319787.866476,
				"omitted":	false,
				"sender":	true
			}
		}, {
			"streams":	[{
					"socket":	5,
					"start":	15.005018,
					"end":	16.004532,
					"seconds":	0.99951398372650146,
					"bytes":	1795031040,
					"bits_per_second":	14367231028.084763,
					"omitted":	false,
					"sender":	true
				}],