{
	"start":	{
		"connected":	[{
				"socket":	5,
				"local_host":	"10.100.102.151",
				"local_port":	49552,
				"remote_host":	"10.100.102.179",
				"remote_port":	5201
			}],
		"version":	"iperf 3.8.1 -  -- Apple version iperf3-117",
		"system_info":	"Darwin space-gray.local 24.3.0 Darwin Kernel Version 24.3.0: Thu Jan  2 20:24:23 PST 2025; root:xnu-11215.81.4~3/RELEASE_ARM64_T6020 arm64",
		"timestamp":	{
			"time":	"Sat, 22 Feb 2025 14:56:13 UTC",
			"timesecs":	1740236173
		},
		"connecting_to":	{
			"host":	"10.100.102.179",
			"port":	5201
		},
		"cookie":	"liq5voacwr2hr2wxlfryha4oc22k6aej74er",
		"tcp_mss_default":	1448,
		"sock_bufsize":	0,
		"sndbuf_actual":	131072,
		"rcvbuf_actual":	131072,
		"test_start":	{
			"protocol":	"TCP",
			"num_streams":	1,
			"blksize":	131072,
			"omit":	0,
			"duration":	30,
			"bytes":	0,
			"blocks":	0,
			"reverse":	0,
			"tos":	0
		}
	},
	"intervals":	[{
			"streams":	[{
					"socket":	5,
					"start":	0,
					"end":	1.000006,
					"seconds":	1.0000059604644775,
					"bytes":	301637736,
					"bits_per_second":	2413087504.877646,
					"retransmits":	0,
					"snd_cwnd":	8388480,
					"rtt":	13,
					"rttvar":	0,
					"pmtu":	-1,
					"omitted":	false,
					"sender":	true
				}],
			"sum":	{
				"start":	0,
				"end":	1.000006,
				"seconds":	1.0000059604644775,
				"bytes":	301637736,
				"bits_per_second":	2413087504.877646,
				"retransmits":	0,
				"omitted":	false,
				"sender":	true
			}
		}, {
			"streams":	[{
					"socket":	5,
					"start":	1.000006,
					"end":	2.000006,
					"seconds":	1,
					"bytes":	306155144,
					"bits_per_second":	2449241152,
					"retransmits":	0,
					"snd_cwnd":	8388480,
					"rtt":	14,
					"rttvar":	0,
					"pmtu":	-1,
					"omitted":	false,
					"sender":	true
				}],
			"sum":	{
				"start":	1.000006,
				"end":	2.000006,
				"seconds":	1,
				"bytes":	306155144,
				"bits_per_second":	2449241152,
				"retransmits":	0,
				"omitted":	false,
				"sender":	true
			}
		}, {
			"streams":	[{
					"socket":	5,
					"start":	2.000006,
					"end":	3.000017,
					"seconds":	1.0000109672546387,
					"bytes":	307523392,
					"bits_per_second":	2460160154.79713,
					"retransmits":	0,
					"snd_cwnd":	8388480,
					"rtt":	12,
					"rttvar":	0,
					"pmtu":	-1,
					"omitted":	false,
					"sender":	true
				}],
			"sum":	{
				"start":	2.000006,
				"end":	3.000017,
				"seconds":	1.0000109672546387,
				"bytes":	307523392,
				"bits_per_second":	2460160154.79713,
				"retransmits":	0,
				"omitted":	false,
				"sender":	true
			}
		}, {
			"streams":	[{
					"socket":	5,
					"start":	3.000017,
					"end":	4.000002,
					"seconds":	0.9999849796295166,
					"bytes":	302052704,
					"bits_per_second":	2416457928.0933375,
					"retransmits":	0,
					"snd_cwnd":	8388480,
					"rtt":	14,
					"rttvar":	0,
					"pmtu":	-1,
					"omitted":	false,
					"sender":	true
				}],
			"sum":	{
				"start":	3.000017,
				"end":	4.000002,
				"seconds":	0.9999849796295166,
				"bytes":	302052704,
				"bits_per_second":	2416457928.0933375,
				"retransmits":	0,
				"omitted":	false,
				"sender":	true
			}
		}, {
			"streams":	[{
					"socket":	5,
					"start":	4.000002,
					"end":	5.00001,
					"seconds":	1.0000079870224,
					"bytes":	304993040,
					"bits_per_second":	2439924832.2657108,
					"retransmits":	0,
					"snd_cwnd":	8388480,
					"rtt":	15,
					"rttvar":	0,
					"pmtu":	-1,
					"omitted":	false,
					"sender":	true
				}],
			"sum":	{
				"start":	4.000002,
				"end":	5.00001,
				"seconds":	1.0000079870224,
				"bytes":	304993040,
				"bits_per_second":	2439924832.2657108,
				"retransmits":	0,
				"omitted":	false,
				"sender":	true
			}
		}, {
			"streams":	[{
					"socket":	5,
					"start":	5.00001,
					"end":	6.000033,
					"seconds":	1.0000230073928833,
					"bytes":	303150432,
					"bits_per_second":	2425147659.674994,
					"retransmits":	0,
					"snd_cwnd":	8388480,
					"rtt":	15,
					"rttvar":	0,
					"pmtu":	-1,
					"omitted":	false,
					"sender":	true
				}],
			"sum":	{
				"start":	5.00001,
				"end":	6.000033,
				"seconds":	1.0000230073928833,
				"bytes":	303150432,
				"bits_per_second":	2425147659.674994,
				"retransmits":	0,
				"omitted":	false,
				"sender":	true
			}
		}, {
			"streams":	[{
					"socket":	5,
					"start":	6.000033,
					"end":	7.00001,
					"seconds":	0.9999769926071167,
					"bytes":	300978288,
					"bits_per_second":	2407881703.08036,
					"retransmits":	0,
					"snd_cwnd":	8388480,
					"rtt":	14,
					"rttvar":	0,
					"pmtu":	-1,
					"omitted":	false,
					"sender":	true
				}],
			"sum":	{
				"start":	6.000033,
				"end":	7.00001,
				"seconds":	0.9999769926071167,
				"bytes":	300978288,
				"bits_per_second":	2407881703.08036,
				"retransmits":	0,
				"omitted":	false,
				"sender":	true
			}
		}, {
			"streams":	[{
					"socket":	5,
					"start":	7.00001,
					"end":	8.000023,
					"seconds":	1.000012993812561,
					"bytes":	302534768,
					"bits_per_second":	2420246695.7680836,
					"retransmits":	0,
					"snd_cwnd":	8388480,
					"rtt":	14,
					"rttvar":	0,
					"pmtu":	-1,
					"omitted":	false,
					"sender":	true
				}],
			"sum":	{
				"start":	7.00001,
				"end":	8.000023,
				"seconds":	1.000012993812561,
				"bytes":	302534768,
				"bits_per_second":	2420246695.7680836,
				"retransmits":	0,
				"omitted":	false,
				"sender":	true
			}
		}, {
			"streams":	[{
					"socket":	5,
					"start":	8.000023,
					"end":	9.000066,
					"seconds":	1.0000430345535278,
					"bytes":	303266128,
					"bits_per_second":	2426024621.1135826,
					"retransmits":	0,
					"snd_cwnd":	8388480,
					"rtt":	14,
					"rttvar":	0,
					"pmtu":	-1,
					"omitted":	false,
					"sender":	true
				}],
			"sum":	{
				"start":	8.000023,
				"end":	9.000066,
				"seconds":	1.0000430345535278,
				"bytes":	303266128,
				"bits_per_second":	2426024621.1135826,
				"retransmits":	0,
				"omitted":	false,
				"sender":	true
			}
		}, {
			"streams":	[{
					"socket":	5,
					"start":	9.000066,
					"end":	10.000016,
					"seconds":	0.99994999170303345,
					"bytes":	300631464,
					"bits_per_second":	2405171990.5551591,
					"retransmits":	0,
					"snd_cwnd":	8388480,
					"rtt":	12,
					"rttvar":	0,
					"pmtu":	-1,
					"omitted":	false,
					"sender":	true
				}],
			"sum":	{
				"start":	9.000066,
				"end":	10.000016,
				"seconds":	0.99994999170303345,
				"bytes":	300631464,
				"bits_per_second":	2405171990.5551591,
				"retransmits":	0,
				"omitted":	false,
				"sender":	true
			}
		}, {
			"streams":	[{
					"socket":	5,
					"start":	10.000016,
					"end":	11.000017,
					"seconds":	1.0000009536743164,
					"bytes":	301776192,
					"bits_per_second":	2414207233.6325669,
					"retransmits":	0,
					"snd_cwnd":	8388480,
					"rtt":	14,
					"rttvar":	0,
					"pmtu":	-1,
					"omitted":	false,
					"sender":	true
				}],
			"sum":	{
				"start":	10.000016,
				"end":	11.000017,
				"seconds":	1.0000009536743164,
				"bytes":	301776192,
				"bits_per_second":	2414207233.6325669,
				"retransmits":	0,
				"omitted":	false,
				"sender":	true
			}
		}, {
			"streams":	[{
					"socket":	5,
					"start":	11.000017,
					"end":	12.000048,
					"seconds":	1.0000309944152832,
					"bytes":	302101064,
					"bits_per_second":	2416733606.7549634,
					"retransmits":	0,
					"snd_cwnd":	8388480,
					"rtt":	15,
					"rttvar":	0,
					"pmtu":	-1,
					"omitted":	false,
					"sender":	true
				}],
			"sum":	{
				"start":	11.000017,
				"end":	12.000048,
				"seconds":	1.0000309944152832,
				"bytes":	302101064,
				"bits_per_second":	2416733606.7549634,
				"retransmits":	0,
				"omitted":	false,
				"sender":	true
			}
		}, {
			"streams":	[{
					"socket":	5,
					"start":	12.000048,
					"end":	13.000004,
					"seconds":	0.99995601177215576,
					"bytes":	302430896,
					"bits_per_second":	2419553599.8750324,
					"retransmits":	0,
					"snd_cwnd":	8388480,
					"rtt":	13,
					"rttvar":	0,
					"pmtu":	-1,
					"omitted":	false,