{
	"start":	{
		"connected":	[{
				"socket":	5,
				"local_host":	"10.100.102.151",
				"local_port":	49554,
				"remote_host":	"10.100.102.179",
				"remote_port":	5201
			}],
		"version":	"iperf 3.8.1 -  -- Apple version iperf3-117",
		"system_info":	"Darwin space-gray.local 24.3.0 Darwin Kernel Version 24.3.0: Thu Jan  2 20:24:23 PST 2025; root:xnu-11215.81.4~3/RELEASE_ARM64_T6020 arm64",
		"timestamp":	{
			"time":	"Sat, 22 Feb 2025 14:56:43 UTC",
			"timesecs":	1740236203
		},
		"connecting_to":	{
			"host":	"10.100.102.179",
			"port":	5201
		},
		"cookie":	"faugfthytsyj5ss3lb2uanwvbzk24g2u72i3",
		"tcp_mss_default":	1448,
		"sock_bufsize":	0,
		"sndbuf_actual":	131072,
		"rcvbuf_actual":	131072,
		"test_start":	{
			"protocol":	"TCP",
			"num_streams":	1,
			"blksize":	131072,
			"omit":	0,
			"duration":	30,
			"bytes":	0,
			"blocks":	0,
			"reverse":	1,
			"tos":	0
		}
	},
	"intervals":	[{
			"streams":	[{
					"socket":	5,
					"start":	0,
					"end":	1.000009,
					"seconds":	1.0000089406967163,
					"bytes":	236304992,
					"bits_per_second":	1890423034.3009849,
					"omitted":	false,
					"sender":	false
				}],
			"sum":	{
				"start":	0,
				"end":	1.000009,
				"seconds":	1.0000089406967163,
				"bytes":	236304992,
				"bits_per_second":	1890423034.3009849,
				"omitted":	false,
				"sender":	false
			}
		}, {
			"streams":	[{
					"socket":	5,
					"start":	1.000009,
					"end":	2.000002,
					"seconds":	0.99999302625656128,
					"bytes":	236293856,
					"bits_per_second":	1890364030.9137573,
					"omitted":	false,
					"sender":	false
				}],
			"sum":	{
				"start":	1.000009,
				"end":	2.000002,
				"seconds":	0.99999302625656128,
				"bytes":	236293856,
				"bits_per_second":	1890364030.9137573,
				"omitted":	false,
				"sender":	false
			}
		}, {
			"streams":	[{
					"socket":	5,
					"start":	2.000002,
					"end":	3.00001,
					"seconds":	1.0000079870224,
					"bytes":	235319016,
					"bits_per_second":	1882537092.1340766,
					"omitted":	false,
					"sender":	false
				}],
			"sum":	{
				"start":	2.000002,
				"end":	3.00001,
				"seconds":	1.0000079870224,
				"bytes":	235319016,
				"bits_per_second":	1882537092.1340766,
				"omitted":	false,
				"sender":	false
			}
		}, {
			"streams":	[{
					"socket":	5,
					"start":	3.00001,
					"end":	4.000003,
					"seconds":	0.99999302625656128,
					"bytes":	235499128,
					"bits_per_second":	1884006162.5756147,
					"omitted":	false,
					"sender":	false
				}],
			"sum":	{
				"start":	3.00001,
				"end":	4.000003,
				"seconds":	0.99999302625656128,
				"bytes":	235499128,
				"bits_per_second":	1884006162.5756147,
				"omitted":	false,
				"sender":	false
			}
		}, {
			"streams":	[{
					"socket":	5,
					"start":	4.000003,
					"end":	5.00001,
					"seconds":	1.0000070333480835,
					"bytes":	235531120,
					"bits_per_second":	1884235707.5143976,
					"omitted":	false,
					"sender":	false
				}],
			"sum":	{
				"start":	4.000003,
				"end":	5.00001,
				"seconds":	1.0000070333480835,
				"bytes":	235531120,
				"bits_per_second":	1884235707.5143976,
				"omitted":	false,
				"sender":	false
			}
		}, {
			"streams":	[{
					"socket":	5,
					"start":	5.00001,
					"end":	6.000003,
					"seconds":	0.99999302625656128,
					"bytes":	236936768,
					"bits_per_second":	1895507362.7820342,
					"omitted":	false,
					"sender":	false
				}],
			"sum":	{
				"start":	5.00001,
				"end":	6.000003,
				"seconds":	0.99999302625656128,
				"bytes":	236936768,
				"bits_per_second":	1895507362.7820342,
				"omitted":	false,
				"sender":	false
			}
		}, {
			"streams":	[{
					"socket":	5,
					"start":	6.000003,
					"end":	7.000005,
					"seconds":	1.0000020265579224,
					"bytes":	236291240,
					"bits_per_second":	1890326089.1446881,
					"omitted":	false,
					"sender":	false
				}],
			"sum":	{
				"start":	6.000003,
				"end":	7.000005,
				"seconds":	1.0000020265579224,
				"bytes":	236291240,
				"bits_per_second":	1890326089.1446881,
				"omitted":	false,
				"sender":	false
			}
		}, {
			"streams":	[{
					"socket":	5,
					"start":	7.000005,
					"end":	8.000001,
					"seconds":	0.9999960064888,
					"bytes":	236038616,
					"bits_per_second":	1888316469.0129681,
					"omitted":	false,
					"sender":	false
				}],
			"sum":	{
				"start":	7.000005,
				"end":	8.000001,
				"seconds":	0.9999960064888,
				"bytes":	236038616,
				"bits_per_second":	1888316469.0129681,
				"omitted":	false,
				"sender":	false
			}
		}, {
			"streams":	[{
					"socket":	5,
					"start":	8.000001,
					"end":	9.000008,
					"seconds":	1.0000070333480835,
					"bytes":	235349344,
					"bits_per_second":	1882781509.7422769,
					"omitted":	false,
					"sender":	false
				}],
			"sum":	{
				"start":	8.000001,
				"end":	9.000008,
				"seconds":	1.0000070333480835,
				"bytes":	235349344,
				"bits_per_second":	1882781509.7422769,
				"omitted":	false,
				"sender":	false
			}
		}, {
			"streams":	[{
					"socket":	5,
					"start":	9.000008,
					"end":	10.000012,
					"seconds":	1.0000040531158447,
					"bytes":	235906264,
					"bits_per_second":	1887242462.7876713,
					"omitted":	false,
					"sender":	false
				}],
			"sum":	{
				"start":	9.000008,
				"end":	10.000012,
				"seconds":	1.0000040531158447,
				"bytes":	235906264,
				"bits_per_second":	1887242462.7876713,
				"omitted":	false,
				"sender":	false
			}
		}, {
			"streams":	[{
					"socket":	5,
					"start":	10.000012,
					"end":	11.000015,
					"seconds":	1.0000029802322388,
					"bytes":	235155448,
					"bits_per_second":	1881237977.4739308,
					"omitted":	false,
					"sender":	false
				}],
			"sum":	{
				"start":	10.000012,
				"end":	11.000015,
				"seconds":	1.0000029802322388,
				"bytes":	235155448,
				"bits_per_second":	1881237977.4739308,
				"omitted":	false,
				"sender":	false
			}
		}, {
			"streams":	[{
					"socket":	5,
					"start":	11.000015,
					"end":	12.000008,
					"seconds":	0.99999302625656128,
					"bytes":	236360824,
					"bits_per_second":	1890899778.6499248,
					"omitted":	false,
					"sender":	false
				}],
			"sum":	{
				"start":	11.000015,
				"end":	12.000008,
				"seconds":	0.99999302625656128,
				"bytes":	236360824,
				"bits_per_second":	1890899778.6499248,
				"omitted":	false,
				"sender":	false
			}
		}, {
			"streams":	[{
					"socket":	5,
					"start":	12.000008,
					"end":	13.000002,
					"seconds":	0.99999397993087769,
					"bytes":	236071088,
					"bits_per_second":	1888580073.3825848,
					"omitted":	false,
					"sender":	false
				}],
			"sum":	{
				"start":	12.000008,
				"end":	13.000002,
				"seconds":	0.99999397993087769,
				"bytes":	236071088,
				"bits_per_second":	1888580073.3825848,
				"omitted":	false,
				"sender":	false
			}
		}, {
			"streams":	[{
					"socket":	5,
					"start":	13.000002,
					"end":	14.00001,
					"seconds":	1.0000079870224,
					"bytes":	236243592,
					"bits_per_second":	1889933641.0576746,
					"omitted":	false,
					"sender":	false
				}],
			"sum":	{
				"start":	13.000002,
				"end":	14.00001,
				"seconds":	1.0000079870224,
				"bytes":	236243592,
				"bits_per_second":	1889933641.0576746,
				"omitted":	false,
				"sender":	false
			}
		}, {
			"streams":	[{
					"socket":	5,
					"start":	14.00001,
					"end":	15.00001,
					"seconds":	1,
					"bytes":	236197592,
					"bits_per_second":	1889580736,
					"omitted":	false,
					"sender":	false
				}],
			"sum":	{
				"start":	14.00001,
				"end":	15.00001,
				"seconds":	1,
				"bytes":	236197592,
				"bits_per_second":	1889580736,
				"omitted":	false,
				"sender":	false
			}
		}, {
			"streams":	[{
					"socket":	5,
					"start":	15.00001,
					"end":	16.000007,
					"seconds":	0.99999701976776123,
					"bytes":	235964160,
					"bits_per_second":	1887718905.8407409,
					"omitted":	false,
					"sender":	false
				}],
			"sum":	{
				"start":	15.00001,
				"end":	16.000007,
				"seconds":	0.99999701976776123,
				"bytes":	235964160,
				"bits_per_second":	1887718905.8407409,