{
	"start":	{
		"connected":	[{
				"socket":	5,
				"local_host":	"10.100.102.149",
				"local_port":	51016,
				"remote_host":	"10.100.102.182",
				"remote_port":	5201
			}],
		"version":	"iperf 3.8.1 -  -- Apple version iperf3-117.100.3",
		"system_info":	"Darwin mimi-2.local 24.6.0 Darwin Kernel Version 24.6.0: Mon Jul 14 11:29:54 PDT 2025; root:xnu-11417.140.69~1/RELEASE_ARM64_T8122 arm64",
		"timestamp":	{
			"time":	"Sun, 31 Aug 2025 07:57:30 UTC",
			"timesecs":	1756627050
		},
		"connecting_to":	{
			"host":	"10.100.102.182",
			"port":	5201
		},
		"cookie":	"652h7gbzsugmtsa7i5pmnpb2viuo5hj5bobs",
		"tcp_mss_default":	1448,
		"sock_bufsize":	0,
		"sndbuf_actual":	131072,
		"rcvbuf_actual":	131072,
		"test_start":	{
			"protocol":	"TCP",
			"num_streams":	1,
			"blksize":	131072,
			"omit":	0,
			"duration":	30,
			"bytes":	0,
			"blocks":	0,
			"reverse":	0,
			"tos":	0
		}
	},
	"intervals":	[{
			"streams":	[{
					"socket":	5,
					"start":	0,
					"end":	1.000027,
					"seconds":	1.0000269412994385,
					"bytes":	433498320,
					"bits_per_second":	3467893130.4527516,
					"retransmits":	0,
					"snd_cwnd":	7746837,
					"rtt":	8,
					"rttvar":	0,
					"pmtu":	-1,
					"omitted":	false,
					"sender":	true
				}],
			"sum":	{
				"start":	0,
				"end":	1.000027,
				"seconds":	1.0000269412994385,
				"bytes":	433498320,
				"bits_per_second":	3467893130.4527516,
				"retransmits":	0,
				"omitted":	false,
				"sender":	true
			}
		}, {
			"streams":	[{
					"socket":	5,
					"start":	1.000027,
					"end":	2.000038,
					"seconds":	1.0000109672546387,
					"bytes":	435192056,
					"bits_per_second":	3481498265.5219979,
					"retransmits":	0,
					"snd_cwnd":	7746837,
					"rtt":	6,
					"rttvar":	0,
					"pmtu":	-1,
					"omitted":	false,
					"sender":	true
				}],
			"sum":	{
				"start":	1.000027,
				"end":	2.000038,
				"seconds":	1.0000109672546387,
				"bytes":	435192056,
				"bits_per_second":	3481498265.5219979,
				"retransmits":	0,
				"omitted":	false,
				"sender":	true
			}
		}, {
			"streams":	[{
					"socket":	5,
					"start":	2.000038,
					"end":	3.000055,
					"seconds":	1.0000170469284058,
					"bytes":	436900696,
					"bits_per_second":	3495145986.4966,
					"retransmits":	0,
					"snd_cwnd":	7746837,
					"rtt":	9,
					"rttvar":	1,
					"pmtu":	-1,
					"omitted":	false,
					"sender":	true
				}],
			"sum":	{
				"start":	2.000038,
				"end":	3.000055,
				"seconds":	1.0000170469284058,
				"bytes":	436900696,
				"bits_per_second":	3495145986.4966,
				"retransmits":	0,
				"omitted":	false,
				"sender":	true
			}
		}, {
			"streams":	[{
					"socket":	5,
					"start":	3.000055,
					"end":	4.000042,
					"seconds":	0.999987006187439,
					"bytes":	431106224,
					"bits_per_second":	3448894606.2900567,
					"retransmits":	0,
					"snd_cwnd":	8211645,
					"rtt":	7,
					"rttvar":	0,
					"pmtu":	-1,
					"omitted":	false,
					"sender":	true
				}],
			"sum":	{
				"start":	3.000055,
				"end":	4.000042,
				"seconds":	0.999987006187439,
				"bytes":	431106224,
				"bits_per_second":	3448894606.2900567,
				"retransmits":	0,
				"omitted":	false,
				"sender":	true
			}
		}, {
			"streams":	[{
					"socket":	5,
					"start":	4.000042,
					"end":	5.000012,
					"seconds":	0.999970018863678,
					"bytes":	440892832,
					"bits_per_second":	3527248406.91533,
					"retransmits":	0,
					"snd_cwnd":	8211645,
					"rtt":	7,
					"rttvar":	0,
					"pmtu":	-1,
					"omitted":	false,
					"sender":	true
				}],
			"sum":	{
				"start":	4.000042,
				"end":	5.000012,
				"seconds":	0.999970018863678,
				"bytes":	440892832,
				"bits_per_second":	3527248406.91533,
				"retransmits":	0,
				"omitted":	false,
				"sender":	true
			}
		}, {
			"streams":	[{
					"socket":	5,
					"start":	5.000012,
					"end":	6.000011,
					"seconds":	0.99999898672103882,
					"bytes":	438744000,
					"bits_per_second":	3509955556.56412,
					"retransmits":	0,
					"snd_cwnd":	8211645,
					"rtt":	7,
					"rttvar":	0,
					"pmtu":	-1,
					"omitted":	false,
					"sender":	true
				}],
			"sum":	{
				"start":	5.000012,
				"end":	6.000011,
				"seconds":	0.99999898672103882,
				"bytes":	438744000,
				"bits_per_second":	3509955556.56412,
				"retransmits":	0,
				"omitted":	false,
				"sender":	true
			}
		}, {
			"streams":	[{
					"socket":	5,
					"start":	6.000011,
					"end":	7.000009,
					"seconds":	0.99999797344207764,
					"bytes":	443777248,
					"bits_per_second":	3550225178.7369623,
					"retransmits":	0,
					"snd_cwnd":	8211645,
					"rtt":	7,
					"rttvar":	0,
					"pmtu":	-1,
					"omitted":	false,
					"sender":	true
				}],
			"sum":	{
				"start":	6.000011,
				"end":	7.000009,
				"seconds":	0.99999797344207764,
				"bytes":	443777248,
				"bits_per_second":	3550225178.7369623,
				"retransmits":	0,
				"omitted":	false,
				"sender":	true
			}
		}, {
			"streams":	[{
					"socket":	5,
					"start":	7.000009,
					"end":	8.000014,
					"seconds":	1.0000050067901611,
					"bytes":	438216928,
					"bits_per_second":	3505717871.6062527,
					"retransmits":	0,
					"snd_cwnd":	8211645,
					"rtt":	7,
					"rttvar":	0,
					"pmtu":	-1,
					"omitted":	false,
					"sender":	true
				}],
			"sum":	{
				"start":	7.000009,
				"end":	8.000014,
				"seconds":	1.0000050067901611,
				"bytes":	438216928,
				"bits_per_second":	3505717871.6062527,
				"retransmits":	0,
				"omitted":	false,
				"sender":	true
			}
		}, {
			"streams":	[{
					"socket":	5,
					"start":	8.000014,
					"end":	9.000017,
					"seconds":	1.0000029802322388,
					"bytes":	443615072,
					"bits_per_second":	3548909999.4240074,
					"retransmits":	0,
					"snd_cwnd":	8211645,
					"rtt":	7,
					"rttvar":	0,
					"pmtu":	-1,
					"omitted":	false,
					"sender":	true
				}],
			"sum":	{
				"start":	8.000014,
				"end":	9.000017,
				"seconds":	1.0000029802322388,
				"bytes":	443615072,
				"bits_per_second":	3548909999.4240074,
				"retransmits":	0,
				"omitted":	false,
				"sender":	true
			}
		}, {
			"streams":	[{
					"socket":	5,
					"start":	9.000017,
					"end":	10.000004,
					"seconds":	0.999987006187439,
					"bytes":	443652720,
					"bits_per_second":	3549267878.5215425,
					"retransmits":	0,
					"snd_cwnd":	8211645,
					"rtt":	8,
					"rttvar":	1,
					"pmtu":	-1,
					"omitted":	false,
					"sender":	true
				}],
			"sum":	{
				"start":	9.000017,
				"end":	10.000004,
				"seconds":	0.999987006187439,
				"bytes":	443652720,
				"bits_per_second":	3549267878.5215425,
				"retransmits":	0,
				"omitted":	false,
				"sender":	true
			}
		}, {
			"streams":	[{
					"socket":	5,
					"start":	10.000004,
					"end":	11.000014,
					"seconds":	1.0000100135803223,
					"bytes":	440357072,
					"bits_per_second":	3522821299.9459519,
					"retransmits":	0,
					"snd_cwnd":	8211645,
					"rtt":	7,
					"rttvar":	0,
					"pmtu":	-1,
					"omitted":	false,
					"sender":	true
				}],
			"sum":	{
				"start":	10.000004,
				"end":	11.000014,
				"seconds":	1.0000100135803223,
				"bytes":	440357072,
				"bits_per_second":	3522821299.9459519,
				"retransmits":	0,
				"omitted":	false,
				"sender":	true
			}
		}, {
			"streams":	[{
					"socket":	5,
					"start":	11.000014,
					"end":	12.000055,
					"seconds":	1.0000410079956055,
					"bytes":	444440432,
					"bits_per_second":	3555377657.0886621,
					"retransmits":	0,
					"snd_cwnd":	8211645,
					"rtt":	7,
					"rttvar":	0,
					"pmtu":	-1,
					"omitted":	false,
					"sender":	true
				}],
			"sum":	{
				"start":	11.000014,
				"end":	12.000055,
				"seconds":	1.0000410079956055,
				"bytes":	444440432,
				"bits_per_second":	3555377657.0886621,
				"retransmits":	0,
				"omitted":	false,
				"sender":	true
			}
		}, {
			"streams":	[{
					"socket":	5,
					"start":	12.000055,
					"end":	13.000009,
					"seconds":	0.9999539852142334,
					"bytes":	445995584,
					"bits_per_second":	3568128858.68502,
					"retransmits":	0,
					"snd_cwnd":	8211645,
					"rtt":	7,
					"rttvar":	0,