{
	"start":	{
		"connected":	[{
				"socket":	5,
				"local_host":	"10.100.102.149",
				"local_port":	51018,
				"remote_host":	"10.100.102.182",
				"remote_port":	5201
			}],
		"version":	"iperf 3.8.1 -  -- Apple version iperf3-117.100.3",
		"system_info":	"Darwin mimi-2.local 24.6.0 Darwin Kernel Version 24.6.0: Mon Jul 14 11:29:54 PDT 2025; root:xnu-11417.140.69~1/RELEASE_ARM64_T8122 arm64",
		"timestamp":	{
			"time":	"Sun, 31 Aug 2025 07:58:00 UTC",
			"timesecs":	1756627080
		},
		"connecting_to":	{
			"host":	"10.100.102.182",
			"port":	5201
		},
		"cookie":	"3nt7bo4jpchucijb5apv6u6mgqjqlofpfqee",
		"tcp_mss_default":	1448,
		"sock_bufsize":	0,
		"sndbuf_actual":	131072,
		"rcvbuf_actual":	131072,
		"test_start":	{
			"protocol":	"TCP",
			"num_streams":	1,
			"blksize":	131072,
			"omit":	0,
			"duration":	30,
			"bytes":	0,
			"blocks":	0,
			"reverse":	1,
			"tos":	0
		}
	},
	"intervals":	[{
			"streams":	[{
					"socket":	5,
					"start":	0,
					"end":	1.000016,
					"seconds":	1.0000159740448,
					"bytes":	287119576,
					"bits_per_second":	2296919916.8983459,
					"omitted":	false,
					"sender":	false
				}],
			"sum":	{
				"start":	0,
				"end":	1.000016,
				"seconds":	1.0000159740448,
				"bytes":	287119576,
				"bits_per_second":	2296919916.8983459,
				"omitted":	false,
				"sender":	false
			}
		}, {
			"streams":	[{
					"socket":	5,
					"start":	1.000016,
					"end":	2.000033,
					"seconds":	1.0000170469284058,
					"bytes":	289543528,
					"bits_per_second":	2316308738.050777,
					"omitted":	false,
					"sender":	false
				}],
			"sum":	{
				"start":	1.000016,
				"end":	2.000033,
				"seconds":	1.0000170469284058,
				"bytes":	289543528,
				"bits_per_second":	2316308738.050777,
				"omitted":	false,
				"sender":	false
			}
		}, {
			"streams":	[{
					"socket":	5,
					"start":	2.000033,
					"end":	3.000072,
					"seconds":	1.0000389814376831,
					"bytes":	287727736,
					"bits_per_second":	2301732163.1711183,
					"omitted":	false,
					"sender":	false
				}],
			"sum":	{
				"start":	2.000033,
				"end":	3.000072,
				"seconds":	1.0000389814376831,
				"bytes":	287727736,
				"bits_per_second":	2301732163.1711183,
				"omitted":	false,
				"sender":	false
			}
		}, {
			"streams":	[{
					"socket":	5,
					"start":	3.000072,
					"end":	4.000021,
					"seconds":	0.99994897842407227,
					"bytes":	290703376,
					"bits_per_second":	2325745671.209352,
					"omitted":	false,
					"sender":	false
				}],
			"sum":	{
				"start":	3.000072,
				"end":	4.000021,
				"seconds":	0.99994897842407227,
				"bytes":	290703376,
				"bits_per_second":	2325745671.209352,
				"omitted":	false,
				"sender":	false
			}
		}, {
			"streams":	[{
					"socket":	5,
					"start":	4.000021,
					"end":	5.000015,
					"seconds":	0.99999397993087769,
					"bytes":	287808824,
					"bits_per_second":	2302484453.115561,
					"omitted":	false,
					"sender":	false
				}],
			"sum":	{
				"start":	4.000021,
				"end":	5.000015,
				"seconds":	0.99999397993087769,
				"bytes":	287808824,
				"bits_per_second":	2302484453.115561,
				"omitted":	false,
				"sender":	false
			}
		}, {
			"streams":	[{
					"socket":	5,
					"start":	5.000015,
					"end":	6.0001,
					"seconds":	1.00008499622345,
					"bytes":	290723648,
					"bits_per_second":	2325591517.5037255,
					"omitted":	false,
					"sender":	false
				}],
			"sum":	{
				"start":	5.000015,
				"end":	6.0001,
				"seconds":	1.00008499622345,
				"bytes":	290723648,
				"bits_per_second":	2325591517.5037255,
				"omitted":	false,
				"sender":	false
			}
		}, {
			"streams":	[{
					"socket":	5,
					"start":	6.0001,
					"end":	7.000022,
					"seconds":	0.999921977519989,
					"bytes":	287320848,
					"bits_per_second":	2298746137.8745928,
					"omitted":	false,
					"sender":	false
				}],
			"sum":	{
				"start":	6.0001,
				"end":	7.000022,
				"seconds":	0.999921977519989,
				"bytes":	287320848,
				"bits_per_second":	2298746137.8745928,
				"omitted":	false,
				"sender":	false
			}
		}, {
			"streams":	[{
					"socket":	5,
					"start":	7.000022,
					"end":	8.000005,
					"seconds":	0.999983012676239,
					"bytes":	285445688,
					"bits_per_second":	2283604296.3255239,
					"omitted":	false,
					"sender":	false
				}],
			"sum":	{
				"start":	7.000022,
				"end":	8.000005,
				"seconds":	0.999983012676239,
				"bytes":	285445688,
				"bits_per_second":	2283604296.3255239,
				"omitted":	false,
				"sender":	false
			}
		}, {
			"streams":	[{
					"socket":	5,
					"start":	8.000005,
					"end":	9.000024,
					"seconds":	1.0000189542770386,
					"bytes":	285777280,
					"bits_per_second":	2286174907.20745,
					"omitted":	false,
					"sender":	false
				}],
			"sum":	{
				"start":	8.000005,
				"end":	9.000024,
				"seconds":	1.0000189542770386,
				"bytes":	285777280,
				"bits_per_second":	2286174907.20745,
				"omitted":	false,
				"sender":	false
			}
		}, {
			"streams":	[{
					"socket":	5,
					"start":	9.000024,
					"end":	10.000011,
					"seconds":	0.999987006187439,
					"bytes":	285088032,
					"bits_per_second":	2280733891.4286866,
					"omitted":	false,
					"sender":	false
				}],
			"sum":	{
				"start":	9.000024,
				"end":	10.000011,
				"seconds":	0.999987006187439,
				"bytes":	285088032,
				"bits_per_second":	2280733891.4286866,
				"omitted":	false,
				"sender":	false
			}
		}, {
			"streams":	[{
					"socket":	5,
					"start":	10.000011,
					"end":	11.00001,
					"seconds":	0.99999898672103882,
					"bytes":	286046608,
					"bits_per_second":	2288375182.7624278,
					"omitted":	false,
					"sender":	false
				}],
			"sum":	{
				"start":	10.000011,
				"end":	11.00001,
				"seconds":	0.99999898672103882,
				"bytes":	286046608,
				"bits_per_second":	2288375182.7624278,
				"omitted":	false,
				"sender":	false
			}
		}, {
			"streams":	[{
					"socket":	5,
					"start":	11.00001,
					"end":	12.000007,
					"seconds":	0.99999701976776123,
					"bytes":	283666096,
					"bits_per_second":	2269335531.14691,
					"omitted":	false,
					"sender":	false
				}],
			"sum":	{
				"start":	11.00001,
				"end":	12.000007,
				"seconds":	0.99999701976776123,
				"bytes":	283666096,
				"bits_per_second":	2269335531.14691,
				"omitted":	false,
				"sender":	false
			}
		}, {
			"streams":	[{
					"socket":	5,
					"start":	12.000007,
					"end":	13.000021,
					"seconds":	1.0000139474868774,
					"bytes":	285313920,
					"bits_per_second":	2282479525.1467748,
					"omitted":	false,
					"sender":	false
				}],
			"sum":	{
				"start":	12.000007,
				"end":	13.000021,
				"seconds":	1.0000139474868774,
				"bytes":	285313920,
				"bits_per_second":	2282479525.1467748,
				"omitted":	false,
				"sender":	false
			}
		}, {
			"streams":	[{
					"socket":	5,
					"start":	13.000021,
					"end":	14.000005,
					"seconds":	0.9999840259552002,
					"bytes":	285426864,
					"bits_per_second":	2283451387.9547691,
					"omitted":	false,
					"sender":	false
				}],
			"sum":	{
				"start":	13.000021,
				"end":	14.000005,
				"seconds":	0.9999840259552002,
				"bytes":	285426864,
				"bits_per_second":	2283451387.9547691,
				"omitted":	false,
				"sender":	false
			}
		}, {
			"streams":	[{
					"socket":	5,
					"start":	14.000005,
					"end":	15.000005,
					"seconds":	1,
					"bytes":	288851384,
					"bits_per_second":	2310811072,
					"omitted":	false,
					"sender":	false
				}],
			"sum":	{
				"start":	14.000005,
				"end":	15.000005,
				"seconds":	1,
				"bytes":	288851384,
				"bits_per_second":	2310811072,
				"omitted":	false,
				"sender":	false
			}
		}, {
			"streams":	[{
					"socket":	5,
					"start":	15.000005,
					"end":	16.000034,
					"seconds":	1.0000289678573608,
					"bytes":	283881848,
					"bits_per_second":	2270988998.3146286,
					"omitted":	false,
					"sender":	false
				}],
			"sum":	{
				"start":	15.000005,
				"end":	16.000034,
				"seconds":	1.0000289678573608,
				"bytes":	283881848,
				"bits_per_second":	2270988998.3146286,