{
	"start":	{
		"connected":	[{
				"socket":	5,
				"local_host":	"10.100.102.149",
				"local_port":	51005,
				"remote_host":	"10.100.102.182",
				"remote_port":	5201
			}],
		"version":	"iperf 3.8.1 -  -- Apple version iperf3-117.100.3",
		"system_info":	"Darwin mimi-2.local 24.6.0 Darwin Kernel Version 24.6.0: Mon Jul 14 11:29:54 PDT 2025; root:xnu-11417.140.69~1/RELEASE_ARM64_T8122 arm64",
		"timestamp":	{
			"time":	"Sun, 31 Aug 2025 07:55:37 UTC",
			"timesecs":	1756626937
		},
		"connecting_to":	{
			"host":	"10.100.102.182",
			"port":	5201
		},
		"cookie":	"rlof5p34ruafselsfwmvpvedtktxy7uovhy6",
		"tcp_mss_default":	1448,
		"sock_bufsize":	0,
		"sndbuf_actual":	131072,
		"rcvbuf_actual":	131072,
		"test_start":	{
			"protocol":	"TCP",
			"num_streams":	1,
			"blksize":	131072,
			"omit":	0,
			"duration":	30,
			"bytes":	0,
			"blocks":	0,
			"reverse":	0,
			"tos":	0
		}
	},
	"intervals":	[{
			"streams":	[{
					"socket":	5,
					"start":	0,
					"end":	1.000005,
					"seconds":	1.0000050067901611,
					"bytes":	266810312,
					"bits_per_second":	2134471809.1475468,
					"retransmits":	0,
					"snd_cwnd":	8388480,
					"rtt":	16,
					"rttvar":	0,
					"pmtu":	-1,
					"omitted":	false,
					"sender":	true
				}],
			"sum":	{
				"start":	0,
				"end":	1.000005,
				"seconds":	1.0000050067901611,
				"bytes":	266810312,
				"bits_per_second":	2134471809.1475468,
				"retransmits":	0,
				"omitted":	false,
				"sender":	true
			}
		}, {
			"streams":	[{
					"socket":	5,
					"start":	1.000005,
					"end":	2.000018,
					"seconds":	1.000012993812561,
					"bytes":	263814168,
					"bits_per_second":	2110485920.7415333,
					"retransmits":	0,
					"snd_cwnd":	8388480,
					"rtt":	17,
					"rttvar":	0,
					"pmtu":	-1,
					"omitted":	false,
					"sender":	true
				}],
			"sum":	{
				"start":	1.000005,
				"end":	2.000018,
				"seconds":	1.000012993812561,
				"bytes":	263814168,
				"bits_per_second":	2110485920.7415333,
				"retransmits":	0,
				"omitted":	false,
				"sender":	true
			}
		}, {
			"streams":	[{
					"socket":	5,
					"start":	2.000018,
					"end":	3.000015,
					"seconds":	0.99999701976776123,
					"bytes":	261815928,
					"bits_per_second":	2094533666.1967571,
					"retransmits":	0,
					"snd_cwnd":	8388480,
					"rtt":	16,
					"rttvar":	0,
					"pmtu":	-1,
					"omitted":	false,
					"sender":	true
				}],
			"sum":	{
				"start":	2.000018,
				"end":	3.000015,
				"seconds":	0.99999701976776123,
				"bytes":	261815928,
				"bits_per_second":	2094533666.1967571,
				"retransmits":	0,
				"omitted":	false,
				"sender":	true
			}
		}, {
			"streams":	[{
					"socket":	5,
					"start":	3.000015,
					"end":	4.000006,
					"seconds":	0.999990999698639,
					"bytes":	258132072,
					"bits_per_second":	2065075162.298794,
					"retransmits":	0,
					"snd_cwnd":	8388480,
					"rtt":	14,
					"rttvar":	0,
					"pmtu":	-1,
					"omitted":	false,
					"sender":	true
				}],
			"sum":	{
				"start":	3.000015,
				"end":	4.000006,
				"seconds":	0.999990999698639,
				"bytes":	258132072,
				"bits_per_second":	2065075162.298794,
				"retransmits":	0,
				"omitted":	false,
				"sender":	true
			}
		}, {
			"streams":	[{
					"socket":	5,
					"start":	4.000006,
					"end":	5.000012,
					"seconds":	1.0000059604644775,
					"bytes":	264940160,
					"bits_per_second":	2119508646.7440012,
					"retransmits":	0,
					"snd_cwnd":	8388480,
					"rtt":	15,
					"rttvar":	0,
					"pmtu":	-1,
					"omitted":	false,
					"sender":	true
				}],
			"sum":	{
				"start":	4.000006,
				"end":	5.000012,
				"seconds":	1.0000059604644775,
				"bytes":	264940160,
				"bits_per_second":	2119508646.7440012,
				"retransmits":	0,
				"omitted":	false,
				"sender":	true
			}
		}, {
			"streams":	[{
					"socket":	5,
					"start":	5.000012,
					"end":	6.000021,
					"seconds":	1.0000089406967163,
					"bytes":	263859920,
					"bits_per_second":	2110860487.4365714,
					"retransmits":	0,
					"snd_cwnd":	8388480,
					"rtt":	17,
					"rttvar":	0,
					"pmtu":	-1,
					"omitted":	false,
					"sender":	true
				}],
			"sum":	{
				"start":	5.000012,
				"end":	6.000021,
				"seconds":	1.0000089406967163,
				"bytes":	263859920,
				"bits_per_second":	2110860487.4365714,
				"retransmits":	0,
				"omitted":	false,
				"sender":	true
			}
		}, {
			"streams":	[{
					"socket":	5,
					"start":	6.000021,
					"end":	7.000011,
					"seconds":	0.99998998641967773,
					"bytes":	263785584,
					"bits_per_second":	2110305803.71667,
					"retransmits":	0,
					"snd_cwnd":	8388480,
					"rtt":	17,
					"rttvar":	0,
					"pmtu":	-1,
					"omitted":	false,
					"sender":	true
				}],
			"sum":	{
				"start":	6.000021,
				"end":	7.000011,
				"seconds":	0.99998998641967773,
				"bytes":	263785584,
				"bits_per_second":	2110305803.71667,
				"retransmits":	0,
				"omitted":	false,
				"sender":	true
			}
		}, {
			"streams":	[{
					"socket":	5,
					"start":	7.000011,
					"end":	8.000007,
					"seconds":	0.9999960064888,
					"bytes":	266870024,
					"bits_per_second":	2134968718.021487,
					"retransmits":	0,
					"snd_cwnd":	8388480,
					"rtt":	14,
					"rttvar":	0,
					"pmtu":	-1,
					"omitted":	false,
					"sender":	true
				}],
			"sum":	{
				"start":	7.000011,
				"end":	8.000007,
				"seconds":	0.9999960064888,
				"bytes":	266870024,
				"bits_per_second":	2134968718.021487,
				"retransmits":	0,
				"omitted":	false,
				"sender":	true
			}
		}, {
			"streams":	[{
					"socket":	5,
					"start":	8.000007,
					"end":	9.000062,
					"seconds":	1.0000549554824829,
					"bytes":	266235048,
					"bits_per_second":	2129763341.8279755,
					"retransmits":	0,
					"snd_cwnd":	8388480,
					"rtt":	17,
					"rttvar":	0,
					"pmtu":	-1,
					"omitted":	false,
					"sender":	true
				}],
			"sum":	{
				"start":	8.000007,
				"end":	9.000062,
				"seconds":	1.0000549554824829,
				"bytes":	266235048,
				"bits_per_second":	2129763341.8279755,
				"retransmits":	0,
				"omitted":	false,
				"sender":	true
			}
		}, {
			"streams":	[{
					"socket":	5,
					"start":	9.000062,
					"end":	10,
					"seconds":	0.99993801116943359,
					"bytes":	263513392,
					"bits_per_second":	2108237823.1972158,
					"retransmits":	0,
					"snd_cwnd":	8388480,
					"rtt":	16,
					"rttvar":	0,
					"pmtu":	-1,
					"omitted":	false,
					"sender":	true
				}],
			"sum":	{
				"start":	9.000062,
				"end":	10,
				"seconds":	0.99993801116943359,
				"bytes":	263513392,
				"bits_per_second":	2108237823.1972158,
				"retransmits":	0,
				"omitted":	false,
				"sender":	true
			}
		}, {
			"streams":	[{
					"socket":	5,
					"start":	10,
					"end":	11.000011,
					"seconds":	1.0000109672546387,
					"bytes":	267297504,
					"bits_per_second":	2138356580.0988777,
					"retransmits":	0,
					"snd_cwnd":	8388480,
					"rtt":	18,
					"rttvar":	0,
					"pmtu":	-1,
					"omitted":	false,
					"sender":	true
				}],
			"sum":	{
				"start":	10,
				"end":	11.000011,
				"seconds":	1.0000109672546387,
				"bytes":	267297504,
				"bits_per_second":	2138356580.0988777,
				"retransmits":	0,
				"omitted":	false,
				"sender":	true
			}
		}, {
			"streams":	[{
					"socket":	5,
					"start":	11.000011,
					"end":	12.000012,
					"seconds":	1.0000009536743164,
					"bytes":	259425512,
					"bits_per_second":	2075402116.742305,
					"retransmits":	0,
					"snd_cwnd":	8388480,
					"rtt":	15,
					"rttvar":	0,
					"pmtu":	-1,
					"omitted":	false,
					"sender":	true
				}],
			"sum":	{
				"start":	11.000011,
				"end":	12.000012,
				"seconds":	1.0000009536743164,
				"bytes":	259425512,
				"bits_per_second":	2075402116.742305,
				"retransmits":	0,
				"omitted":	false,
				"sender":	true
			}
		}, {
			"streams":	[{
					"socket":	5,
					"start":	12.000012,
					"end":	13.000008,
					"seconds":	0.9999960064888,
					"bytes":	263080896,
					"bits_per_second":	2104655572.9656026,
					"retransmits":	0,
					"snd_cwnd":	8388480,
					"rtt":	18,
					"rttvar":	0,
					"pmtu":	-1,