{
	"start":	{
		"connected":	[{
				"socket":	5,
				"local_host":	"192.168.105.1",
				"local_port":	52171,
				"remote_host":	"192.168.105.11",
				"remote_port":	5201
			}],
		"version":	"iperf 3.20",
		"system_info":	"Darwin space-gray 25.3.0 Darwin Kernel Version 25.3.0: Wed Jan 28 20:53:05 PST 2026; root:xnu-12377.81.4~5/RELEASE_ARM64_T6020 arm64",
		"timestamp":	{
			"time":	"Fri, 27 Feb 2026 18:07:06 UTC",
			"timesecs":	1772215626,
			"timemillisecs":	1772215626177
		},
		"connecting_to":	{
			"host":	"192.168.105.11",
			"port":	5201
		},
		"cookie":	"upl4wdyaorsfdtbcdp55beyupb7qf5inkiq4",
		"tcp_mss_default":	1448,
		"target_bitrate":	0,
		"fq_rate":	0,
		"sock_bufsize":	0,
		"sndbuf_actual":	131072,
		"rcvbuf_actual":	131072,
		"test_start":	{
			"protocol":	"TCP",
			"num_streams":	1,
			"blksize":	131072,
			"omit":	0,
			"duration":	30,
			"bytes":	0,
			"blocks":	0,
			"reverse":	0,
			"tos":	0,
			"target_bitrate":	0,
			"bidir":	0,
			"fqrate":	0,
			"interval":	1
		}
	},
	"intervals":	[{
			"streams":	[{
					"socket":	5,
					"start":	0,
					"end":	1.005009,
					"seconds":	1.0050090551376343,
					"bytes":	1259995136,
					"bits_per_second":	10029721659.193974,
					"omitted":	false,
					"sender":	true
				}],
			"sum":	{
				"start":	0,
				"end":	1.005009,
				"seconds":	1.0050090551376343,
				"bytes":	1259995136,
				"bits_per_second":	10029721659.193974,
				"omitted":	false,
				"sender":	true
			}
		}, {
			"streams":	[{
					"socket":	5,
					"start":	1.005009,
					"end":	2.00501,
					"seconds":	1.0000009536743164,
					"bytes":	1231552512,
					"bits_per_second":	9852410700.00896,
					"omitted":	false,
					"sender":	true
				}],
			"sum":	{
				"start":	1.005009,
				"end":	2.00501,
				"seconds":	1.0000009536743164,
				"bytes":	1231552512,
				"bits_per_second":	9852410700.00896,
				"omitted":	false,
				"sender":	true
			}
		}, {
			"streams":	[{
					"socket":	5,
					"start":	2.00501,
					"end":	3.005011,
					"seconds":	1.0000009536743164,
					"bytes":	1228144640,
					"bits_per_second":	9825147750.0089359,
					"omitted":	false,
					"sender":	true
				}],
			"sum":	{
				"start":	2.00501,
				"end":	3.005011,
				"seconds":	1.0000009536743164,
				"bytes":	1228144640,
				"bits_per_second":	9825147750.0089359,
				"omitted":	false,
				"sender":	true
			}
		}, {
			"streams":	[{
					"socket":	5,
					"start":	3.005011,
					"end":	4.005011,
					"seconds":	1,
					"bytes":	1242824704,
					"bits_per_second":	9942597632,
					"omitted":	false,
					"sender":	true
				}],
			"sum":	{
				"start":	3.005011,
				"end":	4.005011,
				"seconds":	1,
				"bytes":	1242824704,
				"bits_per_second":	9942597632,
				"omitted":	false,
				"sender":	true
			}
		}, {
			"streams":	[{
					"socket":	5,
					"start":	4.005011,
					"end":	5.002846,
					"seconds":	0.99783498048782349,
					"bytes":	1248198656,
					"bits_per_second":	10007255150.664518,
					"omitted":	false,
					"sender":	true
				}],
			"sum":	{
				"start":	4.005011,
				"end":	5.002846,
				"seconds":	0.99783498048782349,
				"bytes":	1248198656,
				"bits_per_second":	10007255150.664518,
				"omitted":	false,
				"sender":	true
			}
		}, {
			"streams":	[{
					"socket":	5,
					"start":	5.002846,
					"end":	6.00501,
					"seconds":	1.0021640062332153,
					"bytes":	1259077632,
					"bits_per_second":	10050870908.704321,
					"omitted":	false,
					"sender":	true
				}],
			"sum":	{
				"start":	5.002846,
				"end":	6.00501,
				"seconds":	1.0021640062332153,
				"bytes":	1259077632,
				"bits_per_second":	10050870908.704321,
				"omitted":	false,
				"sender":	true
			}
		}, {
			"streams":	[{
					"socket":	5,
					"start":	6.00501,
					"end":	7.004192,
					"seconds":	0.99918198585510254,
					"bytes":	1263271936,
					"bits_per_second":	10114449250.5548,
					"omitted":	false,
					"sender":	true
				}],
			"sum":	{
				"start":	6.00501,
				"end":	7.004192,
				"seconds":	0.99918198585510254,
				"bytes":	1263271936,
				"bits_per_second":	10114449250.5548,
				"omitted":	false,
				"sender":	true
			}
		}, {
			"streams":	[{
					"socket":	5,
					"start":	7.004192,
					"end":	8.00501,
					"seconds":	1.0008180141448975,
					"bytes":	1258291200,
					"bits_per_second":	10058101930.350153,
					"omitted":	false,
					"sender":	true
				}],
			"sum":	{
				"start":	7.004192,
				"end":	8.00501,
				"seconds":	1.0008180141448975,
				"bytes":	1258291200,
				"bits_per_second":	10058101930.350153,
				"omitted":	false,
				"sender":	true
			}
		}, {
			"streams":	[{
					"socket":	5,
					"start":	8.00501,
					"end":	9.005007,
					"seconds":	0.99999701976776123,
					"bytes":	1238368256,
					"bits_per_second":	9906975573.08799,
					"omitted":	false,
					"sender":	true
				}],
			"sum":	{
				"start":	8.00501,
				"end":	9.005007,
				"seconds":	0.99999701976776123,
				"bytes":	1238368256,
				"bits_per_second":	9906975573.08799,
				"omitted":	false,
				"sender":	true
			}
		}, {
			"streams":	[{
					"socket":	5,
					"start":	9.005007,
					"end":	10.005015,
					"seconds":	1.0000079870224,
					"bytes":	1237712896,
					"bits_per_second":	9901624083.50665,
					"omitted":	false,
					"sender":	true
				}],
			"sum":	{
				"start":	9.005007,
				"end":	10.005015,
				"seconds":	1.0000079870224,
				"bytes":	1237712896,
				"bits_per_second":	9901624083.50665,
				"omitted":	false,
				"sender":	true
			}
		}, {
			"streams":	[{
					"socket":	5,
					"start":	10.005015,
					"end":	11.004374,
					"seconds":	0.99935901165008545,
					"bytes":	1237319680,
					"bits_per_second":	9904906369.5899,
					"omitted":	false,
					"sender":	true
				}],
			"sum":	{
				"start":	10.005015,
				"end":	11.004374,
				"seconds":	0.99935901165008545,
				"bytes":	1237319680,
				"bits_per_second":	9904906369.5899,
				"omitted":	false,
				"sender":	true
			}
		}, {
			"streams":	[{
					"socket":	5,
					"start":	11.004374,
					"end":	12.005015,
					"seconds":	1.0006409883499146,
					"bytes":	1245052928,
					"bits_per_second":	9954042998.4034748,
					"omitted":	false,
					"sender":	true
				}],
			"sum":	{
				"start":	11.004374,
				"end":	12.005015,
				"seconds":	1.0006409883499146,
				"bytes":	1245052928,
				"bits_per_second":	9954042998.4034748,
				"omitted":	false,
				"sender":	true
			}
		}, {
			"streams":	[{
					"socket":	5,
					"start":	12.005015,
					"end":	13.005014,
					"seconds":	0.99999898672103882,
					"bytes":	1251999744,
					"bits_per_second":	10016008101.010284,
					"omitted":	false,
					"sender":	true
				}],
			"sum":	{
				"start":	12.005015,
				"end":	13.005014,
				"seconds":	0.99999898672103882,
				"bytes":	1251999744,
				"bits_per_second":	10016008101.010284,
				"omitted":	false,
				"sender":	true
			}
		}, {
			"streams":	[{
					"socket":	5,
					"start":	13.005014,
					"end":	14.005006,
					"seconds":	0.9999920129776,
					"bytes":	1255276544,
					"bits_per_second":	10042292560.015623,
					"omitted":	false,
					"sender":	true
				}],
			"sum":	{
				"start":	13.005014,
				"end":	14.005006,
				"seconds":	0.9999920129776,
				"bytes":	1255276544,
				"bits_per_second":	10042292560.015623,
				"omitted":	false,
				"sender":	true
			}
		}, {
			"streams":	[{
					"socket":	5,
					"start":	14.005006,
					"end":	15.002534,
					"seconds":	0.99752801656723022,
					"bytes":	1248722944,
					"bits_per_second":	10014539327.303917,
					"omitted":	false,
					"sender":	true
				}],
			"sum":	{
				"start":	14.005006,
				"end":	15.002534,
				"seconds":	0.99752801656723022,
				"bytes":	1248722944,
				"bits_per_second":	10014539327.303917,
				"omitted":	false,
				"sender":	true
			}
		}, {
			"streams":	[{
					"socket":	5,
					"start":	15.002534,
					"end":	16.005019,
					"seconds":	1.0024850368499756,
					"bytes":	1237975040,
					"bits_per_second":	9879250019.6510448,
					"omitted":	false,
					"sender":	true
				}],
			"sum":	{
				"start":	15.002534,
				"end":	16.005019,