{
	"start":	{
		"connected":	[{
				"socket":	5,
				"local_host":	"192.168.105.1",
				"local_port":	52173,
				"remote_host":	"192.168.105.11",
				"remote_port":	5201
			}],
		"version":	"iperf 3.20",
		"system_info":	"Darwin space-gray 25.3.0 Darwin Kernel Version 25.3.0: Wed Jan 28 20:53:05 PST 2026; root:xnu-12377.81.4~5/RELEASE_ARM64_T6020 arm64",
		"timestamp":	{
			"time":	"Fri, 27 Feb 2026 18:07:36 UTC",
			"timesecs":	1772215656,
			"timemillisecs":	1772215656196
		},
		"connecting_to":	{
			"host":	"192.168.105.11",
			"port":	5201
		},
		"cookie":	"k3ytaph7rs6x272xvea4dqk2bhnzqn7iazit",
		"tcp_mss_default":	1448,
		"target_bitrate":	0,
		"fq_rate":	0,
		"sock_bufsize":	0,
		"sndbuf_actual":	131072,
		"rcvbuf_actual":	131072,
		"test_start":	{
			"protocol":	"TCP",
			"num_streams":	1,
			"blksize":	131072,
			"omit":	0,
			"duration":	30,
			"bytes":	0,
			"blocks":	0,
			"reverse":	1,
			"tos":	0,
			"target_bitrate":	0,
			"bidir":	0,
			"fqrate":	0,
			"interval":	1
		}
	},
	"intervals":	[{
			"streams":	[{
					"socket":	5,
					"start":	0,
					"end":	1.005017,
					"seconds":	1.0050170421600342,
					"bytes":	1096679424,
					"bits_per_second":	8729638427.965044,
					"omitted":	false,
					"sender":	false
				}],
			"sum":	{
				"start":	0,
				"end":	1.005017,
				"seconds":	1.0050170421600342,
				"bytes":	1096679424,
				"bits_per_second":	8729638427.965044,
				"omitted":	false,
				"sender":	false
			}
		}, {
			"streams":	[{
					"socket":	5,
					"start":	1.005017,
					"end":	2.000192,
					"seconds":	0.995175004005432,
					"bytes":	1089732608,
					"bits_per_second":	8760128448.6767654,
					"omitted":	false,
					"sender":	false
				}],
			"sum":	{
				"start":	1.005017,
				"end":	2.000192,
				"seconds":	0.995175004005432,
				"bytes":	1089732608,
				"bits_per_second":	8760128448.6767654,
				"omitted":	false,
				"sender":	false
			}
		}, {
			"streams":	[{
					"socket":	5,
					"start":	2.000192,
					"end":	3.005019,
					"seconds":	1.00482702255249,
					"bytes":	1095368704,
					"bits_per_second":	8720853873.6748,
					"omitted":	false,
					"sender":	false
				}],
			"sum":	{
				"start":	2.000192,
				"end":	3.005019,
				"seconds":	1.00482702255249,
				"bytes":	1095368704,
				"bits_per_second":	8720853873.6748,
				"omitted":	false,
				"sender":	false
			}
		}, {
			"streams":	[{
					"socket":	5,
					"start":	3.005019,
					"end":	4.005018,
					"seconds":	0.99999898672103882,
					"bytes":	1092878336,
					"bits_per_second":	8743035547.133976,
					"omitted":	false,
					"sender":	false
				}],
			"sum":	{
				"start":	3.005019,
				"end":	4.005018,
				"seconds":	0.99999898672103882,
				"bytes":	1092878336,
				"bits_per_second":	8743035547.133976,
				"omitted":	false,
				"sender":	false
			}
		}, {
			"streams":	[{
					"socket":	5,
					"start":	4.005018,
					"end":	5.000179,
					"seconds":	0.99516099691391,
					"bytes":	1089470464,
					"bits_per_second":	8758144399.7789536,
					"omitted":	false,
					"sender":	false
				}],
			"sum":	{
				"start":	4.005018,
				"end":	5.000179,
				"seconds":	0.99516099691391,
				"bytes":	1089470464,
				"bits_per_second":	8758144399.7789536,
				"omitted":	false,
				"sender":	false
			}
		}, {
			"streams":	[{
					"socket":	5,
					"start":	5.000179,
					"end":	6.005011,
					"seconds":	1.0048320293426514,
					"bytes":	1097596928,
					"bits_per_second":	8738550491.61229,
					"omitted":	false,
					"sender":	false
				}],
			"sum":	{
				"start":	5.000179,
				"end":	6.005011,
				"seconds":	1.0048320293426514,
				"bytes":	1097596928,
				"bits_per_second":	8738550491.61229,
				"omitted":	false,
				"sender":	false
			}
		}, {
			"streams":	[{
					"socket":	5,
					"start":	6.005011,
					"end":	7.004249,
					"seconds":	0.99923801422119141,
					"bytes":	1094320128,
					"bits_per_second":	8761236961.9697933,
					"omitted":	false,
					"sender":	false
				}],
			"sum":	{
				"start":	6.005011,
				"end":	7.004249,
				"seconds":	0.99923801422119141,
				"bytes":	1094320128,
				"bits_per_second":	8761236961.9697933,
				"omitted":	false,
				"sender":	false
			}
		}, {
			"streams":	[{
					"socket":	5,
					"start":	7.004249,
					"end":	8.00348,
					"seconds":	0.999230980873108,
					"bytes":	1092222976,
					"bits_per_second":	8744508502.2935333,
					"omitted":	false,
					"sender":	false
				}],
			"sum":	{
				"start":	7.004249,
				"end":	8.00348,
				"seconds":	0.999230980873108,
				"bytes":	1092222976,
				"bits_per_second":	8744508502.2935333,
				"omitted":	false,
				"sender":	false
			}
		}, {
			"streams":	[{
					"socket":	5,
					"start":	8.00348,
					"end":	9.001634,
					"seconds":	0.99815398454666138,
					"bytes":	1090650112,
					"bits_per_second":	8741337540.1820259,
					"omitted":	false,
					"sender":	false
				}],
			"sum":	{
				"start":	8.00348,
				"end":	9.001634,
				"seconds":	0.99815398454666138,
				"bytes":	1090650112,
				"bits_per_second":	8741337540.1820259,
				"omitted":	false,
				"sender":	false
			}
		}, {
			"streams":	[{
					"socket":	5,
					"start":	9.001634,
					"end":	10.00501,
					"seconds":	1.0033760070800781,
					"bytes":	1096810496,
					"bits_per_second":	8744960918.02574,
					"omitted":	false,
					"sender":	false
				}],
			"sum":	{
				"start":	9.001634,
				"end":	10.00501,
				"seconds":	1.0033760070800781,
				"bytes":	1096810496,
				"bits_per_second":	8744960918.02574,
				"omitted":	false,
				"sender":	false
			}
		}, {
			"streams":	[{
					"socket":	5,
					"start":	10.00501,
					"end":	11.005011,
					"seconds":	1.0000009536743164,
					"bytes":	1091960832,
					"bits_per_second":	8735678325.0079441,
					"omitted":	false,
					"sender":	false
				}],
			"sum":	{
				"start":	10.00501,
				"end":	11.005011,
				"seconds":	1.0000009536743164,
				"bytes":	1091960832,
				"bits_per_second":	8735678325.0079441,
				"omitted":	false,
				"sender":	false
			}
		}, {
			"streams":	[{
					"socket":	5,
					"start":	11.005011,
					"end":	12.005017,
					"seconds":	1.0000059604644775,
					"bytes":	1094451200,
					"bits_per_second":	8755557412.81106,
					"omitted":	false,
					"sender":	false
				}],
			"sum":	{
				"start":	11.005011,
				"end":	12.005017,
				"seconds":	1.0000059604644775,
				"bytes":	1094451200,
				"bits_per_second":	8755557412.81106,
				"omitted":	false,
				"sender":	false
			}
		}, {
			"streams":	[{
					"socket":	5,
					"start":	12.005017,
					"end":	13.000823,
					"seconds":	0.99580597877502441,
					"bytes":	1091567616,
					"bits_per_second":	8769319640.7017,
					"omitted":	false,
					"sender":	false
				}],
			"sum":	{
				"start":	12.005017,
				"end":	13.000823,
				"seconds":	0.99580597877502441,
				"bytes":	1091567616,
				"bits_per_second":	8769319640.7017,
				"omitted":	false,
				"sender":	false
			}
		}, {
			"streams":	[{
					"socket":	5,
					"start":	13.000823,
					"end":	14.005012,
					"seconds":	1.0041890144348145,
					"bytes":	1096417280,
					"bits_per_second":	8734748253.4816952,
					"omitted":	false,
					"sender":	false
				}],
			"sum":	{
				"start":	13.000823,
				"end":	14.005012,
				"seconds":	1.0041890144348145,
				"bytes":	1096417280,
				"bits_per_second":	8734748253.4816952,
				"omitted":	false,
				"sender":	false
			}
		}, {
			"streams":	[{
					"socket":	5,
					"start":	14.005012,
					"end":	15.000101,
					"seconds":	0.99508899450302124,
					"bytes":	1085276160,
					"bits_per_second":	8725058088.23277,
					"omitted":	false,
					"sender":	false
				}],
			"sum":	{
				"start":	14.005012,
				"end":	15.000101,
				"seconds":	0.99508899450302124,
				"bytes":	1085276160,
				"bits_per_second":	8725058088.23277,
				"omitted":	false,
				"sender":	false
			}
		}, {
			"streams":	[{
					"socket":	5,
					"start":	15.000101,
					"end":	16.000376,
					"seconds":	1.0002750158309937,
					"bytes":	1095761920,
					"bits_per_second":	8763685207.83,
					"omitted":	false,