{
	"start":	{
		"connected":	[{
				"socket":	5,
				"local_host":	"10.100.102.4",
				"local_port":	49486,
				"remote_host":	"10.100.102.6",
				"remote_port":	5201
			}],
		"version":	"iperf 3.20",
		"system_info":	"Darwin mimi-2.local 25.3.0 Darwin Kernel Version 25.3.0: Wed Jan 28 20:53:31 PST 2026; root:xnu-12377.81.4~5/RELEASE_ARM64_T8122 arm64",
		"timestamp":	{
			"time":	"Fri, 27 Feb 2026 20:19:51 UTC",
			"timesecs":	1772223591,
			"timemillisecs":	1772223591700
		},
		"connecting_to":	{
			"host":	"10.100.102.6",
			"port":	5201
		},
		"cookie":	"gqdujditpzr45bmzqryouhwpozpjxxjyexty",
		"tcp_mss_default":	1448,
		"target_bitrate":	0,
		"fq_rate":	0,
		"sock_bufsize":	0,
		"sndbuf_actual":	131072,
		"rcvbuf_actual":	131072,
		"test_start":	{
			"protocol":	"TCP",
			"num_streams":	1,
			"blksize":	131072,
			"omit":	0,
			"duration":	30,
			"bytes":	0,
			"blocks":	0,
			"reverse":	1,
			"tos":	0,
			"target_bitrate":	0,
			"bidir":	0,
			"fqrate":	0,
			"interval":	1
		}
	},
	"intervals":	[{
			"streams":	[{
					"socket":	5,
					"start":	0,
					"end":	1.001078,
					"seconds":	1.0010780096054077,
					"bytes":	1577975808,
					"bits_per_second":	12610212533.762371,
					"omitted":	false,
					"sender":	false
				}],
			"sum":	{
				"start":	0,
				"end":	1.001078,
				"seconds":	1.0010780096054077,
				"bytes":	1577975808,
				"bits_per_second":	12610212533.762371,
				"omitted":	false,
				"sender":	false
			}
		}, {
			"streams":	[{
					"socket":	5,
					"start":	1.001078,
					"end":	2.010016,
					"seconds":	1.0089379549026489,
					"bytes":	1595015168,
					"bits_per_second":	12647082292.816715,
					"omitted":	false,
					"sender":	false
				}],
			"sum":	{
				"start":	1.001078,
				"end":	2.010016,
				"seconds":	1.0089379549026489,
				"bytes":	1595015168,
				"bits_per_second":	12647082292.816715,
				"omitted":	false,
				"sender":	false
			}
		}, {
			"streams":	[{
					"socket":	5,
					"start":	2.010016,
					"end":	3.006255,
					"seconds":	0.99623900651931763,
					"bytes":	1548877824,
					"bits_per_second":	12437801080.778833,
					"omitted":	false,
					"sender":	false
				}],
			"sum":	{
				"start":	2.010016,
				"end":	3.006255,
				"seconds":	0.99623900651931763,
				"bytes":	1548877824,
				"bits_per_second":	12437801080.778833,
				"omitted":	false,
				"sender":	false
			}
		}, {
			"streams":	[{
					"socket":	5,
					"start":	3.006255,
					"end":	4.003592,
					"seconds":	0.997336983680725,
					"bytes":	1586626560,
					"bits_per_second":	12726904434.202133,
					"omitted":	false,
					"sender":	false
				}],
			"sum":	{
				"start":	3.006255,
				"end":	4.003592,
				"seconds":	0.997336983680725,
				"bytes":	1586626560,
				"bits_per_second":	12726904434.202133,
				"omitted":	false,
				"sender":	false
			}
		}, {
			"streams":	[{
					"socket":	5,
					"start":	4.003592,
					"end":	5.008722,
					"seconds":	1.0051300525665283,
					"bytes":	1572077568,
					"bits_per_second":	12512431114.6468,
					"omitted":	false,
					"sender":	false
				}],
			"sum":	{
				"start":	4.003592,
				"end":	5.008722,
				"seconds":	1.0051300525665283,
				"bytes":	1572077568,
				"bits_per_second":	12512431114.6468,
				"omitted":	false,
				"sender":	false
			}
		}, {
			"streams":	[{
					"socket":	5,
					"start":	5.008722,
					"end":	6.00598,
					"seconds":	0.99725800752639771,
					"bytes":	1554382848,
					"bits_per_second":	12469253382.927427,
					"omitted":	false,
					"sender":	false
				}],
			"sum":	{
				"start":	5.008722,
				"end":	6.00598,
				"seconds":	0.99725800752639771,
				"bytes":	1554382848,
				"bits_per_second":	12469253382.927427,
				"omitted":	false,
				"sender":	false
			}
		}, {
			"streams":	[{
					"socket":	5,
					"start":	6.00598,
					"end":	7.010015,
					"seconds":	1.0040349960327148,
					"bytes":	1606942720,
					"bits_per_second":	12803878162.411306,
					"omitted":	false,
					"sender":	false
				}],
			"sum":	{
				"start":	6.00598,
				"end":	7.010015,
				"seconds":	1.0040349960327148,
				"bytes":	1606942720,
				"bits_per_second":	12803878162.411306,
				"omitted":	false,
				"sender":	false
			}
		}, {
			"streams":	[{
					"socket":	5,
					"start":	7.010015,
					"end":	8.009488,
					"seconds":	0.999472975730896,
					"bytes":	1586757632,
					"bits_per_second":	12700754661.94278,
					"omitted":	false,
					"sender":	false
				}],
			"sum":	{
				"start":	7.010015,
				"end":	8.009488,
				"seconds":	0.999472975730896,
				"bytes":	1586757632,
				"bits_per_second":	12700754661.94278,
				"omitted":	false,
				"sender":	false
			}
		}, {
			"streams":	[{
					"socket":	5,
					"start":	8.009488,
					"end":	9.004301,
					"seconds":	0.99481302499771118,
					"bytes":	1607729152,
					"bits_per_second":	12928895071.54331,
					"omitted":	false,
					"sender":	false
				}],
			"sum":	{
				"start":	8.009488,
				"end":	9.004301,
				"seconds":	0.99481302499771118,
				"bytes":	1607729152,
				"bits_per_second":	12928895071.54331,
				"omitted":	false,
				"sender":	false
			}
		}, {
			"streams":	[{
					"socket":	5,
					"start":	9.004301,
					"end":	10.0024,
					"seconds":	0.99809902906417847,
					"bytes":	1575747584,
					"bits_per_second":	12629989915.749559,
					"omitted":	false,
					"sender":	false
				}],
			"sum":	{
				"start":	9.004301,
				"end":	10.0024,
				"seconds":	0.99809902906417847,
				"bytes":	1575747584,
				"bits_per_second":	12629989915.749559,
				"omitted":	false,
				"sender":	false
			}
		}, {
			"streams":	[{
					"socket":	5,
					"start":	10.0024,
					"end":	11.001163,
					"seconds":	0.99876302480697632,
					"bytes":	1605500928,
					"bits_per_second":	12859914819.616262,
					"omitted":	false,
					"sender":	false
				}],
			"sum":	{
				"start":	10.0024,
				"end":	11.001163,
				"seconds":	0.99876302480697632,
				"bytes":	1605500928,
				"bits_per_second":	12859914819.616262,
				"omitted":	false,
				"sender":	false
			}
		}, {
			"streams":	[{
					"socket":	5,
					"start":	11.001163,
					"end":	12.001187,
					"seconds":	1.0000239610672,
					"bytes":	1564999680,
					"bits_per_second":	12519697454.687967,
					"omitted":	false,
					"sender":	false
				}],
			"sum":	{
				"start":	11.001163,
				"end":	12.001187,
				"seconds":	1.0000239610672,
				"bytes":	1564999680,
				"bits_per_second":	12519697454.687967,
				"omitted":	false,
				"sender":	false
			}
		}, {
			"streams":	[{
					"socket":	5,
					"start":	12.001187,
					"end":	13.003974,
					"seconds":	1.0027869939804077,
					"bytes":	1649672192,
					"bits_per_second":	13160698747.81189,
					"omitted":	false,
					"sender":	false
				}],
			"sum":	{
				"start":	12.001187,
				"end":	13.003974,
				"seconds":	1.0027869939804077,
				"bytes":	1649672192,
				"bits_per_second":	13160698747.81189,
				"omitted":	false,
				"sender":	false
			}
		}, {
			"streams":	[{
					"socket":	5,
					"start":	13.003974,
					"end":	14.007952,
					"seconds":	1.0039780139923096,
					"bytes":	1631715328,
					"bits_per_second":	13002000484.146051,
					"omitted":	false,
					"sender":	false
				}],
			"sum":	{
				"start":	13.003974,
				"end":	14.007952,
				"seconds":	1.0039780139923096,
				"bytes":	1631715328,
				"bits_per_second":	13002000484.146051,
				"omitted":	false,
				"sender":	false
			}
		}, {
			"streams":	[{
					"socket":	5,
					"start":	14.007952,
					"end":	15.009648,
					"seconds":	1.001695990562439,
					"bytes":	1661599744,
					"bits_per_second":	13270291662.579453,
					"omitted":	false,
					"sender":	false
				}],
			"sum":	{
				"start":	14.007952,
				"end":	15.009648,
				"seconds":	1.001695990562439,
				"bytes":	1661599744,
				"bits_per_second":	13270291662.579453,
				"omitted":	false,
				"sender":	false
			}
		}, {
			"streams":	[{
					"socket":	5,
					"start":	15.009648,
					"end":	16.010026,
					"seconds":	1.0003780126571655,
					"bytes":	1625817088,
					"bits_per_second":	13001621926.34816,
					"omitted":	false,