{
	"start":	{
		"connected":	[{
				"socket":	5,
				"local_host":	"192.168.105.1",
				"local_port":	50348,
				"remote_host":	"192.168.105.2",
				"remote_port":	5201
			}],
		"version":	"iperf 3.19.1",
		"system_info":	"Darwin mimi-2.local 24.6.0 Darwin Kernel Version 24.6.0: Mon Jul 14 11:29:54 PDT 2025; root:xnu-11417.140.69~1/RELEASE_ARM64_T8122 arm64",
		"timestamp":	{
			"time":	"Sat, 30 Aug 2025 21:29:53 UTC",
			"timesecs":	1756589393
		},
		"connecting_to":	{
			"host":	"192.168.105.2",
			"port":	5201
		},
		"cookie":	"ugrditm6t23ocgxxk347lvuijo6dvemithhy",
		"tcp_mss_default":	1448,
		"target_bitrate":	0,
		"fq_rate":	0,
		"sock_bufsize":	0,
		"sndbuf_actual":	131072,
		"rcvbuf_actual":	131072,
		"test_start":	{
			"protocol":	"TCP",
			"num_streams":	1,
			"blksize":	131072,
			"omit":	0,
			"duration":	30,
			"bytes":	0,
			"blocks":	0,
			"reverse":	0,
			"tos":	0,
			"target_bitrate":	0,
			"bidir":	0,
			"fqrate":	0,
			"interval":	1
		}
	},
	"intervals":	[{
			"streams":	[{
					"socket":	5,
					"start":	0,
					"end":	1.005016,
					"seconds":	1.0050159692764282,
					"bytes":	212860928,
					"bits_per_second":	1694388423.7242634,
					"omitted":	false,
					"sender":	true
				}],
			"sum":	{
				"start":	0,
				"end":	1.005016,
				"seconds":	1.0050159692764282,
				"bytes":	212860928,
				"bits_per_second":	1694388423.7242634,
				"omitted":	false,
				"sender":	true
			}
		}, {
			"streams":	[{
					"socket":	5,
					"start":	1.005016,
					"end":	2.005022,
					"seconds":	1.0000059604644775,
					"bytes":	212205568,
					"bits_per_second":	1697634425.310312,
					"omitted":	false,
					"sender":	true
				}],
			"sum":	{
				"start":	1.005016,
				"end":	2.005022,
				"seconds":	1.0000059604644775,
				"bytes":	212205568,
				"bits_per_second":	1697634425.310312,
				"omitted":	false,
				"sender":	true
			}
		}, {
			"streams":	[{
					"socket":	5,
					"start":	2.005022,
					"end":	3.00064,
					"seconds":	0.99561798572540283,
					"bytes":	211943424,
					"bits_per_second":	1703010006.1567607,
					"omitted":	false,
					"sender":	true
				}],
			"sum":	{
				"start":	2.005022,
				"end":	3.00064,
				"seconds":	0.99561798572540283,
				"bytes":	211943424,
				"bits_per_second":	1703010006.1567607,
				"omitted":	false,
				"sender":	true
			}
		}, {
			"streams":	[{
					"socket":	5,
					"start":	3.00064,
					"end":	4.000652,
					"seconds":	1.0000120401382446,
					"bytes":	206831616,
					"bits_per_second":	1654633005.9898639,
					"omitted":	false,
					"sender":	true
				}],
			"sum":	{
				"start":	3.00064,
				"end":	4.000652,
				"seconds":	1.0000120401382446,
				"bytes":	206831616,
				"bits_per_second":	1654633005.9898639,
				"omitted":	false,
				"sender":	true
			}
		}, {
			"streams":	[{
					"socket":	5,
					"start":	4.000652,
					"end":	5.005017,
					"seconds":	1.0043649673461914,
					"bytes":	209846272,
					"bits_per_second":	1671474245.4983995,
					"omitted":	false,
					"sender":	true
				}],
			"sum":	{
				"start":	4.000652,
				"end":	5.005017,
				"seconds":	1.0043649673461914,
				"bytes":	209846272,
				"bits_per_second":	1671474245.4983995,
				"omitted":	false,
				"sender":	true
			}
		}, {
			"streams":	[{
					"socket":	5,
					"start":	5.005017,
					"end":	6.00502,
					"seconds":	1.0000029802322388,
					"bytes":	201981952,
					"bits_per_second":	1615850800.3893516,
					"omitted":	false,
					"sender":	true
				}],
			"sum":	{
				"start":	5.005017,
				"end":	6.00502,
				"seconds":	1.0000029802322388,
				"bytes":	201981952,
				"bits_per_second":	1615850800.3893516,
				"omitted":	false,
				"sender":	true
			}
		}, {
			"streams":	[{
					"socket":	5,
					"start":	6.00502,
					"end":	7.005018,
					"seconds":	0.99999797344207764,
					"bytes":	210108416,
					"bits_per_second":	1680870734.3819032,
					"omitted":	false,
					"sender":	true
				}],
			"sum":	{
				"start":	6.00502,
				"end":	7.005018,
				"seconds":	0.99999797344207764,
				"bytes":	210108416,
				"bits_per_second":	1680870734.3819032,
				"omitted":	false,
				"sender":	true
			}
		}, {
			"streams":	[{
					"socket":	5,
					"start":	7.005018,
					"end":	8.005021,
					"seconds":	1.0000029802322388,
					"bytes":	209453056,
					"bits_per_second":	1675619454.2648826,
					"omitted":	false,
					"sender":	true
				}],
			"sum":	{
				"start":	7.005018,
				"end":	8.005021,
				"seconds":	1.0000029802322388,
				"bytes":	209453056,
				"bits_per_second":	1675619454.2648826,
				"omitted":	false,
				"sender":	true
			}
		}, {
			"streams":	[{
					"socket":	5,
					"start":	8.005021,
					"end":	9.005016,
					"seconds":	0.999994993209839,
					"bytes":	207749120,
					"bits_per_second":	1662001281.2916629,
					"omitted":	false,
					"sender":	true
				}],
			"sum":	{
				"start":	8.005021,
				"end":	9.005016,
				"seconds":	0.999994993209839,
				"bytes":	207749120,
				"bits_per_second":	1662001281.2916629,
				"omitted":	false,
				"sender":	true
			}
		}, {
			"streams":	[{
					"socket":	5,
					"start":	9.005016,
					"end":	10.005021,
					"seconds":	1.0000050067901611,
					"bytes":	191365120,
					"bits_per_second":	1530913295.0383768,
					"omitted":	false,
					"sender":	true
				}],
			"sum":	{
				"start":	9.005016,
				"end":	10.005021,
				"seconds":	1.0000050067901611,
				"bytes":	191365120,
				"bits_per_second":	1530913295.0383768,
				"omitted":	false,
				"sender":	true
			}
		}, {
			"streams":	[{
					"socket":	5,
					"start":	10.005021,
					"end":	11.005016,
					"seconds":	0.999994993209839,
					"bytes":	206045184,
					"bits_per_second":	1648369725.0413213,
					"omitted":	false,
					"sender":	true
				}],
			"sum":	{
				"start":	10.005021,
				"end":	11.005016,
				"seconds":	0.999994993209839,
				"bytes":	206045184,
				"bits_per_second":	1648369725.0413213,
				"omitted":	false,
				"sender":	true
			}
		}, {
			"streams":	[{
					"socket":	5,
					"start":	11.005016,
					"end":	12.005017,
					"seconds":	1.0000009536743164,
					"bytes":	207093760,
					"bits_per_second":	1656748500.0015068,
					"omitted":	false,
					"sender":	true
				}],
			"sum":	{
				"start":	11.005016,
				"end":	12.005017,
				"seconds":	1.0000009536743164,
				"bytes":	207093760,
				"bits_per_second":	1656748500.0015068,
				"omitted":	false,
				"sender":	true
			}
		}, {
			"streams":	[{
					"socket":	5,
					"start":	12.005017,
					"end":	13.001744,
					"seconds":	0.99672698974609375,
					"bytes":	205127680,
					"bits_per_second":	1646410157.3270669,
					"omitted":	false,
					"sender":	true
				}],
			"sum":	{
				"start":	12.005017,
				"end":	13.001744,
				"seconds":	0.99672698974609375,
				"bytes":	205127680,
				"bits_per_second":	1646410157.3270669,
				"omitted":	false,
				"sender":	true
			}
		}, {
			"streams":	[{
					"socket":	5,
					"start":	13.001744,
					"end":	14.003751,
					"seconds":	1.002007007598877,
					"bytes":	208011264,
					"bits_per_second":	1660756960.1610689,
					"omitted":	false,
					"sender":	true
				}],
			"sum":	{
				"start":	13.001744,
				"end":	14.003751,
				"seconds":	1.002007007598877,
				"bytes":	208011264,
				"bits_per_second":	1660756960.1610689,
				"omitted":	false,
				"sender":	true
			}
		}, {
			"streams":	[{
					"socket":	5,
					"start":	14.003751,
					"end":	15.005016,
					"seconds":	1.0012650489807129,
					"bytes":	206831616,
					"bits_per_second":	1652562355.6763871,
					"omitted":	false,
					"sender":	true
				}],
			"sum":	{
				"start":	14.003751,
				"end":	15.005016,
				"seconds":	1.0012650489807129,
				"bytes":	206831616,
				"bits_per_second":	1652562355.6763871,
				"omitted":	false,
				"sender":	true
			}
		}, {
			"streams":	[{
					"socket":	5,
					"start":	15.005016,
					"end":	16.005017,
					"seconds":	1.0000009536743164,
					"bytes":	209321984,
					"bits_per_second":	1674574275.001523,
					"omitted":	false,
					"sender":	true
				}],
			"sum":	{
				"start":	15.005016,