{
	"start":	{
		"connected":	[{
				"socket":	5,
				"local_host":	"192.168.105.1",
				"local_port":	50350,
				"remote_host":	"192.168.105.2",
				"remote_port":	5201
			}],
		"version":	"iperf 3.19.1",
		"system_info":	"Darwin mimi-2.local 24.6.0 Darwin Kernel Version 24.6.0: Mon Jul 14 11:29:54 PDT 2025; root:xnu-11417.140.69~1/RELEASE_ARM64_T8122 arm64",
		"timestamp":	{
			"time":	"Sat, 30 Aug 2025 21:30:23 UTC",
			"timesecs":	1756589423
		},
		"connecting_to":	{
			"host":	"192.168.105.2",
			"port":	5201
		},
		"cookie":	"vyl7hsn6yop6g5zcaq5tjsix242mv3eqw4sm",
		"tcp_mss_default":	1448,
		"target_bitrate":	0,
		"fq_rate":	0,
		"sock_bufsize":	0,
		"sndbuf_actual":	131072,
		"rcvbuf_actual":	131072,
		"test_start":	{
			"protocol":	"TCP",
			"num_streams":	1,
			"blksize":	131072,
			"omit":	0,
			"duration":	30,
			"bytes":	0,
			"blocks":	0,
			"reverse":	1,
			"tos":	0,
			"target_bitrate":	0,
			"bidir":	0,
			"fqrate":	0,
			"interval":	1
		}
	},
	"intervals":	[{
			"streams":	[{
					"socket":	5,
					"start":	0,
					"end":	1.003558,
					"seconds":	1.0035580396652222,
					"bytes":	9457631232,
					"bits_per_second":	75392799285.669449,
					"omitted":	false,
					"sender":	false
				}],
			"sum":	{
				"start":	0,
				"end":	1.003558,
				"seconds":	1.0035580396652222,
				"bytes":	9457631232,
				"bits_per_second":	75392799285.669449,
				"omitted":	false,
				"sender":	false
			}
		}, {
			"streams":	[{
					"socket":	5,
					"start":	1.003558,
					"end":	2.002714,
					"seconds":	0.99915599822998047,
					"bytes":	9482534912,
					"bits_per_second":	75924359589.881454,
					"omitted":	false,
					"sender":	false
				}],
			"sum":	{
				"start":	1.003558,
				"end":	2.002714,
				"seconds":	0.99915599822998047,
				"bytes":	9482534912,
				"bits_per_second":	75924359589.881454,
				"omitted":	false,
				"sender":	false
			}
		}, {
			"streams":	[{
					"socket":	5,
					"start":	2.002714,
					"end":	3.002381,
					"seconds":	0.99966698884964,
					"bytes":	9440198656,
					"bits_per_second":	75546747157.176773,
					"omitted":	false,
					"sender":	false
				}],
			"sum":	{
				"start":	2.002714,
				"end":	3.002381,
				"seconds":	0.99966698884964,
				"bytes":	9440198656,
				"bits_per_second":	75546747157.176773,
				"omitted":	false,
				"sender":	false
			}
		}, {
			"streams":	[{
					"socket":	5,
					"start":	3.002381,
					"end":	4.001735,
					"seconds":	0.99935400485992432,
					"bytes":	9539026944,
					"bits_per_second":	76361544738.789932,
					"omitted":	false,
					"sender":	false
				}],
			"sum":	{
				"start":	3.002381,
				"end":	4.001735,
				"seconds":	0.99935400485992432,
				"bytes":	9539026944,
				"bits_per_second":	76361544738.789932,
				"omitted":	false,
				"sender":	false
			}
		}, {
			"streams":	[{
					"socket":	5,
					"start":	4.001735,
					"end":	5.003129,
					"seconds":	1.0013940334320068,
					"bytes":	9495904256,
					"bits_per_second":	75861480607.831146,
					"omitted":	false,
					"sender":	false
				}],
			"sum":	{
				"start":	4.001735,
				"end":	5.003129,
				"seconds":	1.0013940334320068,
				"bytes":	9495904256,
				"bits_per_second":	75861480607.831146,
				"omitted":	false,
				"sender":	false
			}
		}, {
			"streams":	[{
					"socket":	5,
					"start":	5.003129,
					"end":	6.00502,
					"seconds":	1.001891016960144,
					"bytes":	9147252736,
					"bits_per_second":	73039902194.183533,
					"omitted":	false,
					"sender":	false
				}],
			"sum":	{
				"start":	5.003129,
				"end":	6.00502,
				"seconds":	1.001891016960144,
				"bytes":	9147252736,
				"bits_per_second":	73039902194.183533,
				"omitted":	false,
				"sender":	false
			}
		}, {
			"streams":	[{
					"socket":	5,
					"start":	6.00502,
					"end":	7.004477,
					"seconds":	0.99945700168609619,
					"bytes":	8951693312,
					"bits_per_second":	71652453657.5231,
					"omitted":	false,
					"sender":	false
				}],
			"sum":	{
				"start":	6.00502,
				"end":	7.004477,
				"seconds":	0.99945700168609619,
				"bytes":	8951693312,
				"bits_per_second":	71652453657.5231,
				"omitted":	false,
				"sender":	false
			}
		}, {
			"streams":	[{
					"socket":	5,
					"start":	7.004477,
					"end":	8.001039,
					"seconds":	0.99656200408935547,
					"bytes":	8808693760,
					"bits_per_second":	70712659915.6207,
					"omitted":	false,
					"sender":	false
				}],
			"sum":	{
				"start":	7.004477,
				"end":	8.001039,
				"seconds":	0.99656200408935547,
				"bytes":	8808693760,
				"bits_per_second":	70712659915.6207,
				"omitted":	false,
				"sender":	false
			}
		}, {
			"streams":	[{
					"socket":	5,
					"start":	8.001039,
					"end":	9.005022,
					"seconds":	1.0039830207824707,
					"bytes":	8855224320,
					"bits_per_second":	70560749627.80574,
					"omitted":	false,
					"sender":	false
				}],
			"sum":	{
				"start":	8.001039,
				"end":	9.005022,
				"seconds":	1.0039830207824707,
				"bytes":	8855224320,
				"bits_per_second":	70560749627.80574,
				"omitted":	false,
				"sender":	false
			}
		}, {
			"streams":	[{
					"socket":	5,
					"start":	9.005022,
					"end":	10.00126,
					"seconds":	0.99623799324035645,
					"bytes":	8730705920,
					"bits_per_second":	70109399394.4364,
					"omitted":	false,
					"sender":	false
				}],
			"sum":	{
				"start":	9.005022,
				"end":	10.00126,
				"seconds":	0.99623799324035645,
				"bytes":	8730705920,
				"bits_per_second":	70109399394.4364,
				"omitted":	false,
				"sender":	false
			}
		}, {
			"streams":	[{
					"socket":	5,
					"start":	10.00126,
					"end":	11.001801,
					"seconds":	1.0005409717559814,
					"bytes":	9056419840,
					"bits_per_second":	72412185772.7081,
					"omitted":	false,
					"sender":	false
				}],
			"sum":	{
				"start":	10.00126,
				"end":	11.001801,
				"seconds":	1.0005409717559814,
				"bytes":	9056419840,
				"bits_per_second":	72412185772.7081,
				"omitted":	false,
				"sender":	false
			}
		}, {
			"streams":	[{
					"socket":	5,
					"start":	11.001801,
					"end":	12.003025,
					"seconds":	1.0012240409851074,
					"bytes":	9301917696,
					"bits_per_second":	74324365498.4378,
					"omitted":	false,
					"sender":	false
				}],
			"sum":	{
				"start":	11.001801,
				"end":	12.003025,
				"seconds":	1.0012240409851074,
				"bytes":	9301917696,
				"bits_per_second":	74324365498.4378,
				"omitted":	false,
				"sender":	false
			}
		}, {
			"streams":	[{
					"socket":	5,
					"start":	12.003025,
					"end":	13.002869,
					"seconds":	0.9998440146446228,
					"bytes":	9434693632,
					"bits_per_second":	75489324285.0758,
					"omitted":	false,
					"sender":	false
				}],
			"sum":	{
				"start":	12.003025,
				"end":	13.002869,
				"seconds":	0.9998440146446228,
				"bytes":	9434693632,
				"bits_per_second":	75489324285.0758,
				"omitted":	false,
				"sender":	false
			}
		}, {
			"streams":	[{
					"socket":	5,
					"start":	13.002869,
					"end":	14.004425,
					"seconds":	1.0015560388565063,
					"bytes":	9315680256,
					"bits_per_second":	74409657729.2739,
					"omitted":	false,
					"sender":	false
				}],
			"sum":	{
				"start":	13.002869,
				"end":	14.004425,
				"seconds":	1.0015560388565063,
				"bytes":	9315680256,
				"bits_per_second":	74409657729.2739,
				"omitted":	false,
				"sender":	false
			}
		}, {
			"streams":	[{
					"socket":	5,
					"start":	14.004425,
					"end":	15.005025,
					"seconds":	1.0005999803543091,
					"bytes":	9410052096,
					"bits_per_second":	75235277079.8011,
					"omitted":	false,
					"sender":	false
				}],
			"sum":	{
				"start":	14.004425,
				"end":	15.005025,
				"seconds":	1.0005999803543091,
				"bytes":	9410052096,
				"bits_per_second":	75235277079.8011,
				"omitted":	false,
				"sender":	false
			}
		}, {
			"streams":	[{
					"socket":	5,
					"start":	15.005025,
					"end":	16.003387,
					"seconds":	0.99836200475692749,
					"bytes":	9141354496,
					"bits_per_second":	73250820463.4703,
					"omitted":	false,
					"sender":	false
				}],