{
	"start":	{
		"connected":	[{
				"socket":	5,
				"local_host":	"192.168.128.1",
				"local_port":	49482,
				"remote_host":	"192.168.128.2",
				"remote_port":	5201
			}],
		"version":	"iperf 3.18",
		"system_info":	"Darwin mimi-2.local 24.3.0 Darwin Kernel Version 24.3.0: Thu Jan  2 20:24:23 PST 2025; root:xnu-11215.81.4~3/RELEASE_ARM64_T8122 arm64",
		"timestamp":	{
			"time":	"Sat, 22 Feb 2025 17:15:04 UTC",
			"timesecs":	1740244504
		},
		"connecting_to":	{
			"host":	"192.168.128.2",
			"port":	5201
		},
		"cookie":	"wdd4vzjmibw5kn4hzlmg5i4hwlbp6n5wwn7x",
		"tcp_mss_default":	1448,
		"target_bitrate":	0,
		"fq_rate":	0,
		"sock_bufsize":	0,
		"sndbuf_actual":	131072,
		"rcvbuf_actual":	131072,
		"test_start":	{
			"protocol":	"TCP",
			"num_streams":	1,
			"blksize":	131072,
			"omit":	0,
			"duration":	30,
			"bytes":	0,
			"blocks":	0,
			"reverse":	1,
			"tos":	0,
			"target_bitrate":	0,
			"bidir":	0,
			"fqrate":	0,
			"interval":	1
		}
	},
	"intervals":	[{
			"streams":	[{
					"socket":	5,
					"start":	0,
					"end":	1.002938,
					"seconds":	1.0029380321502686,
					"bytes":	1848115200,
					"bits_per_second":	14741610275.06513,
					"omitted":	false,
					"sender":	false
				}],
			"sum":	{
				"start":	0,
				"end":	1.002938,
				"seconds":	1.0029380321502686,
				"bytes":	1848115200,
				"bits_per_second":	14741610275.06513,
				"omitted":	false,
				"sender":	false
			}
		}, {
			"streams":	[{
					"socket":	5,
					"start":	1.002938,
					"end":	2.005034,
					"seconds":	1.0020960569381714,
					"bytes":	1856503808,
					"bits_per_second":	14820964877.737623,
					"omitted":	false,
					"sender":	false
				}],
			"sum":	{
				"start":	1.002938,
				"end":	2.005034,
				"seconds":	1.0020960569381714,
				"bytes":	1856503808,
				"bits_per_second":	14820964877.737623,
				"omitted":	false,
				"sender":	false
			}
		}, {
			"streams":	[{
					"socket":	5,
					"start":	2.005034,
					"end":	3.002956,
					"seconds":	0.99792200326919556,
					"bytes":	1860435968,
					"bits_per_second":	14914479984.64975,
					"omitted":	false,
					"sender":	false
				}],
			"sum":	{
				"start":	2.005034,
				"end":	3.002956,
				"seconds":	0.99792200326919556,
				"bytes":	1860435968,
				"bits_per_second":	14914479984.64975,
				"omitted":	false,
				"sender":	false
			}
		}, {
			"streams":	[{
					"socket":	5,
					"start":	3.002956,
					"end":	4.000945,
					"seconds":	0.997988998889923,
					"bytes":	1844051968,
					"bits_per_second":	14782142649.277012,
					"omitted":	false,
					"sender":	false
				}],
			"sum":	{
				"start":	3.002956,
				"end":	4.000945,
				"seconds":	0.997988998889923,
				"bytes":	1844051968,
				"bits_per_second":	14782142649.277012,
				"omitted":	false,
				"sender":	false
			}
		}, {
			"streams":	[{
					"socket":	5,
					"start":	4.000945,
					"end":	5.000397,
					"seconds":	0.999451994895935,
					"bytes":	1861484544,
					"bits_per_second":	14900041650.87546,
					"omitted":	false,
					"sender":	false
				}],
			"sum":	{
				"start":	4.000945,
				"end":	5.000397,
				"seconds":	0.999451994895935,
				"bytes":	1861484544,
				"bits_per_second":	14900041650.87546,
				"omitted":	false,
				"sender":	false
			}
		}, {
			"streams":	[{
					"socket":	5,
					"start":	5.000397,
					"end":	6.000857,
					"seconds":	1.0004600286483765,
					"bytes":	1855324160,
					"bits_per_second":	14835768401.514626,
					"omitted":	false,
					"sender":	false
				}],
			"sum":	{
				"start":	5.000397,
				"end":	6.000857,
				"seconds":	1.0004600286483765,
				"bytes":	1855324160,
				"bits_per_second":	14835768401.514626,
				"omitted":	false,
				"sender":	false
			}
		}, {
			"streams":	[{
					"socket":	5,
					"start":	6.000857,
					"end":	7.005029,
					"seconds":	1.0041719675064087,
					"bytes":	1872887808,
					"bits_per_second":	14920853149.492422,
					"omitted":	false,
					"sender":	false
				}],
			"sum":	{
				"start":	6.000857,
				"end":	7.005029,
				"seconds":	1.0041719675064087,
				"bytes":	1872887808,
				"bits_per_second":	14920853149.492422,
				"omitted":	false,
				"sender":	false
			}
		}, {
			"streams":	[{
					"socket":	5,
					"start":	7.005029,
					"end":	8.002879,
					"seconds":	0.997850000858307,
					"bytes":	1857421312,
					"bits_per_second":	14891386965.193787,
					"omitted":	false,
					"sender":	false
				}],
			"sum":	{
				"start":	7.005029,
				"end":	8.002879,
				"seconds":	0.997850000858307,
				"bytes":	1857421312,
				"bits_per_second":	14891386965.193787,
				"omitted":	false,
				"sender":	false
			}
		}, {
			"streams":	[{
					"socket":	5,
					"start":	8.002879,
					"end":	9.002911,
					"seconds":	1.0000319480895996,
					"bytes":	1864499200,
					"bits_per_second":	14915517077.723976,
					"omitted":	false,
					"sender":	false
				}],
			"sum":	{
				"start":	8.002879,
				"end":	9.002911,
				"seconds":	1.0000319480895996,
				"bytes":	1864499200,
				"bits_per_second":	14915517077.723976,
				"omitted":	false,
				"sender":	false
			}
		}, {
			"streams":	[{
					"socket":	5,
					"start":	9.002911,
					"end":	10.004044,
					"seconds":	1.0011329650878906,
					"bytes":	1857814528,
					"bits_per_second":	14845696568.082945,
					"omitted":	false,
					"sender":	false
				}],
			"sum":	{
				"start":	9.002911,
				"end":	10.004044,
				"seconds":	1.0011329650878906,
				"bytes":	1857814528,
				"bits_per_second":	14845696568.082945,
				"omitted":	false,
				"sender":	false
			}
		}, {
			"streams":	[{
					"socket":	5,
					"start":	10.004044,
					"end":	11.001885,
					"seconds":	0.9978410005569458,
					"bytes":	1845231616,
					"bits_per_second":	14793792718.239338,
					"omitted":	false,
					"sender":	false
				}],
			"sum":	{
				"start":	10.004044,
				"end":	11.001885,
				"seconds":	0.9978410005569458,
				"bytes":	1845231616,
				"bits_per_second":	14793792718.239338,
				"omitted":	false,
				"sender":	false
			}
		}, {
			"streams":	[{
					"socket":	5,
					"start":	11.001885,
					"end":	12.00106,
					"seconds":	0.99917501211166382,
					"bytes":	1849556992,
					"bits_per_second":	14808672911.794563,
					"omitted":	false,
					"sender":	false
				}],
			"sum":	{
				"start":	11.001885,
				"end":	12.00106,
				"seconds":	0.99917501211166382,
				"bytes":	1849556992,
				"bits_per_second":	14808672911.794563,
				"omitted":	false,
				"sender":	false
			}
		}, {
			"streams":	[{
					"socket":	5,
					"start":	12.00106,
					"end":	13.001949,
					"seconds":	1.00088894367218,
					"bytes":	1843265536,
					"bits_per_second":	14733027456.470514,
					"omitted":	false,
					"sender":	false
				}],
			"sum":	{
				"start":	12.00106,
				"end":	13.001949,
				"seconds":	1.00088894367218,
				"bytes":	1843265536,
				"bits_per_second":	14733027456.470514,
				"omitted":	false,
				"sender":	false
			}
		}, {
			"streams":	[{
					"socket":	5,
					"start":	13.001949,
					"end":	14.005006,
					"seconds":	1.00305700302124,
					"bytes":	1856634880,
					"bits_per_second":	14807811515.459286,
					"omitted":	false,
					"sender":	false
				}],
			"sum":	{
				"start":	13.001949,
				"end":	14.005006,
				"seconds":	1.00305700302124,
				"bytes":	1856634880,
				"bits_per_second":	14807811515.459286,
				"omitted":	false,
				"sender":	false
			}
		}, {
			"streams":	[{
					"socket":	5,
					"start":	14.005006,
					"end":	15.001884,
					"seconds":	0.99687802791595459,
					"bytes":	1837236224,
					"bits_per_second":	14743919898.331995,
					"omitted":	false,
					"sender":	false
				}],
			"sum":	{
				"start":	14.005006,
				"end":	15.001884,
				"seconds":	0.99687802791595459,
				"bytes":	1837236224,
				"bits_per_second":	14743919898.331995,
				"omitted":	false,
				"sender":	false
			}
		}, {
			"streams":	[{
					"socket":	5,
					"start":	15.001884,
					"end":	16.002868,
					"seconds":	1.0009839534759521,
					"bytes":	1853882368,
					"bits_per_second":	14816480216.789314,
					"omitted":	false,
					"sender":	false
				}],