{
	"start":	{
		"connected":	[{
				"socket":	5,
				"local_host":	"10.100.102.149",
				"local_port":	50344,
				"remote_host":	"10.100.102.161",
				"remote_port":	5201
			}],
		"version":	"iperf 3.19.1",
		"system_info":	"Darwin mimi-2.local 24.6.0 Darwin Kernel Version 24.6.0: Mon Jul 14 11:29:54 PDT 2025; root:xnu-11417.140.69~1/RELEASE_ARM64_T8122 arm64",
		"timestamp":	{
			"time":	"Sat, 30 Aug 2025 21:26:09 UTC",
			"timesecs":	1756589169
		},
		"connecting_to":	{
			"host":	"10.100.102.161",
			"port":	5201
		},
		"cookie":	"alvetqlqaqdgaqidufrlcbxke5vtjyouvbfi",
		"tcp_mss_default":	1448,
		"target_bitrate":	0,
		"fq_rate":	0,
		"sock_bufsize":	0,
		"sndbuf_actual":	131072,
		"rcvbuf_actual":	131072,
		"test_start":	{
			"protocol":	"TCP",
			"num_streams":	1,
			"blksize":	131072,
			"omit":	0,
			"duration":	30,
			"bytes":	0,
			"blocks":	0,
			"reverse":	1,
			"tos":	0,
			"target_bitrate":	0,
			"bidir":	0,
			"fqrate":	0,
			"interval":	1
		}
	},
	"intervals":	[{
			"streams":	[{
					"socket":	5,
					"start":	0,
					"end":	1.005023,
					"seconds":	1.0050230026245117,
					"bytes":	1023279104,
					"bits_per_second":	8145318873.91882,
					"omitted":	false,
					"sender":	false
				}],
			"sum":	{
				"start":	0,
				"end":	1.005023,
				"seconds":	1.0050230026245117,
				"bytes":	1023279104,
				"bits_per_second":	8145318873.91882,
				"omitted":	false,
				"sender":	false
			}
		}, {
			"streams":	[{
					"socket":	5,
					"start":	1.005023,
					"end":	2.005021,
					"seconds":	0.99999797344207764,
					"bytes":	1036779520,
					"bits_per_second":	8294252968.7840643,
					"omitted":	false,
					"sender":	false
				}],
			"sum":	{
				"start":	1.005023,
				"end":	2.005021,
				"seconds":	0.99999797344207764,
				"bytes":	1036779520,
				"bits_per_second":	8294252968.7840643,
				"omitted":	false,
				"sender":	false
			}
		}, {
			"streams":	[{
					"socket":	5,
					"start":	2.005021,
					"end":	3.005023,
					"seconds":	1.0000020265579224,
					"bytes":	1040187392,
					"bits_per_second":	8321482272.0341759,
					"omitted":	false,
					"sender":	false
				}],
			"sum":	{
				"start":	2.005021,
				"end":	3.005023,
				"seconds":	1.0000020265579224,
				"bytes":	1040187392,
				"bits_per_second":	8321482272.0341759,
				"omitted":	false,
				"sender":	false
			}
		}, {
			"streams":	[{
					"socket":	5,
					"start":	3.005023,
					"end":	4.005023,
					"seconds":	1,
					"bytes":	1037697024,
					"bits_per_second":	8301576192,
					"omitted":	false,
					"sender":	false
				}],
			"sum":	{
				"start":	3.005023,
				"end":	4.005023,
				"seconds":	1,
				"bytes":	1037697024,
				"bits_per_second":	8301576192,
				"omitted":	false,
				"sender":	false
			}
		}, {
			"streams":	[{
					"socket":	5,
					"start":	4.005023,
					"end":	5.0026,
					"seconds":	0.9975770115852356,
					"bytes":	1035337728,
					"bits_per_second":	8302819459.35991,
					"omitted":	false,
					"sender":	false
				}],
			"sum":	{
				"start":	4.005023,
				"end":	5.0026,
				"seconds":	0.9975770115852356,
				"bytes":	1035337728,
				"bits_per_second":	8302819459.35991,
				"omitted":	false,
				"sender":	false
			}
		}, {
			"streams":	[{
					"socket":	5,
					"start":	5.0026,
					"end":	6.005019,
					"seconds":	1.0024189949035645,
					"bytes":	1040449536,
					"bits_per_second":	8303510139.291358,
					"omitted":	false,
					"sender":	false
				}],
			"sum":	{
				"start":	5.0026,
				"end":	6.005019,
				"seconds":	1.0024189949035645,
				"bytes":	1040449536,
				"bits_per_second":	8303510139.291358,
				"omitted":	false,
				"sender":	false
			}
		}, {
			"streams":	[{
					"socket":	5,
					"start":	6.005019,
					"end":	7.005017,
					"seconds":	0.99999797344207764,
					"bytes":	1038090240,
					"bits_per_second":	8304738750.0341072,
					"omitted":	false,
					"sender":	false
				}],
			"sum":	{
				"start":	6.005019,
				"end":	7.005017,
				"seconds":	0.99999797344207764,
				"bytes":	1038090240,
				"bits_per_second":	8304738750.0341072,
				"omitted":	false,
				"sender":	false
			}
		}, {
			"streams":	[{
					"socket":	5,
					"start":	7.005017,
					"end":	8.005082,
					"seconds":	1.0000649690628052,
					"bytes":	1036386304,
					"bits_per_second":	8290551802.6192465,
					"omitted":	false,
					"sender":	false
				}],
			"sum":	{
				"start":	7.005017,
				"end":	8.005082,
				"seconds":	1.0000649690628052,
				"bytes":	1036386304,
				"bits_per_second":	8290551802.6192465,
				"omitted":	false,
				"sender":	false
			}
		}, {
			"streams":	[{
					"socket":	5,
					"start":	8.005082,
					"end":	9.005021,
					"seconds":	0.99993902444839478,
					"bytes":	1035075584,
					"bits_per_second":	8281109617.2268133,
					"omitted":	false,
					"sender":	false
				}],
			"sum":	{
				"start":	8.005082,
				"end":	9.005021,
				"seconds":	0.99993902444839478,
				"bytes":	1035075584,
				"bits_per_second":	8281109617.2268133,
				"omitted":	false,
				"sender":	false
			}
		}, {
			"streams":	[{
					"socket":	5,
					"start":	9.005021,
					"end":	10.005043,
					"seconds":	1.0000220537185669,
					"bytes":	1029046272,
					"bits_per_second":	8232188625.62886,
					"omitted":	false,
					"sender":	false
				}],
			"sum":	{
				"start":	9.005021,
				"end":	10.005043,
				"seconds":	1.0000220537185669,
				"bytes":	1029046272,
				"bits_per_second":	8232188625.62886,
				"omitted":	false,
				"sender":	false
			}
		}, {
			"streams":	[{
					"socket":	5,
					"start":	10.005043,
					"end":	11.005027,
					"seconds":	0.9999840259552002,
					"bytes":	1034158080,
					"bits_per_second":	8273396799.6111231,
					"omitted":	false,
					"sender":	false
				}],
			"sum":	{
				"start":	10.005043,
				"end":	11.005027,
				"seconds":	0.9999840259552002,
				"bytes":	1034158080,
				"bits_per_second":	8273396799.6111231,
				"omitted":	false,
				"sender":	false
			}
		}, {
			"streams":	[{
					"socket":	5,
					"start":	11.005027,
					"end":	12.005036,
					"seconds":	1.0000089406967163,
					"bytes":	1052114944,
					"bits_per_second":	8416844299.54781,
					"omitted":	false,
					"sender":	false
				}],
			"sum":	{
				"start":	11.005027,
				"end":	12.005036,
				"seconds":	1.0000089406967163,
				"bytes":	1052114944,
				"bits_per_second":	8416844299.54781,
				"omitted":	false,
				"sender":	false
			}
		}, {
			"streams":	[{
					"socket":	5,
					"start":	12.005036,
					"end":	13.005041,
					"seconds":	1.0000050067901611,
					"bytes":	1037565952,
					"bits_per_second":	8300486057.2080765,
					"omitted":	false,
					"sender":	false
				}],
			"sum":	{
				"start":	12.005036,
				"end":	13.005041,
				"seconds":	1.0000050067901611,
				"bytes":	1037565952,
				"bits_per_second":	8300486057.2080765,
				"omitted":	false,
				"sender":	false
			}
		}, {
			"streams":	[{
					"socket":	5,
					"start":	13.005041,
					"end":	14.005022,
					"seconds":	0.99998098611831665,
					"bytes":	1026555904,
					"bits_per_second":	8212603385.4690838,
					"omitted":	false,
					"sender":	false
				}],
			"sum":	{
				"start":	13.005041,
				"end":	14.005022,
				"seconds":	0.99998098611831665,
				"bytes":	1026555904,
				"bits_per_second":	8212603385.4690838,
				"omitted":	false,
				"sender":	false
			}
		}, {
			"streams":	[{
					"socket":	5,
					"start":	14.005022,
					"end":	15.005017,
					"seconds":	0.999994993209839,
					"bytes":	1026818048,
					"bits_per_second":	8214585512.7059231,
					"omitted":	false,
					"sender":	false
				}],
			"sum":	{
				"start":	14.005022,
				"end":	15.005017,
				"seconds":	0.999994993209839,
				"bytes":	1026818048,
				"bits_per_second":	8214585512.7059231,
				"omitted":	false,
				"sender":	false
			}
		}, {
			"streams":	[{
					"socket":	5,
					"start":	15.005017,
					"end":	16.00502,
					"seconds":	1.0000029802322388,
					"bytes":	1029439488,
					"bits_per_second":	8235491360.3231459,
					"omitted":	false,
					"sender":	false
				}],
			"sum":	{
				"start":	15.005017,