{
	"start":	{
		"connected":	[{
				"socket":	5,
				"local_host":	"10.100.102.149",
				"local_port":	49543,
				"remote_host":	"10.100.102.182",
				"remote_port":	5201
			}],
		"version":	"iperf 3.8.1 -  -- Apple version iperf3-117",
		"system_info":	"Darwin mimi-2.local 24.3.0 Darwin Kernel Version 24.3.0: Thu Jan  2 20:24:23 PST 2025; root:xnu-11215.81.4~3/RELEASE_ARM64_T8122 arm64",
		"timestamp":	{
			"time":	"Sat, 22 Feb 2025 17:25:30 UTC",
			"timesecs":	1740245130
		},
		"connecting_to":	{
			"host":	"10.100.102.182",
			"port":	5201
		},
		"cookie":	"t7mzisxpwp2gqdzb5nl25qi7rfqmlvie6n4q",
		"tcp_mss_default":	1448,
		"sock_bufsize":	0,
		"sndbuf_actual":	131072,
		"rcvbuf_actual":	131072,
		"test_start":	{
			"protocol":	"TCP",
			"num_streams":	1,
			"blksize":	131072,
			"omit":	0,
			"duration":	30,
			"bytes":	0,
			"blocks":	0,
			"reverse":	0,
			"tos":	0
		}
	},
	"intervals":	[{
			"streams":	[{
					"socket":	5,
					"start":	0,
					"end":	1.00003,
					"seconds":	1.0000300407409668,
					"bytes":	265300048,
					"bits_per_second":	2122336627.4351308,
					"retransmits":	0,
					"snd_cwnd":	8388480,
					"rtt":	17,
					"rttvar":	0,
					"pmtu":	-1,
					"omitted":	false,
					"sender":	true
				}],
			"sum":	{
				"start":	0,
				"end":	1.00003,
				"seconds":	1.0000300407409668,
				"bytes":	265300048,
				"bits_per_second":	2122336627.4351308,
				"retransmits":	0,
				"omitted":	false,
				"sender":	true
			}
		}, {
			"streams":	[{
					"socket":	5,
					"start":	1.00003,
					"end":	2.00002,
					"seconds":	0.99998998641967773,
					"bytes":	269055000,
					"bits_per_second":	2152461553.84666,
					"retransmits":	0,
					"snd_cwnd":	8388480,
					"rtt":	16,
					"rttvar":	0,
					"pmtu":	-1,
					"omitted":	false,
					"sender":	true
				}],
			"sum":	{
				"start":	1.00003,
				"end":	2.00002,
				"seconds":	0.99998998641967773,
				"bytes":	269055000,
				"bits_per_second":	2152461553.84666,
				"retransmits":	0,
				"omitted":	false,
				"sender":	true
			}
		}, {
			"streams":	[{
					"socket":	5,
					"start":	2.00002,
					"end":	3.000018,
					"seconds":	0.99999797344207764,
					"bytes":	266925744,
					"bits_per_second":	2135410279.5326195,
					"retransmits":	0,
					"snd_cwnd":	8388480,
					"rtt":	17,
					"rttvar":	1,
					"pmtu":	-1,
					"omitted":	false,
					"sender":	true
				}],
			"sum":	{
				"start":	2.00002,
				"end":	3.000018,
				"seconds":	0.99999797344207764,
				"bytes":	266925744,
				"bits_per_second":	2135410279.5326195,
				"retransmits":	0,
				"omitted":	false,
				"sender":	true
			}
		}, {
			"streams":	[{
					"socket":	5,
					"start":	3.000018,
					"end":	4.000023,
					"seconds":	1.0000050067901611,
					"bytes":	265706528,
					"bits_per_second":	2125641581.3586442,
					"retransmits":	0,
					"snd_cwnd":	8388480,
					"rtt":	15,
					"rttvar":	0,
					"pmtu":	-1,
					"omitted":	false,
					"sender":	true
				}],
			"sum":	{
				"start":	3.000018,
				"end":	4.000023,
				"seconds":	1.0000050067901611,
				"bytes":	265706528,
				"bits_per_second":	2125641581.3586442,
				"retransmits":	0,
				"omitted":	false,
				"sender":	true
			}
		}, {
			"streams":	[{
					"socket":	5,
					"start":	4.000023,
					"end":	5.000036,
					"seconds":	1.000012993812561,
					"bytes":	262609808,
					"bits_per_second":	2100851165.9337313,
					"retransmits":	0,
					"snd_cwnd":	8388480,
					"rtt":	15,
					"rttvar":	0,
					"pmtu":	-1,
					"omitted":	false,
					"sender":	true
				}],
			"sum":	{
				"start":	4.000023,
				"end":	5.000036,
				"seconds":	1.000012993812561,
				"bytes":	262609808,
				"bits_per_second":	2100851165.9337313,
				"retransmits":	0,
				"omitted":	false,
				"sender":	true
			}
		}, {
			"streams":	[{
					"socket":	5,
					"start":	5.000036,
					"end":	6.000019,
					"seconds":	0.999983012676239,
					"bytes":	260824424,
					"bits_per_second":	2086630838.2736194,
					"retransmits":	0,
					"snd_cwnd":	8388480,
					"rtt":	16,
					"rttvar":	0,
					"pmtu":	-1,
					"omitted":	false,
					"sender":	true
				}],
			"sum":	{
				"start":	5.000036,
				"end":	6.000019,
				"seconds":	0.999983012676239,
				"bytes":	260824424,
				"bits_per_second":	2086630838.2736194,
				"retransmits":	0,
				"omitted":	false,
				"sender":	true
			}
		}, {
			"streams":	[{
					"socket":	5,
					"start":	6.000019,
					"end":	7.000032,
					"seconds":	1.000012993812561,
					"bytes":	264383608,
					"bits_per_second":	2115041381.5487294,
					"retransmits":	0,
					"snd_cwnd":	8388480,
					"rtt":	16,
					"rttvar":	0,
					"pmtu":	-1,
					"omitted":	false,
					"sender":	true
				}],
			"sum":	{
				"start":	6.000019,
				"end":	7.000032,
				"seconds":	1.000012993812561,
				"bytes":	264383608,
				"bits_per_second":	2115041381.5487294,
				"retransmits":	0,
				"omitted":	false,
				"sender":	true
			}
		}, {
			"streams":	[{
					"socket":	5,
					"start":	7.000032,
					"end":	8.000014,
					"seconds":	0.99998199939727783,
					"bytes":	263239368,
					"bits_per_second":	2105952852.4206481,
					"retransmits":	0,
					"snd_cwnd":	8388480,
					"rtt":	15,
					"rttvar":	0,
					"pmtu":	-1,
					"omitted":	false,
					"sender":	true
				}],
			"sum":	{
				"start":	7.000032,
				"end":	8.000014,
				"seconds":	0.99998199939727783,
				"bytes":	263239368,
				"bits_per_second":	2105952852.4206481,
				"retransmits":	0,
				"omitted":	false,
				"sender":	true
			}
		}, {
			"streams":	[{
					"socket":	5,
					"start":	8.000014,
					"end":	9.000028,
					"seconds":	1.0000139474868774,
					"bytes":	265144328,
					"bits_per_second":	2121125039.6363442,
					"retransmits":	0,
					"snd_cwnd":	8388480,
					"rtt":	14,
					"rttvar":	0,
					"pmtu":	-1,
					"omitted":	false,
					"sender":	true
				}],
			"sum":	{
				"start":	8.000014,
				"end":	9.000028,
				"seconds":	1.0000139474868774,
				"bytes":	265144328,
				"bits_per_second":	2121125039.6363442,
				"retransmits":	0,
				"omitted":	false,
				"sender":	true
			}
		}, {
			"streams":	[{
					"socket":	5,
					"start":	9.000028,
					"end":	10.000025,
					"seconds":	0.99999701976776123,
					"bytes":	265957032,
					"bits_per_second":	2127662596.9286647,
					"retransmits":	0,
					"snd_cwnd":	8388480,
					"rtt":	16,
					"rttvar":	0,
					"pmtu":	-1,
					"omitted":	false,
					"sender":	true
				}],
			"sum":	{
				"start":	9.000028,
				"end":	10.000025,
				"seconds":	0.99999701976776123,
				"bytes":	265957032,
				"bits_per_second":	2127662596.9286647,
				"retransmits":	0,
				"omitted":	false,
				"sender":	true
			}
		}, {
			"streams":	[{
					"socket":	5,
					"start":	10.000025,
					"end":	11.000021,
					"seconds":	0.9999960064888,
					"bytes":	263498504,
					"bits_per_second":	2107996450.3074338,
					"retransmits":	0,
					"snd_cwnd":	8388480,
					"rtt":	16,
					"rttvar":	0,
					"pmtu":	-1,
					"omitted":	false,
					"sender":	true
				}],
			"sum":	{
				"start":	10.000025,
				"end":	11.000021,
				"seconds":	0.9999960064888,
				"bytes":	263498504,
				"bits_per_second":	2107996450.3074338,
				"retransmits":	0,
				"omitted":	false,
				"sender":	true
			}
		}, {
			"streams":	[{
					"socket":	5,
					"start":	11.000021,
					"end":	12.000027,
					"seconds":	1.0000059604644775,
					"bytes":	263369312,
					"bits_per_second":	2106941937.6474245,
					"retransmits":	0,
					"snd_cwnd":	8388480,
					"rtt":	15,
					"rttvar":	0,
					"pmtu":	-1,
					"omitted":	false,
					"sender":	true
				}],
			"sum":	{
				"start":	11.000021,
				"end":	12.000027,
				"seconds":	1.0000059604644775,
				"bytes":	263369312,
				"bits_per_second":	2106941937.6474245,
				"retransmits":	0,
				"omitted":	false,
				"sender":	true
			}
		}, {
			"streams":	[{
					"socket":	5,
					"start":	12.000027,
					"end":	13.000037,
					"seconds":	1.0000100135803223,
					"bytes":	264969120,
					"bits_per_second":	2119731733.8960209,
					"retransmits":	0,
					"snd_cwnd":	8388480,
					"rtt":	16,
					"rttvar":	0,