{
	"start":	{
		"connected":	[{
				"socket":	5,
				"local_host":	"10.100.102.149",
				"local_port":	49553,
				"remote_host":	"10.100.102.182",
				"remote_port":	5201
			}],
		"version":	"iperf 3.8.1 -  -- Apple version iperf3-117",
		"system_info":	"Darwin mimi-2.local 24.3.0 Darwin Kernel Version 24.3.0: Thu Jan  2 20:24:23 PST 2025; root:xnu-11215.81.4~3/RELEASE_ARM64_T8122 arm64",
		"timestamp":	{
			"time":	"Sat, 22 Feb 2025 17:26:00 UTC",
			"timesecs":	1740245160
		},
		"connecting_to":	{
			"host":	"10.100.102.182",
			"port":	5201
		},
		"cookie":	"ptzeaa6kqpron5j2rsrvwyp7atdgtn4tcioz",
		"tcp_mss_default":	1448,
		"sock_bufsize":	0,
		"sndbuf_actual":	131072,
		"rcvbuf_actual":	131072,
		"test_start":	{
			"protocol":	"TCP",
			"num_streams":	1,
			"blksize":	131072,
			"omit":	0,
			"duration":	30,
			"bytes":	0,
			"blocks":	0,
			"reverse":	1,
			"tos":	0
		}
	},
	"intervals":	[{
			"streams":	[{
					"socket":	5,
					"start":	0,
					"end":	1.000011,
					"seconds":	1.0000109672546387,
					"bytes":	214538712,
					"bits_per_second":	1716290873.0009618,
					"omitted":	false,
					"sender":	false
				}],
			"sum":	{
				"start":	0,
				"end":	1.000011,
				"seconds":	1.0000109672546387,
				"bytes":	214538712,
				"bits_per_second":	1716290873.0009618,
				"omitted":	false,
				"sender":	false
			}
		}, {
			"streams":	[{
					"socket":	5,
					"start":	1.000011,
					"end":	2.000022,
					"seconds":	1.0000109672546387,
					"bytes":	211250808,
					"bits_per_second":	1689987929.4720411,
					"omitted":	false,
					"sender":	false
				}],
			"sum":	{
				"start":	1.000011,
				"end":	2.000022,
				"seconds":	1.0000109672546387,
				"bytes":	211250808,
				"bits_per_second":	1689987929.4720411,
				"omitted":	false,
				"sender":	false
			}
		}, {
			"streams":	[{
					"socket":	5,
					"start":	2.000022,
					"end":	3.000002,
					"seconds":	0.99997997283935547,
					"bytes":	211486328,
					"bits_per_second":	1691924508.443929,
					"omitted":	false,
					"sender":	false
				}],
			"sum":	{
				"start":	2.000022,
				"end":	3.000002,
				"seconds":	0.99997997283935547,
				"bytes":	211486328,
				"bits_per_second":	1691924508.443929,
				"omitted":	false,
				"sender":	false
			}
		}, {
			"streams":	[{
					"socket":	5,
					"start":	3.000002,
					"end":	4.000005,
					"seconds":	1.0000029802322388,
					"bytes":	213724104,
					"bits_per_second":	1709787736.4354665,
					"omitted":	false,
					"sender":	false
				}],
			"sum":	{
				"start":	3.000002,
				"end":	4.000005,
				"seconds":	1.0000029802322388,
				"bytes":	213724104,
				"bits_per_second":	1709787736.4354665,
				"omitted":	false,
				"sender":	false
			}
		}, {
			"streams":	[{
					"socket":	5,
					"start":	4.000005,
					"end":	5.000011,
					"seconds":	1.0000059604644775,
					"bytes":	209712024,
					"bits_per_second":	1677686192.2110469,
					"omitted":	false,
					"sender":	false
				}],
			"sum":	{
				"start":	4.000005,
				"end":	5.000011,
				"seconds":	1.0000059604644775,
				"bytes":	209712024,
				"bits_per_second":	1677686192.2110469,
				"omitted":	false,
				"sender":	false
			}
		}, {
			"streams":	[{
					"socket":	5,
					"start":	5.000011,
					"end":	6.000002,
					"seconds":	0.999990999698639,
					"bytes":	212865080,
					"bits_per_second":	1702935966.9369011,
					"omitted":	false,
					"sender":	false
				}],
			"sum":	{
				"start":	5.000011,
				"end":	6.000002,
				"seconds":	0.999990999698639,
				"bytes":	212865080,
				"bits_per_second":	1702935966.9369011,
				"omitted":	false,
				"sender":	false
			}
		}, {
			"streams":	[{
					"socket":	5,
					"start":	6.000002,
					"end":	7.000002,
					"seconds":	1,
					"bytes":	214865880,
					"bits_per_second":	1718927040,
					"omitted":	false,
					"sender":	false
				}],
			"sum":	{
				"start":	6.000002,
				"end":	7.000002,
				"seconds":	1,
				"bytes":	214865880,
				"bits_per_second":	1718927040,
				"omitted":	false,
				"sender":	false
			}
		}, {
			"streams":	[{
					"socket":	5,
					"start":	7.000002,
					"end":	8.000009,
					"seconds":	1.0000070333480835,
					"bytes":	215939048,
					"bits_per_second":	1727500233.8895407,
					"omitted":	false,
					"sender":	false
				}],
			"sum":	{
				"start":	7.000002,
				"end":	8.000009,
				"seconds":	1.0000070333480835,
				"bytes":	215939048,
				"bits_per_second":	1727500233.8895407,
				"omitted":	false,
				"sender":	false
			}
		}, {
			"streams":	[{
					"socket":	5,
					"start":	8.000009,
					"end":	9.000013,
					"seconds":	1.0000040531158447,
					"bytes":	209712800,
					"bits_per_second":	1677695600.1053805,
					"omitted":	false,
					"sender":	false
				}],
			"sum":	{
				"start":	8.000009,
				"end":	9.000013,
				"seconds":	1.0000040531158447,
				"bytes":	209712800,
				"bits_per_second":	1677695600.1053805,
				"omitted":	false,
				"sender":	false
			}
		}, {
			"streams":	[{
					"socket":	5,
					"start":	9.000013,
					"end":	10.000003,
					"seconds":	0.99998998641967773,
					"bytes":	205497200,
					"bits_per_second":	1643994062.2665918,
					"omitted":	false,
					"sender":	false
				}],
			"sum":	{
				"start":	9.000013,
				"end":	10.000003,
				"seconds":	0.99998998641967773,
				"bytes":	205497200,
				"bits_per_second":	1643994062.2665918,
				"omitted":	false,
				"sender":	false
			}
		}, {
			"streams":	[{
					"socket":	5,
					"start":	10.000003,
					"end":	11.000016,
					"seconds":	1.000012993812561,
					"bytes":	206833680,
					"bits_per_second":	1654647939.8148155,
					"omitted":	false,
					"sender":	false
				}],
			"sum":	{
				"start":	10.000003,
				"end":	11.000016,
				"seconds":	1.000012993812561,
				"bytes":	206833680,
				"bits_per_second":	1654647939.8148155,
				"omitted":	false,
				"sender":	false
			}
		}, {
			"streams":	[{
					"socket":	5,
					"start":	11.000016,
					"end":	12.000044,
					"seconds":	1.0000280141830444,
					"bytes":	212849456,
					"bits_per_second":	1702747946.9073367,
					"omitted":	false,
					"sender":	false
				}],
			"sum":	{
				"start":	11.000016,
				"end":	12.000044,
				"seconds":	1.0000280141830444,
				"bytes":	212849456,
				"bits_per_second":	1702747946.9073367,
				"omitted":	false,
				"sender":	false
			}
		}, {
			"streams":	[{
					"socket":	5,
					"start":	12.000044,
					"end":	13.000007,
					"seconds":	0.99996298551559448,
					"bytes":	213020848,
					"bits_per_second":	1704229865.1897686,
					"omitted":	false,
					"sender":	false
				}],
			"sum":	{
				"start":	12.000044,
				"end":	13.000007,
				"seconds":	0.99996298551559448,
				"bytes":	213020848,
				"bits_per_second":	1704229865.1897686,
				"omitted":	false,
				"sender":	false
			}
		}, {
			"streams":	[{
					"socket":	5,
					"start":	13.000007,
					"end":	14.000047,
					"seconds":	1.0000400543212891,
					"bytes":	216718152,
					"bits_per_second":	1733675774.7935054,
					"omitted":	false,
					"sender":	false
				}],
			"sum":	{
				"start":	13.000007,
				"end":	14.000047,
				"seconds":	1.0000400543212891,
				"bytes":	216718152,
				"bits_per_second":	1733675774.7935054,
				"omitted":	false,
				"sender":	false
			}
		}, {
			"streams":	[{
					"socket":	5,
					"start":	14.000047,
					"end":	15.000004,
					"seconds":	0.999957025051117,
					"bytes":	215299168,
					"bits_per_second":	1722467366.9470472,
					"omitted":	false,
					"sender":	false
				}],
			"sum":	{
				"start":	14.000047,
				"end":	15.000004,
				"seconds":	0.999957025051117,
				"bytes":	215299168,
				"bits_per_second":	1722467366.9470472,
				"omitted":	false,
				"sender":	false
			}
		}, {
			"streams":	[{
					"socket":	5,
					"start":	15.000004,
					"end":	16.000037,
					"seconds":	1.0000330209732056,
					"bytes":	214075608,
					"bits_per_second":	1712548313.9880106,
					"omitted":	false,
					"sender":	false
				}],
			"sum":	{
				"start":	15.000004,
				"end":	16.000037,
				"seconds":	1.0000330209732056,
				"bytes":	214075608,