{
	"start":	{
		"connected":	[{
				"socket":	5,
				"local_host":	"10.100.102.4",
				"local_port":	49495,
				"remote_host":	"10.100.102.6",
				"remote_port":	5201
			}],
		"version":	"iperf 3.20",
		"system_info":	"Darwin mimi-2.local 25.3.0 Darwin Kernel Version 25.3.0: Wed Jan 28 20:53:31 PST 2026; root:xnu-12377.81.4~5/RELEASE_ARM64_T8122 arm64",
		"timestamp":	{
			"time":	"Fri, 27 Feb 2026 20:21:02 UTC",
			"timesecs":	1772223662,
			"timemillisecs":	1772223662294
		},
		"connecting_to":	{
			"host":	"10.100.102.6",
			"port":	5201
		},
		"cookie":	"xbylgrgmdbddhdefrbarzdqsrpfmwcdnnh2a",
		"tcp_mss_default":	1448,
		"target_bitrate":	0,
		"fq_rate":	0,
		"sock_bufsize":	0,
		"sndbuf_actual":	131072,
		"rcvbuf_actual":	131072,
		"test_start":	{
			"protocol":	"TCP",
			"num_streams":	1,
			"blksize":	131072,
			"omit":	0,
			"duration":	30,
			"bytes":	0,
			"blocks":	0,
			"reverse":	0,
			"tos":	0,
			"target_bitrate":	0,
			"bidir":	0,
			"fqrate":	0,
			"interval":	1
		}
	},
	"intervals":	[{
			"streams":	[{
					"socket":	5,
					"start":	0,
					"end":	1.010015,
					"seconds":	1.01001501083374,
					"bytes":	197787648,
					"bits_per_second":	1566611552.331141,
					"omitted":	false,
					"sender":	true
				}],
			"sum":	{
				"start":	0,
				"end":	1.010015,
				"seconds":	1.01001501083374,
				"bytes":	197787648,
				"bits_per_second":	1566611552.331141,
				"omitted":	false,
				"sender":	true
			}
		}, {
			"streams":	[{
					"socket":	5,
					"start":	1.010015,
					"end":	2.002925,
					"seconds":	0.99291002750396729,
					"bytes":	166985728,
					"bits_per_second":	1345424849.1761377,
					"omitted":	false,
					"sender":	true
				}],
			"sum":	{
				"start":	1.010015,
				"end":	2.002925,
				"seconds":	0.99291002750396729,
				"bytes":	166985728,
				"bits_per_second":	1345424849.1761377,
				"omitted":	false,
				"sender":	true
			}
		}, {
			"streams":	[{
					"socket":	5,
					"start":	2.002925,
					"end":	3.010032,
					"seconds":	1.0071070194244385,
					"bytes":	183894016,
					"bits_per_second":	1460770404.3615575,
					"omitted":	false,
					"sender":	true
				}],
			"sum":	{
				"start":	2.002925,
				"end":	3.010032,
				"seconds":	1.0071070194244385,
				"bytes":	183894016,
				"bits_per_second":	1460770404.3615575,
				"omitted":	false,
				"sender":	true
			}
		}, {
			"streams":	[{
					"socket":	5,
					"start":	3.010032,
					"end":	4.005448,
					"seconds":	0.995415985584259,
					"bytes":	197001216,
					"bits_per_second":	1583267448.8093154,
					"omitted":	false,
					"sender":	true
				}],
			"sum":	{
				"start":	3.010032,
				"end":	4.005448,
				"seconds":	0.995415985584259,
				"bytes":	197001216,
				"bits_per_second":	1583267448.8093154,
				"omitted":	false,
				"sender":	true
			}
		}, {
			"streams":	[{
					"socket":	5,
					"start":	4.005448,
					"end":	5.007129,
					"seconds":	1.0016809701919556,
					"bytes":	206569472,
					"bits_per_second":	1649782540.7258313,
					"omitted":	false,
					"sender":	true
				}],
			"sum":	{
				"start":	4.005448,
				"end":	5.007129,
				"seconds":	1.0016809701919556,
				"bytes":	206569472,
				"bits_per_second":	1649782540.7258313,
				"omitted":	false,
				"sender":	true
			}
		}, {
			"streams":	[{
					"socket":	5,
					"start":	5.007129,
					"end":	6.008309,
					"seconds":	1.0011800527572632,
					"bytes":	228720640,
					"bits_per_second":	1827608445.6145551,
					"omitted":	false,
					"sender":	true
				}],
			"sum":	{
				"start":	5.007129,
				"end":	6.008309,
				"seconds":	1.0011800527572632,
				"bytes":	228720640,
				"bits_per_second":	1827608445.6145551,
				"omitted":	false,
				"sender":	true
			}
		}, {
			"streams":	[{
					"socket":	5,
					"start":	6.008309,
					"end":	7.010015,
					"seconds":	1.0017060041427612,
					"bytes":	225837056,
					"bits_per_second":	1803619465.7195177,
					"omitted":	false,
					"sender":	true
				}],
			"sum":	{
				"start":	6.008309,
				"end":	7.010015,
				"seconds":	1.0017060041427612,
				"bytes":	225837056,
				"bits_per_second":	1803619465.7195177,
				"omitted":	false,
				"sender":	true
			}
		}, {
			"streams":	[{
					"socket":	5,
					"start":	7.010015,
					"end":	8.010014,
					"seconds":	0.99999898672103882,
					"bytes":	204472320,
					"bits_per_second":	1635780217.5016794,
					"omitted":	false,
					"sender":	true
				}],
			"sum":	{
				"start":	7.010015,
				"end":	8.010014,
				"seconds":	0.99999898672103882,
				"bytes":	204472320,
				"bits_per_second":	1635780217.5016794,
				"omitted":	false,
				"sender":	true
			}
		}, {
			"streams":	[{
					"socket":	5,
					"start":	8.010014,
					"end":	9.007163,
					"seconds":	0.99714899063110352,
					"bytes":	221773824,
					"bits_per_second":	1779263288.30469,
					"omitted":	false,
					"sender":	true
				}],
			"sum":	{
				"start":	8.010014,
				"end":	9.007163,
				"seconds":	0.99714899063110352,
				"bytes":	221773824,
				"bits_per_second":	1779263288.30469,
				"omitted":	false,
				"sender":	true
			}
		}, {
			"streams":	[{
					"socket":	5,
					"start":	9.007163,
					"end":	10.004067,
					"seconds":	0.99690401554107666,
					"bytes":	233046016,
					"bits_per_second":	1870158108.4394581,
					"omitted":	false,
					"sender":	true
				}],
			"sum":	{
				"start":	9.007163,
				"end":	10.004067,
				"seconds":	0.99690401554107666,
				"bytes":	233046016,
				"bits_per_second":	1870158108.4394581,
				"omitted":	false,
				"sender":	true
			}
		}, {
			"streams":	[{
					"socket":	5,
					"start":	10.004067,
					"end":	11.010014,
					"seconds":	1.00594699382782,
					"bytes":	195821568,
					"bits_per_second":	1557311223.7642794,
					"omitted":	false,
					"sender":	true
				}],
			"sum":	{
				"start":	10.004067,
				"end":	11.010014,
				"seconds":	1.00594699382782,
				"bytes":	195821568,
				"bits_per_second":	1557311223.7642794,
				"omitted":	false,
				"sender":	true
			}
		}, {
			"streams":	[{
					"socket":	5,
					"start":	11.010014,
					"end":	12.004322,
					"seconds":	0.9943079948425293,
					"bytes":	230293504,
					"bits_per_second":	1852894718.2927728,
					"omitted":	false,
					"sender":	true
				}],
			"sum":	{
				"start":	11.010014,
				"end":	12.004322,
				"seconds":	0.9943079948425293,
				"bytes":	230293504,
				"bits_per_second":	1852894718.2927728,
				"omitted":	false,
				"sender":	true
			}
		}, {
			"streams":	[{
					"socket":	5,
					"start":	12.004322,
					"end":	13.010024,
					"seconds":	1.005702018737793,
					"bytes":	241303552,
					"bits_per_second":	1919483485.2005026,
					"omitted":	false,
					"sender":	true
				}],
			"sum":	{
				"start":	12.004322,
				"end":	13.010024,
				"seconds":	1.005702018737793,
				"bytes":	241303552,
				"bits_per_second":	1919483485.2005026,
				"omitted":	false,
				"sender":	true
			}
		}, {
			"streams":	[{
					"socket":	5,
					"start":	13.010024,
					"end":	14.002497,
					"seconds":	0.992473006248474,
					"bytes":	233570304,
					"bits_per_second":	1882733757.22643,
					"omitted":	false,
					"sender":	true
				}],
			"sum":	{
				"start":	13.010024,
				"end":	14.002497,
				"seconds":	0.992473006248474,
				"bytes":	233570304,
				"bits_per_second":	1882733757.22643,
				"omitted":	false,
				"sender":	true
			}
		}, {
			"streams":	[{
					"socket":	5,
					"start":	14.002497,
					"end":	15.004742,
					"seconds":	1.00224494934082,
					"bytes":	233832448,
					"bits_per_second":	1866469454.6281712,
					"omitted":	false,
					"sender":	true
				}],
			"sum":	{
				"start":	14.002497,
				"end":	15.004742,
				"seconds":	1.00224494934082,
				"bytes":	233832448,
				"bits_per_second":	1866469454.6281712,
				"omitted":	false,
				"sender":	true
			}
		}, {
			"streams":	[{
					"socket":	5,
					"start":	15.004742,
					"end":	16.010017,
					"seconds":	1.0052750110626221,
					"bytes":	241565696,
					"bits_per_second":	1922384966.0375338,
					"omitted":	false,
					"sender":	true
				}],