{
	"start":	{
		"connected":	[{
				"socket":	5,
				"local_host":	"192.168.105.1",
				"local_port":	49572,
				"remote_host":	"192.168.105.6",
				"remote_port":	5201
			}],
		"version":	"iperf 3.8.1 -  -- Apple version iperf3-117",
		"system_info":	"Darwin mimi-2.local 24.3.0 Darwin Kernel Version 24.3.0: Thu Jan  2 20:24:23 PST 2025; root:xnu-11215.81.4~3/RELEASE_ARM64_T8122 arm64",
		"timestamp":	{
			"time":	"Sat, 22 Feb 2025 17:27:52 UTC",
			"timesecs":	1740245272
		},
		"connecting_to":	{
			"host":	"192.168.105.6",
			"port":	5201
		},
		"cookie":	"spevood4gyigcpdqxkpf2nxiryzbgo3uldpc",
		"tcp_mss_default":	1448,
		"sock_bufsize":	0,
		"sndbuf_actual":	131072,
		"rcvbuf_actual":	131072,
		"test_start":	{
			"protocol":	"TCP",
			"num_streams":	1,
			"blksize":	131072,
			"omit":	0,
			"duration":	30,
			"bytes":	0,
			"blocks":	0,
			"reverse":	1,
			"tos":	0
		}
	},
	"intervals":	[{
			"streams":	[{
					"socket":	5,
					"start":	0,
					"end":	1.000023,
					"seconds":	1.0000230073928833,
					"bytes":	173421872,
					"bits_per_second":	1387343056.8532271,
					"omitted":	false,
					"sender":	false
				}],
			"sum":	{
				"start":	0,
				"end":	1.000023,
				"seconds":	1.0000230073928833,
				"bytes":	173421872,
				"bits_per_second":	1387343056.8532271,
				"omitted":	false,
				"sender":	false
			}
		}, {
			"streams":	[{
					"socket":	5,
					"start":	1.000023,
					"end":	2.000007,
					"seconds":	0.9999840259552002,
					"bytes":	174052896,
					"bits_per_second":	1392445410.9853764,
					"omitted":	false,
					"sender":	false
				}],
			"sum":	{
				"start":	1.000023,
				"end":	2.000007,
				"seconds":	0.9999840259552002,
				"bytes":	174052896,
				"bits_per_second":	1392445410.9853764,
				"omitted":	false,
				"sender":	false
			}
		}, {
			"streams":	[{
					"socket":	5,
					"start":	2.000007,
					"end":	3.000009,
					"seconds":	1.0000020265579224,
					"bytes":	172911256,
					"bits_per_second":	1383287244.6882753,
					"omitted":	false,
					"sender":	false
				}],
			"sum":	{
				"start":	2.000007,
				"end":	3.000009,
				"seconds":	1.0000020265579224,
				"bytes":	172911256,
				"bits_per_second":	1383287244.6882753,
				"omitted":	false,
				"sender":	false
			}
		}, {
			"streams":	[{
					"socket":	5,
					"start":	3.000009,
					"end":	4.000012,
					"seconds":	1.0000029802322388,
					"bytes":	175897120,
					"bits_per_second":	1407172766.2983563,
					"omitted":	false,
					"sender":	false
				}],
			"sum":	{
				"start":	3.000009,
				"end":	4.000012,
				"seconds":	1.0000029802322388,
				"bytes":	175897120,
				"bits_per_second":	1407172766.2983563,
				"omitted":	false,
				"sender":	false
			}
		}, {
			"streams":	[{
					"socket":	5,
					"start":	4.000012,
					"end":	5.000013,
					"seconds":	1.0000009536743164,
					"bytes":	159075880,
					"bits_per_second":	1272605826.3485086,
					"omitted":	false,
					"sender":	false
				}],
			"sum":	{
				"start":	4.000012,
				"end":	5.000013,
				"seconds":	1.0000009536743164,
				"bytes":	159075880,
				"bits_per_second":	1272605826.3485086,
				"omitted":	false,
				"sender":	false
			}
		}, {
			"streams":	[{
					"socket":	5,
					"start":	5.000013,
					"end":	6.000009,
					"seconds":	0.9999960064888,
					"bytes":	161418216,
					"bits_per_second":	1291350885.0242224,
					"omitted":	false,
					"sender":	false
				}],
			"sum":	{
				"start":	5.000013,
				"end":	6.000009,
				"seconds":	0.9999960064888,
				"bytes":	161418216,
				"bits_per_second":	1291350885.0242224,
				"omitted":	false,
				"sender":	false
			}
		}, {
			"streams":	[{
					"socket":	5,
					"start":	6.000009,
					"end":	7.00001,
					"seconds":	1.0000009536743164,
					"bytes":	182803088,
					"bits_per_second":	1462423309.32445,
					"omitted":	false,
					"sender":	false
				}],
			"sum":	{
				"start":	6.000009,
				"end":	7.00001,
				"seconds":	1.0000009536743164,
				"bytes":	182803088,
				"bits_per_second":	1462423309.32445,
				"omitted":	false,
				"sender":	false
			}
		}, {
			"streams":	[{
					"socket":	5,
					"start":	7.00001,
					"end":	8.000007,
					"seconds":	0.99999701976776123,
					"bytes":	166677832,
					"bits_per_second":	1333426629.9210305,
					"omitted":	false,
					"sender":	false
				}],
			"sum":	{
				"start":	7.00001,
				"end":	8.000007,
				"seconds":	0.99999701976776123,
				"bytes":	166677832,
				"bits_per_second":	1333426629.9210305,
				"omitted":	false,
				"sender":	false
			}
		}, {
			"streams":	[{
					"socket":	5,
					"start":	8.000007,
					"end":	9.000012,
					"seconds":	1.0000050067901611,
					"bytes":	179680304,
					"bits_per_second":	1437435235.0634079,
					"omitted":	false,
					"sender":	false
				}],
			"sum":	{
				"start":	8.000007,
				"end":	9.000012,
				"seconds":	1.0000050067901611,
				"bytes":	179680304,
				"bits_per_second":	1437435235.0634079,
				"omitted":	false,
				"sender":	false
			}
		}, {
			"streams":	[{
					"socket":	5,
					"start":	9.000012,
					"end":	10.000004,
					"seconds":	0.9999920129776,
					"bytes":	164171144,
					"bits_per_second":	1313379641.99262,
					"omitted":	false,
					"sender":	false
				}],
			"sum":	{
				"start":	9.000012,
				"end":	10.000004,
				"seconds":	0.9999920129776,
				"bytes":	164171144,
				"bits_per_second":	1313379641.99262,
				"omitted":	false,
				"sender":	false
			}
		}, {
			"streams":	[{
					"socket":	5,
					"start":	10.000004,
					"end":	11.000001,
					"seconds":	0.99999701976776123,
					"bytes":	174502584,
					"bits_per_second":	1396024832.4782119,
					"omitted":	false,
					"sender":	false
				}],
			"sum":	{
				"start":	10.000004,
				"end":	11.000001,
				"seconds":	0.99999701976776123,
				"bytes":	174502584,
				"bits_per_second":	1396024832.4782119,
				"omitted":	false,
				"sender":	false
			}
		}, {
			"streams":	[{
					"socket":	5,
					"start":	11.000001,
					"end":	12.000021,
					"seconds":	1.0000200271606445,
					"bytes":	171338448,
					"bits_per_second":	1370680133.1687808,
					"omitted":	false,
					"sender":	false
				}],
			"sum":	{
				"start":	11.000001,
				"end":	12.000021,
				"seconds":	1.0000200271606445,
				"bytes":	171338448,
				"bits_per_second":	1370680133.1687808,
				"omitted":	false,
				"sender":	false
			}
		}, {
			"streams":	[{
					"socket":	5,
					"start":	12.000021,
					"end":	13.000019,
					"seconds":	0.99999797344207764,
					"bytes":	188428016,
					"bits_per_second":	1507427182.8885,
					"omitted":	false,
					"sender":	false
				}],
			"sum":	{
				"start":	12.000021,
				"end":	13.000019,
				"seconds":	0.99999797344207764,
				"bytes":	188428016,
				"bits_per_second":	1507427182.8885,
				"omitted":	false,
				"sender":	false
			}
		}, {
			"streams":	[{
					"socket":	5,
					"start":	13.000019,
					"end":	14.000018,
					"seconds":	0.99999898672103882,
					"bytes":	162354408,
					"bits_per_second":	1298836580.0837805,
					"omitted":	false,
					"sender":	false
				}],
			"sum":	{
				"start":	13.000019,
				"end":	14.000018,
				"seconds":	0.99999898672103882,
				"bytes":	162354408,
				"bits_per_second":	1298836580.0837805,
				"omitted":	false,
				"sender":	false
			}
		}, {
			"streams":	[{
					"socket":	5,
					"start":	14.000018,
					"end":	15.00001,
					"seconds":	0.9999920129776,
					"bytes":	177021856,
					"bits_per_second":	1416186159.1105752,
					"omitted":	false,
					"sender":	false
				}],
			"sum":	{
				"start":	14.000018,
				"end":	15.00001,
				"seconds":	0.9999920129776,
				"bytes":	177021856,
				"bits_per_second":	1416186159.1105752,
				"omitted":	false,
				"sender":	false
			}
		}, {
			"streams":	[{
					"socket":	5,
					"start":	15.00001,
					"end":	16.00002,
					"seconds":	1.0000100135803223,
					"bytes":	183088704,
					"bits_per_second":	1464694965.1593187,
					"omitted":	false,
					"sender":	false
				}],
			"sum":	{
				"start":	15.00001,
				"end":	16.00002,
				"seconds":	1.0000100135803223,
				"bytes":	183088704,