{
	"start":	{
		"connected":	[{
				"socket":	5,
				"local_host":	"10.100.102.149",
				"local_port":	50337,
				"remote_host":	"10.100.102.161",
				"remote_port":	5201
			}],
		"version":	"iperf 3.19.1",
		"system_info":	"Darwin mimi-2.local 24.6.0 Darwin Kernel Version 24.6.0: Mon Jul 14 11:29:54 PDT 2025; root:xnu-11417.140.69~1/RELEASE_ARM64_T8122 arm64",
		"timestamp":	{
			"time":	"Sat, 30 Aug 2025 21:23:44 UTC",
			"timesecs":	1756589024
		},
		"connecting_to":	{
			"host":	"10.100.102.161",
			"port":	5201
		},
		"cookie":	"qnzyvsneqxalvzsqljepykil6a3liwgkzols",
		"tcp_mss_default":	1448,
		"target_bitrate":	0,
		"fq_rate":	0,
		"sock_bufsize":	0,
		"sndbuf_actual":	131072,
		"rcvbuf_actual":	131072,
		"test_start":	{
			"protocol":	"TCP",
			"num_streams":	1,
			"blksize":	131072,
			"omit":	0,
			"duration":	30,
			"bytes":	0,
			"blocks":	0,
			"reverse":	0,
			"tos":	0,
			"target_bitrate":	0,
			"bidir":	0,
			"fqrate":	0,
			"interval":	1
		}
	},
	"intervals":	[{
			"streams":	[{
					"socket":	5,
					"start":	0,
					"end":	1.005018,
					"seconds":	1.0050179958343506,
					"bytes":	1806565376,
					"bits_per_second":	14380362409.333513,
					"omitted":	false,
					"sender":	true
				}],
			"sum":	{
				"start":	0,
				"end":	1.005018,
				"seconds":	1.0050179958343506,
				"bytes":	1806565376,
				"bits_per_second":	14380362409.333513,
				"omitted":	false,
				"sender":	true
			}
		}, {
			"streams":	[{
					"socket":	5,
					"start":	1.005018,
					"end":	2.004326,
					"seconds":	0.99930799007415771,
					"bytes":	1808269312,
					"bits_per_second":	14476172150.816566,
					"omitted":	false,
					"sender":	true
				}],
			"sum":	{
				"start":	1.005018,
				"end":	2.004326,
				"seconds":	0.99930799007415771,
				"bytes":	1808269312,
				"bits_per_second":	14476172150.816566,
				"omitted":	false,
				"sender":	true
			}
		}, {
			"streams":	[{
					"socket":	5,
					"start":	2.004326,
					"end":	3.004341,
					"seconds":	1.0000150203704834,
					"bytes":	1789919232,
					"bits_per_second":	14319138777.230562,
					"omitted":	false,
					"sender":	true
				}],
			"sum":	{
				"start":	2.004326,
				"end":	3.004341,
				"seconds":	1.0000150203704834,
				"bytes":	1789919232,
				"bits_per_second":	14319138777.230562,
				"omitted":	false,
				"sender":	true
			}
		}, {
			"streams":	[{
					"socket":	5,
					"start":	3.004341,
					"end":	4.00435,
					"seconds":	1.0000089406967163,
					"bytes":	1781923840,
					"bits_per_second":	14255263268.014509,
					"omitted":	false,
					"sender":	true
				}],
			"sum":	{
				"start":	3.004341,
				"end":	4.00435,
				"seconds":	1.0000089406967163,
				"bytes":	1781923840,
				"bits_per_second":	14255263268.014509,
				"omitted":	false,
				"sender":	true
			}
		}, {
			"streams":	[{
					"socket":	5,
					"start":	4.00435,
					"end":	5.005019,
					"seconds":	1.000669002532959,
					"bytes":	1759379456,
					"bits_per_second":	14065625708.773178,
					"omitted":	false,
					"sender":	true
				}],
			"sum":	{
				"start":	4.00435,
				"end":	5.005019,
				"seconds":	1.000669002532959,
				"bytes":	1759379456,
				"bits_per_second":	14065625708.773178,
				"omitted":	false,
				"sender":	true
			}
		}, {
			"streams":	[{
					"socket":	5,
					"start":	5.005019,
					"end":	6.000339,
					"seconds":	0.99532002210617065,
					"bytes":	1746534400,
					"bits_per_second":	14037972601.448963,
					"omitted":	false,
					"sender":	true
				}],
			"sum":	{
				"start":	5.005019,
				"end":	6.000339,
				"seconds":	0.99532002210617065,
				"bytes":	1746534400,
				"bits_per_second":	14037972601.448963,
				"omitted":	false,
				"sender":	true
			}
		}, {
			"streams":	[{
					"socket":	5,
					"start":	6.000339,
					"end":	7.005051,
					"seconds":	1.0047119855880737,
					"bytes":	1747845120,
					"bits_per_second":	13917183392.4283,
					"omitted":	false,
					"sender":	true
				}],
			"sum":	{
				"start":	6.000339,
				"end":	7.005051,
				"seconds":	1.0047119855880737,
				"bytes":	1747845120,
				"bits_per_second":	13917183392.4283,
				"omitted":	false,
				"sender":	true
			}
		}, {
			"streams":	[{
					"socket":	5,
					"start":	7.005051,
					"end":	8.005031,
					"seconds":	0.99997997283935547,
					"bytes":	1723990016,
					"bits_per_second":	13792196346.531874,
					"omitted":	false,
					"sender":	true
				}],
			"sum":	{
				"start":	7.005051,
				"end":	8.005031,
				"seconds":	0.99997997283935547,
				"bytes":	1723990016,
				"bits_per_second":	13792196346.531874,
				"omitted":	false,
				"sender":	true
			}
		}, {
			"streams":	[{
					"socket":	5,
					"start":	8.005031,
					"end":	9.004423,
					"seconds":	0.99939197301864624,
					"bytes":	1728053248,
					"bits_per_second":	13832836721.95561,
					"omitted":	false,
					"sender":	true
				}],
			"sum":	{
				"start":	8.005031,
				"end":	9.004423,
				"seconds":	0.99939197301864624,
				"bytes":	1728053248,
				"bits_per_second":	13832836721.95561,
				"omitted":	false,
				"sender":	true
			}
		}, {
			"streams":	[{
					"socket":	5,
					"start":	9.004423,
					"end":	10.005024,
					"seconds":	1.000601053237915,
					"bytes":	1728053248,
					"bits_per_second":	13816121759.281157,
					"omitted":	false,
					"sender":	true
				}],
			"sum":	{
				"start":	9.004423,
				"end":	10.005024,
				"seconds":	1.000601053237915,
				"bytes":	1728053248,
				"bits_per_second":	13816121759.281157,
				"omitted":	false,
				"sender":	true
			}
		}, {
			"streams":	[{
					"socket":	5,
					"start":	10.005024,
					"end":	11.005038,
					"seconds":	1.0000139474868774,
					"bytes":	1717698560,
					"bits_per_second":	13741396822.048147,
					"omitted":	false,
					"sender":	true
				}],
			"sum":	{
				"start":	10.005024,
				"end":	11.005038,
				"seconds":	1.0000139474868774,
				"bytes":	1717698560,
				"bits_per_second":	13741396822.048147,
				"omitted":	false,
				"sender":	true
			}
		}, {
			"streams":	[{
					"socket":	5,
					"start":	11.005038,
					"end":	12.001988,
					"seconds":	0.99694997072219849,
					"bytes":	1713242112,
					"bits_per_second":	13747868296.812637,
					"omitted":	false,
					"sender":	true
				}],
			"sum":	{
				"start":	11.005038,
				"end":	12.001988,
				"seconds":	0.99694997072219849,
				"bytes":	1713242112,
				"bits_per_second":	13747868296.812637,
				"omitted":	false,
				"sender":	true
			}
		}, {
			"streams":	[{
					"socket":	5,
					"start":	12.001988,
					"end":	13.005027,
					"seconds":	1.0030390024185181,
					"bytes":	1700528128,
					"bits_per_second":	13563007012.885464,
					"omitted":	false,
					"sender":	true
				}],
			"sum":	{
				"start":	12.001988,
				"end":	13.005027,
				"seconds":	1.0030390024185181,
				"bytes":	1700528128,
				"bits_per_second":	13563007012.885464,
				"omitted":	false,
				"sender":	true
			}
		}, {
			"streams":	[{
					"socket":	5,
					"start":	13.005027,
					"end":	14.004498,
					"seconds":	0.99947100877761841,
					"bytes":	1703804928,
					"bits_per_second":	13637653623.06048,
					"omitted":	false,
					"sender":	true
				}],
			"sum":	{
				"start":	13.005027,
				"end":	14.004498,
				"seconds":	0.99947100877761841,
				"bytes":	1703804928,
				"bits_per_second":	13637653623.06048,
				"omitted":	false,
				"sender":	true
			}
		}, {
			"streams":	[{
					"socket":	5,
					"start":	14.004498,
					"end":	15.004525,
					"seconds":	1.0000269412994385,
					"bytes":	1694629888,
					"bits_per_second":	13556673869.58989,
					"omitted":	false,
					"sender":	true
				}],
			"sum":	{
				"start":	14.004498,
				"end":	15.004525,
				"seconds":	1.0000269412994385,
				"bytes":	1694629888,
				"bits_per_second":	13556673869.58989,
				"omitted":	false,
				"sender":	true
			}
		}, {
			"streams":	[{
					"socket":	5,
					"start":	15.004525,
					"end":	16.00502,
					"seconds":	1.0004949569702148,
					"bytes":	1692663808,
					"bits_per_second":	13534611413.741619,
					"omitted":	false,
					"sender":	true
				}],