{
	"start":	{
		"connected":	[{
				"socket":	5,
				"local_host":	"192.168.105.1",
				"local_port":	50820,
				"remote_host":	"192.168.105.3",
				"remote_port":	5201
			}],
		"version":	"iperf 3.8.1 -  -- Apple version iperf3-117.100.3",
		"system_info":	"Darwin space-gray.local 24.6.0 Darwin Kernel Version 24.6.0: Mon Jul 14 11:30:30 PDT 2025; root:xnu-11417.140.69~1/RELEASE_ARM64_T6020 arm64",
		"timestamp":	{
			"time":	"Sun, 31 Aug 2025 07:29:42 UTC",
			"timesecs":	1756625382
		},
		"connecting_to":	{
			"host":	"192.168.105.3",
			"port":	5201
		},
		"cookie":	"j5tn7x7lglk25a4lk5n22rhylzqgkfy4lvyh",
		"tcp_mss_default":	1448,
		"sock_bufsize":	0,
		"sndbuf_actual":	131072,
		"rcvbuf_actual":	131072,
		"test_start":	{
			"protocol":	"TCP",
			"num_streams":	1,
			"blksize":	131072,
			"omit":	0,
			"duration":	30,
			"bytes":	0,
			"blocks":	0,
			"reverse":	1,
			"tos":	0
		}
	},
	"intervals":	[{
			"streams":	[{
					"socket":	5,
					"start":	0,
					"end":	1.000004,
					"seconds":	1.0000040531158447,
					"bytes":	158653952,
					"bits_per_second":	1269226471.678077,
					"omitted":	false,
					"sender":	false
				}],
			"sum":	{
				"start":	0,
				"end":	1.000004,
				"seconds":	1.0000040531158447,
				"bytes":	158653952,
				"bits_per_second":	1269226471.678077,
				"omitted":	false,
				"sender":	false
			}
		}, {
			"streams":	[{
					"socket":	5,
					"start":	1.000004,
					"end":	2.000006,
					"seconds":	1.0000020265579224,
					"bytes":	159555280,
					"bits_per_second":	1276439653.2211084,
					"omitted":	false,
					"sender":	false
				}],
			"sum":	{
				"start":	1.000004,
				"end":	2.000006,
				"seconds":	1.0000020265579224,
				"bytes":	159555280,
				"bits_per_second":	1276439653.2211084,
				"omitted":	false,
				"sender":	false
			}
		}, {
			"streams":	[{
					"socket":	5,
					"start":	2.000006,
					"end":	3.000018,
					"seconds":	1.0000120401382446,
					"bytes":	159770752,
					"bits_per_second":	1278150626.8897548,
					"omitted":	false,
					"sender":	false
				}],
			"sum":	{
				"start":	2.000006,
				"end":	3.000018,
				"seconds":	1.0000120401382446,
				"bytes":	159770752,
				"bits_per_second":	1278150626.8897548,
				"omitted":	false,
				"sender":	false
			}
		}, {
			"streams":	[{
					"socket":	5,
					"start":	3.000018,
					"end":	4.000018,
					"seconds":	1,
					"bytes":	159864400,
					"bits_per_second":	1278915200,
					"omitted":	false,
					"sender":	false
				}],
			"sum":	{
				"start":	3.000018,
				"end":	4.000018,
				"seconds":	1,
				"bytes":	159864400,
				"bits_per_second":	1278915200,
				"omitted":	false,
				"sender":	false
			}
		}, {
			"streams":	[{
					"socket":	5,
					"start":	4.000018,
					"end":	5.000004,
					"seconds":	0.99998599290847778,
					"bytes":	158960568,
					"bits_per_second":	1271702356.8513014,
					"omitted":	false,
					"sender":	false
				}],
			"sum":	{
				"start":	4.000018,
				"end":	5.000004,
				"seconds":	0.99998599290847778,
				"bytes":	158960568,
				"bits_per_second":	1271702356.8513014,
				"omitted":	false,
				"sender":	false
			}
		}, {
			"streams":	[{
					"socket":	5,
					"start":	5.000004,
					"end":	6.000022,
					"seconds":	1.0000180006027222,
					"bytes":	159236720,
					"bits_per_second":	1273870829.5572777,
					"omitted":	false,
					"sender":	false
				}],
			"sum":	{
				"start":	5.000004,
				"end":	6.000022,
				"seconds":	1.0000180006027222,
				"bytes":	159236720,
				"bits_per_second":	1273870829.5572777,
				"omitted":	false,
				"sender":	false
			}
		}, {
			"streams":	[{
					"socket":	5,
					"start":	6.000022,
					"end":	7.000017,
					"seconds":	0.999994993209839,
					"bytes":	159783368,
					"bits_per_second":	1278273344.0464022,
					"omitted":	false,
					"sender":	false
				}],
			"sum":	{
				"start":	6.000022,
				"end":	7.000017,
				"seconds":	0.999994993209839,
				"bytes":	159783368,
				"bits_per_second":	1278273344.0464022,
				"omitted":	false,
				"sender":	false
			}
		}, {
			"streams":	[{
					"socket":	5,
					"start":	7.000017,
					"end":	8.000012,
					"seconds":	0.999994993209839,
					"bytes":	159857912,
					"bits_per_second":	1278869699.0322266,
					"omitted":	false,
					"sender":	false
				}],
			"sum":	{
				"start":	7.000017,
				"end":	8.000012,
				"seconds":	0.999994993209839,
				"bytes":	159857912,
				"bits_per_second":	1278869699.0322266,
				"omitted":	false,
				"sender":	false
			}
		}, {
			"streams":	[{
					"socket":	5,
					"start":	8.000012,
					"end":	9.000012,
					"seconds":	1,
					"bytes":	158394400,
					"bits_per_second":	1267155200,
					"omitted":	false,
					"sender":	false
				}],
			"sum":	{
				"start":	8.000012,
				"end":	9.000012,
				"seconds":	1,
				"bytes":	158394400,
				"bits_per_second":	1267155200,
				"omitted":	false,
				"sender":	false
			}
		}, {
			"streams":	[{
					"socket":	5,
					"start":	9.000012,
					"end":	10.000015,
					"seconds":	1.0000029802322388,
					"bytes":	160349200,
					"bits_per_second":	1282789776.9885511,
					"omitted":	false,
					"sender":	false
				}],
			"sum":	{
				"start":	9.000012,
				"end":	10.000015,
				"seconds":	1.0000029802322388,
				"bytes":	160349200,
				"bits_per_second":	1282789776.9885511,
				"omitted":	false,
				"sender":	false
			}
		}, {
			"streams":	[{
					"socket":	5,
					"start":	10.000015,
					"end":	11.000038,
					"seconds":	1.0000230073928833,
					"bytes":	159693872,
					"bits_per_second":	1277521583.55901,
					"omitted":	false,
					"sender":	false
				}],
			"sum":	{
				"start":	10.000015,
				"end":	11.000038,
				"seconds":	1.0000230073928833,
				"bytes":	159693872,
				"bits_per_second":	1277521583.55901,
				"omitted":	false,
				"sender":	false
			}
		}, {
			"streams":	[{
					"socket":	5,
					"start":	11.000038,
					"end":	12.000061,
					"seconds":	1.0000230073928833,
					"bytes":	159108264,
					"bits_per_second":	1272836827.3430369,
					"omitted":	false,
					"sender":	false
				}],
			"sum":	{
				"start":	11.000038,
				"end":	12.000061,
				"seconds":	1.0000230073928833,
				"bytes":	159108264,
				"bits_per_second":	1272836827.3430369,
				"omitted":	false,
				"sender":	false
			}
		}, {
			"streams":	[{
					"socket":	5,
					"start":	12.000061,
					"end":	13.000015,
					"seconds":	0.9999539852142334,
					"bytes":	159477504,
					"bits_per_second":	1275878741.2869444,
					"omitted":	false,
					"sender":	false
				}],
			"sum":	{
				"start":	12.000061,
				"end":	13.000015,
				"seconds":	0.9999539852142334,
				"bytes":	159477504,
				"bits_per_second":	1275878741.2869444,
				"omitted":	false,
				"sender":	false
			}
		}, {
			"streams":	[{
					"socket":	5,
					"start":	13.000015,
					"end":	14.000007,
					"seconds":	0.9999920129776,
					"bytes":	158792600,
					"bits_per_second":	1270350946.3214641,
					"omitted":	false,
					"sender":	false
				}],
			"sum":	{
				"start":	13.000015,
				"end":	14.000007,
				"seconds":	0.9999920129776,
				"bytes":	158792600,
				"bits_per_second":	1270350946.3214641,
				"omitted":	false,
				"sender":	false
			}
		}, {
			"streams":	[{
					"socket":	5,
					"start":	14.000007,
					"end":	15.000023,
					"seconds":	1.0000159740448,
					"bytes":	158559056,
					"bits_per_second":	1268452185.6879594,
					"omitted":	false,
					"sender":	false
				}],
			"sum":	{
				"start":	14.000007,
				"end":	15.000023,
				"seconds":	1.0000159740448,
				"bytes":	158559056,
				"bits_per_second":	1268452185.6879594,
				"omitted":	false,
				"sender":	false
			}
		}, {
			"streams":	[{
					"socket":	5,
					"start":	15.000023,
					"end":	16.000026,
					"seconds":	1.0000029802322388,
					"bytes":	159855016,
					"bits_per_second":	1278836316.7707806,
					"omitted":	false,
					"sender":	false
				}],
			"sum":	{
				"start":	15.000023,
				"end":	16.000026,
				"seconds":	1.0000029802322388,
				"bytes":	159855016,
				"bits_per_second":	1278836316.7707806,
				"omitted":	false,