{
	"start":	{
		"connected":	[{
				"socket":	5,
				"local_host":	"10.100.102.151",
				"local_port":	50840,
				"remote_host":	"10.100.102.179",
				"remote_port":	5201
			}],
		"version":	"iperf 3.8.1 -  -- Apple version iperf3-117.100.3",
		"system_info":	"Darwin space-gray.local 24.6.0 Darwin Kernel Version 24.6.0: Mon Jul 14 11:30:30 PDT 2025; root:xnu-11417.140.69~1/RELEASE_ARM64_T6020 arm64",
		"timestamp":	{
			"time":	"Sun, 31 Aug 2025 07:33:20 UTC",
			"timesecs":	1756625600
		},
		"connecting_to":	{
			"host":	"10.100.102.179",
			"port":	5201
		},
		"cookie":	"nqyufwdiaotvcxj3kuqrle4t7vp7ymvfgvcy",
		"tcp_mss_default":	1448,
		"sock_bufsize":	0,
		"sndbuf_actual":	131072,
		"rcvbuf_actual":	131072,
		"test_start":	{
			"protocol":	"TCP",
			"num_streams":	1,
			"blksize":	131072,
			"omit":	0,
			"duration":	30,
			"bytes":	0,
			"blocks":	0,
			"reverse":	0,
			"tos":	0
		}
	},
	"intervals":	[{
			"streams":	[{
					"socket":	5,
					"start":	0,
					"end":	1.000026,
					"seconds":	1.0000259876251221,
					"bytes":	265783720,
					"bits_per_second":	2126214504.7345219,
					"retransmits":	0,
					"snd_cwnd":	6914237,
					"rtt":	12,
					"rttvar":	1,
					"pmtu":	-1,
					"omitted":	false,
					"sender":	true
				}],
			"sum":	{
				"start":	0,
				"end":	1.000026,
				"seconds":	1.0000259876251221,
				"bytes":	265783720,
				"bits_per_second":	2126214504.7345219,
				"retransmits":	0,
				"omitted":	false,
				"sender":	true
			}
		}, {
			"streams":	[{
					"socket":	5,
					"start":	1.000026,
					"end":	2.000031,
					"seconds":	1.0000050067901611,
					"bytes":	268559112,
					"bits_per_second":	2148462139.1009,
					"retransmits":	0,
					"snd_cwnd":	6914237,
					"rtt":	13,
					"rttvar":	0,
					"pmtu":	-1,
					"omitted":	false,
					"sender":	true
				}],
			"sum":	{
				"start":	1.000026,
				"end":	2.000031,
				"seconds":	1.0000050067901611,
				"bytes":	268559112,
				"bits_per_second":	2148462139.1009,
				"retransmits":	0,
				"omitted":	false,
				"sender":	true
			}
		}, {
			"streams":	[{
					"socket":	5,
					"start":	2.000031,
					"end":	3.000044,
					"seconds":	1.000012993812561,
					"bytes":	268185528,
					"bits_per_second":	2145456346.3423777,
					"retransmits":	0,
					"snd_cwnd":	7267549,
					"rtt":	12,
					"rttvar":	0,
					"pmtu":	-1,
					"omitted":	false,
					"sender":	true
				}],
			"sum":	{
				"start":	2.000031,
				"end":	3.000044,
				"seconds":	1.000012993812561,
				"bytes":	268185528,
				"bits_per_second":	2145456346.3423777,
				"retransmits":	0,
				"omitted":	false,
				"sender":	true
			}
		}, {
			"streams":	[{
					"socket":	5,
					"start":	3.000044,
					"end":	4.00005,
					"seconds":	1.0000059604644775,
					"bytes":	268874776,
					"bits_per_second":	2150985387.1280084,
					"retransmits":	0,
					"snd_cwnd":	7267549,
					"rtt":	11,
					"rttvar":	0,
					"pmtu":	-1,
					"omitted":	false,
					"sender":	true
				}],
			"sum":	{
				"start":	3.000044,
				"end":	4.00005,
				"seconds":	1.0000059604644775,
				"bytes":	268874776,
				"bits_per_second":	2150985387.1280084,
				"retransmits":	0,
				"omitted":	false,
				"sender":	true
			}
		}, {
			"streams":	[{
					"socket":	5,
					"start":	4.00005,
					"end":	5.000044,
					"seconds":	0.99999397993087769,
					"bytes":	268373768,
					"bits_per_second":	2147003069.1068819,
					"retransmits":	0,
					"snd_cwnd":	7354429,
					"rtt":	12,
					"rttvar":	0,
					"pmtu":	-1,
					"omitted":	false,
					"sender":	true
				}],
			"sum":	{
				"start":	4.00005,
				"end":	5.000044,
				"seconds":	0.99999397993087769,
				"bytes":	268373768,
				"bits_per_second":	2147003069.1068819,
				"retransmits":	0,
				"omitted":	false,
				"sender":	true
			}
		}, {
			"streams":	[{
					"socket":	5,
					"start":	5.000044,
					"end":	6.000023,
					"seconds":	0.999979019165039,
					"bytes":	268627168,
					"bits_per_second":	2149062433.12423,
					"retransmits":	0,
					"snd_cwnd":	7354429,
					"rtt":	11,
					"rttvar":	0,
					"pmtu":	-1,
					"omitted":	false,
					"sender":	true
				}],
			"sum":	{
				"start":	5.000044,
				"end":	6.000023,
				"seconds":	0.999979019165039,
				"bytes":	268627168,
				"bits_per_second":	2149062433.12423,
				"retransmits":	0,
				"omitted":	false,
				"sender":	true
			}
		}, {
			"streams":	[{
					"socket":	5,
					"start":	6.000023,
					"end":	7.000095,
					"seconds":	1.0000720024108887,
					"bytes":	267603432,
					"bits_per_second":	2140673322.359865,
					"retransmits":	0,
					"snd_cwnd":	7354429,
					"rtt":	12,
					"rttvar":	0,
					"pmtu":	-1,
					"omitted":	false,
					"sender":	true
				}],
			"sum":	{
				"start":	6.000023,
				"end":	7.000095,
				"seconds":	1.0000720024108887,
				"bytes":	267603432,
				"bits_per_second":	2140673322.359865,
				"retransmits":	0,
				"omitted":	false,
				"sender":	true
			}
		}, {
			"streams":	[{
					"socket":	5,
					"start":	7.000095,
					"end":	8.000016,
					"seconds":	0.99992102384567261,
					"bytes":	271353752,
					"bits_per_second":	2171001473.347404,
					"retransmits":	0,
					"snd_cwnd":	7354429,
					"rtt":	11,
					"rttvar":	0,
					"pmtu":	-1,
					"omitted":	false,
					"sender":	true
				}],
			"sum":	{
				"start":	7.000095,
				"end":	8.000016,
				"seconds":	0.99992102384567261,
				"bytes":	271353752,
				"bits_per_second":	2171001473.347404,
				"retransmits":	0,
				"omitted":	false,
				"sender":	true
			}
		}, {
			"streams":	[{
					"socket":	5,
					"start":	8.000016,
					"end":	9.000022,
					"seconds":	1.0000059604644775,
					"bytes":	272374592,
					"bits_per_second":	2178983748.2447715,
					"retransmits":	0,
					"snd_cwnd":	7354429,
					"rtt":	12,
					"rttvar":	0,
					"pmtu":	-1,
					"omitted":	false,
					"sender":	true
				}],
			"sum":	{
				"start":	8.000016,
				"end":	9.000022,
				"seconds":	1.0000059604644775,
				"bytes":	272374592,
				"bits_per_second":	2178983748.2447715,
				"retransmits":	0,
				"omitted":	false,
				"sender":	true
			}
		}, {
			"streams":	[{
					"socket":	5,
					"start":	9.000022,
					"end":	10.000025,
					"seconds":	1.0000029802322388,
					"bytes":	270739800,
					"bits_per_second":	2165911945.0793948,
					"retransmits":	0,
					"snd_cwnd":	7354429,
					"rtt":	12,
					"rttvar":	0,
					"pmtu":	-1,
					"omitted":	false,
					"sender":	true
				}],
			"sum":	{
				"start":	9.000022,
				"end":	10.000025,
				"seconds":	1.0000029802322388,
				"bytes":	270739800,
				"bits_per_second":	2165911945.0793948,
				"retransmits":	0,
				"omitted":	false,
				"sender":	true
			}
		}, {
			"streams":	[{
					"socket":	5,
					"start":	10.000025,
					"end":	11.00001,
					"seconds":	0.9999849796295166,
					"bytes":	271734576,
					"bits_per_second":	2173909260.9224963,
					"retransmits":	0,
					"snd_cwnd":	7354429,
					"rtt":	11,
					"rttvar":	0,
					"pmtu":	-1,
					"omitted":	false,
					"sender":	true
				}],
			"sum":	{
				"start":	10.000025,
				"end":	11.00001,
				"seconds":	0.9999849796295166,
				"bytes":	271734576,
				"bits_per_second":	2173909260.9224963,
				"retransmits":	0,
				"omitted":	false,
				"sender":	true
			}
		}, {
			"streams":	[{
					"socket":	5,
					"start":	11.00001,
					"end":	12.000142,
					"seconds":	1.0001319646835327,
					"bytes":	272775688,
					"bits_per_second":	2181917567.9386525,
					"retransmits":	0,
					"snd_cwnd":	7354429,
					"rtt":	12,
					"rttvar":	0,
					"pmtu":	-1,
					"omitted":	false,
					"sender":	true
				}],
			"sum":	{
				"start":	11.00001,
				"end":	12.000142,
				"seconds":	1.0001319646835327,
				"bytes":	272775688,
				"bits_per_second":	2181917567.9386525,
				"retransmits":	0,
				"omitted":	false,
				"sender":	true
			}
		}, {
			"streams":	[{
					"socket":	5,
					"start":	12.000142,
					"end":	13.000023,
					"seconds":	0.99988102912902832,
					"bytes":	273864584,
					"bits_per_second":	2191177358.2787681,
					"retransmits":	0,
					"snd_cwnd":	7354429,
					"rtt":	12,