{
	"start":	{
		"connected":	[{
				"socket":	5,
				"local_host":	"10.100.102.151",
				"local_port":	50842,
				"remote_host":	"10.100.102.179",
				"remote_port":	5201
			}],
		"version":	"iperf 3.8.1 -  -- Apple version iperf3-117.100.3",
		"system_info":	"Darwin space-gray.local 24.6.0 Darwin Kernel Version 24.6.0: Mon Jul 14 11:30:30 PDT 2025; root:xnu-11417.140.69~1/RELEASE_ARM64_T6020 arm64",
		"timestamp":	{
			"time":	"Sun, 31 Aug 2025 07:33:50 UTC",
			"timesecs":	1756625630
		},
		"connecting_to":	{
			"host":	"10.100.102.179",
			"port":	5201
		},
		"cookie":	"vp5dd4n64wbnpfcehcpzu2364jcxbz3bbdqr",
		"tcp_mss_default":	1448,
		"sock_bufsize":	0,
		"sndbuf_actual":	131072,
		"rcvbuf_actual":	131072,
		"test_start":	{
			"protocol":	"TCP",
			"num_streams":	1,
			"blksize":	131072,
			"omit":	0,
			"duration":	30,
			"bytes":	0,
			"blocks":	0,
			"reverse":	1,
			"tos":	0
		}
	},
	"intervals":	[{
			"streams":	[{
					"socket":	5,
					"start":	0,
					"end":	1.000008,
					"seconds":	1.0000079870224,
					"bytes":	146343568,
					"bits_per_second":	1170739193.2798388,
					"omitted":	false,
					"sender":	false
				}],
			"sum":	{
				"start":	0,
				"end":	1.000008,
				"seconds":	1.0000079870224,
				"bytes":	146343568,
				"bits_per_second":	1170739193.2798388,
				"omitted":	false,
				"sender":	false
			}
		}, {
			"streams":	[{
					"socket":	5,
					"start":	1.000008,
					"end":	2.000005,
					"seconds":	0.99999701976776123,
					"bytes":	145415400,
					"bits_per_second":	1163326666.9836371,
					"omitted":	false,
					"sender":	false
				}],
			"sum":	{
				"start":	1.000008,
				"end":	2.000005,
				"seconds":	0.99999701976776123,
				"bytes":	145415400,
				"bits_per_second":	1163326666.9836371,
				"omitted":	false,
				"sender":	false
			}
		}, {
			"streams":	[{
					"socket":	5,
					"start":	2.000005,
					"end":	3.000011,
					"seconds":	1.0000059604644775,
					"bytes":	145571784,
					"bits_per_second":	1164567330.637794,
					"omitted":	false,
					"sender":	false
				}],
			"sum":	{
				"start":	2.000005,
				"end":	3.000011,
				"seconds":	1.0000059604644775,
				"bytes":	145571784,
				"bits_per_second":	1164567330.637794,
				"omitted":	false,
				"sender":	false
			}
		}, {
			"streams":	[{
					"socket":	5,
					"start":	3.000011,
					"end":	4.000013,
					"seconds":	1.0000020265579224,
					"bytes":	145557304,
					"bits_per_second":	1164456072.1623218,
					"omitted":	false,
					"sender":	false
				}],
			"sum":	{
				"start":	3.000011,
				"end":	4.000013,
				"seconds":	1.0000020265579224,
				"bytes":	145557304,
				"bits_per_second":	1164456072.1623218,
				"omitted":	false,
				"sender":	false
			}
		}, {
			"streams":	[{
					"socket":	5,
					"start":	4.000013,
					"end":	5.000008,
					"seconds":	0.999994993209839,
					"bytes":	145716584,
					"bits_per_second":	1165738508.6080954,
					"omitted":	false,
					"sender":	false
				}],
			"sum":	{
				"start":	4.000013,
				"end":	5.000008,
				"seconds":	0.999994993209839,
				"bytes":	145716584,
				"bits_per_second":	1165738508.6080954,
				"omitted":	false,
				"sender":	false
			}
		}, {
			"streams":	[{
					"socket":	5,
					"start":	5.000008,
					"end":	6.000014,
					"seconds":	1.0000059604644775,
					"bytes":	145590608,
					"bits_per_second":	1164717921.740201,
					"omitted":	false,
					"sender":	false
				}],
			"sum":	{
				"start":	5.000008,
				"end":	6.000014,
				"seconds":	1.0000059604644775,
				"bytes":	145590608,
				"bits_per_second":	1164717921.740201,
				"omitted":	false,
				"sender":	false
			}
		}, {
			"streams":	[{
					"socket":	5,
					"start":	6.000014,
					"end":	7.000006,
					"seconds":	0.9999920129776,
					"bytes":	145403816,
					"bits_per_second":	1163239818.8224895,
					"omitted":	false,
					"sender":	false
				}],
			"sum":	{
				"start":	6.000014,
				"end":	7.000006,
				"seconds":	0.9999920129776,
				"bytes":	145403816,
				"bits_per_second":	1163239818.8224895,
				"omitted":	false,
				"sender":	false
			}
		}, {
			"streams":	[{
					"socket":	5,
					"start":	7.000006,
					"end":	8.00001,
					"seconds":	1.0000040531158447,
					"bytes":	144759456,
					"bits_per_second":	1158070954.2042663,
					"omitted":	false,
					"sender":	false
				}],
			"sum":	{
				"start":	7.000006,
				"end":	8.00001,
				"seconds":	1.0000040531158447,
				"bytes":	144759456,
				"bits_per_second":	1158070954.2042663,
				"omitted":	false,
				"sender":	false
			}
		}, {
			"streams":	[{
					"socket":	5,
					"start":	8.00001,
					"end":	9.000004,
					"seconds":	0.99999397993087769,
					"bytes":	144529224,
					"bits_per_second":	1156240752.6492529,
					"omitted":	false,
					"sender":	false
				}],
			"sum":	{
				"start":	8.00001,
				"end":	9.000004,
				"seconds":	0.99999397993087769,
				"bytes":	144529224,
				"bits_per_second":	1156240752.6492529,
				"omitted":	false,
				"sender":	false
			}
		}, {
			"streams":	[{
					"socket":	5,
					"start":	9.000004,
					"end":	10.000019,
					"seconds":	1.0000150203704834,
					"bytes":	144689952,
					"bits_per_second":	1157502229.8876717,
					"omitted":	false,
					"sender":	false
				}],
			"sum":	{
				"start":	9.000004,
				"end":	10.000019,
				"seconds":	1.0000150203704834,
				"bytes":	144689952,
				"bits_per_second":	1157502229.8876717,
				"omitted":	false,
				"sender":	false
			}
		}, {
			"streams":	[{
					"socket":	5,
					"start":	10.000019,
					"end":	11.000004,
					"seconds":	0.9999849796295166,
					"bytes":	144646512,
					"bits_per_second":	1157189477.41467,
					"omitted":	false,
					"sender":	false
				}],
			"sum":	{
				"start":	10.000019,
				"end":	11.000004,
				"seconds":	0.9999849796295166,
				"bytes":	144646512,
				"bits_per_second":	1157189477.41467,
				"omitted":	false,
				"sender":	false
			}
		}, {
			"streams":	[{
					"socket":	5,
					"start":	11.000004,
					"end":	12.000004,
					"seconds":	1,
					"bytes":	144870952,
					"bits_per_second":	1158967616,
					"omitted":	false,
					"sender":	false
				}],
			"sum":	{
				"start":	11.000004,
				"end":	12.000004,
				"seconds":	1,
				"bytes":	144870952,
				"bits_per_second":	1158967616,
				"omitted":	false,
				"sender":	false
			}
		}, {
			"streams":	[{
					"socket":	5,
					"start":	12.000004,
					"end":	13.00001,
					"seconds":	1.0000059604644775,
					"bytes":	144345328,
					"bits_per_second":	1154755741.1194248,
					"omitted":	false,
					"sender":	false
				}],
			"sum":	{
				"start":	12.000004,
				"end":	13.00001,
				"seconds":	1.0000059604644775,
				"bytes":	144345328,
				"bits_per_second":	1154755741.1194248,
				"omitted":	false,
				"sender":	false
			}
		}, {
			"streams":	[{
					"socket":	5,
					"start":	13.00001,
					"end":	14.000013,
					"seconds":	1.0000029802322388,
					"bytes":	144563976,
					"bits_per_second":	1156508361.3364971,
					"omitted":	false,
					"sender":	false
				}],
			"sum":	{
				"start":	13.00001,
				"end":	14.000013,
				"seconds":	1.0000029802322388,
				"bytes":	144563976,
				"bits_per_second":	1156508361.3364971,
				"omitted":	false,
				"sender":	false
			}
		}, {
			"streams":	[{
					"socket":	5,
					"start":	14.000013,
					"end":	15.000012,
					"seconds":	0.99999898672103882,
					"bytes":	144268584,
					"bits_per_second":	1154149841.4757524,
					"omitted":	false,
					"sender":	false
				}],
			"sum":	{
				"start":	14.000013,
				"end":	15.000012,
				"seconds":	0.99999898672103882,
				"bytes":	144268584,
				"bits_per_second":	1154149841.4757524,
				"omitted":	false,
				"sender":	false
			}
		}, {
			"streams":	[{
					"socket":	5,
					"start":	15.000012,
					"end":	16.000016,
					"seconds":	1.0000040531158447,
					"bytes":	144540808,
					"bits_per_second":	1156321777.2938828,
					"omitted":	false,
					"sender":	false
				}],
			"sum":	{
				"start":	15.000012,
				"end":	16.000016,
				"seconds":	1.0000040531158447,
				"bytes":	144540808,