{
	"start":	{
		"connected":	[{
				"socket":	5,
				"local_host":	"10.100.102.149",
				"local_port":	49586,
				"remote_host":	"10.100.102.182",
				"remote_port":	5201
			}],
		"version":	"iperf 3.8.1 -  -- Apple version iperf3-117",
		"system_info":	"Darwin mimi-2.local 24.3.0 Darwin Kernel Version 24.3.0: Thu Jan  2 20:24:23 PST 2025; root:xnu-11215.81.4~3/RELEASE_ARM64_T8122 arm64",
		"timestamp":	{
			"time":	"Sat, 22 Feb 2025 17:29:05 UTC",
			"timesecs":	1740245345
		},
		"connecting_to":	{
			"host":	"10.100.102.182",
			"port":	5201
		},
		"cookie":	"6och3kclzxcfrrndt67cbl7agothqymhiia2",
		"tcp_mss_default":	1448,
		"sock_bufsize":	0,
		"sndbuf_actual":	131072,
		"rcvbuf_actual":	131072,
		"test_start":	{
			"protocol":	"TCP",
			"num_streams":	1,
			"blksize":	131072,
			"omit":	0,
			"duration":	30,
			"bytes":	0,
			"blocks":	0,
			"reverse":	0,
			"tos":	0
		}
	},
	"intervals":	[{
			"streams":	[{
					"socket":	5,
					"start":	0,
					"end":	1.000024,
					"seconds":	1.0000239610672,
					"bytes":	209942248,
					"bits_per_second":	1679497741.4417555,
					"retransmits":	0,
					"snd_cwnd":	8388480,
					"rtt":	21,
					"rttvar":	0,
					"pmtu":	-1,
					"omitted":	false,
					"sender":	true
				}],
			"sum":	{
				"start":	0,
				"end":	1.000024,
				"seconds":	1.0000239610672,
				"bytes":	209942248,
				"bits_per_second":	1679497741.4417555,
				"retransmits":	0,
				"omitted":	false,
				"sender":	true
			}
		}, {
			"streams":	[{
					"socket":	5,
					"start":	1.000024,
					"end":	2.000015,
					"seconds":	0.999990999698639,
					"bytes":	206148576,
					"bits_per_second":	1649203451.3280678,
					"retransmits":	0,
					"snd_cwnd":	8388480,
					"rtt":	20,
					"rttvar":	0,
					"pmtu":	-1,
					"omitted":	false,
					"sender":	true
				}],
			"sum":	{
				"start":	1.000024,
				"end":	2.000015,
				"seconds":	0.999990999698639,
				"bytes":	206148576,
				"bits_per_second":	1649203451.3280678,
				"retransmits":	0,
				"omitted":	false,
				"sender":	true
			}
		}, {
			"streams":	[{
					"socket":	5,
					"start":	2.000015,
					"end":	3.00001,
					"seconds":	0.999994993209839,
					"bytes":	201454624,
					"bits_per_second":	1611645061.1686356,
					"retransmits":	0,
					"snd_cwnd":	8388480,
					"rtt":	20,
					"rttvar":	0,
					"pmtu":	-1,
					"omitted":	false,
					"sender":	true
				}],
			"sum":	{
				"start":	2.000015,
				"end":	3.00001,
				"seconds":	0.999994993209839,
				"bytes":	201454624,
				"bits_per_second":	1611645061.1686356,
				"retransmits":	0,
				"omitted":	false,
				"sender":	true
			}
		}, {
			"streams":	[{
					"socket":	5,
					"start":	3.00001,
					"end":	4.000012,
					"seconds":	1.0000020265579224,
					"bytes":	216363056,
					"bits_per_second":	1730900940.2289867,
					"retransmits":	0,
					"snd_cwnd":	8388480,
					"rtt":	19,
					"rttvar":	0,
					"pmtu":	-1,
					"omitted":	false,
					"sender":	true
				}],
			"sum":	{
				"start":	3.00001,
				"end":	4.000012,
				"seconds":	1.0000020265579224,
				"bytes":	216363056,
				"bits_per_second":	1730900940.2289867,
				"retransmits":	0,
				"omitted":	false,
				"sender":	true
			}
		}, {
			"streams":	[{
					"socket":	5,
					"start":	4.000012,
					"end":	5.000017,
					"seconds":	1.0000050067901611,
					"bytes":	200541080,
					"bits_per_second":	1604320607.5033669,
					"retransmits":	0,
					"snd_cwnd":	8388480,
					"rtt":	17,
					"rttvar":	0,
					"pmtu":	-1,
					"omitted":	false,
					"sender":	true
				}],
			"sum":	{
				"start":	4.000012,
				"end":	5.000017,
				"seconds":	1.0000050067901611,
				"bytes":	200541080,
				"bits_per_second":	1604320607.5033669,
				"retransmits":	0,
				"omitted":	false,
				"sender":	true
			}
		}, {
			"streams":	[{
					"socket":	5,
					"start":	5.000017,
					"end":	6.000008,
					"seconds":	0.999990999698639,
					"bytes":	207477376,
					"bits_per_second":	1659833947.0057323,
					"retransmits":	0,
					"snd_cwnd":	8388480,
					"rtt":	18,
					"rttvar":	0,
					"pmtu":	-1,
					"omitted":	false,
					"sender":	true
				}],
			"sum":	{
				"start":	5.000017,
				"end":	6.000008,
				"seconds":	0.999990999698639,
				"bytes":	207477376,
				"bits_per_second":	1659833947.0057323,
				"retransmits":	0,
				"omitted":	false,
				"sender":	true
			}
		}, {
			"streams":	[{
					"socket":	5,
					"start":	6.000008,
					"end":	7.000036,
					"seconds":	1.0000280141830444,
					"bytes":	209998744,
					"bits_per_second":	1679942889.7723818,
					"retransmits":	0,
					"snd_cwnd":	8388480,
					"rtt":	19,
					"rttvar":	0,
					"pmtu":	-1,
					"omitted":	false,
					"sender":	true
				}],
			"sum":	{
				"start":	6.000008,
				"end":	7.000036,
				"seconds":	1.0000280141830444,
				"bytes":	209998744,
				"bits_per_second":	1679942889.7723818,
				"retransmits":	0,
				"omitted":	false,
				"sender":	true
			}
		}, {
			"streams":	[{
					"socket":	5,
					"start":	7.000036,
					"end":	8.00004,
					"seconds":	1.0000040531158447,
					"bytes":	211557056,
					"bits_per_second":	1692449588.3057573,
					"retransmits":	0,
					"snd_cwnd":	8388480,
					"rtt":	19,
					"rttvar":	0,
					"pmtu":	-1,
					"omitted":	false,
					"sender":	true
				}],
			"sum":	{
				"start":	7.000036,
				"end":	8.00004,
				"seconds":	1.0000040531158447,
				"bytes":	211557056,
				"bits_per_second":	1692449588.3057573,
				"retransmits":	0,
				"omitted":	false,
				"sender":	true
			}
		}, {
			"streams":	[{
					"socket":	5,
					"start":	8.00004,
					"end":	9.000013,
					"seconds":	0.99997299909591675,
					"bytes":	210664224,
					"bits_per_second":	1685359298.2247572,
					"retransmits":	0,
					"snd_cwnd":	8388480,
					"rtt":	21,
					"rttvar":	0,
					"pmtu":	-1,
					"omitted":	false,
					"sender":	true
				}],
			"sum":	{
				"start":	8.00004,
				"end":	9.000013,
				"seconds":	0.99997299909591675,
				"bytes":	210664224,
				"bits_per_second":	1685359298.2247572,
				"retransmits":	0,
				"omitted":	false,
				"sender":	true
			}
		}, {
			"streams":	[{
					"socket":	5,
					"start":	9.000013,
					"end":	10.000025,
					"seconds":	1.0000120401382446,
					"bytes":	205859488,
					"bits_per_second":	1646856075.6251805,
					"retransmits":	0,
					"snd_cwnd":	8388480,
					"rtt":	20,
					"rttvar":	0,
					"pmtu":	-1,
					"omitted":	false,
					"sender":	true
				}],
			"sum":	{
				"start":	9.000013,
				"end":	10.000025,
				"seconds":	1.0000120401382446,
				"bytes":	205859488,
				"bits_per_second":	1646856075.6251805,
				"retransmits":	0,
				"omitted":	false,
				"sender":	true
			}
		}, {
			"streams":	[{
					"socket":	5,
					"start":	10.000025,
					"end":	11.00002,
					"seconds":	0.999994993209839,
					"bytes":	196637168,
					"bits_per_second":	1573105220.2077389,
					"retransmits":	0,
					"snd_cwnd":	8388480,
					"rtt":	20,
					"rttvar":	0,
					"pmtu":	-1,
					"omitted":	false,
					"sender":	true
				}],
			"sum":	{
				"start":	10.000025,
				"end":	11.00002,
				"seconds":	0.999994993209839,
				"bytes":	196637168,
				"bits_per_second":	1573105220.2077389,
				"retransmits":	0,
				"omitted":	false,
				"sender":	true
			}
		}, {
			"streams":	[{
					"socket":	5,
					"start":	11.00002,
					"end":	12.000028,
					"seconds":	1.0000079870224,
					"bytes":	207736336,
					"bits_per_second":	1661877414.5478642,
					"retransmits":	0,
					"snd_cwnd":	8388480,
					"rtt":	20,
					"rttvar":	0,
					"pmtu":	-1,
					"omitted":	false,
					"sender":	true
				}],
			"sum":	{
				"start":	11.00002,
				"end":	12.000028,
				"seconds":	1.0000079870224,
				"bytes":	207736336,
				"bits_per_second":	1661877414.5478642,
				"retransmits":	0,
				"omitted":	false,
				"sender":	true
			}
		}, {
			"streams":	[{
					"socket":	5,
					"start":	12.000028,
					"end":	13.00001,
					"seconds":	0.99998199939727783,
					"bytes":	199842944,
					"bits_per_second":	1598772330.865571,
					"retransmits":	0,
					"snd_cwnd":	8388480,
					"rtt":	20,
					"rttvar":	0,