{
	"start":	{
		"connected":	[{
				"socket":	5,
				"local_host":	"10.100.102.149",
				"local_port":	49588,
				"remote_host":	"10.100.102.182",
				"remote_port":	5201
			}],
		"version":	"iperf 3.8.1 -  -- Apple version iperf3-117",
		"system_info":	"Darwin mimi-2.local 24.3.0 Darwin Kernel Version 24.3.0: Thu Jan  2 20:24:23 PST 2025; root:xnu-11215.81.4~3/RELEASE_ARM64_T8122 arm64",
		"timestamp":	{
			"time":	"Sat, 22 Feb 2025 17:29:35 UTC",
			"timesecs":	1740245375
		},
		"connecting_to":	{
			"host":	"10.100.102.182",
			"port":	5201
		},
		"cookie":	"keji72h37wkicdgfbsqwp2qff2kwx5sx7rsg",
		"tcp_mss_default":	1448,
		"sock_bufsize":	0,
		"sndbuf_actual":	131072,
		"rcvbuf_actual":	131072,
		"test_start":	{
			"protocol":	"TCP",
			"num_streams":	1,
			"blksize":	131072,
			"omit":	0,
			"duration":	30,
			"bytes":	0,
			"blocks":	0,
			"reverse":	1,
			"tos":	0
		}
	},
	"intervals":	[{
			"streams":	[{
					"socket":	5,
					"start":	0,
					"end":	1.000001,
					"seconds":	1.0000009536743164,
					"bytes":	169587840,
					"bits_per_second":	1356701426.1486948,
					"omitted":	false,
					"sender":	false
				}],
			"sum":	{
				"start":	0,
				"end":	1.000001,
				"seconds":	1.0000009536743164,
				"bytes":	169587840,
				"bits_per_second":	1356701426.1486948,
				"omitted":	false,
				"sender":	false
			}
		}, {
			"streams":	[{
					"socket":	5,
					"start":	1.000001,
					"end":	2.000006,
					"seconds":	1.0000050067901611,
					"bytes":	169043840,
					"bits_per_second":	1352343949.0976212,
					"omitted":	false,
					"sender":	false
				}],
			"sum":	{
				"start":	1.000001,
				"end":	2.000006,
				"seconds":	1.0000050067901611,
				"bytes":	169043840,
				"bits_per_second":	1352343949.0976212,
				"omitted":	false,
				"sender":	false
			}
		}, {
			"streams":	[{
					"socket":	5,
					"start":	2.000006,
					"end":	3.000001,
					"seconds":	0.999994993209839,
					"bytes":	169954464,
					"bits_per_second":	1359642519.4447889,
					"omitted":	false,
					"sender":	false
				}],
			"sum":	{
				"start":	2.000006,
				"end":	3.000001,
				"seconds":	0.999994993209839,
				"bytes":	169954464,
				"bits_per_second":	1359642519.4447889,
				"omitted":	false,
				"sender":	false
			}
		}, {
			"streams":	[{
					"socket":	5,
					"start":	3.000001,
					"end":	4.000001,
					"seconds":	1,
					"bytes":	164184264,
					"bits_per_second":	1313474112,
					"omitted":	false,
					"sender":	false
				}],
			"sum":	{
				"start":	3.000001,
				"end":	4.000001,
				"seconds":	1,
				"bytes":	164184264,
				"bits_per_second":	1313474112,
				"omitted":	false,
				"sender":	false
			}
		}, {
			"streams":	[{
					"socket":	5,
					"start":	4.000001,
					"end":	5.000003,
					"seconds":	1.0000020265579224,
					"bytes":	165846400,
					"bits_per_second":	1326768511.2267625,
					"omitted":	false,
					"sender":	false
				}],
			"sum":	{
				"start":	4.000001,
				"end":	5.000003,
				"seconds":	1.0000020265579224,
				"bytes":	165846400,
				"bits_per_second":	1326768511.2267625,
				"omitted":	false,
				"sender":	false
			}
		}, {
			"streams":	[{
					"socket":	5,
					"start":	5.000003,
					"end":	6.000009,
					"seconds":	1.0000059604644775,
					"bytes":	160473704,
					"bits_per_second":	1283781980.0631108,
					"omitted":	false,
					"sender":	false
				}],
			"sum":	{
				"start":	5.000003,
				"end":	6.000009,
				"seconds":	1.0000059604644775,
				"bytes":	160473704,
				"bits_per_second":	1283781980.0631108,
				"omitted":	false,
				"sender":	false
			}
		}, {
			"streams":	[{
					"socket":	5,
					"start":	6.000009,
					"end":	7.000014,
					"seconds":	1.0000050067901611,
					"bytes":	154272024,
					"bits_per_second":	1234170012.7697229,
					"omitted":	false,
					"sender":	false
				}],
			"sum":	{
				"start":	6.000009,
				"end":	7.000014,
				"seconds":	1.0000050067901611,
				"bytes":	154272024,
				"bits_per_second":	1234170012.7697229,
				"omitted":	false,
				"sender":	false
			}
		}, {
			"streams":	[{
					"socket":	5,
					"start":	7.000014,
					"end":	8.000007,
					"seconds":	0.99999302625656128,
					"bytes":	178359224,
					"bits_per_second":	1426883742.7211387,
					"omitted":	false,
					"sender":	false
				}],
			"sum":	{
				"start":	7.000014,
				"end":	8.000007,
				"seconds":	0.99999302625656128,
				"bytes":	178359224,
				"bits_per_second":	1426883742.7211387,
				"omitted":	false,
				"sender":	false
			}
		}, {
			"streams":	[{
					"socket":	5,
					"start":	8.000007,
					"end":	9.000015,
					"seconds":	1.0000079870224,
					"bytes":	168728368,
					"bits_per_second":	1349816162.9880705,
					"omitted":	false,
					"sender":	false
				}],
			"sum":	{
				"start":	8.000007,
				"end":	9.000015,
				"seconds":	1.0000079870224,
				"bytes":	168728368,
				"bits_per_second":	1349816162.9880705,
				"omitted":	false,
				"sender":	false
			}
		}, {
			"streams":	[{
					"socket":	5,
					"start":	9.000015,
					"end":	10.000004,
					"seconds":	0.99998897314071655,
					"bytes":	177505544,
					"bits_per_second":	1420060010.8019133,
					"omitted":	false,
					"sender":	false
				}],
			"sum":	{
				"start":	9.000015,
				"end":	10.000004,
				"seconds":	0.99998897314071655,
				"bytes":	177505544,
				"bits_per_second":	1420060010.8019133,
				"omitted":	false,
				"sender":	false
			}
		}, {
			"streams":	[{
					"socket":	5,
					"start":	10.000004,
					"end":	11.000027,
					"seconds":	1.0000230073928833,
					"bytes":	165557944,
					"bits_per_second":	1324433080.2477751,
					"omitted":	false,
					"sender":	false
				}],
			"sum":	{
				"start":	10.000004,
				"end":	11.000027,
				"seconds":	1.0000230073928833,
				"bytes":	165557944,
				"bits_per_second":	1324433080.2477751,
				"omitted":	false,
				"sender":	false
			}
		}, {
			"streams":	[{
					"socket":	5,
					"start":	11.000027,
					"end":	12.000106,
					"seconds":	1.0000790357589722,
					"bytes":	169705744,
					"bits_per_second":	1357538657.9018388,
					"omitted":	false,
					"sender":	false
				}],
			"sum":	{
				"start":	11.000027,
				"end":	12.000106,
				"seconds":	1.0000790357589722,
				"bytes":	169705744,
				"bits_per_second":	1357538657.9018388,
				"omitted":	false,
				"sender":	false
			}
		}, {
			"streams":	[{
					"socket":	5,
					"start":	12.000106,
					"end":	13.000005,
					"seconds":	0.99989902973175049,
					"bytes":	189911104,
					"bits_per_second":	1519442250.4916217,
					"omitted":	false,
					"sender":	false
				}],
			"sum":	{
				"start":	12.000106,
				"end":	13.000005,
				"seconds":	0.99989902973175049,
				"bytes":	189911104,
				"bits_per_second":	1519442250.4916217,
				"omitted":	false,
				"sender":	false
			}
		}, {
			"streams":	[{
					"socket":	5,
					"start":	13.000005,
					"end":	14.000007,
					"seconds":	1.0000020265579224,
					"bytes":	176213704,
					"bits_per_second":	1409706775.1475666,
					"omitted":	false,
					"sender":	false
				}],
			"sum":	{
				"start":	13.000005,
				"end":	14.000007,
				"seconds":	1.0000020265579224,
				"bytes":	176213704,
				"bits_per_second":	1409706775.1475666,
				"omitted":	false,
				"sender":	false
			}
		}, {
			"streams":	[{
					"socket":	5,
					"start":	14.000007,
					"end":	15.000006,
					"seconds":	0.99999898672103882,
					"bytes":	170133656,
					"bits_per_second":	1361070627.1442311,
					"omitted":	false,
					"sender":	false
				}],
			"sum":	{
				"start":	14.000007,
				"end":	15.000006,
				"seconds":	0.99999898672103882,
				"bytes":	170133656,
				"bits_per_second":	1361070627.1442311,
				"omitted":	false,
				"sender":	false
			}
		}, {
			"streams":	[{
					"socket":	5,
					"start":	15.000006,
					"end":	16.000015,
					"seconds":	1.0000089406967163,
					"bytes":	181408128,
					"bits_per_second":	1451252048.7955728,
					"omitted":	false,
					"sender":	false
				}],
			"sum":	{
				"start":	15.000006,
				"end":	16.000015,
				"seconds":	1.0000089406967163,
				"bytes":	181408128,