{
	"start":	{
		"connected":	[{
				"socket":	5,
				"local_host":	"192.168.105.1",
				"local_port":	49649,
				"remote_host":	"192.168.105.4",
				"remote_port":	5201
			}],
		"version":	"iperf 3.8.1 -  -- Apple version iperf3-117",
		"system_info":	"Darwin space-gray.local 24.3.0 Darwin Kernel Version 24.3.0: Thu Jan  2 20:24:23 PST 2025; root:xnu-11215.81.4~3/RELEASE_ARM64_T6020 arm64",
		"timestamp":	{
			"time":	"Sat, 22 Feb 2025 15:07:26 UTC",
			"timesecs":	1740236846
		},
		"connecting_to":	{
			"host":	"192.168.105.4",
			"port":	5201
		},
		"cookie":	"dekwhoaqbx7ohe62s6u4kycvttqo3uo7py32",
		"tcp_mss_default":	1448,
		"sock_bufsize":	0,
		"sndbuf_actual":	131072,
		"rcvbuf_actual":	131072,
		"test_start":	{
			"protocol":	"TCP",
			"num_streams":	1,
			"blksize":	131072,
			"omit":	0,
			"duration":	30,
			"bytes":	0,
			"blocks":	0,
			"reverse":	1,
			"tos":	0
		}
	},
	"intervals":	[{
			"streams":	[{
					"socket":	5,
					"start":	0,
					"end":	1.000035,
					"seconds":	1.0000350475311279,
					"bytes":	161999344,
					"bits_per_second":	1295949332.17544,
					"omitted":	false,
					"sender":	false
				}],
			"sum":	{
				"start":	0,
				"end":	1.000035,
				"seconds":	1.0000350475311279,
				"bytes":	161999344,
				"bits_per_second":	1295949332.17544,
				"omitted":	false,
				"sender":	false
			}
		}, {
			"streams":	[{
					"socket":	5,
					"start":	1.000035,
					"end":	2.000009,
					"seconds":	0.999974012374878,
					"bytes":	162675560,
					"bits_per_second":	1301438301.2906935,
					"omitted":	false,
					"sender":	false
				}],
			"sum":	{
				"start":	1.000035,
				"end":	2.000009,
				"seconds":	0.999974012374878,
				"bytes":	162675560,
				"bits_per_second":	1301438301.2906935,
				"omitted":	false,
				"sender":	false
			}
		}, {
			"streams":	[{
					"socket":	5,
					"start":	2.000009,
					"end":	3.000023,
					"seconds":	1.0000139474868774,
					"bytes":	163144712,
					"bits_per_second":	1305139492.584054,
					"omitted":	false,
					"sender":	false
				}],
			"sum":	{
				"start":	2.000009,
				"end":	3.000023,
				"seconds":	1.0000139474868774,
				"bytes":	163144712,
				"bits_per_second":	1305139492.584054,
				"omitted":	false,
				"sender":	false
			}
		}, {
			"streams":	[{
					"socket":	5,
					"start":	3.000023,
					"end":	4.000007,
					"seconds":	0.9999840259552002,
					"bytes":	162304872,
					"bits_per_second":	1298459717.6537006,
					"omitted":	false,
					"sender":	false
				}],
			"sum":	{
				"start":	3.000023,
				"end":	4.000007,
				"seconds":	0.9999840259552002,
				"bytes":	162304872,
				"bits_per_second":	1298459717.6537006,
				"omitted":	false,
				"sender":	false
			}
		}, {
			"streams":	[{
					"socket":	5,
					"start":	4.000007,
					"end":	5.000019,
					"seconds":	1.0000120401382446,
					"bytes":	162685696,
					"bits_per_second":	1301469898.1225054,
					"omitted":	false,
					"sender":	false
				}],
			"sum":	{
				"start":	4.000007,
				"end":	5.000019,
				"seconds":	1.0000120401382446,
				"bytes":	162685696,
				"bits_per_second":	1301469898.1225054,
				"omitted":	false,
				"sender":	false
			}
		}, {
			"streams":	[{
					"socket":	5,
					"start":	5.000019,
					"end":	6.000022,
					"seconds":	1.0000029802322388,
					"bytes":	162988328,
					"bits_per_second":	1303902738.0670238,
					"omitted":	false,
					"sender":	false
				}],
			"sum":	{
				"start":	5.000019,
				"end":	6.000022,
				"seconds":	1.0000029802322388,
				"bytes":	162988328,
				"bits_per_second":	1303902738.0670238,
				"omitted":	false,
				"sender":	false
			}
		}, {
			"streams":	[{
					"socket":	5,
					"start":	6.000022,
					"end":	7.000007,
					"seconds":	0.9999849796295166,
					"bytes":	162613296,
					"bits_per_second":	1300925908.3891156,
					"omitted":	false,
					"sender":	false
				}],
			"sum":	{
				"start":	6.000022,
				"end":	7.000007,
				"seconds":	0.9999849796295166,
				"bytes":	162613296,
				"bits_per_second":	1300925908.3891156,
				"omitted":	false,
				"sender":	false
			}
		}, {
			"streams":	[{
					"socket":	5,
					"start":	7.000007,
					"end":	8.000017,
					"seconds":	1.0000100135803223,
					"bytes":	162335280,
					"bits_per_second":	1298669235.6712966,
					"omitted":	false,
					"sender":	false
				}],
			"sum":	{
				"start":	7.000007,
				"end":	8.000017,
				"seconds":	1.0000100135803223,
				"bytes":	162335280,
				"bits_per_second":	1298669235.6712966,
				"omitted":	false,
				"sender":	false
			}
		}, {
			"streams":	[{
					"socket":	5,
					"start":	8.000017,
					"end":	9.000004,
					"seconds":	0.999987006187439,
					"bytes":	163230144,
					"bits_per_second":	1305858120.0756435,
					"omitted":	false,
					"sender":	false
				}],
			"sum":	{
				"start":	8.000017,
				"end":	9.000004,
				"seconds":	0.999987006187439,
				"bytes":	163230144,
				"bits_per_second":	1305858120.0756435,
				"omitted":	false,
				"sender":	false
			}
		}, {
			"streams":	[{
					"socket":	5,
					"start":	9.000004,
					"end":	10.000062,
					"seconds":	1.0000580549240112,
					"bytes":	163479200,
					"bits_per_second":	1307757678.2273655,
					"omitted":	false,
					"sender":	false
				}],
			"sum":	{
				"start":	9.000004,
				"end":	10.000062,
				"seconds":	1.0000580549240112,
				"bytes":	163479200,
				"bits_per_second":	1307757678.2273655,
				"omitted":	false,
				"sender":	false
			}
		}, {
			"streams":	[{
					"socket":	5,
					"start":	10.000062,
					"end":	11.000045,
					"seconds":	0.999983012676239,
					"bytes":	163162088,
					"bits_per_second":	1305318877.87439,
					"omitted":	false,
					"sender":	false
				}],
			"sum":	{
				"start":	10.000062,
				"end":	11.000045,
				"seconds":	0.999983012676239,
				"bytes":	163162088,
				"bits_per_second":	1305318877.87439,
				"omitted":	false,
				"sender":	false
			}
		}, {
			"streams":	[{
					"socket":	5,
					"start":	11.000045,
					"end":	12.000005,
					"seconds":	0.99996000528335571,
					"bytes":	163306888,
					"bits_per_second":	1306507357.3915524,
					"omitted":	false,
					"sender":	false
				}],
			"sum":	{
				"start":	11.000045,
				"end":	12.000005,
				"seconds":	0.99996000528335571,
				"bytes":	163306888,
				"bits_per_second":	1306507357.3915524,
				"omitted":	false,
				"sender":	false
			}
		}, {
			"streams":	[{
					"socket":	5,
					"start":	12.000005,
					"end":	13.000012,
					"seconds":	1.0000070333480835,
					"bytes":	163557392,
					"bits_per_second":	1308449933.21617,
					"omitted":	false,
					"sender":	false
				}],
			"sum":	{
				"start":	12.000005,
				"end":	13.000012,
				"seconds":	1.0000070333480835,
				"bytes":	163557392,
				"bits_per_second":	1308449933.21617,
				"omitted":	false,
				"sender":	false
			}
		}, {
			"streams":	[{
					"socket":	5,
					"start":	13.000012,
					"end":	14.000011,
					"seconds":	0.99999898672103882,
					"bytes":	163858576,
					"bits_per_second":	1310869936.2769272,
					"omitted":	false,
					"sender":	false
				}],
			"sum":	{
				"start":	13.000012,
				"end":	14.000011,
				"seconds":	0.99999898672103882,
				"bytes":	163858576,
				"bits_per_second":	1310869936.2769272,
				"omitted":	false,
				"sender":	false
			}
		}, {
			"streams":	[{
					"socket":	5,
					"start":	14.000011,
					"end":	15.000023,
					"seconds":	1.0000120401382446,
					"bytes":	163458928,
					"bits_per_second":	1307655679.6448407,
					"omitted":	false,
					"sender":	false
				}],
			"sum":	{
				"start":	14.000011,
				"end":	15.000023,
				"seconds":	1.0000120401382446,
				"bytes":	163458928,
				"bits_per_second":	1307655679.6448407,
				"omitted":	false,
				"sender":	false
			}
		}, {
			"streams":	[{
					"socket":	5,
					"start":	15.000023,
					"end":	16.000022,
					"seconds":	0.99999898672103882,
					"bytes":	163231592,
					"bits_per_second":	1305854059.1944447,
					"omitted":	false,
					"sender":	false
				}],
			"sum":	{
				"start":	15.000023,
				"end":	16.000022,
				"seconds":	0.99999898672103882,