{
	"start":	{
		"connected":	[{
				"socket":	5,
				"local_host":	"192.168.128.1",
				"local_port":	49261,
				"remote_host":	"192.168.128.4",
				"remote_port":	5201
			}],
		"version":	"iperf 3.18",
		"system_info":	"Darwin mimi-2.local 24.3.0 Darwin Kernel Version 24.3.0: Thu Jan  2 20:24:23 PST 2025; root:xnu-11215.81.4~3/RELEASE_ARM64_T8122 arm64",
		"timestamp":	{
			"time":	"Sat, 22 Feb 2025 16:26:57 UTC",
			"timesecs":	1740241617
		},
		"connecting_to":	{
			"host":	"192.168.128.4",
			"port":	5201
		},
		"cookie":	"cd5lr5tm6ztypn7hobowwu4mdaynfjt4kxzl",
		"tcp_mss_default":	1448,
		"target_bitrate":	0,
		"fq_rate":	0,
		"sock_bufsize":	0,
		"sndbuf_actual":	131072,
		"rcvbuf_actual":	131072,
		"test_start":	{
			"protocol":	"TCP",
			"num_streams":	1,
			"blksize":	131072,
			"omit":	0,
			"duration":	30,
			"bytes":	0,
			"blocks":	0,
			"reverse":	0,
			"tos":	0,
			"target_bitrate":	0,
			"bidir":	0,
			"fqrate":	0,
			"interval":	1
		}
	},
	"intervals":	[{
			"streams":	[{
					"socket":	5,
					"start":	0,
					"end":	1.005005,
					"seconds":	1.0050050020217896,
					"bytes":	1967915008,
					"bits_per_second":	15664917122.132561,
					"omitted":	false,
					"sender":	true
				}],
			"sum":	{
				"start":	0,
				"end":	1.005005,
				"seconds":	1.0050050020217896,
				"bytes":	1967915008,
				"bits_per_second":	15664917122.132561,
				"omitted":	false,
				"sender":	true
			}
		}, {
			"streams":	[{
					"socket":	5,
					"start":	1.005005,
					"end":	2.004527,
					"seconds":	0.99952197074890137,
					"bytes":	1953628160,
					"bits_per_second":	15636499984.377337,
					"omitted":	false,
					"sender":	true
				}],
			"sum":	{
				"start":	1.005005,
				"end":	2.004527,
				"seconds":	0.99952197074890137,
				"bytes":	1953628160,
				"bits_per_second":	15636499984.377337,
				"omitted":	false,
				"sender":	true
			}
		}, {
			"streams":	[{
					"socket":	5,
					"start":	2.004527,
					"end":	3.005008,
					"seconds":	1.0004810094833374,
					"bytes":	1970798592,
					"bits_per_second":	15758808599.617485,
					"omitted":	false,
					"sender":	true
				}],
			"sum":	{
				"start":	2.004527,
				"end":	3.005008,
				"seconds":	1.0004810094833374,
				"bytes":	1970798592,
				"bits_per_second":	15758808599.617485,
				"omitted":	false,
				"sender":	true
			}
		}, {
			"streams":	[{
					"socket":	5,
					"start":	3.005008,
					"end":	4.005009,
					"seconds":	1.0000009536743164,
					"bytes":	1980628992,
					"bits_per_second":	15845016825.01441,
					"omitted":	false,
					"sender":	true
				}],
			"sum":	{
				"start":	3.005008,
				"end":	4.005009,
				"seconds":	1.0000009536743164,
				"bytes":	1980628992,
				"bits_per_second":	15845016825.01441,
				"omitted":	false,
				"sender":	true
			}
		}, {
			"streams":	[{
					"socket":	5,
					"start":	4.005009,
					"end":	5.005012,
					"seconds":	1.0000029802322388,
					"bytes":	1976172544,
					"bits_per_second":	15809333236.515415,
					"omitted":	false,
					"sender":	true
				}],
			"sum":	{
				"start":	4.005009,
				"end":	5.005012,
				"seconds":	1.0000029802322388,
				"bytes":	1976172544,
				"bits_per_second":	15809333236.515415,
				"omitted":	false,
				"sender":	true
			}
		}, {
			"streams":	[{
					"socket":	5,
					"start":	5.005012,
					"end":	6.003577,
					"seconds":	0.99856501817703247,
					"bytes":	1974861824,
					"bits_per_second":	15821598297.967878,
					"omitted":	false,
					"sender":	true
				}],
			"sum":	{
				"start":	5.005012,
				"end":	6.003577,
				"seconds":	0.99856501817703247,
				"bytes":	1974861824,
				"bits_per_second":	15821598297.967878,
				"omitted":	false,
				"sender":	true
			}
		}, {
			"streams":	[{
					"socket":	5,
					"start":	6.003577,
					"end":	7.004501,
					"seconds":	1.0009239912033081,
					"bytes":	1959002112,
					"bits_per_second":	15657549458.035414,
					"omitted":	false,
					"sender":	true
				}],
			"sum":	{
				"start":	6.003577,
				"end":	7.004501,
				"seconds":	1.0009239912033081,
				"bytes":	1959002112,
				"bits_per_second":	15657549458.035414,
				"omitted":	false,
				"sender":	true
			}
		}, {
			"streams":	[{
					"socket":	5,
					"start":	7.004501,
					"end":	8.005007,
					"seconds":	1.0005060434341431,
					"bytes":	1973944320,
					"bits_per_second":	15783567389.355263,
					"omitted":	false,
					"sender":	true
				}],
			"sum":	{
				"start":	7.004501,
				"end":	8.005007,
				"seconds":	1.0005060434341431,
				"bytes":	1973944320,
				"bits_per_second":	15783567389.355263,
				"omitted":	false,
				"sender":	true
			}
		}, {
			"streams":	[{
					"socket":	5,
					"start":	8.005007,
					"end":	9.005011,
					"seconds":	1.0000040531158447,
					"bytes":	1956511744,
					"bits_per_second":	15652030512.507128,
					"omitted":	false,
					"sender":	true
				}],
			"sum":	{
				"start":	8.005007,
				"end":	9.005011,
				"seconds":	1.0000040531158447,
				"bytes":	1956511744,
				"bits_per_second":	15652030512.507128,
				"omitted":	false,
				"sender":	true
			}
		}, {
			"streams":	[{
					"socket":	5,
					"start":	9.005011,
					"end":	10.005019,
					"seconds":	1.0000079870224,
					"bytes":	1962803200,
					"bits_per_second":	15702300185.37669,
					"omitted":	false,
					"sender":	true
				}],
			"sum":	{
				"start":	9.005011,
				"end":	10.005019,
				"seconds":	1.0000079870224,
				"bytes":	1962803200,
				"bits_per_second":	15702300185.37669,
				"omitted":	false,
				"sender":	true
			}
		}, {
			"streams":	[{
					"socket":	5,
					"start":	10.005019,
					"end":	11.004077,
					"seconds":	0.99905800819396973,
					"bytes":	1938423808,
					"bits_per_second":	15522012072.1851,
					"omitted":	false,
					"sender":	true
				}],
			"sum":	{
				"start":	10.005019,
				"end":	11.004077,
				"seconds":	0.99905800819396973,
				"bytes":	1938423808,
				"bits_per_second":	15522012072.1851,
				"omitted":	false,
				"sender":	true
			}
		}, {
			"streams":	[{
					"socket":	5,
					"start":	11.004077,
					"end":	12.002099,
					"seconds":	0.99802201986312866,
					"bytes":	1933836288,
					"bits_per_second":	15501351669.697319,
					"omitted":	false,
					"sender":	true
				}],
			"sum":	{
				"start":	11.004077,
				"end":	12.002099,
				"seconds":	0.99802201986312866,
				"bytes":	1933836288,
				"bits_per_second":	15501351669.697319,
				"omitted":	false,
				"sender":	true
			}
		}, {
			"streams":	[{
					"socket":	5,
					"start":	12.002099,
					"end":	13.005045,
					"seconds":	1.0029460191726685,
					"bytes":	1935147008,
					"bits_per_second":	15435702189.406408,
					"omitted":	false,
					"sender":	true
				}],
			"sum":	{
				"start":	12.002099,
				"end":	13.005045,
				"seconds":	1.0029460191726685,
				"bytes":	1935147008,
				"bits_per_second":	15435702189.406408,
				"omitted":	false,
				"sender":	true
			}
		}, {
			"streams":	[{
					"socket":	5,
					"start":	13.005045,
					"end":	14.005008,
					"seconds":	0.99996298551559448,
					"bytes":	1952055296,
					"bits_per_second":	15617020423.958942,
					"omitted":	false,
					"sender":	true
				}],
			"sum":	{
				"start":	13.005045,
				"end":	14.005008,
				"seconds":	0.99996298551559448,
				"bytes":	1952055296,
				"bits_per_second":	15617020423.958942,
				"omitted":	false,
				"sender":	true
			}
		}, {
			"streams":	[{
					"socket":	5,
					"start":	14.005008,
					"end":	15.00501,
					"seconds":	1.0000020265579224,
					"bytes":	1942618112,
					"bits_per_second":	15540913401.438826,
					"omitted":	false,
					"sender":	true
				}],
			"sum":	{
				"start":	14.005008,
				"end":	15.00501,
				"seconds":	1.0000020265579224,
				"bytes":	1942618112,
				"bits_per_second":	15540913401.438826,
				"omitted":	false,
				"sender":	true
			}
		}, {
			"streams":	[{
					"socket":	5,
					"start":	15.00501,
					"end":	16.005009,
					"seconds":	0.99999898672103882,
					"bytes":	1953890304,
					"bits_per_second":	15631138270.703548,
					"omitted":	false,
					"sender":	true
				}],