{
	"start":	{
		"connected":	[{
				"socket":	5,
				"local_host":	"192.168.128.1",
				"local_port":	49273,
				"remote_host":	"192.168.128.4",
				"remote_port":	5201
			}],
		"version":	"iperf 3.18",
		"system_info":	"Darwin mimi-2.local 24.3.0 Darwin Kernel Version 24.3.0: Thu Jan  2 20:24:23 PST 2025; root:xnu-11215.81.4~3/RELEASE_ARM64_T8122 arm64",
		"timestamp":	{
			"time":	"Sat, 22 Feb 2025 16:27:27 UTC",
			"timesecs":	1740241647
		},
		"connecting_to":	{
			"host":	"192.168.128.4",
			"port":	5201
		},
		"cookie":	"kzf65rtea6qstly5jvxvthhcikn44xbl66kd",
		"tcp_mss_default":	1448,
		"target_bitrate":	0,
		"fq_rate":	0,
		"sock_bufsize":	0,
		"sndbuf_actual":	131072,
		"rcvbuf_actual":	131072,
		"test_start":	{
			"protocol":	"TCP",
			"num_streams":	1,
			"blksize":	131072,
			"omit":	0,
			"duration":	30,
			"bytes":	0,
			"blocks":	0,
			"reverse":	1,
			"tos":	0,
			"target_bitrate":	0,
			"bidir":	0,
			"fqrate":	0,
			"interval":	1
		}
	},
	"intervals":	[{
			"streams":	[{
					"socket":	5,
					"start":	0,
					"end":	1.001783,
					"seconds":	1.001783013343811,
					"bytes":	2257059840,
					"bits_per_second":	18024341079.342133,
					"omitted":	false,
					"sender":	false
				}],
			"sum":	{
				"start":	0,
				"end":	1.001783,
				"seconds":	1.001783013343811,
				"bytes":	2257059840,
				"bits_per_second":	18024341079.342133,
				"omitted":	false,
				"sender":	false
			}
		}, {
			"streams":	[{
					"socket":	5,
					"start":	1.001783,
					"end":	2.00114,
					"seconds":	0.999356985092163,
					"bytes":	2278031360,
					"bits_per_second":	18235976884.996021,
					"omitted":	false,
					"sender":	false
				}],
			"sum":	{
				"start":	1.001783,
				"end":	2.00114,
				"seconds":	0.999356985092163,
				"bytes":	2278031360,
				"bits_per_second":	18235976884.996021,
				"omitted":	false,
				"sender":	false
			}
		}, {
			"streams":	[{
					"socket":	5,
					"start":	2.00114,
					"end":	3.005015,
					"seconds":	1.0038750171661377,
					"bytes":	2295726080,
					"bits_per_second":	18294915528.2749,
					"omitted":	false,
					"sender":	false
				}],
			"sum":	{
				"start":	2.00114,
				"end":	3.005015,
				"seconds":	1.0038750171661377,
				"bytes":	2295726080,
				"bits_per_second":	18294915528.2749,
				"omitted":	false,
				"sender":	false
			}
		}, {
			"streams":	[{
					"socket":	5,
					"start":	3.005015,
					"end":	4.002948,
					"seconds":	0.99793297052383423,
					"bytes":	2290483200,
					"bits_per_second":	18361820023.224056,
					"omitted":	false,
					"sender":	false
				}],
			"sum":	{
				"start":	3.005015,
				"end":	4.002948,
				"seconds":	0.99793297052383423,
				"bytes":	2290483200,
				"bits_per_second":	18361820023.224056,
				"omitted":	false,
				"sender":	false
			}
		}, {
			"streams":	[{
					"socket":	5,
					"start":	4.002948,
					"end":	5.005009,
					"seconds":	1.0020610094070435,
					"bytes":	2302541824,
					"bits_per_second":	18382448193.349018,
					"omitted":	false,
					"sender":	false
				}],
			"sum":	{
				"start":	4.002948,
				"end":	5.005009,
				"seconds":	1.0020610094070435,
				"bytes":	2302541824,
				"bits_per_second":	18382448193.349018,
				"omitted":	false,
				"sender":	false
			}
		}, {
			"streams":	[{
					"socket":	5,
					"start":	5.005009,
					"end":	6.005035,
					"seconds":	1.0000259876251221,
					"bytes":	2272002048,
					"bits_per_second":	18175544044.774975,
					"omitted":	false,
					"sender":	false
				}],
			"sum":	{
				"start":	5.005009,
				"end":	6.005035,
				"seconds":	1.0000259876251221,
				"bytes":	2272002048,
				"bits_per_second":	18175544044.774975,
				"omitted":	false,
				"sender":	false
			}
		}, {
			"streams":	[{
					"socket":	5,
					"start":	6.005035,
					"end":	7.00501,
					"seconds":	0.999975025653839,
					"bytes":	717619200,
					"bits_per_second":	5741096980.1433258,
					"omitted":	false,
					"sender":	false
				}],
			"sum":	{
				"start":	6.005035,
				"end":	7.00501,
				"seconds":	0.999975025653839,
				"bytes":	717619200,
				"bits_per_second":	5741096980.1433258,
				"omitted":	false,
				"sender":	false
			}
		}, {
			"streams":	[{
					"socket":	5,
					"start":	7.00501,
					"end":	8.002717,
					"seconds":	0.99770700931549072,
					"bytes":	366084096,
					"bits_per_second":	2935403621.1585913,
					"omitted":	false,
					"sender":	false
				}],
			"sum":	{
				"start":	7.00501,
				"end":	8.002717,
				"seconds":	0.99770700931549072,
				"bytes":	366084096,
				"bits_per_second":	2935403621.1585913,
				"omitted":	false,
				"sender":	false
			}
		}, {
			"streams":	[{
					"socket":	5,
					"start":	8.002717,
					"end":	9.005011,
					"seconds":	1.0022939443588257,
					"bytes":	363593728,
					"bits_per_second":	2902092585.0856528,
					"omitted":	false,
					"sender":	false
				}],
			"sum":	{
				"start":	8.002717,
				"end":	9.005011,
				"seconds":	1.0022939443588257,
				"bytes":	363593728,
				"bits_per_second":	2902092585.0856528,
				"omitted":	false,
				"sender":	false
			}
		}, {
			"streams":	[{
					"socket":	5,
					"start":	9.005011,
					"end":	10.001044,
					"seconds":	0.996033012866974,
					"bytes":	364904448,
					"bits_per_second":	2930862276.941298,
					"omitted":	false,
					"sender":	false
				}],
			"sum":	{
				"start":	9.005011,
				"end":	10.001044,
				"seconds":	0.996033012866974,
				"bytes":	364904448,
				"bits_per_second":	2930862276.941298,
				"omitted":	false,
				"sender":	false
			}
		}, {
			"streams":	[{
					"socket":	5,
					"start":	10.001044,
					"end":	11.005006,
					"seconds":	1.00396203994751,
					"bytes":	366870528,
					"bits_per_second":	2923381669.0454245,
					"omitted":	false,
					"sender":	false
				}],
			"sum":	{
				"start":	10.001044,
				"end":	11.005006,
				"seconds":	1.00396203994751,
				"bytes":	366870528,
				"bits_per_second":	2923381669.0454245,
				"omitted":	false,
				"sender":	false
			}
		}, {
			"streams":	[{
					"socket":	5,
					"start":	11.005006,
					"end":	12.002987,
					"seconds":	0.99798101186752319,
					"bytes":	365166592,
					"bits_per_second":	2927242804.48313,
					"omitted":	false,
					"sender":	false
				}],
			"sum":	{
				"start":	11.005006,
				"end":	12.002987,
				"seconds":	0.99798101186752319,
				"bytes":	365166592,
				"bits_per_second":	2927242804.48313,
				"omitted":	false,
				"sender":	false
			}
		}, {
			"streams":	[{
					"socket":	5,
					"start":	12.002987,
					"end":	13.005011,
					"seconds":	1.0020240545272827,
					"bytes":	369623040,
					"bits_per_second":	2951011312.1934924,
					"omitted":	false,
					"sender":	false
				}],
			"sum":	{
				"start":	12.002987,
				"end":	13.005011,
				"seconds":	1.0020240545272827,
				"bytes":	369623040,
				"bits_per_second":	2951011312.1934924,
				"omitted":	false,
				"sender":	false
			}
		}, {
			"streams":	[{
					"socket":	5,
					"start":	13.005011,
					"end":	14.00326,
					"seconds":	0.99824899435043335,
					"bytes":	365690880,
					"bits_per_second":	2930658639.8353028,
					"omitted":	false,
					"sender":	false
				}],
			"sum":	{
				"start":	13.005011,
				"end":	14.00326,
				"seconds":	0.99824899435043335,
				"bytes":	365690880,
				"bits_per_second":	2930658639.8353028,
				"omitted":	false,
				"sender":	false
			}
		}, {
			"streams":	[{
					"socket":	5,
					"start":	14.00326,
					"end":	15.005008,
					"seconds":	1.0017479658126831,
					"bytes":	364642304,
					"bits_per_second":	2912048271.1771,
					"omitted":	false,
					"sender":	false
				}],
			"sum":	{
				"start":	14.00326,
				"end":	15.005008,
				"seconds":	1.0017479658126831,
				"bytes":	364642304,
				"bits_per_second":	2912048271.1771,
				"omitted":	false,
				"sender":	false
			}
		}, {
			"streams":	[{
					"socket":	5,
					"start":	15.005008,
					"end":	16.001684,
					"seconds":	0.99667602777481079,
					"bytes":	361103360,
					"bits_per_second":	2898461284.8064828,
					"omitted":	false,
					"sender":	false
				}],