{
	"start":	{
		"connected":	[{
				"socket":	5,
				"local_host":	"10.100.102.149",
				"local_port":	49474,
				"remote_host":	"10.100.102.161",
				"remote_port":	5201
			}],
		"version":	"iperf 3.18",
		"system_info":	"Darwin mimi-2.local 24.3.0 Darwin Kernel Version 24.3.0: Thu Jan  2 20:24:23 PST 2025; root:xnu-11215.81.4~3/RELEASE_ARM64_T8122 arm64",
		"timestamp":	{
			"time":	"Sat, 22 Feb 2025 17:12:37 UTC",
			"timesecs":	1740244357
		},
		"connecting_to":	{
			"host":	"10.100.102.161",
			"port":	5201
		},
		"cookie":	"g4q4cknye6mbfw2a54tkgbxmsmfj7wljjdow",
		"tcp_mss_default":	1448,
		"target_bitrate":	0,
		"fq_rate":	0,
		"sock_bufsize":	0,
		"sndbuf_actual":	131072,
		"rcvbuf_actual":	131072,
		"test_start":	{
			"protocol":	"TCP",
			"num_streams":	1,
			"blksize":	131072,
			"omit":	0,
			"duration":	30,
			"bytes":	0,
			"blocks":	0,
			"reverse":	0,
			"tos":	0,
			"target_bitrate":	0,
			"bidir":	0,
			"fqrate":	0,
			"interval":	1
		}
	},
	"intervals":	[{
			"streams":	[{
					"socket":	5,
					"start":	0,
					"end":	1.002265,
					"seconds":	1.0022649765014648,
					"bytes":	428081152,
					"bits_per_second":	3416909995.1533575,
					"omitted":	false,
					"sender":	true
				}],
			"sum":	{
				"start":	0,
				"end":	1.002265,
				"seconds":	1.0022649765014648,
				"bytes":	428081152,
				"bits_per_second":	3416909995.1533575,
				"omitted":	false,
				"sender":	true
			}
		}, {
			"streams":	[{
					"socket":	5,
					"start":	1.002265,
					"end":	2.004057,
					"seconds":	1.0017919540405273,
					"bytes":	430309376,
					"bits_per_second":	3436317285.3559723,
					"omitted":	false,
					"sender":	true
				}],
			"sum":	{
				"start":	1.002265,
				"end":	2.004057,
				"seconds":	1.0017919540405273,
				"bytes":	430309376,
				"bits_per_second":	3436317285.3559723,
				"omitted":	false,
				"sender":	true
			}
		}, {
			"streams":	[{
					"socket":	5,
					"start":	2.004057,
					"end":	3.002604,
					"seconds":	0.9985470175743103,
					"bytes":	428081152,
					"bits_per_second":	3429632411.6206608,
					"omitted":	false,
					"sender":	true
				}],
			"sum":	{
				"start":	2.004057,
				"end":	3.002604,
				"seconds":	0.9985470175743103,
				"bytes":	428081152,
				"bits_per_second":	3429632411.6206608,
				"omitted":	false,
				"sender":	true
			}
		}, {
			"streams":	[{
					"socket":	5,
					"start":	3.002604,
					"end":	4.002039,
					"seconds":	0.999435007572174,
					"bytes":	429916160,
					"bits_per_second":	3441273573.5111113,
					"omitted":	false,
					"sender":	true
				}],
			"sum":	{
				"start":	3.002604,
				"end":	4.002039,
				"seconds":	0.999435007572174,
				"bytes":	429916160,
				"bits_per_second":	3441273573.5111113,
				"omitted":	false,
				"sender":	true
			}
		}, {
			"streams":	[{
					"socket":	5,
					"start":	4.002039,
					"end":	5.002938,
					"seconds":	1.0008989572525024,
					"bytes":	428867584,
					"bits_per_second":	3427859173.1357527,
					"omitted":	false,
					"sender":	true
				}],
			"sum":	{
				"start":	4.002039,
				"end":	5.002938,
				"seconds":	1.0008989572525024,
				"bytes":	428867584,
				"bits_per_second":	3427859173.1357527,
				"omitted":	false,
				"sender":	true
			}
		}, {
			"streams":	[{
					"socket":	5,
					"start":	5.002938,
					"end":	6.004781,
					"seconds":	1.0018429756164551,
					"bytes":	431489024,
					"bits_per_second":	3445562105.0554013,
					"omitted":	false,
					"sender":	true
				}],
			"sum":	{
				"start":	5.002938,
				"end":	6.004781,
				"seconds":	1.0018429756164551,
				"bytes":	431489024,
				"bits_per_second":	3445562105.0554013,
				"omitted":	false,
				"sender":	true
			}
		}, {
			"streams":	[{
					"socket":	5,
					"start":	6.004781,
					"end":	7.000657,
					"seconds":	0.9958760142326355,
					"bytes":	429654016,
					"bits_per_second":	3451465924.348557,
					"omitted":	false,
					"sender":	true
				}],
			"sum":	{
				"start":	6.004781,
				"end":	7.000657,
				"seconds":	0.9958760142326355,
				"bytes":	429654016,
				"bits_per_second":	3451465924.348557,
				"omitted":	false,
				"sender":	true
			}
		}, {
			"streams":	[{
					"socket":	5,
					"start":	7.000657,
					"end":	8.000817,
					"seconds":	1.0001599788665771,
					"bytes":	428998656,
					"bits_per_second":	3431440290.0716672,
					"omitted":	false,
					"sender":	true
				}],
			"sum":	{
				"start":	7.000657,
				"end":	8.000817,
				"seconds":	1.0001599788665771,
				"bytes":	428998656,
				"bits_per_second":	3431440290.0716672,
				"omitted":	false,
				"sender":	true
			}
		}, {
			"streams":	[{
					"socket":	5,
					"start":	8.000817,
					"end":	9.000277,
					"seconds":	0.999459981918335,
					"bytes":	430833664,
					"bits_per_second":	3448531581.4091539,
					"omitted":	false,
					"sender":	true
				}],
			"sum":	{
				"start":	8.000817,
				"end":	9.000277,
				"seconds":	0.999459981918335,
				"bytes":	430833664,
				"bits_per_second":	3448531581.4091539,
				"omitted":	false,
				"sender":	true
			}
		}, {
			"streams":	[{
					"socket":	5,
					"start":	9.000277,
					"end":	10.001636,
					"seconds":	1.0013589859008789,
					"bytes":	429654016,
					"bits_per_second":	3432567317.41182,
					"omitted":	false,
					"sender":	true
				}],
			"sum":	{
				"start":	9.000277,
				"end":	10.001636,
				"seconds":	1.0013589859008789,
				"bytes":	429654016,
				"bits_per_second":	3432567317.41182,
				"omitted":	false,
				"sender":	true
			}
		}, {
			"streams":	[{
					"socket":	5,
					"start":	10.001636,
					"end":	11.005003,
					"seconds":	1.0033669471740723,
					"bytes":	417595392,
					"bits_per_second":	3329552707.919147,
					"omitted":	false,
					"sender":	true
				}],
			"sum":	{
				"start":	10.001636,
				"end":	11.005003,
				"seconds":	1.0033669471740723,
				"bytes":	417595392,
				"bits_per_second":	3329552707.919147,
				"omitted":	false,
				"sender":	true
			}
		}, {
			"streams":	[{
					"socket":	5,
					"start":	11.005003,
					"end":	12.000163,
					"seconds":	0.99515998363494873,
					"bytes":	406585344,
					"bits_per_second":	3268502356.8965883,
					"omitted":	false,
					"sender":	true
				}],
			"sum":	{
				"start":	11.005003,
				"end":	12.000163,
				"seconds":	0.99515998363494873,
				"bytes":	406585344,
				"bits_per_second":	3268502356.8965883,
				"omitted":	false,
				"sender":	true
			}
		}, {
			"streams":	[{
					"socket":	5,
					"start":	12.000163,
					"end":	13.000296,
					"seconds":	1.0001330375671387,
					"bytes":	411697152,
					"bits_per_second":	3293139104.78525,
					"omitted":	false,
					"sender":	true
				}],
			"sum":	{
				"start":	12.000163,
				"end":	13.000296,
				"seconds":	1.0001330375671387,
				"bytes":	411697152,
				"bits_per_second":	3293139104.78525,
				"omitted":	false,
				"sender":	true
			}
		}, {
			"streams":	[{
					"socket":	5,
					"start":	13.000296,
					"end":	14.000205,
					"seconds":	0.999908983707428,
					"bytes":	411172864,
					"bits_per_second":	3289682326.689115,
					"omitted":	false,
					"sender":	true
				}],
			"sum":	{
				"start":	13.000296,
				"end":	14.000205,
				"seconds":	0.999908983707428,
				"bytes":	411172864,
				"bits_per_second":	3289682326.689115,
				"omitted":	false,
				"sender":	true
			}
		}, {
			"streams":	[{
					"socket":	5,
					"start":	14.000205,
					"end":	15.000197,
					"seconds":	0.9999920129776,
					"bytes":	414449664,
					"bits_per_second":	3315623793.9615121,
					"omitted":	false,
					"sender":	true
				}],
			"sum":	{
				"start":	14.000205,
				"end":	15.000197,
				"seconds":	0.9999920129776,
				"bytes":	414449664,
				"bits_per_second":	3315623793.9615121,
				"omitted":	false,
				"sender":	true
			}
		}, {
			"streams":	[{
					"socket":	5,
					"start":	15.000197,
					"end":	16.005004,
					"seconds":	1.0048069953918457,
					"bytes":	412614656,
					"bits_per_second":	3285125664.0711756,
					"omitted":	false,
					"sender":	true
				}],
			"sum":	{
				"start":	15.000197,
				"end":	16.005004,