{
	"start":	{
		"connected":	[{
				"socket":	5,
				"local_host":	"192.168.105.1",
				"local_port":	50686,
				"remote_host":	"192.168.105.3",
				"remote_port":	5201
			}],
		"version":	"iperf 3.19.1",
		"system_info":	"Darwin space-gray.local 24.6.0 Darwin Kernel Version 24.6.0: Mon Jul 14 11:30:30 PDT 2025; root:xnu-11417.140.69~1/RELEASE_ARM64_T6020 arm64",
		"timestamp":	{
			"time":	"Sun, 31 Aug 2025 06:54:47 UTC",
			"timesecs":	1756623287
		},
		"connecting_to":	{
			"host":	"192.168.105.3",
			"port":	5201
		},
		"cookie":	"pqg72gxnu5kdvprpy2nezym7b5nzbodl35ja",
		"tcp_mss_default":	1448,
		"target_bitrate":	0,
		"fq_rate":	0,
		"sock_bufsize":	0,
		"sndbuf_actual":	131072,
		"rcvbuf_actual":	131072,
		"test_start":	{
			"protocol":	"TCP",
			"num_streams":	1,
			"blksize":	131072,
			"omit":	0,
			"duration":	30,
			"bytes":	0,
			"blocks":	0,
			"reverse":	0,
			"tos":	0,
			"target_bitrate":	0,
			"bidir":	0,
			"fqrate":	0,
			"interval":	1
		}
	},
	"intervals":	[{
			"streams":	[{
					"socket":	5,
					"start":	0,
					"end":	1.005017,
					"seconds":	1.0050170421600342,
					"bytes":	1189216256,
					"bits_per_second":	9466237535.18906,
					"omitted":	false,
					"sender":	true
				}],
			"sum":	{
				"start":	0,
				"end":	1.005017,
				"seconds":	1.0050170421600342,
				"bytes":	1189216256,
				"bits_per_second":	9466237535.18906,
				"omitted":	false,
				"sender":	true
			}
		}, {
			"streams":	[{
					"socket":	5,
					"start":	1.005017,
					"end":	2.005012,
					"seconds":	0.999994993209839,
					"bytes":	1218052096,
					"bits_per_second":	9744465556.4942741,
					"omitted":	false,
					"sender":	true
				}],
			"sum":	{
				"start":	1.005017,
				"end":	2.005012,
				"seconds":	0.999994993209839,
				"bytes":	1218052096,
				"bits_per_second":	9744465556.4942741,
				"omitted":	false,
				"sender":	true
			}
		}, {
			"streams":	[{
					"socket":	5,
					"start":	2.005012,
					"end":	3.00501,
					"seconds":	0.99999797344207764,
					"bytes":	1216348160,
					"bits_per_second":	9730805000.0399647,
					"omitted":	false,
					"sender":	true
				}],
			"sum":	{
				"start":	2.005012,
				"end":	3.00501,
				"seconds":	0.99999797344207764,
				"bytes":	1216348160,
				"bits_per_second":	9730805000.0399647,
				"omitted":	false,
				"sender":	true
			}
		}, {
			"streams":	[{
					"socket":	5,
					"start":	3.00501,
					"end":	4.005006,
					"seconds":	0.9999960064888,
					"bytes":	1219887104,
					"bits_per_second":	9759135805.21814,
					"omitted":	false,
					"sender":	true
				}],
			"sum":	{
				"start":	3.00501,
				"end":	4.005006,
				"seconds":	0.9999960064888,
				"bytes":	1219887104,
				"bits_per_second":	9759135805.21814,
				"omitted":	false,
				"sender":	true
			}
		}, {
			"streams":	[{
					"socket":	5,
					"start":	4.005006,
					"end":	5.005005,
					"seconds":	0.99999898672103882,
					"bytes":	1219624960,
					"bits_per_second":	9757009566.57252,
					"omitted":	false,
					"sender":	true
				}],
			"sum":	{
				"start":	4.005006,
				"end":	5.005005,
				"seconds":	0.99999898672103882,
				"bytes":	1219624960,
				"bits_per_second":	9757009566.57252,
				"omitted":	false,
				"sender":	true
			}
		}, {
			"streams":	[{
					"socket":	5,
					"start":	5.005005,
					"end":	6.005006,
					"seconds":	1.0000009536743164,
					"bytes":	1229455360,
					"bits_per_second":	9835633500.0089455,
					"omitted":	false,
					"sender":	true
				}],
			"sum":	{
				"start":	5.005005,
				"end":	6.005006,
				"seconds":	1.0000009536743164,
				"bytes":	1229455360,
				"bits_per_second":	9835633500.0089455,
				"omitted":	false,
				"sender":	true
			}
		}, {
			"streams":	[{
					"socket":	5,
					"start":	6.005006,
					"end":	7.004577,
					"seconds":	0.99957102537155151,
					"bytes":	1208352768,
					"bits_per_second":	9670970745.08211,
					"omitted":	false,
					"sender":	true
				}],
			"sum":	{
				"start":	6.005006,
				"end":	7.004577,
				"seconds":	0.99957102537155151,
				"bytes":	1208352768,
				"bits_per_second":	9670970745.08211,
				"omitted":	false,
				"sender":	true
			}
		}, {
			"streams":	[{
					"socket":	5,
					"start":	7.004577,
					"end":	8.005009,
					"seconds":	1.000432014465332,
					"bytes":	1219362816,
					"bits_per_second":	9750690088.8346539,
					"omitted":	false,
					"sender":	true
				}],
			"sum":	{
				"start":	7.004577,
				"end":	8.005009,
				"seconds":	1.000432014465332,
				"bytes":	1219362816,
				"bits_per_second":	9750690088.8346539,
				"omitted":	false,
				"sender":	true
			}
		}, {
			"streams":	[{
					"socket":	5,
					"start":	8.005009,
					"end":	9.005011,
					"seconds":	1.0000020265579224,
					"bytes":	1234042880,
					"bits_per_second":	9872323033.1655445,
					"omitted":	false,
					"sender":	true
				}],
			"sum":	{
				"start":	8.005009,
				"end":	9.005011,
				"seconds":	1.0000020265579224,
				"bytes":	1234042880,
				"bits_per_second":	9872323033.1655445,
				"omitted":	false,
				"sender":	true
			}
		}, {
			"streams":	[{
					"socket":	5,
					"start":	9.005011,
					"end":	10.005008,
					"seconds":	0.99999701976776123,
					"bytes":	1219756032,
					"bits_per_second":	9758077337.33667,
					"omitted":	false,
					"sender":	true
				}],
			"sum":	{
				"start":	9.005011,
				"end":	10.005008,
				"seconds":	0.99999701976776123,
				"bytes":	1219756032,
				"bits_per_second":	9758077337.33667,
				"omitted":	false,
				"sender":	true
			}
		}, {
			"streams":	[{
					"socket":	5,
					"start":	10.005008,
					"end":	11.005007,
					"seconds":	0.99999898672103882,
					"bytes":	1254096896,
					"bits_per_second":	10032785334.0103,
					"omitted":	false,
					"sender":	true
				}],
			"sum":	{
				"start":	10.005008,
				"end":	11.005007,
				"seconds":	0.99999898672103882,
				"bytes":	1254096896,
				"bits_per_second":	10032785334.0103,
				"omitted":	false,
				"sender":	true
			}
		}, {
			"streams":	[{
					"socket":	5,
					"start":	11.005007,
					"end":	12.005007,
					"seconds":	1,
					"bytes":	1227096064,
					"bits_per_second":	9816768512,
					"omitted":	false,
					"sender":	true
				}],
			"sum":	{
				"start":	11.005007,
				"end":	12.005007,
				"seconds":	1,
				"bytes":	1227096064,
				"bits_per_second":	9816768512,
				"omitted":	false,
				"sender":	true
			}
		}, {
			"streams":	[{
					"socket":	5,
					"start":	12.005007,
					"end":	13.005015,
					"seconds":	1.0000079870224,
					"bytes":	1251475456,
					"bits_per_second":	10011723684.138674,
					"omitted":	false,
					"sender":	true
				}],
			"sum":	{
				"start":	12.005007,
				"end":	13.005015,
				"seconds":	1.0000079870224,
				"bytes":	1251475456,
				"bits_per_second":	10011723684.138674,
				"omitted":	false,
				"sender":	true
			}
		}, {
			"streams":	[{
					"socket":	5,
					"start":	13.005015,
					"end":	14.005013,
					"seconds":	0.99999797344207764,
					"bytes":	1225916416,
					"bits_per_second":	9807351203.16528,
					"omitted":	false,
					"sender":	true
				}],
			"sum":	{
				"start":	13.005015,
				"end":	14.005013,
				"seconds":	0.99999797344207764,
				"bytes":	1225916416,
				"bits_per_second":	9807351203.16528,
				"omitted":	false,
				"sender":	true
			}
		}, {
			"streams":	[{
					"socket":	5,
					"start":	14.005013,
					"end":	15.005016,
					"seconds":	1.0000029802322388,
					"bytes":	1249116160,
					"bits_per_second":	9992899498.8387547,
					"omitted":	false,
					"sender":	true
				}],
			"sum":	{
				"start":	14.005013,
				"end":	15.005016,
				"seconds":	1.0000029802322388,
				"bytes":	1249116160,
				"bits_per_second":	9992899498.8387547,
				"omitted":	false,
				"sender":	true
			}
		}, {
			"streams":	[{
					"socket":	5,
					"start":	15.005016,
					"end":	16.005014,
					"seconds":	0.99999797344207764,
					"bytes":	1243086848,
					"bits_per_second":	9944714937.54084,
					"omitted":	false,
					"sender":	true
				}],
			"sum":	{
				"start":	15.005016,
				"end":	16.005014,
				"seconds":	0.99999797344207764,