{
	"start":	{
		"connected":	[{
				"socket":	5,
				"local_host":	"192.168.105.1",
				"local_port":	50688,
				"remote_host":	"192.168.105.3",
				"remote_port":	5201
			}],
		"version":	"iperf 3.19.1",
		"system_info":	"Darwin space-gray.local 24.6.0 Darwin Kernel Version 24.6.0: Mon Jul 14 11:30:30 PDT 2025; root:xnu-11417.140.69~1/RELEASE_ARM64_T6020 arm64",
		"timestamp":	{
			"time":	"Sun, 31 Aug 2025 06:55:17 UTC",
			"timesecs":	1756623317
		},
		"connecting_to":	{
			"host":	"192.168.105.3",
			"port":	5201
		},
		"cookie":	"7w5mq5zurk62jcgllly7wdmowa6zk5w7y353",
		"tcp_mss_default":	1448,
		"target_bitrate":	0,
		"fq_rate":	0,
		"sock_bufsize":	0,
		"sndbuf_actual":	131072,
		"rcvbuf_actual":	131072,
		"test_start":	{
			"protocol":	"TCP",
			"num_streams":	1,
			"blksize":	131072,
			"omit":	0,
			"duration":	30,
			"bytes":	0,
			"blocks":	0,
			"reverse":	1,
			"tos":	0,
			"target_bitrate":	0,
			"bidir":	0,
			"fqrate":	0,
			"interval":	1
		}
	},
	"intervals":	[{
			"streams":	[{
					"socket":	5,
					"start":	0,
					"end":	1.003317,
					"seconds":	1.0033169984817505,
					"bytes":	1029701632,
					"bits_per_second":	8210379240.5245838,
					"omitted":	false,
					"sender":	false
				}],
			"sum":	{
				"start":	0,
				"end":	1.003317,
				"seconds":	1.0033169984817505,
				"bytes":	1029701632,
				"bits_per_second":	8210379240.5245838,
				"omitted":	false,
				"sender":	false
			}
		}, {
			"streams":	[{
					"socket":	5,
					"start":	1.003317,
					"end":	2.005005,
					"seconds":	1.0016880035400391,
					"bytes":	1036517376,
					"bits_per_second":	8278165435.4399481,
					"omitted":	false,
					"sender":	false
				}],
			"sum":	{
				"start":	1.003317,
				"end":	2.005005,
				"seconds":	1.0016880035400391,
				"bytes":	1036517376,
				"bits_per_second":	8278165435.4399481,
				"omitted":	false,
				"sender":	false
			}
		}, {
			"streams":	[{
					"socket":	5,
					"start":	2.005005,
					"end":	3.005011,
					"seconds":	1.0000059604644775,
					"bytes":	1037434880,
					"bits_per_second":	8299429571.5448551,
					"omitted":	false,
					"sender":	false
				}],
			"sum":	{
				"start":	2.005005,
				"end":	3.005011,
				"seconds":	1.0000059604644775,
				"bytes":	1037434880,
				"bits_per_second":	8299429571.5448551,
				"omitted":	false,
				"sender":	false
			}
		}, {
			"streams":	[{
					"socket":	5,
					"start":	3.005011,
					"end":	4.003955,
					"seconds":	0.9989439845085144,
					"bytes":	1031536640,
					"bits_per_second":	8261016881.8026075,
					"omitted":	false,
					"sender":	false
				}],
			"sum":	{
				"start":	3.005011,
				"end":	4.003955,
				"seconds":	0.9989439845085144,
				"bytes":	1031536640,
				"bits_per_second":	8261016881.8026075,
				"omitted":	false,
				"sender":	false
			}
		}, {
			"streams":	[{
					"socket":	5,
					"start":	4.003955,
					"end":	5.005015,
					"seconds":	1.0010600090026855,
					"bytes":	1037303808,
					"bits_per_second":	8289643367.4015017,
					"omitted":	false,
					"sender":	false
				}],
			"sum":	{
				"start":	4.003955,
				"end":	5.005015,
				"seconds":	1.0010600090026855,
				"bytes":	1037303808,
				"bits_per_second":	8289643367.4015017,
				"omitted":	false,
				"sender":	false
			}
		}, {
			"streams":	[{
					"socket":	5,
					"start":	5.005015,
					"end":	6.004242,
					"seconds":	0.999226987361908,
					"bytes":	1036255232,
					"bits_per_second":	8296455120.6596336,
					"omitted":	false,
					"sender":	false
				}],
			"sum":	{
				"start":	5.005015,
				"end":	6.004242,
				"seconds":	0.999226987361908,
				"bytes":	1036255232,
				"bits_per_second":	8296455120.6596336,
				"omitted":	false,
				"sender":	false
			}
		}, {
			"streams":	[{
					"socket":	5,
					"start":	6.004242,
					"end":	7.000348,
					"seconds":	0.99610602855682373,
					"bytes":	1030356992,
					"bits_per_second":	8275078856.7582483,
					"omitted":	false,
					"sender":	false
				}],
			"sum":	{
				"start":	6.004242,
				"end":	7.000348,
				"seconds":	0.99610602855682373,
				"bytes":	1030356992,
				"bits_per_second":	8275078856.7582483,
				"omitted":	false,
				"sender":	false
			}
		}, {
			"streams":	[{
					"socket":	5,
					"start":	7.000348,
					"end":	8.00124,
					"seconds":	1.0008920431137085,
					"bytes":	1033502720,
					"bits_per_second":	8260652901.4645128,
					"omitted":	false,
					"sender":	false
				}],
			"sum":	{
				"start":	7.000348,
				"end":	8.00124,
				"seconds":	1.0008920431137085,
				"bytes":	1033502720,
				"bits_per_second":	8260652901.4645128,
				"omitted":	false,
				"sender":	false
			}
		}, {
			"streams":	[{
					"socket":	5,
					"start":	8.00124,
					"end":	9.005009,
					"seconds":	1.0037690401077271,
					"bytes":	1035206656,
					"bits_per_second":	8250556569.37894,
					"omitted":	false,
					"sender":	false
				}],
			"sum":	{
				"start":	8.00124,
				"end":	9.005009,
				"seconds":	1.0037690401077271,
				"bytes":	1035206656,
				"bits_per_second":	8250556569.37894,
				"omitted":	false,
				"sender":	false
			}
		}, {
			"streams":	[{
					"socket":	5,
					"start":	9.005009,
					"end":	10.001825,
					"seconds":	0.99681597948074341,
					"bytes":	1034420224,
					"bits_per_second":	8301794877.2357779,
					"omitted":	false,
					"sender":	false
				}],
			"sum":	{
				"start":	9.005009,
				"end":	10.001825,
				"seconds":	0.99681597948074341,
				"bytes":	1034420224,
				"bits_per_second":	8301794877.2357779,
				"omitted":	false,
				"sender":	false
			}
		}, {
			"streams":	[{
					"socket":	5,
					"start":	10.001825,
					"end":	11.00501,
					"seconds":	1.0031850337982178,
					"bytes":	1039269888,
					"bits_per_second":	8287762300.9598475,
					"omitted":	false,
					"sender":	false
				}],
			"sum":	{
				"start":	10.001825,
				"end":	11.00501,
				"seconds":	1.0031850337982178,
				"bytes":	1039269888,
				"bits_per_second":	8287762300.9598475,
				"omitted":	false,
				"sender":	false
			}
		}, {
			"streams":	[{
					"socket":	5,
					"start":	11.00501,
					"end":	12.003486,
					"seconds":	0.99847602844238281,
					"bytes":	1038352384,
					"bits_per_second":	8319497749.9445753,
					"omitted":	false,
					"sender":	false
				}],
			"sum":	{
				"start":	11.00501,
				"end":	12.003486,
				"seconds":	0.99847602844238281,
				"bytes":	1038352384,
				"bits_per_second":	8319497749.9445753,
				"omitted":	false,
				"sender":	false
			}
		}, {
			"streams":	[{
					"socket":	5,
					"start":	12.003486,
					"end":	13.002272,
					"seconds":	0.998785972595215,
					"bytes":	1034158080,
					"bits_per_second":	8283320818.4762573,
					"omitted":	false,
					"sender":	false
				}],
			"sum":	{
				"start":	12.003486,
				"end":	13.002272,
				"seconds":	0.998785972595215,
				"bytes":	1034158080,
				"bits_per_second":	8283320818.4762573,
				"omitted":	false,
				"sender":	false
			}
		}, {
			"streams":	[{
					"socket":	5,
					"start":	13.002272,
					"end":	14.000978,
					"seconds":	0.99870598316192627,
					"bytes":	1035337728,
					"bits_per_second":	8293433666.8103,
					"omitted":	false,
					"sender":	false
				}],
			"sum":	{
				"start":	13.002272,
				"end":	14.000978,
				"seconds":	0.99870598316192627,
				"bytes":	1035337728,
				"bits_per_second":	8293433666.8103,
				"omitted":	false,
				"sender":	false
			}
		}, {
			"streams":	[{
					"socket":	5,
					"start":	14.000978,
					"end":	15.003002,
					"seconds":	1.0020240545272827,
					"bytes":	1035337728,
					"bits_per_second":	8265971047.8781548,
					"omitted":	false,
					"sender":	false
				}],
			"sum":	{
				"start":	14.000978,
				"end":	15.003002,
				"seconds":	1.0020240545272827,
				"bytes":	1035337728,
				"bits_per_second":	8265971047.8781548,
				"omitted":	false,
				"sender":	false
			}
		}, {
			"streams":	[{
					"socket":	5,
					"start":	15.003002,
					"end":	16.00501,
					"seconds":	1.0020079612731934,
					"bytes":	1042939904,
					"bits_per_second":	8326799341.39283,
					"omitted":	false,