{
	"start":	{
		"connected":	[{
				"socket":	5,
				"local_host":	"192.168.105.1",
				"local_port":	49593,
				"remote_host":	"192.168.105.6",
				"remote_port":	5201
			}],
		"version":	"iperf 3.8.1 -  -- Apple version iperf3-117",
		"system_info":	"Darwin mimi-2.local 24.3.0 Darwin Kernel Version 24.3.0: Thu Jan  2 20:24:23 PST 2025; root:xnu-11215.81.4~3/RELEASE_ARM64_T8122 arm64",
		"timestamp":	{
			"time":	"Sat, 22 Feb 2025 17:30:45 UTC",
			"timesecs":	1740245445
		},
		"connecting_to":	{
			"host":	"192.168.105.6",
			"port":	5201
		},
		"cookie":	"tkdihzoqwddjno2uv2ytpzx2wfob3azsyz3e",
		"tcp_mss_default":	1448,
		"sock_bufsize":	0,
		"sndbuf_actual":	131072,
		"rcvbuf_actual":	131072,
		"test_start":	{
			"protocol":	"TCP",
			"num_streams":	1,
			"blksize":	131072,
			"omit":	0,
			"duration":	30,
			"bytes":	0,
			"blocks":	0,
			"reverse":	0,
			"tos":	0
		}
	},
	"intervals":	[{
			"streams":	[{
					"socket":	5,
					"start":	0,
					"end":	1.000066,
					"seconds":	1.0000660419464111,
					"bytes":	453611040,
					"bits_per_second":	3628648676.97853,
					"retransmits":	0,
					"snd_cwnd":	6882381,
					"rtt":	7,
					"rttvar":	0,
					"pmtu":	-1,
					"omitted":	false,
					"sender":	true
				}],
			"sum":	{
				"start":	0,
				"end":	1.000066,
				"seconds":	1.0000660419464111,
				"bytes":	453611040,
				"bits_per_second":	3628648676.97853,
				"retransmits":	0,
				"omitted":	false,
				"sender":	true
			}
		}, {
			"streams":	[{
					"socket":	5,
					"start":	1.000066,
					"end":	2.000009,
					"seconds":	0.99994301795959473,
					"bytes":	455897008,
					"bits_per_second":	3647383899.3767281,
					"retransmits":	0,
					"snd_cwnd":	7470269,
					"rtt":	7,
					"rttvar":	0,
					"pmtu":	-1,
					"omitted":	false,
					"sender":	true
				}],
			"sum":	{
				"start":	1.000066,
				"end":	2.000009,
				"seconds":	0.99994301795959473,
				"bytes":	455897008,
				"bits_per_second":	3647383899.3767281,
				"retransmits":	0,
				"omitted":	false,
				"sender":	true
			}
		}, {
			"streams":	[{
					"socket":	5,
					"start":	2.000009,
					"end":	3.000093,
					"seconds":	1.0000840425491333,
					"bytes":	456757120,
					"bits_per_second":	3653749889.5453873,
					"retransmits":	0,
					"snd_cwnd":	7470269,
					"rtt":	8,
					"rttvar":	0,
					"pmtu":	-1,
					"omitted":	false,
					"sender":	true
				}],
			"sum":	{
				"start":	2.000009,
				"end":	3.000093,
				"seconds":	1.0000840425491333,
				"bytes":	456757120,
				"bits_per_second":	3653749889.5453873,
				"retransmits":	0,
				"omitted":	false,
				"sender":	true
			}
		}, {
			"streams":	[{
					"socket":	5,
					"start":	3.000093,
					"end":	4.000031,
					"seconds":	0.99993801116943359,
					"bytes":	456651416,
					"bits_per_second":	3653437800.33679,
					"retransmits":	0,
					"snd_cwnd":	7470269,
					"rtt":	6,
					"rttvar":	0,
					"pmtu":	-1,
					"omitted":	false,
					"sender":	true
				}],
			"sum":	{
				"start":	3.000093,
				"end":	4.000031,
				"seconds":	0.99993801116943359,
				"bytes":	456651416,
				"bits_per_second":	3653437800.33679,
				"retransmits":	0,
				"omitted":	false,
				"sender":	true
			}
		}, {
			"streams":	[{
					"socket":	5,
					"start":	4.000031,
					"end":	5.000024,
					"seconds":	0.99999302625656128,
					"bytes":	455062104,
					"bits_per_second":	3640522220.0679455,
					"retransmits":	0,
					"snd_cwnd":	7470269,
					"rtt":	7,
					"rttvar":	0,
					"pmtu":	-1,
					"omitted":	false,
					"sender":	true
				}],
			"sum":	{
				"start":	4.000031,
				"end":	5.000024,
				"seconds":	0.99999302625656128,
				"bytes":	455062104,
				"bits_per_second":	3640522220.0679455,
				"retransmits":	0,
				"omitted":	false,
				"sender":	true
			}
		}, {
			"streams":	[{
					"socket":	5,
					"start":	5.000024,
					"end":	6.000075,
					"seconds":	1.0000510215759277,
					"bytes":	457262472,
					"bits_per_second":	3657913143.5068116,
					"retransmits":	0,
					"snd_cwnd":	7470269,
					"rtt":	8,
					"rttvar":	0,
					"pmtu":	-1,
					"omitted":	false,
					"sender":	true
				}],
			"sum":	{
				"start":	5.000024,
				"end":	6.000075,
				"seconds":	1.0000510215759277,
				"bytes":	457262472,
				"bits_per_second":	3657913143.5068116,
				"retransmits":	0,
				"omitted":	false,
				"sender":	true
			}
		}, {
			"streams":	[{
					"socket":	5,
					"start":	6.000075,
					"end":	7.000022,
					"seconds":	0.99994701147079468,
					"bytes":	457557864,
					"bits_per_second":	3660656884.8242521,
					"retransmits":	0,
					"snd_cwnd":	7470269,
					"rtt":	7,
					"rttvar":	0,
					"pmtu":	-1,
					"omitted":	false,
					"sender":	true
				}],
			"sum":	{
				"start":	6.000075,
				"end":	7.000022,
				"seconds":	0.99994701147079468,
				"bytes":	457557864,
				"bits_per_second":	3660656884.8242521,
				"retransmits":	0,
				"omitted":	false,
				"sender":	true
			}
		}, {
			"streams":	[{
					"socket":	5,
					"start":	7.000022,
					"end":	8.000019,
					"seconds":	0.99999701976776123,
					"bytes":	456893232,
					"bits_per_second":	3655156749.215982,
					"retransmits":	0,
					"snd_cwnd":	7470269,
					"rtt":	7,
					"rttvar":	0,
					"pmtu":	-1,
					"omitted":	false,
					"sender":	true
				}],
			"sum":	{
				"start":	7.000022,
				"end":	8.000019,
				"seconds":	0.99999701976776123,
				"bytes":	456893232,
				"bits_per_second":	3655156749.215982,
				"retransmits":	0,
				"omitted":	false,
				"sender":	true
			}
		}, {
			"streams":	[{
					"socket":	5,
					"start":	8.000019,
					"end":	9.00004,
					"seconds":	1.0000209808349609,
					"bytes":	460857856,
					"bits_per_second":	3686785496.1619687,
					"retransmits":	0,
					"snd_cwnd":	7470269,
					"rtt":	8,
					"rttvar":	1,
					"pmtu":	-1,
					"omitted":	false,
					"sender":	true
				}],
			"sum":	{
				"start":	8.000019,
				"end":	9.00004,
				"seconds":	1.0000209808349609,
				"bytes":	460857856,
				"bits_per_second":	3686785496.1619687,
				"retransmits":	0,
				"omitted":	false,
				"sender":	true
			}
		}, {
			"streams":	[{
					"socket":	5,
					"start":	9.00004,
					"end":	10.000066,
					"seconds":	1.0000259876251221,
					"bytes":	466712120,
					"bits_per_second":	3733599932.6045957,
					"retransmits":	0,
					"snd_cwnd":	7470269,
					"rtt":	8,
					"rttvar":	0,
					"pmtu":	-1,
					"omitted":	false,
					"sender":	true
				}],
			"sum":	{
				"start":	9.00004,
				"end":	10.000066,
				"seconds":	1.0000259876251221,
				"bytes":	466712120,
				"bits_per_second":	3733599932.6045957,
				"retransmits":	0,
				"omitted":	false,
				"sender":	true
			}
		}, {
			"streams":	[{
					"socket":	5,
					"start":	10.000066,
					"end":	11.000006,
					"seconds":	0.99993997812271118,
					"bytes":	464705192,
					"bits_per_second":	3717864689.2181525,
					"retransmits":	0,
					"snd_cwnd":	7470269,
					"rtt":	7,
					"rttvar":	0,
					"pmtu":	-1,
					"omitted":	false,
					"sender":	true
				}],
			"sum":	{
				"start":	10.000066,
				"end":	11.000006,
				"seconds":	0.99993997812271118,
				"bytes":	464705192,
				"bits_per_second":	3717864689.2181525,
				"retransmits":	0,
				"omitted":	false,
				"sender":	true
			}
		}, {
			"streams":	[{
					"socket":	5,
					"start":	11.000006,
					"end":	12.000011,
					"seconds":	1.0000050067901611,
					"bytes":	463225336,
					"bits_per_second":	3705784133.9164591,
					"retransmits":	0,
					"snd_cwnd":	7470269,
					"rtt":	7,
					"rttvar":	0,
					"pmtu":	-1,
					"omitted":	false,
					"sender":	true
				}],
			"sum":	{
				"start":	11.000006,
				"end":	12.000011,
				"seconds":	1.0000050067901611,
				"bytes":	463225336,
				"bits_per_second":	3705784133.9164591,
				"retransmits":	0,
				"omitted":	false,
				"sender":	true
			}
		}, {
			"streams":	[{
					"socket":	5,
					"start":	12.000011,
					"end":	13.000054,
					"seconds":	1.0000430345535278,
					"bytes":	463882728,
					"bits_per_second":	3710902126.98378,
					"retransmits":	0,
					"snd_cwnd":	7470269,
					"rtt":	7,
					"rttvar":	0,