{
	"start":	{
		"connected":	[{
				"socket":	5,
				"local_host":	"192.168.105.1",
				"local_port":	49595,
				"remote_host":	"192.168.105.6",
				"remote_port":	5201
			}],
		"version":	"iperf 3.8.1 -  -- Apple version iperf3-117",
		"system_info":	"Darwin mimi-2.local 24.3.0 Darwin Kernel Version 24.3.0: Thu Jan  2 20:24:23 PST 2025; root:xnu-11215.81.4~3/RELEASE_ARM64_T8122 arm64",
		"timestamp":	{
			"time":	"Sat, 22 Feb 2025 17:31:15 UTC",
			"timesecs":	1740245475
		},
		"connecting_to":	{
			"host":	"192.168.105.6",
			"port":	5201
		},
		"cookie":	"iizegb3i3tyym6ogbvc3vop4apq452iaynhl",
		"tcp_mss_default":	1448,
		"sock_bufsize":	0,
		"sndbuf_actual":	131072,
		"rcvbuf_actual":	131072,
		"test_start":	{
			"protocol":	"TCP",
			"num_streams":	1,
			"blksize":	131072,
			"omit":	0,
			"duration":	30,
			"bytes":	0,
			"blocks":	0,
			"reverse":	1,
			"tos":	0
		}
	},
	"intervals":	[{
			"streams":	[{
					"socket":	5,
					"start":	0,
					"end":	1.000006,
					"seconds":	1.0000059604644775,
					"bytes":	532586720,
					"bits_per_second":	4260668364.4375634,
					"omitted":	false,
					"sender":	false
				}],
			"sum":	{
				"start":	0,
				"end":	1.000006,
				"seconds":	1.0000059604644775,
				"bytes":	532586720,
				"bits_per_second":	4260668364.4375634,
				"omitted":	false,
				"sender":	false
			}
		}, {
			"streams":	[{
					"socket":	5,
					"start":	1.000006,
					"end":	2.000011,
					"seconds":	1.0000050067901611,
					"bytes":	537124016,
					"bits_per_second":	4296970613.9698076,
					"omitted":	false,
					"sender":	false
				}],
			"sum":	{
				"start":	1.000006,
				"end":	2.000011,
				"seconds":	1.0000050067901611,
				"bytes":	537124016,
				"bits_per_second":	4296970613.9698076,
				"omitted":	false,
				"sender":	false
			}
		}, {
			"streams":	[{
					"socket":	5,
					"start":	2.000011,
					"end":	3.000014,
					"seconds":	1.0000029802322388,
					"bytes":	532057704,
					"bits_per_second":	4256448946.7936263,
					"omitted":	false,
					"sender":	false
				}],
			"sum":	{
				"start":	2.000011,
				"end":	3.000014,
				"seconds":	1.0000029802322388,
				"bytes":	532057704,
				"bits_per_second":	4256448946.7936263,
				"omitted":	false,
				"sender":	false
			}
		}, {
			"streams":	[{
					"socket":	5,
					"start":	3.000014,
					"end":	4.000027,
					"seconds":	1.000012993812561,
					"bytes":	539479912,
					"bits_per_second":	4315783217.5218172,
					"omitted":	false,
					"sender":	false
				}],
			"sum":	{
				"start":	3.000014,
				"end":	4.000027,
				"seconds":	1.000012993812561,
				"bytes":	539479912,
				"bits_per_second":	4315783217.5218172,
				"omitted":	false,
				"sender":	false
			}
		}, {
			"streams":	[{
					"socket":	5,
					"start":	4.000027,
					"end":	5.000015,
					"seconds":	0.9999880194664,
					"bytes":	534141792,
					"bits_per_second":	4273185531.0428329,
					"omitted":	false,
					"sender":	false
				}],
			"sum":	{
				"start":	4.000027,
				"end":	5.000015,
				"seconds":	0.9999880194664,
				"bytes":	534141792,
				"bits_per_second":	4273185531.0428329,
				"omitted":	false,
				"sender":	false
			}
		}, {
			"streams":	[{
					"socket":	5,
					"start":	5.000015,
					"end":	6.000006,
					"seconds":	0.999990999698639,
					"bytes":	538437352,
					"bits_per_second":	4307537585.13639,
					"omitted":	false,
					"sender":	false
				}],
			"sum":	{
				"start":	5.000015,
				"end":	6.000006,
				"seconds":	0.999990999698639,
				"bytes":	538437352,
				"bits_per_second":	4307537585.13639,
				"omitted":	false,
				"sender":	false
			}
		}, {
			"streams":	[{
					"socket":	5,
					"start":	6.000006,
					"end":	7.000006,
					"seconds":	1,
					"bytes":	534526304,
					"bits_per_second":	4276210432,
					"omitted":	false,
					"sender":	false
				}],
			"sum":	{
				"start":	6.000006,
				"end":	7.000006,
				"seconds":	1,
				"bytes":	534526304,
				"bits_per_second":	4276210432,
				"omitted":	false,
				"sender":	false
			}
		}, {
			"streams":	[{
					"socket":	5,
					"start":	7.000006,
					"end":	8.000056,
					"seconds":	1.0000499486923218,
					"bytes":	537695976,
					"bits_per_second":	4301352961.04438,
					"omitted":	false,
					"sender":	false
				}],
			"sum":	{
				"start":	7.000006,
				"end":	8.000056,
				"seconds":	1.0000499486923218,
				"bytes":	537695976,
				"bits_per_second":	4301352961.04438,
				"omitted":	false,
				"sender":	false
			}
		}, {
			"streams":	[{
					"socket":	5,
					"start":	8.000056,
					"end":	9.000021,
					"seconds":	0.999965012073517,
					"bytes":	535568864,
					"bits_per_second":	4284700824.79746,
					"omitted":	false,
					"sender":	false
				}],
			"sum":	{
				"start":	8.000056,
				"end":	9.000021,
				"seconds":	0.999965012073517,
				"bytes":	535568864,
				"bits_per_second":	4284700824.79746,
				"omitted":	false,
				"sender":	false
			}
		}, {
			"streams":	[{
					"socket":	5,
					"start":	9.000021,
					"end":	10.000018,
					"seconds":	0.99999701976776123,
					"bytes":	536814144,
					"bits_per_second":	4294525950.6846886,
					"omitted":	false,
					"sender":	false
				}],
			"sum":	{
				"start":	9.000021,
				"end":	10.000018,
				"seconds":	0.99999701976776123,
				"bytes":	536814144,
				"bits_per_second":	4294525950.6846886,
				"omitted":	false,
				"sender":	false
			}
		}, {
			"streams":	[{
					"socket":	5,
					"start":	10.000018,
					"end":	11.000013,
					"seconds":	0.999994993209839,
					"bytes":	535277816,
					"bits_per_second":	4282243968.296968,
					"omitted":	false,
					"sender":	false
				}],
			"sum":	{
				"start":	10.000018,
				"end":	11.000013,
				"seconds":	0.999994993209839,
				"bytes":	535277816,
				"bits_per_second":	4282243968.296968,
				"omitted":	false,
				"sender":	false
			}
		}, {
			"streams":	[{
					"socket":	5,
					"start":	11.000013,
					"end":	12.000017,
					"seconds":	1.0000040531158447,
					"bytes":	540326992,
					"bits_per_second":	4322598416.00787,
					"omitted":	false,
					"sender":	false
				}],
			"sum":	{
				"start":	11.000013,
				"end":	12.000017,
				"seconds":	1.0000040531158447,
				"bytes":	540326992,
				"bits_per_second":	4322598416.00787,
				"omitted":	false,
				"sender":	false
			}
		}, {
			"streams":	[{
					"socket":	5,
					"start":	12.000017,
					"end":	13.000011,
					"seconds":	0.99999397993087769,
					"bytes":	535977200,
					"bits_per_second":	4287843413.1137328,
					"omitted":	false,
					"sender":	false
				}],
			"sum":	{
				"start":	12.000017,
				"end":	13.000011,
				"seconds":	0.99999397993087769,
				"bytes":	535977200,
				"bits_per_second":	4287843413.1137328,
				"omitted":	false,
				"sender":	false
			}
		}, {
			"streams":	[{
					"socket":	5,
					"start":	13.000011,
					"end":	14.000009,
					"seconds":	0.99999797344207764,
					"bytes":	542775560,
					"bits_per_second":	4342213279.7467222,
					"omitted":	false,
					"sender":	false
				}],
			"sum":	{
				"start":	13.000011,
				"end":	14.000009,
				"seconds":	0.99999797344207764,
				"bytes":	542775560,
				"bits_per_second":	4342213279.7467222,
				"omitted":	false,
				"sender":	false
			}
		}, {
			"streams":	[{
					"socket":	5,
					"start":	14.000009,
					"end":	15.000041,
					"seconds":	1.0000319480895996,
					"bytes":	534600152,
					"bits_per_second":	4276664584.73666,
					"omitted":	false,
					"sender":	false
				}],
			"sum":	{
				"start":	14.000009,
				"end":	15.000041,
				"seconds":	1.0000319480895996,
				"bytes":	534600152,
				"bits_per_second":	4276664584.73666,
				"omitted":	false,
				"sender":	false
			}
		}, {
			"streams":	[{
					"socket":	5,
					"start":	15.000041,
					"end":	16.000076,
					"seconds":	1.0000350475311279,
					"bytes":	535390760,
					"bits_per_second":	4282975972.2662916,
					"omitted":	false,
					"sender":	false
				}],
			"sum":	{
				"start":	15.000041,
				"end":	16.000076,
				"seconds":	1.0000350475311279,
				"bytes":	535390760,
				"bits_per_second":	4282975972.2662916,