{
	"start":	{
		"connected":	[{
				"socket":	5,
				"local_host":	"10.100.102.149",
				"local_port":	49602,
				"remote_host":	"10.100.102.182",
				"remote_port":	5201
			}],
		"version":	"iperf 3.8.1 -  -- Apple version iperf3-117",
		"system_info":	"Darwin mimi-2.local 24.3.0 Darwin Kernel Version 24.3.0: Thu Jan  2 20:24:23 PST 2025; root:xnu-11215.81.4~3/RELEASE_ARM64_T8122 arm64",
		"timestamp":	{
			"time":	"Sat, 22 Feb 2025 17:32:23 UTC",
			"timesecs":	1740245543
		},
		"connecting_to":	{
			"host":	"10.100.102.182",
			"port":	5201
		},
		"cookie":	"a4xaeo54p45lolvyleuqaxipwhfpefy4yycb",
		"tcp_mss_default":	1448,
		"sock_bufsize":	0,
		"sndbuf_actual":	131072,
		"rcvbuf_actual":	131072,
		"test_start":	{
			"protocol":	"TCP",
			"num_streams":	1,
			"blksize":	131072,
			"omit":	0,
			"duration":	30,
			"bytes":	0,
			"blocks":	0,
			"reverse":	1,
			"tos":	0
		}
	},
	"intervals":	[{
			"streams":	[{
					"socket":	5,
					"start":	0,
					"end":	1.000006,
					"seconds":	1.0000059604644775,
					"bytes":	530586296,
					"bits_per_second":	4244665067.8246441,
					"omitted":	false,
					"sender":	false
				}],
			"sum":	{
				"start":	0,
				"end":	1.000006,
				"seconds":	1.0000059604644775,
				"bytes":	530586296,
				"bits_per_second":	4244665067.8246441,
				"omitted":	false,
				"sender":	false
			}
		}, {
			"streams":	[{
					"socket":	5,
					"start":	1.000006,
					"end":	2.000011,
					"seconds":	1.0000050067901611,
					"bytes":	531658664,
					"bits_per_second":	4253248016.8796763,
					"omitted":	false,
					"sender":	false
				}],
			"sum":	{
				"start":	1.000006,
				"end":	2.000011,
				"seconds":	1.0000050067901611,
				"bytes":	531658664,
				"bits_per_second":	4253248016.8796763,
				"omitted":	false,
				"sender":	false
			}
		}, {
			"streams":	[{
					"socket":	5,
					"start":	2.000011,
					"end":	3.000034,
					"seconds":	1.0000230073928833,
					"bytes":	530412536,
					"bits_per_second":	4243202662.96925,
					"omitted":	false,
					"sender":	false
				}],
			"sum":	{
				"start":	2.000011,
				"end":	3.000034,
				"seconds":	1.0000230073928833,
				"bytes":	530412536,
				"bits_per_second":	4243202662.96925,
				"omitted":	false,
				"sender":	false
			}
		}, {
			"streams":	[{
					"socket":	5,
					"start":	3.000034,
					"end":	4.000034,
					"seconds":	1,
					"bytes":	533266544,
					"bits_per_second":	4266132352,
					"omitted":	false,
					"sender":	false
				}],
			"sum":	{
				"start":	3.000034,
				"end":	4.000034,
				"seconds":	1,
				"bytes":	533266544,
				"bits_per_second":	4266132352,
				"omitted":	false,
				"sender":	false
			}
		}, {
			"streams":	[{
					"socket":	5,
					"start":	4.000034,
					"end":	5.000059,
					"seconds":	1.0000250339508057,
					"bytes":	533504016,
					"bits_per_second":	4267925284.9683738,
					"omitted":	false,
					"sender":	false
				}],
			"sum":	{
				"start":	4.000034,
				"end":	5.000059,
				"seconds":	1.0000250339508057,
				"bytes":	533504016,
				"bits_per_second":	4267925284.9683738,
				"omitted":	false,
				"sender":	false
			}
		}, {
			"streams":	[{
					"socket":	5,
					"start":	5.000059,
					"end":	6.000012,
					"seconds":	0.99995297193527222,
					"bytes":	531023592,
					"bits_per_second":	4248388529.4907537,
					"omitted":	false,
					"sender":	false
				}],
			"sum":	{
				"start":	5.000059,
				"end":	6.000012,
				"seconds":	0.99995297193527222,
				"bytes":	531023592,
				"bits_per_second":	4248388529.4907537,
				"omitted":	false,
				"sender":	false
			}
		}, {
			"streams":	[{
					"socket":	5,
					"start":	6.000012,
					"end":	7.000018,
					"seconds":	1.0000059604644775,
					"bytes":	535031656,
					"bits_per_second":	4280227735.8546247,
					"omitted":	false,
					"sender":	false
				}],
			"sum":	{
				"start":	6.000012,
				"end":	7.000018,
				"seconds":	1.0000059604644775,
				"bytes":	535031656,
				"bits_per_second":	4280227735.8546247,
				"omitted":	false,
				"sender":	false
			}
		}, {
			"streams":	[{
					"socket":	5,
					"start":	7.000018,
					"end":	8.000006,
					"seconds":	0.9999880194664,
					"bytes":	531407312,
					"bits_per_second":	4251309428.9554572,
					"omitted":	false,
					"sender":	false
				}],
			"sum":	{
				"start":	7.000018,
				"end":	8.000006,
				"seconds":	0.9999880194664,
				"bytes":	531407312,
				"bits_per_second":	4251309428.9554572,
				"omitted":	false,
				"sender":	false
			}
		}, {
			"streams":	[{
					"socket":	5,
					"start":	8.000006,
					"end":	9.000031,
					"seconds":	1.0000250339508057,
					"bytes":	534539336,
					"bits_per_second":	4276207637.628365,
					"omitted":	false,
					"sender":	false
				}],
			"sum":	{
				"start":	8.000006,
				"end":	9.000031,
				"seconds":	1.0000250339508057,
				"bytes":	534539336,
				"bits_per_second":	4276207637.628365,
				"omitted":	false,
				"sender":	false
			}
		}, {
			"streams":	[{
					"socket":	5,
					"start":	9.000031,
					"end":	10.000019,
					"seconds":	0.9999880194664,
					"bytes":	529734872,
					"bits_per_second":	4237929748.6597476,
					"omitted":	false,
					"sender":	false
				}],
			"sum":	{
				"start":	9.000031,
				"end":	10.000019,
				"seconds":	0.9999880194664,
				"bytes":	529734872,
				"bits_per_second":	4237929748.6597476,
				"omitted":	false,
				"sender":	false
			}
		}, {
			"streams":	[{
					"socket":	5,
					"start":	10.000019,
					"end":	11.000005,
					"seconds":	0.99998599290847778,
					"bytes":	534672552,
					"bits_per_second":	4277440330.49819,
					"omitted":	false,
					"sender":	false
				}],
			"sum":	{
				"start":	10.000019,
				"end":	11.000005,
				"seconds":	0.99998599290847778,
				"bytes":	534672552,
				"bits_per_second":	4277440330.49819,
				"omitted":	false,
				"sender":	false
			}
		}, {
			"streams":	[{
					"socket":	5,
					"start":	11.000005,
					"end":	12.000163,
					"seconds":	1.0001579523086548,
					"bytes":	534988968,
					"bits_per_second":	4279235828.82156,
					"omitted":	false,
					"sender":	false
				}],
			"sum":	{
				"start":	11.000005,
				"end":	12.000163,
				"seconds":	1.0001579523086548,
				"bytes":	534988968,
				"bits_per_second":	4279235828.82156,
				"omitted":	false,
				"sender":	false
			}
		}, {
			"streams":	[{
					"socket":	5,
					"start":	12.000163,
					"end":	13.000005,
					"seconds":	0.99984198808670044,
					"bytes":	537162360,
					"bits_per_second":	4297978011.7289524,
					"omitted":	false,
					"sender":	false
				}],
			"sum":	{
				"start":	12.000163,
				"end":	13.000005,
				"seconds":	0.99984198808670044,
				"bytes":	537162360,
				"bits_per_second":	4297978011.7289524,
				"omitted":	false,
				"sender":	false
			}
		}, {
			"streams":	[{
					"socket":	5,
					"start":	13.000005,
					"end":	14.000001,
					"seconds":	0.9999960064888,
					"bytes":	533421480,
					"bits_per_second":	4267388881.8652945,
					"omitted":	false,
					"sender":	false
				}],
			"sum":	{
				"start":	13.000005,
				"end":	14.000001,
				"seconds":	0.9999960064888,
				"bytes":	533421480,
				"bits_per_second":	4267388881.8652945,
				"omitted":	false,
				"sender":	false
			}
		}, {
			"streams":	[{
					"socket":	5,
					"start":	14.000001,
					"end":	15.00001,
					"seconds":	1.0000089406967163,
					"bytes":	536967632,
					"bits_per_second":	4295702649.4254284,
					"omitted":	false,
					"sender":	false
				}],
			"sum":	{
				"start":	14.000001,
				"end":	15.00001,
				"seconds":	1.0000089406967163,
				"bytes":	536967632,
				"bits_per_second":	4295702649.4254284,
				"omitted":	false,
				"sender":	false
			}
		}, {
			"streams":	[{
					"socket":	5,
					"start":	15.00001,
					"end":	16.000008,
					"seconds":	0.99999797344207764,
					"bytes":	534271456,
					"bits_per_second":	4274180309.8739686,
					"omitted":	false,
					"sender":	false
				}],
			"sum":	{
				"start":	15.00001,
				"end":	16.000008,
				"seconds":	0.99999797344207764,
				"bytes":	534271456,
				"bits_per_second":	4274180309.8739686,