{
	"start":	{
		"connected":	[{
				"socket":	5,
				"local_host":	"10.100.102.151",
				"local_port":	50741,
				"remote_host":	"10.100.102.161",
				"remote_port":	5201
			}],
		"version":	"iperf 3.19.1",
		"system_info":	"Darwin space-gray.local 24.6.0 Darwin Kernel Version 24.6.0: Mon Jul 14 11:30:30 PDT 2025; root:xnu-11417.140.69~1/RELEASE_ARM64_T6020 arm64",
		"timestamp":	{
			"time":	"Sun, 31 Aug 2025 07:10:23 UTC",
			"timesecs":	1756624223
		},
		"connecting_to":	{
			"host":	"10.100.102.161",
			"port":	5201
		},
		"cookie":	"a3heo5yuy66jg5f3vajafdz4yyzljejoycmh",
		"tcp_mss_default":	1448,
		"target_bitrate":	0,
		"fq_rate":	0,
		"sock_bufsize":	0,
		"sndbuf_actual":	131072,
		"rcvbuf_actual":	131072,
		"test_start":	{
			"protocol":	"TCP",
			"num_streams":	1,
			"blksize":	131072,
			"omit":	0,
			"duration":	30,
			"bytes":	0,
			"blocks":	0,
			"reverse":	0,
			"tos":	0,
			"target_bitrate":	0,
			"bidir":	0,
			"fqrate":	0,
			"interval":	1
		}
	},
	"intervals":	[{
			"streams":	[{
					"socket":	5,
					"start":	0,
					"end":	1.001252,
					"seconds":	1.0012520551681519,
					"bytes":	173015040,
					"bits_per_second":	1382389492.0920274,
					"omitted":	false,
					"sender":	true
				}],
			"sum":	{
				"start":	0,
				"end":	1.001252,
				"seconds":	1.0012520551681519,
				"bytes":	173015040,
				"bits_per_second":	1382389492.0920274,
				"omitted":	false,
				"sender":	true
			}
		}, {
			"streams":	[{
					"socket":	5,
					"start":	1.001252,
					"end":	2.004997,
					"seconds":	1.0037449598312378,
					"bytes":	178126848,
					"bits_per_second":	1419698071.7488148,
					"omitted":	false,
					"sender":	true
				}],
			"sum":	{
				"start":	1.001252,
				"end":	2.004997,
				"seconds":	1.0037449598312378,
				"bytes":	178126848,
				"bits_per_second":	1419698071.7488148,
				"omitted":	false,
				"sender":	true
			}
		}, {
			"streams":	[{
					"socket":	5,
					"start":	2.004997,
					"end":	3.003315,
					"seconds":	0.99831801652908325,
					"bytes":	174587904,
					"bits_per_second":	1399056421.7763076,
					"omitted":	false,
					"sender":	true
				}],
			"sum":	{
				"start":	2.004997,
				"end":	3.003315,
				"seconds":	0.99831801652908325,
				"bytes":	174587904,
				"bits_per_second":	1399056421.7763076,
				"omitted":	false,
				"sender":	true
			}
		}, {
			"streams":	[{
					"socket":	5,
					"start":	3.003315,
					"end":	4.001198,
					"seconds":	0.99788302183151245,
					"bytes":	173670400,
					"bits_per_second":	1392310691.3373129,
					"omitted":	false,
					"sender":	true
				}],
			"sum":	{
				"start":	3.003315,
				"end":	4.001198,
				"seconds":	0.99788302183151245,
				"bytes":	173670400,
				"bits_per_second":	1392310691.3373129,
				"omitted":	false,
				"sender":	true
			}
		}, {
			"streams":	[{
					"socket":	5,
					"start":	4.001198,
					"end":	5.004995,
					"seconds":	1.0037970542907715,
					"bytes":	176685056,
					"bits_per_second":	1408133687.9382343,
					"omitted":	false,
					"sender":	true
				}],
			"sum":	{
				"start":	4.001198,
				"end":	5.004995,
				"seconds":	1.0037970542907715,
				"bytes":	176685056,
				"bits_per_second":	1408133687.9382343,
				"omitted":	false,
				"sender":	true
			}
		}, {
			"streams":	[{
					"socket":	5,
					"start":	5.004995,
					"end":	6.004994,
					"seconds":	0.99999898672103882,
					"bytes":	174850048,
					"bits_per_second":	1398801801.3764362,
					"omitted":	false,
					"sender":	true
				}],
			"sum":	{
				"start":	5.004995,
				"end":	6.004994,
				"seconds":	0.99999898672103882,
				"bytes":	174850048,
				"bits_per_second":	1398801801.3764362,
				"omitted":	false,
				"sender":	true
			}
		}, {
			"streams":	[{
					"socket":	5,
					"start":	6.004994,
					"end":	7.005,
					"seconds":	1.0000059604644775,
					"bytes":	175636480,
					"bits_per_second":	1405083465.0499187,
					"omitted":	false,
					"sender":	true
				}],
			"sum":	{
				"start":	6.004994,
				"end":	7.005,
				"seconds":	1.0000059604644775,
				"bytes":	175636480,
				"bits_per_second":	1405083465.0499187,
				"omitted":	false,
				"sender":	true
			}
		}, {
			"streams":	[{
					"socket":	5,
					"start":	7.005,
					"end":	8.005003,
					"seconds":	1.0000029802322388,
					"bytes":	177602560,
					"bits_per_second":	1420816245.6376195,
					"omitted":	false,
					"sender":	true
				}],
			"sum":	{
				"start":	7.005,
				"end":	8.005003,
				"seconds":	1.0000029802322388,
				"bytes":	177602560,
				"bits_per_second":	1420816245.6376195,
				"omitted":	false,
				"sender":	true
			}
		}, {
			"streams":	[{
					"socket":	5,
					"start":	8.005003,
					"end":	9.000964,
					"seconds":	0.99596101045608521,
					"bytes":	176422912,
					"bits_per_second":	1417106976.2597218,
					"omitted":	false,
					"sender":	true
				}],
			"sum":	{
				"start":	8.005003,
				"end":	9.000964,
				"seconds":	0.99596101045608521,
				"bytes":	176422912,
				"bits_per_second":	1417106976.2597218,
				"omitted":	false,
				"sender":	true
			}
		}, {
			"streams":	[{
					"socket":	5,
					"start":	9.000964,
					"end":	10.004999,
					"seconds":	1.0040349960327148,
					"bytes":	177733632,
					"bits_per_second":	1416154876.6908426,
					"omitted":	false,
					"sender":	true
				}],
			"sum":	{
				"start":	9.000964,
				"end":	10.004999,
				"seconds":	1.0040349960327148,
				"bytes":	177733632,
				"bits_per_second":	1416154876.6908426,
				"omitted":	false,
				"sender":	true
			}
		}, {
			"streams":	[{
					"socket":	5,
					"start":	10.004999,
					"end":	11.005002,
					"seconds":	1.0000029802322388,
					"bytes":	177602560,
					"bits_per_second":	1420816245.6376195,
					"omitted":	false,
					"sender":	true
				}],
			"sum":	{
				"start":	10.004999,
				"end":	11.005002,
				"seconds":	1.0000029802322388,
				"bytes":	177602560,
				"bits_per_second":	1420816245.6376195,
				"omitted":	false,
				"sender":	true
			}
		}, {
			"streams":	[{
					"socket":	5,
					"start":	11.005002,
					"end":	12.004999,
					"seconds":	0.99999701976776123,
					"bytes":	178651136,
					"bits_per_second":	1429213347.3876939,
					"omitted":	false,
					"sender":	true
				}],
			"sum":	{
				"start":	11.005002,
				"end":	12.004999,
				"seconds":	0.99999701976776123,
				"bytes":	178651136,
				"bits_per_second":	1429213347.3876939,
				"omitted":	false,
				"sender":	true
			}
		}, {
			"streams":	[{
					"socket":	5,
					"start":	12.004999,
					"end":	13.005006,
					"seconds":	1.0000070333480835,
					"bytes":	177602560,
					"bits_per_second":	1420810486.9452846,
					"omitted":	false,
					"sender":	true
				}],
			"sum":	{
				"start":	12.004999,
				"end":	13.005006,
				"seconds":	1.0000070333480835,
				"bytes":	177602560,
				"bits_per_second":	1420810486.9452846,
				"omitted":	false,
				"sender":	true
			}
		}, {
			"streams":	[{
					"socket":	5,
					"start":	13.005006,
					"end":	14.001035,
					"seconds":	0.996029019355774,
					"bytes":	177078272,
					"bits_per_second":	1422273998.5189047,
					"omitted":	false,
					"sender":	true
				}],
			"sum":	{
				"start":	13.005006,
				"end":	14.001035,
				"seconds":	0.996029019355774,
				"bytes":	177078272,
				"bits_per_second":	1422273998.5189047,
				"omitted":	false,
				"sender":	true
			}
		}, {
			"streams":	[{
					"socket":	5,
					"start":	14.001035,
					"end":	15.005,
					"seconds":	1.0039650201797485,
					"bytes":	178257920,
					"bits_per_second":	1420431321.1477025,
					"omitted":	false,
					"sender":	true
				}],
			"sum":	{
				"start":	14.001035,
				"end":	15.005,
				"seconds":	1.0039650201797485,
				"bytes":	178257920,
				"bits_per_second":	1420431321.1477025,
				"omitted":	false,
				"sender":	true
			}
		}, {
			"streams":	[{
					"socket":	5,
					"start":	15.005,
					"end":	16.002019,
					"seconds":	0.99701899290084839,
					"bytes":	177471488,
					"bits_per_second":	1424016908.5135911,
					"omitted":	false,
					"sender":	true
				}],
			"sum":	{
				"start":	15.005,