{
	"start":	{
		"connected":	[{
				"socket":	5,
				"local_host":	"10.100.102.151",
				"local_port":	50743,
				"remote_host":	"10.100.102.161",
				"remote_port":	5201
			}],
		"version":	"iperf 3.19.1",
		"system_info":	"Darwin space-gray.local 24.6.0 Darwin Kernel Version 24.6.0: Mon Jul 14 11:30:30 PDT 2025; root:xnu-11417.140.69~1/RELEASE_ARM64_T6020 arm64",
		"timestamp":	{
			"time":	"Sun, 31 Aug 2025 07:10:53 UTC",
			"timesecs":	1756624253
		},
		"connecting_to":	{
			"host":	"10.100.102.161",
			"port":	5201
		},
		"cookie":	"imetwtkzwhha7smelqhwawcawjhro373clky",
		"tcp_mss_default":	1448,
		"target_bitrate":	0,
		"fq_rate":	0,
		"sock_bufsize":	0,
		"sndbuf_actual":	131072,
		"rcvbuf_actual":	131072,
		"test_start":	{
			"protocol":	"TCP",
			"num_streams":	1,
			"blksize":	131072,
			"omit":	0,
			"duration":	30,
			"bytes":	0,
			"blocks":	0,
			"reverse":	1,
			"tos":	0,
			"target_bitrate":	0,
			"bidir":	0,
			"fqrate":	0,
			"interval":	1
		}
	},
	"intervals":	[{
			"streams":	[{
					"socket":	5,
					"start":	0,
					"end":	1.005007,
					"seconds":	1.0050070285797119,
					"bytes":	5930090496,
					"bits_per_second":	47204370336.637154,
					"omitted":	false,
					"sender":	false
				}],
			"sum":	{
				"start":	0,
				"end":	1.005007,
				"seconds":	1.0050070285797119,
				"bytes":	5930090496,
				"bits_per_second":	47204370336.637154,
				"omitted":	false,
				"sender":	false
			}
		}, {
			"streams":	[{
					"socket":	5,
					"start":	1.005007,
					"end":	2.002852,
					"seconds":	0.99784499406814575,
					"bytes":	5914099712,
					"bits_per_second":	47414977253.239464,
					"omitted":	false,
					"sender":	false
				}],
			"sum":	{
				"start":	1.005007,
				"end":	2.002852,
				"seconds":	0.99784499406814575,
				"bytes":	5914099712,
				"bits_per_second":	47414977253.239464,
				"omitted":	false,
				"sender":	false
			}
		}, {
			"streams":	[{
					"socket":	5,
					"start":	2.002852,
					"end":	3.000198,
					"seconds":	0.99734598398208618,
					"bytes":	5892734976,
					"bits_per_second":	47267328053.778717,
					"omitted":	false,
					"sender":	false
				}],
			"sum":	{
				"start":	2.002852,
				"end":	3.000198,
				"seconds":	0.99734598398208618,
				"bytes":	5892734976,
				"bits_per_second":	47267328053.778717,
				"omitted":	false,
				"sender":	false
			}
		}, {
			"streams":	[{
					"socket":	5,
					"start":	3.000198,
					"end":	4.002175,
					"seconds":	1.00197696685791,
					"bytes":	5938610176,
					"bits_per_second":	47415143241.248985,
					"omitted":	false,
					"sender":	false
				}],
			"sum":	{
				"start":	3.000198,
				"end":	4.002175,
				"seconds":	1.00197696685791,
				"bytes":	5938610176,
				"bits_per_second":	47415143241.248985,
				"omitted":	false,
				"sender":	false
			}
		}, {
			"streams":	[{
					"socket":	5,
					"start":	4.002175,
					"end":	5.004728,
					"seconds":	1.0025529861450195,
					"bytes":	5881856000,
					"bits_per_second":	46935023535.198471,
					"omitted":	false,
					"sender":	false
				}],
			"sum":	{
				"start":	4.002175,
				"end":	5.004728,
				"seconds":	1.0025529861450195,
				"bytes":	5881856000,
				"bits_per_second":	46935023535.198471,
				"omitted":	false,
				"sender":	false
			}
		}, {
			"streams":	[{
					"socket":	5,
					"start":	5.004728,
					"end":	6.005001,
					"seconds":	1.0002729892730713,
					"bytes":	5903351808,
					"bits_per_second":	47213925568.780136,
					"omitted":	false,
					"sender":	false
				}],
			"sum":	{
				"start":	5.004728,
				"end":	6.005001,
				"seconds":	1.0002729892730713,
				"bytes":	5903351808,
				"bits_per_second":	47213925568.780136,
				"omitted":	false,
				"sender":	false
			}
		}, {
			"streams":	[{
					"socket":	5,
					"start":	6.005001,
					"end":	7.005012,
					"seconds":	1.0000109672546387,
					"bytes":	5941231616,
					"bits_per_second":	47529331661.716858,
					"omitted":	false,
					"sender":	false
				}],
			"sum":	{
				"start":	6.005001,
				"end":	7.005012,
				"seconds":	1.0000109672546387,
				"bytes":	5941231616,
				"bits_per_second":	47529331661.716858,
				"omitted":	false,
				"sender":	false
			}
		}, {
			"streams":	[{
					"socket":	5,
					"start":	7.005012,
					"end":	8.004598,
					"seconds":	0.99958598613739,
					"bytes":	5936513024,
					"bits_per_second":	47511774725.3735,
					"omitted":	false,
					"sender":	false
				}],
			"sum":	{
				"start":	7.005012,
				"end":	8.004598,
				"seconds":	0.99958598613739,
				"bytes":	5936513024,
				"bits_per_second":	47511774725.3735,
				"omitted":	false,
				"sender":	false
			}
		}, {
			"streams":	[{
					"socket":	5,
					"start":	8.004598,
					"end":	9.00266,
					"seconds":	0.998062014579773,
					"bytes":	5899812864,
					"bits_per_second":	47290150534.25573,
					"omitted":	false,
					"sender":	false
				}],
			"sum":	{
				"start":	8.004598,
				"end":	9.00266,
				"seconds":	0.998062014579773,
				"bytes":	5899812864,
				"bits_per_second":	47290150534.25573,
				"omitted":	false,
				"sender":	false
			}
		}, {
			"streams":	[{
					"socket":	5,
					"start":	9.00266,
					"end":	10.00013,
					"seconds":	0.99747002124786377,
					"bytes":	5870977024,
					"bits_per_second":	47086945162.7648,
					"omitted":	false,
					"sender":	false
				}],
			"sum":	{
				"start":	9.00266,
				"end":	10.00013,
				"seconds":	0.99747002124786377,
				"bytes":	5870977024,
				"bits_per_second":	47086945162.7648,
				"omitted":	false,
				"sender":	false
			}
		}, {
			"streams":	[{
					"socket":	5,
					"start":	10.00013,
					"end":	11.005011,
					"seconds":	1.0048810243606567,
					"bytes":	5950013440,
					"bits_per_second":	47368898771.160484,
					"omitted":	false,
					"sender":	false
				}],
			"sum":	{
				"start":	10.00013,
				"end":	11.005011,
				"seconds":	1.0048810243606567,
				"bytes":	5950013440,
				"bits_per_second":	47368898771.160484,
				"omitted":	false,
				"sender":	false
			}
		}, {
			"streams":	[{
					"socket":	5,
					"start":	11.005011,
					"end":	12.002219,
					"seconds":	0.997207999229431,
					"bytes":	5961809920,
					"bits_per_second":	47828015215.336,
					"omitted":	false,
					"sender":	false
				}],
			"sum":	{
				"start":	11.005011,
				"end":	12.002219,
				"seconds":	0.997207999229431,
				"bytes":	5961809920,
				"bits_per_second":	47828015215.336,
				"omitted":	false,
				"sender":	false
			}
		}, {
			"streams":	[{
					"socket":	5,
					"start":	12.002219,
					"end":	13.005011,
					"seconds":	1.0027920007705688,
					"bytes":	5982650368,
					"bits_per_second":	47727946480.648361,
					"omitted":	false,
					"sender":	false
				}],
			"sum":	{
				"start":	12.002219,
				"end":	13.005011,
				"seconds":	1.0027920007705688,
				"bytes":	5982650368,
				"bits_per_second":	47727946480.648361,
				"omitted":	false,
				"sender":	false
			}
		}, {
			"streams":	[{
					"socket":	5,
					"start":	13.005011,
					"end":	14.000479,
					"seconds":	0.995468020439148,
					"bytes":	5916852224,
					"bits_per_second":	47550314846.99868,
					"omitted":	false,
					"sender":	false
				}],
			"sum":	{
				"start":	13.005011,
				"end":	14.000479,
				"seconds":	0.995468020439148,
				"bytes":	5916852224,
				"bits_per_second":	47550314846.99868,
				"omitted":	false,
				"sender":	false
			}
		}, {
			"streams":	[{
					"socket":	5,
					"start":	14.000479,
					"end":	15.000812,
					"seconds":	1.0003329515457153,
					"bytes":	5942149120,
					"bits_per_second":	47521370646.188843,
					"omitted":	false,
					"sender":	false
				}],
			"sum":	{
				"start":	14.000479,
				"end":	15.000812,
				"seconds":	1.0003329515457153,
				"bytes":	5942149120,
				"bits_per_second":	47521370646.188843,
				"omitted":	false,
				"sender":	false
			}
		}, {
			"streams":	[{
					"socket":	5,
					"start":	15.000812,
					"end":	16.005002,
					"seconds":	1.0041899681091309,
					"bytes":	5987237888,
					"bits_per_second":	47698049796.485,
					"omitted":	false,
					"sender":	false
				}],