{
	"start":	{
		"connected":	[{
				"socket":	5,
				"local_host":	"10.37.130.1",
				"local_port":	49411,
				"remote_host":	"10.37.130.3",
				"remote_port":	5201
			}],
		"version":	"iperf 3.18",
		"system_info":	"Darwin space-gray.local 24.3.0 Darwin Kernel Version 24.3.0: Thu Jan  2 20:24:23 PST 2025; root:xnu-11215.81.4~3/RELEASE_ARM64_T6020 arm64",
		"timestamp":	{
			"time":	"Sat, 22 Feb 2025 14:32:08 UTC",
			"timesecs":	1740234728
		},
		"connecting_to":	{
			"host":	"10.37.130.3",
			"port":	5201
		},
		"cookie":	"zcd6qexejv3iusjur4gr35phfptzl3y3zaqi",
		"tcp_mss_default":	1448,
		"target_bitrate":	0,
		"fq_rate":	0,
		"sock_bufsize":	0,
		"sndbuf_actual":	131072,
		"rcvbuf_actual":	131072,
		"test_start":	{
			"protocol":	"TCP",
			"num_streams":	1,
			"blksize":	131072,
			"omit":	0,
			"duration":	30,
			"bytes":	0,
			"blocks":	0,
			"reverse":	0,
			"tos":	0,
			"target_bitrate":	0,
			"bidir":	0,
			"fqrate":	0,
			"interval":	1
		}
	},
	"intervals":	[{
			"streams":	[{
					"socket":	5,
					"start":	0,
					"end":	1.010158,
					"seconds":	1.0101579427719116,
					"bytes":	1391198208,
					"bits_per_second":	11017668814.7004,
					"omitted":	false,
					"sender":	true
				}],
			"sum":	{
				"start":	0,
				"end":	1.010158,
				"seconds":	1.0101579427719116,
				"bytes":	1391198208,
				"bits_per_second":	11017668814.7004,
				"omitted":	false,
				"sender":	true
			}
		}, {
			"streams":	[{
					"socket":	5,
					"start":	1.010158,
					"end":	2.010146,
					"seconds":	0.9999880194664,
					"bytes":	1393295360,
					"bits_per_second":	11146496420.974892,
					"omitted":	false,
					"sender":	true
				}],
			"sum":	{
				"start":	1.010158,
				"end":	2.010146,
				"seconds":	0.9999880194664,
				"bytes":	1393295360,
				"bits_per_second":	11146496420.974892,
				"omitted":	false,
				"sender":	true
			}
		}, {
			"streams":	[{
					"socket":	5,
					"start":	2.010146,
					"end":	3.008199,
					"seconds":	0.998053014278412,
					"bytes":	1389756416,
					"bits_per_second":	11139740243.195704,
					"omitted":	false,
					"sender":	true
				}],
			"sum":	{
				"start":	2.010146,
				"end":	3.008199,
				"seconds":	0.998053014278412,
				"bytes":	1389756416,
				"bits_per_second":	11139740243.195704,
				"omitted":	false,
				"sender":	true
			}
		}, {
			"streams":	[{
					"socket":	5,
					"start":	3.008199,
					"end":	4.010132,
					"seconds":	1.0019329786300659,
					"bytes":	1401815040,
					"bits_per_second":	11192884713.0409,
					"omitted":	false,
					"sender":	true
				}],
			"sum":	{
				"start":	3.008199,
				"end":	4.010132,
				"seconds":	1.0019329786300659,
				"bytes":	1401815040,
				"bits_per_second":	11192884713.0409,
				"omitted":	false,
				"sender":	true
			}
		}, {
			"streams":	[{
					"socket":	5,
					"start":	4.010132,
					"end":	5.008564,
					"seconds":	0.9984319806098938,
					"bytes":	1408761856,
					"bits_per_second":	11287794328.378428,
					"omitted":	false,
					"sender":	true
				}],
			"sum":	{
				"start":	4.010132,
				"end":	5.008564,
				"seconds":	0.9984319806098938,
				"bytes":	1408761856,
				"bits_per_second":	11287794328.378428,
				"omitted":	false,
				"sender":	true
			}
		}, {
			"streams":	[{
					"socket":	5,
					"start":	5.008564,
					"end":	6.010111,
					"seconds":	1.0015469789505005,
					"bytes":	1399980032,
					"bits_per_second":	11182541100.304722,
					"omitted":	false,
					"sender":	true
				}],
			"sum":	{
				"start":	5.008564,
				"end":	6.010111,
				"seconds":	1.0015469789505005,
				"bytes":	1399980032,
				"bits_per_second":	11182541100.304722,
				"omitted":	false,
				"sender":	true
			}
		}, {
			"streams":	[{
					"socket":	5,
					"start":	6.010111,
					"end":	7.010104,
					"seconds":	0.99999302625656128,
					"bytes":	1424621568,
					"bits_per_second":	11397052024.116774,
					"omitted":	false,
					"sender":	true
				}],
			"sum":	{
				"start":	6.010111,
				"end":	7.010104,
				"seconds":	0.99999302625656128,
				"bytes":	1424621568,
				"bits_per_second":	11397052024.116774,
				"omitted":	false,
				"sender":	true
			}
		}, {
			"streams":	[{
					"socket":	5,
					"start":	7.010104,
					"end":	8.004061,
					"seconds":	0.993956983089447,
					"bytes":	1413742592,
					"bits_per_second":	11378702427.187645,
					"omitted":	false,
					"sender":	true
				}],
			"sum":	{
				"start":	7.010104,
				"end":	8.004061,
				"seconds":	0.993956983089447,
				"bytes":	1413742592,
				"bits_per_second":	11378702427.187645,
				"omitted":	false,
				"sender":	true
			}
		}, {
			"streams":	[{
					"socket":	5,
					"start":	8.004061,
					"end":	9.010098,
					"seconds":	1.0060369968414307,
					"bytes":	1376649216,
					"bits_per_second":	10947106083.1532,
					"omitted":	false,
					"sender":	true
				}],
			"sum":	{
				"start":	8.004061,
				"end":	9.010098,
				"seconds":	1.0060369968414307,
				"bytes":	1376649216,
				"bits_per_second":	10947106083.1532,
				"omitted":	false,
				"sender":	true
			}
		}, {
			"streams":	[{
					"socket":	5,
					"start":	9.010098,
					"end":	10.010092,
					"seconds":	0.99999397993087769,
					"bytes":	1392902144,
					"bits_per_second":	11143284235.341347,
					"omitted":	false,
					"sender":	true
				}],
			"sum":	{
				"start":	9.010098,
				"end":	10.010092,
				"seconds":	0.99999397993087769,
				"bytes":	1392902144,
				"bits_per_second":	11143284235.341347,
				"omitted":	false,
				"sender":	true
			}
		}, {
			"streams":	[{
					"socket":	5,
					"start":	10.010092,
					"end":	11.002446,
					"seconds":	0.99235397577285767,
					"bytes":	1413087232,
					"bits_per_second":	11391799833.517834,
					"omitted":	false,
					"sender":	true
				}],
			"sum":	{
				"start":	10.010092,
				"end":	11.002446,
				"seconds":	0.99235397577285767,
				"bytes":	1413087232,
				"bits_per_second":	11391799833.517834,
				"omitted":	false,
				"sender":	true
			}
		}, {
			"streams":	[{
					"socket":	5,
					"start":	11.002446,
					"end":	12.007343,
					"seconds":	1.0048969984054565,
					"bytes":	1433796608,
					"bits_per_second":	11414476192.287249,
					"omitted":	false,
					"sender":	true
				}],
			"sum":	{
				"start":	11.002446,
				"end":	12.007343,
				"seconds":	1.0048969984054565,
				"bytes":	1433796608,
				"bits_per_second":	11414476192.287249,
				"omitted":	false,
				"sender":	true
			}
		}, {
			"streams":	[{
					"socket":	5,
					"start":	12.007343,
					"end":	13.010073,
					"seconds":	1.0027300119400024,
					"bytes":	1516109824,
					"bits_per_second":	12095856758.624395,
					"omitted":	false,
					"sender":	true
				}],
			"sum":	{
				"start":	12.007343,
				"end":	13.010073,
				"seconds":	1.0027300119400024,
				"bytes":	1516109824,
				"bits_per_second":	12095856758.624395,
				"omitted":	false,
				"sender":	true
			}
		}, {
			"streams":	[{
					"socket":	5,
					"start":	13.010073,
					"end":	14.010076,
					"seconds":	1.0000029802322388,
					"bytes":	1473249280,
					"bits_per_second":	11785959115.104681,
					"omitted":	false,
					"sender":	true
				}],
			"sum":	{
				"start":	13.010073,
				"end":	14.010076,
				"seconds":	1.0000029802322388,
				"bytes":	1473249280,
				"bits_per_second":	11785959115.104681,
				"omitted":	false,
				"sender":	true
			}
		}, {
			"streams":	[{
					"socket":	5,
					"start":	14.010076,
					"end":	15.010066,
					"seconds":	0.99998998641967773,
					"bytes":	1383202816,
					"bits_per_second":	11065733335.609581,
					"omitted":	false,
					"sender":	true
				}],
			"sum":	{
				"start":	14.010076,
				"end":	15.010066,
				"seconds":	0.99998998641967773,
				"bytes":	1383202816,
				"bits_per_second":	11065733335.609581,
				"omitted":	false,
				"sender":	true
			}
		}, {
			"streams":	[{
					"socket":	5,
					"start":	15.010066,
					"end":	16.001728,
					"seconds":	0.99166202545166,
					"bytes":	1405485056,
					"bits_per_second":	11338419904.5828,
					"omitted":	false,
					"sender":	true
				}],
			"sum":	{
				"start":	15.010066,