{
	"start":	{
		"connected":	[{
				"socket":	5,
				"local_host":	"192.168.105.1",
				"local_port":	49440,
				"remote_host":	"192.168.105.2",
				"remote_port":	5201
			}],
		"version":	"iperf 3.20",
		"system_info":	"Darwin mimi-2.local 25.3.0 Darwin Kernel Version 25.3.0: Wed Jan 28 20:53:31 PST 2026; root:xnu-12377.81.4~5/RELEASE_ARM64_T8122 arm64",
		"timestamp":	{
			"time":	"Fri, 27 Feb 2026 20:10:41 UTC",
			"timesecs":	1772223041,
			"timemillisecs":	1772223041502
		},
		"connecting_to":	{
			"host":	"192.168.105.2",
			"port":	5201
		},
		"cookie":	"cxcfmomspm6jlqjv3tdqzetfhlhjwqtj3dpq",
		"tcp_mss_default":	1448,
		"target_bitrate":	0,
		"fq_rate":	0,
		"sock_bufsize":	0,
		"sndbuf_actual":	131072,
		"rcvbuf_actual":	131072,
		"test_start":	{
			"protocol":	"TCP",
			"num_streams":	1,
			"blksize":	131072,
			"omit":	0,
			"duration":	30,
			"bytes":	0,
			"blocks":	0,
			"reverse":	0,
			"tos":	0,
			"target_bitrate":	0,
			"bidir":	0,
			"fqrate":	0,
			"interval":	1
		}
	},
	"intervals":	[{
			"streams":	[{
					"socket":	5,
					"start":	0,
					"end":	1.004149,
					"seconds":	1.0041489601135254,
					"bytes":	327286784,
					"bits_per_second":	2607475958.2522349,
					"omitted":	false,
					"sender":	true
				}],
			"sum":	{
				"start":	0,
				"end":	1.004149,
				"seconds":	1.0041489601135254,
				"bytes":	327286784,
				"bits_per_second":	2607475958.2522349,
				"omitted":	false,
				"sender":	true
			}
		}, {
			"streams":	[{
					"socket":	5,
					"start":	1.004149,
					"end":	2.005018,
					"seconds":	1.0008690357208252,
					"bytes":	326631424,
					"bits_per_second":	2610782528.7232332,
					"omitted":	false,
					"sender":	true
				}],
			"sum":	{
				"start":	1.004149,
				"end":	2.005018,
				"seconds":	1.0008690357208252,
				"bytes":	326631424,
				"bits_per_second":	2610782528.7232332,
				"omitted":	false,
				"sender":	true
			}
		}, {
			"streams":	[{
					"socket":	5,
					"start":	2.005018,
					"end":	3.005016,
					"seconds":	0.99999797344207764,
					"bytes":	373424128,
					"bits_per_second":	2987399078.137269,
					"omitted":	false,
					"sender":	true
				}],
			"sum":	{
				"start":	2.005018,
				"end":	3.005016,
				"seconds":	0.99999797344207764,
				"bytes":	373424128,
				"bits_per_second":	2987399078.137269,
				"omitted":	false,
				"sender":	true
			}
		}, {
			"streams":	[{
					"socket":	5,
					"start":	3.005016,
					"end":	4.00102,
					"seconds":	0.99600398540496826,
					"bytes":	367132672,
					"bits_per_second":	2948845003.6731644,
					"omitted":	false,
					"sender":	true
				}],
			"sum":	{
				"start":	3.005016,
				"end":	4.00102,
				"seconds":	0.99600398540496826,
				"bytes":	367132672,
				"bits_per_second":	2948845003.6731644,
				"omitted":	false,
				"sender":	true
			}
		}, {
			"streams":	[{
					"socket":	5,
					"start":	4.00102,
					"end":	5.005017,
					"seconds":	1.0039969682693481,
					"bytes":	416808960,
					"bits_per_second":	3321196961.1301074,
					"omitted":	false,
					"sender":	true
				}],
			"sum":	{
				"start":	4.00102,
				"end":	5.005017,
				"seconds":	1.0039969682693481,
				"bytes":	416808960,
				"bits_per_second":	3321196961.1301074,
				"omitted":	false,
				"sender":	true
			}
		}, {
			"streams":	[{
					"socket":	5,
					"start":	5.005017,
					"end":	6.005017,
					"seconds":	1,
					"bytes":	373555200,
					"bits_per_second":	2988441600,
					"omitted":	false,
					"sender":	true
				}],
			"sum":	{
				"start":	5.005017,
				"end":	6.005017,
				"seconds":	1,
				"bytes":	373555200,
				"bits_per_second":	2988441600,
				"omitted":	false,
				"sender":	true
			}
		}, {
			"streams":	[{
					"socket":	5,
					"start":	6.005017,
					"end":	7.005016,
					"seconds":	0.99999898672103882,
					"bytes":	357171200,
					"bits_per_second":	2857372495.315434,
					"omitted":	false,
					"sender":	true
				}],
			"sum":	{
				"start":	6.005017,
				"end":	7.005016,
				"seconds":	0.99999898672103882,
				"bytes":	357171200,
				"bits_per_second":	2857372495.315434,
				"omitted":	false,
				"sender":	true
			}
		}, {
			"streams":	[{
					"socket":	5,
					"start":	7.005016,
					"end":	8.005019,
					"seconds":	1.0000029802322388,
					"bytes":	349962240,
					"bits_per_second":	2799689576.2748661,
					"omitted":	false,
					"sender":	true
				}],
			"sum":	{
				"start":	7.005016,
				"end":	8.005019,
				"seconds":	1.0000029802322388,
				"bytes":	349962240,
				"bits_per_second":	2799689576.2748661,
				"omitted":	false,
				"sender":	true
			}
		}, {
			"streams":	[{
					"socket":	5,
					"start":	8.005019,
					"end":	9.005017,
					"seconds":	0.99999797344207764,
					"bytes":	352845824,
					"bits_per_second":	2822772312.5115929,
					"omitted":	false,
					"sender":	true
				}],
			"sum":	{
				"start":	8.005019,
				"end":	9.005017,
				"seconds":	0.99999797344207764,
				"bytes":	352845824,
				"bits_per_second":	2822772312.5115929,
				"omitted":	false,
				"sender":	true
			}
		}, {
			"streams":	[{
					"socket":	5,
					"start":	9.005017,
					"end":	10.002477,
					"seconds":	0.9974600076675415,
					"bytes":	359923712,
					"bits_per_second":	2886721947.6128764,
					"omitted":	false,
					"sender":	true
				}],
			"sum":	{
				"start":	9.005017,
				"end":	10.002477,
				"seconds":	0.9974600076675415,
				"bytes":	359923712,
				"bits_per_second":	2886721947.6128764,
				"omitted":	false,
				"sender":	true
			}
		}, {
			"streams":	[{
					"socket":	5,
					"start":	10.002477,
					"end":	11.001314,
					"seconds":	0.99883699417114258,
					"bytes":	349175808,
					"bits_per_second":	2796658994.7121768,
					"omitted":	false,
					"sender":	true
				}],
			"sum":	{
				"start":	10.002477,
				"end":	11.001314,
				"seconds":	0.99883699417114258,
				"bytes":	349175808,
				"bits_per_second":	2796658994.7121768,
				"omitted":	false,
				"sender":	true
			}
		}, {
			"streams":	[{
					"socket":	5,
					"start":	11.001314,
					"end":	12.005018,
					"seconds":	1.0037039518356323,
					"bytes":	372244480,
					"bits_per_second":	2966966339.5802522,
					"omitted":	false,
					"sender":	true
				}],
			"sum":	{
				"start":	11.001314,
				"end":	12.005018,
				"seconds":	1.0037039518356323,
				"bytes":	372244480,
				"bits_per_second":	2966966339.5802522,
				"omitted":	false,
				"sender":	true
			}
		}, {
			"streams":	[{
					"socket":	5,
					"start":	12.005018,
					"end":	13.005018,
					"seconds":	1,
					"bytes":	353763328,
					"bits_per_second":	2830106624,
					"omitted":	false,
					"sender":	true
				}],
			"sum":	{
				"start":	12.005018,
				"end":	13.005018,
				"seconds":	1,
				"bytes":	353763328,
				"bits_per_second":	2830106624,
				"omitted":	false,
				"sender":	true
			}
		}, {
			"streams":	[{
					"socket":	5,
					"start":	13.005018,
					"end":	14.005016,
					"seconds":	0.99999797344207764,
					"bytes":	375652352,
					"bits_per_second":	3005224906.2623425,
					"omitted":	false,
					"sender":	true
				}],
			"sum":	{
				"start":	13.005018,
				"end":	14.005016,
				"seconds":	0.99999797344207764,
				"bytes":	375652352,
				"bits_per_second":	3005224906.2623425,
				"omitted":	false,
				"sender":	true
			}
		}, {
			"streams":	[{
					"socket":	5,
					"start":	14.005016,
					"end":	15.00502,
					"seconds":	1.0000040531158447,
					"bytes":	344064000,
					"bits_per_second":	2752500843.7952175,
					"omitted":	false,
					"sender":	true
				}],
			"sum":	{
				"start":	14.005016,
				"end":	15.00502,
				"seconds":	1.0000040531158447,
				"bytes":	344064000,
				"bits_per_second":	2752500843.7952175,
				"omitted":	false,
				"sender":	true
			}
		}, {
			"streams":	[{
					"socket":	5,
					"start":	15.00502,
					"end":	16.005019,
					"seconds":	0.99999898672103882,
					"bytes":	415367168,
					"bits_per_second":	3322940711.0659118,
					"omitted":	false,
					"sender":	true
				}],
			"sum":	{
				"start":	15.00502,
				"end":	16.005019,
				"seconds":	0.99999898672103882,