{
	"start":	{
		"connected":	[{
				"socket":	5,
				"local_host":	"192.168.105.1",
				"local_port":	49442,
				"remote_host":	"192.168.105.2",
				"remote_port":	5201
			}],
		"version":	"iperf 3.20",
		"system_info":	"Darwin mimi-2.local 25.3.0 Darwin Kernel Version 25.3.0: Wed Jan 28 20:53:31 PST 2026; root:xnu-12377.81.4~5/RELEASE_ARM64_T8122 arm64",
		"timestamp":	{
			"time":	"Fri, 27 Feb 2026 20:11:11 UTC",
			"timesecs":	1772223071,
			"timemillisecs":	1772223071529
		},
		"connecting_to":	{
			"host":	"192.168.105.2",
			"port":	5201
		},
		"cookie":	"e4hqd43pdqhsw4n5rvisz3xivbadb2iq5nsf",
		"tcp_mss_default":	1448,
		"target_bitrate":	0,
		"fq_rate":	0,
		"sock_bufsize":	0,
		"sndbuf_actual":	131072,
		"rcvbuf_actual":	131072,
		"test_start":	{
			"protocol":	"TCP",
			"num_streams":	1,
			"blksize":	131072,
			"omit":	0,
			"duration":	30,
			"bytes":	0,
			"blocks":	0,
			"reverse":	1,
			"tos":	0,
			"target_bitrate":	0,
			"bidir":	0,
			"fqrate":	0,
			"interval":	1
		}
	},
	"intervals":	[{
			"streams":	[{
					"socket":	5,
					"start":	0,
					"end":	1.005024,
					"seconds":	1.0050239562988281,
					"bytes":	909377536,
					"bits_per_second":	7238653608.608,
					"omitted":	false,
					"sender":	false
				}],
			"sum":	{
				"start":	0,
				"end":	1.005024,
				"seconds":	1.0050239562988281,
				"bytes":	909377536,
				"bits_per_second":	7238653608.608,
				"omitted":	false,
				"sender":	false
			}
		}, {
			"streams":	[{
					"socket":	5,
					"start":	1.005024,
					"end":	2.00502,
					"seconds":	0.9999960064888,
					"bytes":	911212544,
					"bits_per_second":	7289729463.6162577,
					"omitted":	false,
					"sender":	false
				}],
			"sum":	{
				"start":	1.005024,
				"end":	2.00502,
				"seconds":	0.9999960064888,
				"bytes":	911212544,
				"bits_per_second":	7289729463.6162577,
				"omitted":	false,
				"sender":	false
			}
		}, {
			"streams":	[{
					"socket":	5,
					"start":	2.00502,
					"end":	3.003822,
					"seconds":	0.99880200624465942,
					"bytes":	911867904,
					"bits_per_second":	7303693010.6176443,
					"omitted":	false,
					"sender":	false
				}],
			"sum":	{
				"start":	2.00502,
				"end":	3.003822,
				"seconds":	0.99880200624465942,
				"bytes":	911867904,
				"bits_per_second":	7303693010.6176443,
				"omitted":	false,
				"sender":	false
			}
		}, {
			"streams":	[{
					"socket":	5,
					"start":	3.003822,
					"end":	4.000339,
					"seconds":	0.99651700258255,
					"bytes":	906100736,
					"bits_per_second":	7274141704.7718859,
					"omitted":	false,
					"sender":	false
				}],
			"sum":	{
				"start":	3.003822,
				"end":	4.000339,
				"seconds":	0.99651700258255,
				"bytes":	906100736,
				"bits_per_second":	7274141704.7718859,
				"omitted":	false,
				"sender":	false
			}
		}, {
			"streams":	[{
					"socket":	5,
					"start":	4.000339,
					"end":	5.005012,
					"seconds":	1.0046730041503906,
					"bytes":	914882560,
					"bits_per_second":	7285017562.6938629,
					"omitted":	false,
					"sender":	false
				}],
			"sum":	{
				"start":	4.000339,
				"end":	5.005012,
				"seconds":	1.0046730041503906,
				"bytes":	914882560,
				"bits_per_second":	7285017562.6938629,
				"omitted":	false,
				"sender":	false
			}
		}, {
			"streams":	[{
					"socket":	5,
					"start":	5.005012,
					"end":	6.005014,
					"seconds":	1.0000020265579224,
					"bytes":	912523264,
					"bits_per_second":	7300171317.7799816,
					"omitted":	false,
					"sender":	false
				}],
			"sum":	{
				"start":	5.005012,
				"end":	6.005014,
				"seconds":	1.0000020265579224,
				"bytes":	912523264,
				"bits_per_second":	7300171317.7799816,
				"omitted":	false,
				"sender":	false
			}
		}, {
			"streams":	[{
					"socket":	5,
					"start":	6.005014,
					"end":	7.001519,
					"seconds":	0.9965050220489502,
					"bytes":	915144704,
					"bits_per_second":	7346834657.1367016,
					"omitted":	false,
					"sender":	false
				}],
			"sum":	{
				"start":	6.005014,
				"end":	7.001519,
				"seconds":	0.9965050220489502,
				"bytes":	915144704,
				"bits_per_second":	7346834657.1367016,
				"omitted":	false,
				"sender":	false
			}
		}, {
			"streams":	[{
					"socket":	5,
					"start":	7.001519,
					"end":	8.005012,
					"seconds":	1.0034929513931274,
					"bytes":	919732224,
					"bits_per_second":	7332246610.985405,
					"omitted":	false,
					"sender":	false
				}],
			"sum":	{
				"start":	7.001519,
				"end":	8.005012,
				"seconds":	1.0034929513931274,
				"bytes":	919732224,
				"bits_per_second":	7332246610.985405,
				"omitted":	false,
				"sender":	false
			}
		}, {
			"streams":	[{
					"socket":	5,
					"start":	8.005012,
					"end":	9.002791,
					"seconds":	0.99777901172637939,
					"bytes":	919994368,
					"bits_per_second":	7376337703.541832,
					"omitted":	false,
					"sender":	false
				}],
			"sum":	{
				"start":	8.005012,
				"end":	9.002791,
				"seconds":	0.99777901172637939,
				"bytes":	919994368,
				"bits_per_second":	7376337703.541832,
				"omitted":	false,
				"sender":	false
			}
		}, {
			"streams":	[{
					"socket":	5,
					"start":	9.002791,
					"end":	10.00502,
					"seconds":	1.0022289752960205,
					"bytes":	918290432,
					"bits_per_second":	7329985100.2912521,
					"omitted":	false,
					"sender":	false
				}],
			"sum":	{
				"start":	9.002791,
				"end":	10.00502,
				"seconds":	1.0022289752960205,
				"bytes":	918290432,
				"bits_per_second":	7329985100.2912521,
				"omitted":	false,
				"sender":	false
			}
		}, {
			"streams":	[{
					"socket":	5,
					"start":	10.00502,
					"end":	11.005025,
					"seconds":	1.0000050067901611,
					"bytes":	914227200,
					"bits_per_second":	7313780981.43334,
					"omitted":	false,
					"sender":	false
				}],
			"sum":	{
				"start":	10.00502,
				"end":	11.005025,
				"seconds":	1.0000050067901611,
				"bytes":	914227200,
				"bits_per_second":	7313780981.43334,
				"omitted":	false,
				"sender":	false
			}
		}, {
			"streams":	[{
					"socket":	5,
					"start":	11.005025,
					"end":	12.005013,
					"seconds":	0.9999880194664,
					"bytes":	918814720,
					"bits_per_second":	7350605824.1800556,
					"omitted":	false,
					"sender":	false
				}],
			"sum":	{
				"start":	11.005025,
				"end":	12.005013,
				"seconds":	0.9999880194664,
				"bytes":	918814720,
				"bits_per_second":	7350605824.1800556,
				"omitted":	false,
				"sender":	false
			}
		}, {
			"streams":	[{
					"socket":	5,
					"start":	12.005013,
					"end":	13.005012,
					"seconds":	0.99999898672103882,
					"bytes":	921042944,
					"bits_per_second":	7368351018.1950655,
					"omitted":	false,
					"sender":	false
				}],
			"sum":	{
				"start":	12.005013,
				"end":	13.005012,
				"seconds":	0.99999898672103882,
				"bytes":	921042944,
				"bits_per_second":	7368351018.1950655,
				"omitted":	false,
				"sender":	false
			}
		}, {
			"streams":	[{
					"socket":	5,
					"start":	13.005012,
					"end":	14.005012,
					"seconds":	1,
					"bytes":	916848640,
					"bits_per_second":	7334789120,
					"omitted":	false,
					"sender":	false
				}],
			"sum":	{
				"start":	13.005012,
				"end":	14.005012,
				"seconds":	1,
				"bytes":	916848640,
				"bits_per_second":	7334789120,
				"omitted":	false,
				"sender":	false
			}
		}, {
			"streams":	[{
					"socket":	5,
					"start":	14.005012,
					"end":	15.005011,
					"seconds":	0.99999898672103882,
					"bytes":	917372928,
					"bits_per_second":	7338990860.445035,
					"omitted":	false,
					"sender":	false
				}],
			"sum":	{
				"start":	14.005012,
				"end":	15.005011,
				"seconds":	0.99999898672103882,
				"bytes":	917372928,
				"bits_per_second":	7338990860.445035,
				"omitted":	false,
				"sender":	false
			}
		}, {
			"streams":	[{
					"socket":	5,
					"start":	15.005011,
					"end":	16.005012,
					"seconds":	1.0000009536743164,
					"bytes":	921042944,
					"bits_per_second":	7368336525.0067015,
					"omitted":	false,
					"sender":	false
				}],
			"sum":	{
				"start":	15.005011,
				"end":	16.005012,