{
	"start":	{
		"connected":	[{
				"socket":	5,
				"local_host":	"10.100.102.4",
				"local_port":	49463,
				"remote_host":	"10.100.102.6",
				"remote_port":	5201
			}],
		"version":	"iperf 3.20",
		"system_info":	"Darwin mimi-2.local 25.3.0 Darwin Kernel Version 25.3.0: Wed Jan 28 20:53:31 PST 2026; root:xnu-12377.81.4~5/RELEASE_ARM64_T8122 arm64",
		"timestamp":	{
			"time":	"Fri, 27 Feb 2026 20:16:17 UTC",
			"timesecs":	1772223377,
			"timemillisecs":	1772223377246
		},
		"connecting_to":	{
			"host":	"10.100.102.6",
			"port":	5201
		},
		"cookie":	"76ym5k3aciak3gts6tufq3s5gzeshj7ounda",
		"tcp_mss_default":	1448,
		"target_bitrate":	0,
		"fq_rate":	0,
		"sock_bufsize":	0,
		"sndbuf_actual":	131072,
		"rcvbuf_actual":	131072,
		"test_start":	{
			"protocol":	"TCP",
			"num_streams":	1,
			"blksize":	131072,
			"omit":	0,
			"duration":	30,
			"bytes":	0,
			"blocks":	0,
			"reverse":	1,
			"tos":	0,
			"target_bitrate":	0,
			"bidir":	0,
			"fqrate":	0,
			"interval":	1
		}
	},
	"intervals":	[{
			"streams":	[{
					"socket":	5,
					"start":	0,
					"end":	1.010018,
					"seconds":	1.010017991065979,
					"bytes":	1893335040,
					"bits_per_second":	14996446057.375774,
					"omitted":	false,
					"sender":	false
				}],
			"sum":	{
				"start":	0,
				"end":	1.010018,
				"seconds":	1.010017991065979,
				"bytes":	1893335040,
				"bits_per_second":	14996446057.375774,
				"omitted":	false,
				"sender":	false
			}
		}, {
			"streams":	[{
					"socket":	5,
					"start":	1.010018,
					"end":	2.005842,
					"seconds":	0.99582397937774658,
					"bytes":	1793982464,
					"bits_per_second":	14412044707.909067,
					"omitted":	false,
					"sender":	false
				}],
			"sum":	{
				"start":	1.010018,
				"end":	2.005842,
				"seconds":	0.99582397937774658,
				"bytes":	1793982464,
				"bits_per_second":	14412044707.909067,
				"omitted":	false,
				"sender":	false
			}
		}, {
			"streams":	[{
					"socket":	5,
					"start":	2.005842,
					"end":	3.007058,
					"seconds":	1.0012160539627075,
					"bytes":	1774583808,
					"bits_per_second":	14179427514.981483,
					"omitted":	false,
					"sender":	false
				}],
			"sum":	{
				"start":	2.005842,
				"end":	3.007058,
				"seconds":	1.0012160539627075,
				"bytes":	1774583808,
				"bits_per_second":	14179427514.981483,
				"omitted":	false,
				"sender":	false
			}
		}, {
			"streams":	[{
					"socket":	5,
					"start":	3.007058,
					"end":	4.007204,
					"seconds":	1.0001460313797,
					"bytes":	1815085056,
					"bits_per_second":	14518560282.610678,
					"omitted":	false,
					"sender":	false
				}],
			"sum":	{
				"start":	3.007058,
				"end":	4.007204,
				"seconds":	1.0001460313797,
				"bytes":	1815085056,
				"bits_per_second":	14518560282.610678,
				"omitted":	false,
				"sender":	false
			}
		}, {
			"streams":	[{
					"socket":	5,
					"start":	4.007204,
					"end":	5.004789,
					"seconds":	0.9975849986076355,
					"bytes":	1753350144,
					"bits_per_second":	14060757901.910814,
					"omitted":	false,
					"sender":	false
				}],
			"sum":	{
				"start":	4.007204,
				"end":	5.004789,
				"seconds":	0.9975849986076355,
				"bytes":	1753350144,
				"bits_per_second":	14060757901.910814,
				"omitted":	false,
				"sender":	false
			}
		}, {
			"streams":	[{
					"socket":	5,
					"start":	5.004789,
					"end":	6.007444,
					"seconds":	1.002655029296875,
					"bytes":	1667891200,
					"bits_per_second":	13307797009.06407,
					"omitted":	false,
					"sender":	false
				}],
			"sum":	{
				"start":	5.004789,
				"end":	6.007444,
				"seconds":	1.002655029296875,
				"bytes":	1667891200,
				"bits_per_second":	13307797009.06407,
				"omitted":	false,
				"sender":	false
			}
		}, {
			"streams":	[{
					"socket":	5,
					"start":	6.007444,
					"end":	7.001559,
					"seconds":	0.99411499500274658,
					"bytes":	1667760128,
					"bits_per_second":	13421064053.020483,
					"omitted":	false,
					"sender":	false
				}],
			"sum":	{
				"start":	6.007444,
				"end":	7.001559,
				"seconds":	0.99411499500274658,
				"bytes":	1667760128,
				"bits_per_second":	13421064053.020483,
				"omitted":	false,
				"sender":	false
			}
		}, {
			"streams":	[{
					"socket":	5,
					"start":	7.001559,
					"end":	8.007993,
					"seconds":	1.0064339637756348,
					"bytes":	1673003008,
					"bits_per_second":	13298462239.678263,
					"omitted":	false,
					"sender":	false
				}],
			"sum":	{
				"start":	7.001559,
				"end":	8.007993,
				"seconds":	1.0064339637756348,
				"bytes":	1673003008,
				"bits_per_second":	13298462239.678263,
				"omitted":	false,
				"sender":	false
			}
		}, {
			"streams":	[{
					"socket":	5,
					"start":	8.007993,
					"end":	9.004866,
					"seconds":	0.99687302112579346,
					"bytes":	1856897024,
					"bits_per_second":	14901773723.621971,
					"omitted":	false,
					"sender":	false
				}],
			"sum":	{
				"start":	8.007993,
				"end":	9.004866,
				"seconds":	0.99687302112579346,
				"bytes":	1856897024,
				"bits_per_second":	14901773723.621971,
				"omitted":	false,
				"sender":	false
			}
		}, {
			"streams":	[{
					"socket":	5,
					"start":	9.004866,
					"end":	10.008449,
					"seconds":	1.0035829544067383,
					"bytes":	1746272256,
					"bits_per_second":	13920302239.746969,
					"omitted":	false,
					"sender":	false
				}],
			"sum":	{
				"start":	9.004866,
				"end":	10.008449,
				"seconds":	1.0035829544067383,
				"bytes":	1746272256,
				"bits_per_second":	13920302239.746969,
				"omitted":	false,
				"sender":	false
			}
		}, {
			"streams":	[{
					"socket":	5,
					"start":	10.008449,
					"end":	11.00503,
					"seconds":	0.99658101797103882,
					"bytes":	1798307840,
					"bits_per_second":	14435818524.107267,
					"omitted":	false,
					"sender":	false
				}],
			"sum":	{
				"start":	10.008449,
				"end":	11.00503,
				"seconds":	0.99658101797103882,
				"bytes":	1798307840,
				"bits_per_second":	14435818524.107267,
				"omitted":	false,
				"sender":	false
			}
		}, {
			"streams":	[{
					"socket":	5,
					"start":	11.00503,
					"end":	12.004189,
					"seconds":	0.99915897846221924,
					"bytes":	1836056576,
					"bits_per_second":	14700816311.140629,
					"omitted":	false,
					"sender":	false
				}],
			"sum":	{
				"start":	11.00503,
				"end":	12.004189,
				"seconds":	0.99915897846221924,
				"bytes":	1836056576,
				"bits_per_second":	14700816311.140629,
				"omitted":	false,
				"sender":	false
			}
		}, {
			"streams":	[{
					"socket":	5,
					"start":	12.004189,
					"end":	13.007539,
					"seconds":	1.0033500194549561,
					"bytes":	1744568320,
					"bits_per_second":	13909947963.704165,
					"omitted":	false,
					"sender":	false
				}],
			"sum":	{
				"start":	12.004189,
				"end":	13.007539,
				"seconds":	1.0033500194549561,
				"bytes":	1744568320,
				"bits_per_second":	13909947963.704165,
				"omitted":	false,
				"sender":	false
			}
		}, {
			"streams":	[{
					"socket":	5,
					"start":	13.007539,
					"end":	14.009187,
					"seconds":	1.00164794921875,
					"bytes":	1790312448,
					"bits_per_second":	14298935664.143318,
					"omitted":	false,
					"sender":	false
				}],
			"sum":	{
				"start":	13.007539,
				"end":	14.009187,
				"seconds":	1.00164794921875,
				"bytes":	1790312448,
				"bits_per_second":	14298935664.143318,
				"omitted":	false,
				"sender":	false
			}
		}, {
			"streams":	[{
					"socket":	5,
					"start":	14.009187,
					"end":	15.00285,
					"seconds":	0.99366301298141479,
					"bytes":	1719140352,
					"bits_per_second":	13840831988.63842,
					"omitted":	false,
					"sender":	false
				}],
			"sum":	{
				"start":	14.009187,
				"end":	15.00285,
				"seconds":	0.99366301298141479,
				"bytes":	1719140352,
				"bits_per_second":	13840831988.63842,
				"omitted":	false,
				"sender":	false
			}
		}, {
			"streams":	[{
					"socket":	5,
					"start":	15.00285,
					"end":	16.006074,
					"seconds":	1.0032240152359009,
					"bytes":	1802764288,
					"bits_per_second":	14375766613.410608,