{
	"start":	{
		"connected":	[{
				"socket":	5,
				"local_host":	"192.168.105.1",
				"local_port":	49751,
				"remote_host":	"192.168.105.2",
				"remote_port":	5201
			}],
		"version":	"iperf 3.18",
		"system_info":	"Darwin mimi-2.local 24.3.0 Darwin Kernel Version 24.3.0: Thu Jan  2 20:24:23 PST 2025; root:xnu-11215.81.4~3/RELEASE_ARM64_T8122 arm64",
		"timestamp":	{
			"time":	"Sat, 22 Feb 2025 15:57:13 UTC",
			"timesecs":	1740239833
		},
		"connecting_to":	{
			"host":	"192.168.105.2",
			"port":	5201
		},
		"cookie":	"7uhdkzrospfwo2ghycdo5tpz664t3hndb4g2",
		"tcp_mss_default":	1448,
		"target_bitrate":	0,
		"fq_rate":	0,
		"sock_bufsize":	0,
		"sndbuf_actual":	131072,
		"rcvbuf_actual":	131072,
		"test_start":	{
			"protocol":	"TCP",
			"num_streams":	1,
			"blksize":	131072,
			"omit":	0,
			"duration":	30,
			"bytes":	0,
			"blocks":	0,
			"reverse":	0,
			"tos":	0,
			"target_bitrate":	0,
			"bidir":	0,
			"fqrate":	0,
			"interval":	1
		}
	},
	"intervals":	[{
			"streams":	[{
					"socket":	5,
					"start":	0,
					"end":	1.002204,
					"seconds":	1.0022039413452148,
					"bytes":	1618083840,
					"bits_per_second":	12916204163.62056,
					"omitted":	false,
					"sender":	true
				}],
			"sum":	{
				"start":	0,
				"end":	1.002204,
				"seconds":	1.0022039413452148,
				"bytes":	1618083840,
				"bits_per_second":	12916204163.62056,
				"omitted":	false,
				"sender":	true
			}
		}, {
			"streams":	[{
					"socket":	5,
					"start":	1.002204,
					"end":	2.004051,
					"seconds":	1.0018470287323,
					"bytes":	1667104768,
					"bits_per_second":	13312250035.692516,
					"omitted":	false,
					"sender":	true
				}],
			"sum":	{
				"start":	1.002204,
				"end":	2.004051,
				"seconds":	1.0018470287323,
				"bytes":	1667104768,
				"bits_per_second":	13312250035.692516,
				"omitted":	false,
				"sender":	true
			}
		}, {
			"streams":	[{
					"socket":	5,
					"start":	2.004051,
					"end":	3.00409,
					"seconds":	1.0000389814376831,
					"bytes":	1665138688,
					"bits_per_second":	13320590248.241337,
					"omitted":	false,
					"sender":	true
				}],
			"sum":	{
				"start":	2.004051,
				"end":	3.00409,
				"seconds":	1.0000389814376831,
				"bytes":	1665138688,
				"bits_per_second":	13320590248.241337,
				"omitted":	false,
				"sender":	true
			}
		}, {
			"streams":	[{
					"socket":	5,
					"start":	3.00409,
					"end":	4.005035,
					"seconds":	1.000944972038269,
					"bytes":	1676673024,
					"bits_per_second":	13400720885.470583,
					"omitted":	false,
					"sender":	true
				}],
			"sum":	{
				"start":	3.00409,
				"end":	4.005035,
				"seconds":	1.000944972038269,
				"bytes":	1676673024,
				"bits_per_second":	13400720885.470583,
				"omitted":	false,
				"sender":	true
			}
		}, {
			"streams":	[{
					"socket":	5,
					"start":	4.005035,
					"end":	5.000585,
					"seconds":	0.995549976825714,
					"bytes":	1662779392,
					"bits_per_second":	13361694988.345879,
					"omitted":	false,
					"sender":	true
				}],
			"sum":	{
				"start":	4.005035,
				"end":	5.000585,
				"seconds":	0.995549976825714,
				"bytes":	1662779392,
				"bits_per_second":	13361694988.345879,
				"omitted":	false,
				"sender":	true
			}
		}, {
			"streams":	[{
					"socket":	5,
					"start":	5.000585,
					"end":	6.005012,
					"seconds":	1.0044269561767578,
					"bytes":	1683226624,
					"bits_per_second":	13406463167.074045,
					"omitted":	false,
					"sender":	true
				}],
			"sum":	{
				"start":	5.000585,
				"end":	6.005012,
				"seconds":	1.0044269561767578,
				"bytes":	1683226624,
				"bits_per_second":	13406463167.074045,
				"omitted":	false,
				"sender":	true
			}
		}, {
			"streams":	[{
					"socket":	5,
					"start":	6.005012,
					"end":	7.002227,
					"seconds":	0.99721497297287,
					"bytes":	1665662976,
					"bits_per_second":	13362518783.963873,
					"omitted":	false,
					"sender":	true
				}],
			"sum":	{
				"start":	6.005012,
				"end":	7.002227,
				"seconds":	0.99721497297287,
				"bytes":	1665662976,
				"bits_per_second":	13362518783.963873,
				"omitted":	false,
				"sender":	true
			}
		}, {
			"streams":	[{
					"socket":	5,
					"start":	7.002227,
					"end":	8.004907,
					"seconds":	1.0026799440383911,
					"bytes":	1679556608,
					"bits_per_second":	13400540166.270184,
					"omitted":	false,
					"sender":	true
				}],
			"sum":	{
				"start":	7.002227,
				"end":	8.004907,
				"seconds":	1.0026799440383911,
				"bytes":	1679556608,
				"bits_per_second":	13400540166.270184,
				"omitted":	false,
				"sender":	true
			}
		}, {
			"streams":	[{
					"socket":	5,
					"start":	8.004907,
					"end":	9.004171,
					"seconds":	0.99926400184631348,
					"bytes":	1668939776,
					"bits_per_second":	13361352138.504694,
					"omitted":	false,
					"sender":	true
				}],
			"sum":	{
				"start":	8.004907,
				"end":	9.004171,
				"seconds":	0.99926400184631348,
				"bytes":	1668939776,
				"bits_per_second":	13361352138.504694,
				"omitted":	false,
				"sender":	true
			}
		}, {
			"streams":	[{
					"socket":	5,
					"start":	9.004171,
					"end":	10.003453,
					"seconds":	0.99928200244903564,
					"bytes":	1670643712,
					"bits_per_second":	13374752735.708992,
					"omitted":	false,
					"sender":	true
				}],
			"sum":	{
				"start":	9.004171,
				"end":	10.003453,
				"seconds":	0.99928200244903564,
				"bytes":	1670643712,
				"bits_per_second":	13374752735.708992,
				"omitted":	false,
				"sender":	true
			}
		}, {
			"streams":	[{
					"socket":	5,
					"start":	10.003453,
					"end":	11.004172,
					"seconds":	1.0007189512252808,
					"bytes":	1669201920,
					"bits_per_second":	13344021659.277889,
					"omitted":	false,
					"sender":	true
				}],
			"sum":	{
				"start":	10.003453,
				"end":	11.004172,
				"seconds":	1.0007189512252808,
				"bytes":	1669201920,
				"bits_per_second":	13344021659.277889,
				"omitted":	false,
				"sender":	true
			}
		}, {
			"streams":	[{
					"socket":	5,
					"start":	11.004172,
					"end":	12.00501,
					"seconds":	1.000838041305542,
					"bytes":	1672478720,
					"bits_per_second":	13368626298.963114,
					"omitted":	false,
					"sender":	true
				}],
			"sum":	{
				"start":	11.004172,
				"end":	12.00501,
				"seconds":	1.000838041305542,
				"bytes":	1672478720,
				"bits_per_second":	13368626298.963114,
				"omitted":	false,
				"sender":	true
			}
		}, {
			"streams":	[{
					"socket":	5,
					"start":	12.00501,
					"end":	13.004172,
					"seconds":	0.99916201829910278,
					"bytes":	1667891200,
					"bits_per_second":	13354320276.019224,
					"omitted":	false,
					"sender":	true
				}],
			"sum":	{
				"start":	12.00501,
				"end":	13.004172,
				"seconds":	0.99916201829910278,
				"bytes":	1667891200,
				"bits_per_second":	13354320276.019224,
				"omitted":	false,
				"sender":	true
			}
		}, {
			"streams":	[{
					"socket":	5,
					"start":	13.004172,
					"end":	14.002227,
					"seconds":	0.99805498123168945,
					"bytes":	1664614400,
					"bits_per_second":	13342867327.374821,
					"omitted":	false,
					"sender":	true
				}],
			"sum":	{
				"start":	13.004172,
				"end":	14.002227,
				"seconds":	0.99805498123168945,
				"bytes":	1664614400,
				"bits_per_second":	13342867327.374821,
				"omitted":	false,
				"sender":	true
			}
		}, {
			"streams":	[{
					"socket":	5,
					"start":	14.002227,
					"end":	15.005014,
					"seconds":	1.0027869939804077,
					"bytes":	1673527296,
					"bits_per_second":	13351009185.7669,
					"omitted":	false,
					"sender":	true
				}],
			"sum":	{
				"start":	14.002227,
				"end":	15.005014,
				"seconds":	1.0027869939804077,
				"bytes":	1673527296,
				"bits_per_second":	13351009185.7669,
				"omitted":	false,
				"sender":	true
			}
		}, {
			"streams":	[{
					"socket":	5,
					"start":	15.005014,
					"end":	16.000753,
					"seconds":	0.995738983154297,
					"bytes":	1662386176,
					"bits_per_second":	13355999547.061232,
					"omitted":	false,
					"sender":	true
				}],
			"sum":	{
				"start":	15.005014,