{
	"start":	{
		"connected":	[{
				"socket":	5,
				"local_host":	"10.100.102.151",
				"local_port":	50733,
				"remote_host":	"10.100.102.161",
				"remote_port":	5201
			}],
		"version":	"iperf 3.19.1",
		"system_info":	"Darwin space-gray.local 24.6.0 Darwin Kernel Version 24.6.0: Mon Jul 14 11:30:30 PDT 2025; root:xnu-11417.140.69~1/RELEASE_ARM64_T6020 arm64",
		"timestamp":	{
			"time":	"Sun, 31 Aug 2025 07:06:54 UTC",
			"timesecs":	1756624014
		},
		"connecting_to":	{
			"host":	"10.100.102.161",
			"port":	5201
		},
		"cookie":	"tnnpofeass7do7mjxkirtyjxl3aekoluxhce",
		"tcp_mss_default":	1448,
		"target_bitrate":	0,
		"fq_rate":	0,
		"sock_bufsize":	0,
		"sndbuf_actual":	131072,
		"rcvbuf_actual":	131072,
		"test_start":	{
			"protocol":	"TCP",
			"num_streams":	1,
			"blksize":	131072,
			"omit":	0,
			"duration":	30,
			"bytes":	0,
			"blocks":	0,
			"reverse":	1,
			"tos":	0,
			"target_bitrate":	0,
			"bidir":	0,
			"fqrate":	0,
			"interval":	1
		}
	},
	"intervals":	[{
			"streams":	[{
					"socket":	5,
					"start":	0,
					"end":	1.005004,
					"seconds":	1.0050040483474731,
					"bytes":	462553088,
					"bits_per_second":	3681999798.9904652,
					"omitted":	false,
					"sender":	false
				}],
			"sum":	{
				"start":	0,
				"end":	1.005004,
				"seconds":	1.0050040483474731,
				"bytes":	462553088,
				"bits_per_second":	3681999798.9904652,
				"omitted":	false,
				"sender":	false
			}
		}, {
			"streams":	[{
					"socket":	5,
					"start":	1.005004,
					"end":	2.00501,
					"seconds":	1.0000059604644775,
					"bytes":	457048064,
					"bits_per_second":	3656362718.3799,
					"omitted":	false,
					"sender":	false
				}],
			"sum":	{
				"start":	1.005004,
				"end":	2.00501,
				"seconds":	1.0000059604644775,
				"bytes":	457048064,
				"bits_per_second":	3656362718.3799,
				"omitted":	false,
				"sender":	false
			}
		}, {
			"streams":	[{
					"socket":	5,
					"start":	2.00501,
					"end":	3.005007,
					"seconds":	0.99999701976776123,
					"bytes":	457048064,
					"bits_per_second":	3656395408.9074755,
					"omitted":	false,
					"sender":	false
				}],
			"sum":	{
				"start":	2.00501,
				"end":	3.005007,
				"seconds":	0.99999701976776123,
				"bytes":	457048064,
				"bits_per_second":	3656395408.9074755,
				"omitted":	false,
				"sender":	false
			}
		}, {
			"streams":	[{
					"socket":	5,
					"start":	3.005007,
					"end":	4.005007,
					"seconds":	1,
					"bytes":	456916992,
					"bits_per_second":	3655335936,
					"omitted":	false,
					"sender":	false
				}],
			"sum":	{
				"start":	3.005007,
				"end":	4.005007,
				"seconds":	1,
				"bytes":	456916992,
				"bits_per_second":	3655335936,
				"omitted":	false,
				"sender":	false
			}
		}, {
			"streams":	[{
					"socket":	5,
					"start":	4.005007,
					"end":	5.005002,
					"seconds":	0.999994993209839,
					"bytes":	457441280,
					"bits_per_second":	3659548562.5917373,
					"omitted":	false,
					"sender":	false
				}],
			"sum":	{
				"start":	4.005007,
				"end":	5.005002,
				"seconds":	0.999994993209839,
				"bytes":	457441280,
				"bits_per_second":	3659548562.5917373,
				"omitted":	false,
				"sender":	false
			}
		}, {
			"streams":	[{
					"socket":	5,
					"start":	5.005002,
					"end":	6.005015,
					"seconds":	1.000012993812561,
					"bytes":	457441280,
					"bits_per_second":	3659482689.3678641,
					"omitted":	false,
					"sender":	false
				}],
			"sum":	{
				"start":	5.005002,
				"end":	6.005015,
				"seconds":	1.000012993812561,
				"bytes":	457441280,
				"bits_per_second":	3659482689.3678641,
				"omitted":	false,
				"sender":	false
			}
		}, {
			"streams":	[{
					"socket":	5,
					"start":	6.005015,
					"end":	7.005011,
					"seconds":	0.9999960064888,
					"bytes":	453246976,
					"bits_per_second":	3625990288.4328279,
					"omitted":	false,
					"sender":	false
				}],
			"sum":	{
				"start":	6.005015,
				"end":	7.005011,
				"seconds":	0.9999960064888,
				"bytes":	453246976,
				"bits_per_second":	3625990288.4328279,
				"omitted":	false,
				"sender":	false
			}
		}, {
			"streams":	[{
					"socket":	5,
					"start":	7.005011,
					"end":	8.005008,
					"seconds":	0.99999701976776123,
					"bytes":	457048064,
					"bits_per_second":	3656395408.9074755,
					"omitted":	false,
					"sender":	false
				}],
			"sum":	{
				"start":	7.005011,
				"end":	8.005008,
				"seconds":	0.99999701976776123,
				"bytes":	457048064,
				"bits_per_second":	3656395408.9074755,
				"omitted":	false,
				"sender":	false
			}
		}, {
			"streams":	[{
					"socket":	5,
					"start":	8.005008,
					"end":	9.005011,
					"seconds":	1.0000029802322388,
					"bytes":	453378048,
					"bits_per_second":	3627013574.6572142,
					"omitted":	false,
					"sender":	false
				}],
			"sum":	{
				"start":	8.005008,
				"end":	9.005011,
				"seconds":	1.0000029802322388,
				"bytes":	453378048,
				"bits_per_second":	3627013574.6572142,
				"omitted":	false,
				"sender":	false
			}
		}, {
			"streams":	[{
					"socket":	5,
					"start":	9.005011,
					"end":	10.005004,
					"seconds":	0.99999302625656128,
					"bytes":	457703424,
					"bits_per_second":	3661652927.4280777,
					"omitted":	false,
					"sender":	false
				}],
			"sum":	{
				"start":	9.005011,
				"end":	10.005004,
				"seconds":	0.99999302625656128,
				"bytes":	457703424,
				"bits_per_second":	3661652927.4280777,
				"omitted":	false,
				"sender":	false
			}
		}, {
			"streams":	[{
					"socket":	5,
					"start":	10.005004,
					"end":	11.005009,
					"seconds":	1.0000050067901611,
					"bytes":	453246976,
					"bits_per_second":	3625957653.5908952,
					"omitted":	false,
					"sender":	false
				}],
			"sum":	{
				"start":	10.005004,
				"end":	11.005009,
				"seconds":	1.0000050067901611,
				"bytes":	453246976,
				"bits_per_second":	3625957653.5908952,
				"omitted":	false,
				"sender":	false
			}
		}, {
			"streams":	[{
					"socket":	5,
					"start":	11.005009,
					"end":	12.005006,
					"seconds":	0.99999701976776123,
					"bytes":	456523776,
					"bits_per_second":	3652201092.4074383,
					"omitted":	false,
					"sender":	false
				}],
			"sum":	{
				"start":	11.005009,
				"end":	12.005006,
				"seconds":	0.99999701976776123,
				"bytes":	456523776,
				"bits_per_second":	3652201092.4074383,
				"omitted":	false,
				"sender":	false
			}
		}, {
			"streams":	[{
					"socket":	5,
					"start":	12.005006,
					"end":	13.005009,
					"seconds":	1.0000029802322388,
					"bytes":	455475200,
					"bits_per_second":	3643790740.6573634,
					"omitted":	false,
					"sender":	false
				}],
			"sum":	{
				"start":	12.005006,
				"end":	13.005009,
				"seconds":	1.0000029802322388,
				"bytes":	455475200,
				"bits_per_second":	3643790740.6573634,
				"omitted":	false,
				"sender":	false
			}
		}, {
			"streams":	[{
					"socket":	5,
					"start":	13.005009,
					"end":	14.005006,
					"seconds":	0.99999701976776123,
					"bytes":	454950912,
					"bits_per_second":	3639618142.9073262,
					"omitted":	false,
					"sender":	false
				}],
			"sum":	{
				"start":	13.005009,
				"end":	14.005006,
				"seconds":	0.99999701976776123,
				"bytes":	454950912,
				"bits_per_second":	3639618142.9073262,
				"omitted":	false,
				"sender":	false
			}
		}, {
			"streams":	[{
					"socket":	5,
					"start":	14.005006,
					"end":	15.005005,
					"seconds":	0.99999898672103882,
					"bytes":	455475200,
					"bits_per_second":	3643805292.1912413,
					"omitted":	false,
					"sender":	false
				}],
			"sum":	{
				"start":	14.005006,
				"end":	15.005005,
				"seconds":	0.99999898672103882,
				"bytes":	455475200,
				"bits_per_second":	3643805292.1912413,
				"omitted":	false,
				"sender":	false
			}
		}, {
			"streams":	[{
					"socket":	5,
					"start":	15.005005,
					"end":	16.005004,
					"seconds":	0.99999898672103882,
					"bytes":	455081984,
					"bits_per_second":	3640659561.0037379,
					"omitted":	false,
					"sender":	false
				}],
			"sum":	{
				"start":	15.005005,
				"end":	16.005004,