{
	"start":	{
		"connected":	[{
				"socket":	5,
				"local_host":	"10.100.102.151",
				"local_port":	49398,
				"remote_host":	"10.100.102.161",
				"remote_port":	5201
			}],
		"version":	"iperf 3.18",
		"system_info":	"Darwin space-gray.local 24.3.0 Darwin Kernel Version 24.3.0: Thu Jan  2 20:24:23 PST 2025; root:xnu-11215.81.4~3/RELEASE_ARM64_T6020 arm64",
		"timestamp":	{
			"time":	"Sat, 22 Feb 2025 14:30:08 UTC",
			"timesecs":	1740234608
		},
		"connecting_to":	{
			"host":	"10.100.102.161",
			"port":	5201
		},
		"cookie":	"mxbj6c5fp3ebs63bzm4qbk7dlshloqc6alhz",
		"tcp_mss_default":	1448,
		"target_bitrate":	0,
		"fq_rate":	0,
		"sock_bufsize":	0,
		"sndbuf_actual":	131072,
		"rcvbuf_actual":	131072,
		"test_start":	{
			"protocol":	"TCP",
			"num_streams":	1,
			"blksize":	131072,
			"omit":	0,
			"duration":	30,
			"bytes":	0,
			"blocks":	0,
			"reverse":	0,
			"tos":	0,
			"target_bitrate":	0,
			"bidir":	0,
			"fqrate":	0,
			"interval":	1
		}
	},
	"intervals":	[{
			"streams":	[{
					"socket":	5,
					"start":	0,
					"end":	1.010004,
					"seconds":	1.0100040435791016,
					"bytes":	330039296,
					"bits_per_second":	2614162175.671741,
					"omitted":	false,
					"sender":	true
				}],
			"sum":	{
				"start":	0,
				"end":	1.010004,
				"seconds":	1.0100040435791016,
				"bytes":	330039296,
				"bits_per_second":	2614162175.671741,
				"omitted":	false,
				"sender":	true
			}
		}, {
			"streams":	[{
					"socket":	5,
					"start":	1.010004,
					"end":	2.010005,
					"seconds":	1.0000009536743164,
					"bytes":	331612160,
					"bits_per_second":	2652894750.0024128,
					"omitted":	false,
					"sender":	true
				}],
			"sum":	{
				"start":	1.010004,
				"end":	2.010005,
				"seconds":	1.0000009536743164,
				"bytes":	331612160,
				"bits_per_second":	2652894750.0024128,
				"omitted":	false,
				"sender":	true
			}
		}, {
			"streams":	[{
					"socket":	5,
					"start":	2.010005,
					"end":	3.010004,
					"seconds":	0.99999898672103882,
					"bytes":	330301440,
					"bits_per_second":	2642414197.5027132,
					"omitted":	false,
					"sender":	true
				}],
			"sum":	{
				"start":	2.010005,
				"end":	3.010004,
				"seconds":	0.99999898672103882,
				"bytes":	330301440,
				"bits_per_second":	2642414197.5027132,
				"omitted":	false,
				"sender":	true
			}
		}, {
			"streams":	[{
					"socket":	5,
					"start":	3.010004,
					"end":	4.010012,
					"seconds":	1.0000079870224,
					"bytes":	331874304,
					"bits_per_second":	2654973226.6693673,
					"omitted":	false,
					"sender":	true
				}],
			"sum":	{
				"start":	3.010004,
				"end":	4.010012,
				"seconds":	1.0000079870224,
				"bytes":	331874304,
				"bits_per_second":	2654973226.6693673,
				"omitted":	false,
				"sender":	true
			}
		}, {
			"streams":	[{
					"socket":	5,
					"start":	4.010012,
					"end":	5.010002,
					"seconds":	0.99998998641967773,
					"bytes":	330694656,
					"bits_per_second":	2645583739.7652774,
					"omitted":	false,
					"sender":	true
				}],
			"sum":	{
				"start":	4.010012,
				"end":	5.010002,
				"seconds":	0.99998998641967773,
				"bytes":	330694656,
				"bits_per_second":	2645583739.7652774,
				"omitted":	false,
				"sender":	true
			}
		}, {
			"streams":	[{
					"socket":	5,
					"start":	5.010002,
					"end":	6.010002,
					"seconds":	1,
					"bytes":	335020032,
					"bits_per_second":	2680160256,
					"omitted":	false,
					"sender":	true
				}],
			"sum":	{
				"start":	5.010002,
				"end":	6.010002,
				"seconds":	1,
				"bytes":	335020032,
				"bits_per_second":	2680160256,
				"omitted":	false,
				"sender":	true
			}
		}, {
			"streams":	[{
					"socket":	5,
					"start":	6.010002,
					"end":	7.010007,
					"seconds":	1.0000050067901611,
					"bytes":	336986112,
					"bits_per_second":	2695875398.31758,
					"omitted":	false,
					"sender":	true
				}],
			"sum":	{
				"start":	6.010002,
				"end":	7.010007,
				"seconds":	1.0000050067901611,
				"bytes":	336986112,
				"bits_per_second":	2695875398.31758,
				"omitted":	false,
				"sender":	true
			}
		}, {
			"streams":	[{
					"socket":	5,
					"start":	7.010007,
					"end":	8.010002,
					"seconds":	0.999994993209839,
					"bytes":	332398592,
					"bits_per_second":	2659202050.0666609,
					"omitted":	false,
					"sender":	true
				}],
			"sum":	{
				"start":	7.010007,
				"end":	8.010002,
				"seconds":	0.999994993209839,
				"bytes":	332398592,
				"bits_per_second":	2659202050.0666609,
				"omitted":	false,
				"sender":	true
			}
		}, {
			"streams":	[{
					"socket":	5,
					"start":	8.010002,
					"end":	9.010012,
					"seconds":	1.0000100135803223,
					"bytes":	330432512,
					"bits_per_second":	2643433625.7650619,
					"omitted":	false,
					"sender":	true
				}],
			"sum":	{
				"start":	8.010002,
				"end":	9.010012,
				"seconds":	1.0000100135803223,
				"bytes":	330432512,
				"bits_per_second":	2643433625.7650619,
				"omitted":	false,
				"sender":	true
			}
		}, {
			"streams":	[{
					"socket":	5,
					"start":	9.010012,
					"end":	10.010005,
					"seconds":	0.99999302625656128,
					"bytes":	332267520,
					"bits_per_second":	2658158697.3167744,
					"omitted":	false,
					"sender":	true
				}],
			"sum":	{
				"start":	9.010012,
				"end":	10.010005,
				"seconds":	0.99999302625656128,
				"bytes":	332267520,
				"bits_per_second":	2658158697.3167744,
				"omitted":	false,
				"sender":	true
			}
		}, {
			"streams":	[{
					"socket":	5,
					"start":	10.010005,
					"end":	11.01,
					"seconds":	0.999994993209839,
					"bytes":	332922880,
					"bits_per_second":	2663396375.0667658,
					"omitted":	false,
					"sender":	true
				}],
			"sum":	{
				"start":	10.010005,
				"end":	11.01,
				"seconds":	0.999994993209839,
				"bytes":	332922880,
				"bits_per_second":	2663396375.0667658,
				"omitted":	false,
				"sender":	true
			}
		}, {
			"streams":	[{
					"socket":	5,
					"start":	11.01,
					"end":	12.01,
					"seconds":	1,
					"bytes":	331743232,
					"bits_per_second":	2653945856,
					"omitted":	false,
					"sender":	true
				}],
			"sum":	{
				"start":	11.01,
				"end":	12.01,
				"seconds":	1,
				"bytes":	331743232,
				"bits_per_second":	2653945856,
				"omitted":	false,
				"sender":	true
			}
		}, {
			"streams":	[{
					"socket":	5,
					"start":	12.01,
					"end":	13.010006,
					"seconds":	1.0000059604644775,
					"bytes":	333316096,
					"bits_per_second":	2666512874.3447337,
					"omitted":	false,
					"sender":	true
				}],
			"sum":	{
				"start":	12.01,
				"end":	13.010006,
				"seconds":	1.0000059604644775,
				"bytes":	333316096,
				"bits_per_second":	2666512874.3447337,
				"omitted":	false,
				"sender":	true
			}
		}, {
			"streams":	[{
					"socket":	5,
					"start":	13.010006,
					"end":	14.01001,
					"seconds":	1.0000040531158447,
					"bytes":	335806464,
					"bits_per_second":	2686440823.5441322,
					"omitted":	false,
					"sender":	true
				}],
			"sum":	{
				"start":	13.010006,
				"end":	14.01001,
				"seconds":	1.0000040531158447,
				"bytes":	335806464,
				"bits_per_second":	2686440823.5441322,
				"omitted":	false,
				"sender":	true
			}
		}, {
			"streams":	[{
					"socket":	5,
					"start":	14.01001,
					"end":	15.005405,
					"seconds":	0.995395004749298,
					"bytes":	330956800,
					"bits_per_second":	2659903241.7957964,
					"omitted":	false,
					"sender":	true
				}],
			"sum":	{
				"start":	14.01001,
				"end":	15.005405,
				"seconds":	0.995395004749298,
				"bytes":	330956800,
				"bits_per_second":	2659903241.7957964,
				"omitted":	false,
				"sender":	true
			}
		}, {
			"streams":	[{
					"socket":	5,
					"start":	15.005405,
					"end":	16.010003,
					"seconds":	1.0045980215072632,
					"bytes":	335675392,
					"bits_per_second":	2673112109.0313482,
					"omitted":	false,
					"sender":	true
				}],
			"sum":	{
				"start":	15.005405,
				"end":	16.010003,
				"seconds":	1.0045980215072632,
				"bytes":	335675392,
				"bits_per_second":	2673112109.0313482,
				"omitted":	false,