{
	"start":	{
		"connected":	[{
				"socket":	5,
				"local_host":	"10.100.102.151",
				"local_port":	49400,
				"remote_host":	"10.100.102.161",
				"remote_port":	5201
			}],
		"version":	"iperf 3.18",
		"system_info":	"Darwin space-gray.local 24.3.0 Darwin Kernel Version 24.3.0: Thu Jan  2 20:24:23 PST 2025; root:xnu-11215.81.4~3/RELEASE_ARM64_T6020 arm64",
		"timestamp":	{
			"time":	"Sat, 22 Feb 2025 14:30:38 UTC",
			"timesecs":	1740234638
		},
		"connecting_to":	{
			"host":	"10.100.102.161",
			"port":	5201
		},
		"cookie":	"6qj7lrnco4hkwzigey3a57ayf2x332glj64c",
		"tcp_mss_default":	1448,
		"target_bitrate":	0,
		"fq_rate":	0,
		"sock_bufsize":	0,
		"sndbuf_actual":	131072,
		"rcvbuf_actual":	131072,
		"test_start":	{
			"protocol":	"TCP",
			"num_streams":	1,
			"blksize":	131072,
			"omit":	0,
			"duration":	30,
			"bytes":	0,
			"blocks":	0,
			"reverse":	1,
			"tos":	0,
			"target_bitrate":	0,
			"bidir":	0,
			"fqrate":	0,
			"interval":	1
		}
	},
	"intervals":	[{
			"streams":	[{
					"socket":	5,
					"start":	0,
					"end":	1.010003,
					"seconds":	1.0100029706954956,
					"bytes":	455475200,
					"bits_per_second":	3607713745.12973,
					"omitted":	false,
					"sender":	false
				}],
			"sum":	{
				"start":	0,
				"end":	1.010003,
				"seconds":	1.0100029706954956,
				"bytes":	455475200,
				"bits_per_second":	3607713745.12973,
				"omitted":	false,
				"sender":	false
			}
		}, {
			"streams":	[{
					"socket":	5,
					"start":	1.010003,
					"end":	2.01,
					"seconds":	0.99999701976776123,
					"bytes":	452853760,
					"bits_per_second":	3622840876.9071774,
					"omitted":	false,
					"sender":	false
				}],
			"sum":	{
				"start":	1.010003,
				"end":	2.01,
				"seconds":	0.99999701976776123,
				"bytes":	452853760,
				"bits_per_second":	3622840876.9071774,
				"omitted":	false,
				"sender":	false
			}
		}, {
			"streams":	[{
					"socket":	5,
					"start":	2.01,
					"end":	3.010002,
					"seconds":	1.0000020265579224,
					"bytes":	449183744,
					"bits_per_second":	3593462669.6397581,
					"omitted":	false,
					"sender":	false
				}],
			"sum":	{
				"start":	2.01,
				"end":	3.010002,
				"seconds":	1.0000020265579224,
				"bytes":	449183744,
				"bits_per_second":	3593462669.6397581,
				"omitted":	false,
				"sender":	false
			}
		}, {
			"streams":	[{
					"socket":	5,
					"start":	3.010002,
					"end":	4.010004,
					"seconds":	1.0000020265579224,
					"bytes":	450494464,
					"bits_per_second":	3603948408.389801,
					"omitted":	false,
					"sender":	false
				}],
			"sum":	{
				"start":	3.010002,
				"end":	4.010004,
				"seconds":	1.0000020265579224,
				"bytes":	450494464,
				"bits_per_second":	3603948408.389801,
				"omitted":	false,
				"sender":	false
			}
		}, {
			"streams":	[{
					"socket":	5,
					"start":	4.010004,
					"end":	5.010004,
					"seconds":	1,
					"bytes":	454164480,
					"bits_per_second":	3633315840,
					"omitted":	false,
					"sender":	false
				}],
			"sum":	{
				"start":	4.010004,
				"end":	5.010004,
				"seconds":	1,
				"bytes":	454164480,
				"bits_per_second":	3633315840,
				"omitted":	false,
				"sender":	false
			}
		}, {
			"streams":	[{
					"socket":	5,
					"start":	5.010004,
					"end":	6.010006,
					"seconds":	1.0000020265579224,
					"bytes":	450756608,
					"bits_per_second":	3606045556.13981,
					"omitted":	false,
					"sender":	false
				}],
			"sum":	{
				"start":	5.010004,
				"end":	6.010006,
				"seconds":	1.0000020265579224,
				"bytes":	450756608,
				"bits_per_second":	3606045556.13981,
				"omitted":	false,
				"sender":	false
			}
		}, {
			"streams":	[{
					"socket":	5,
					"start":	6.010006,
					"end":	7.010003,
					"seconds":	0.99999701976776123,
					"bytes":	451411968,
					"bits_per_second":	3611306506.5320749,
					"omitted":	false,
					"sender":	false
				}],
			"sum":	{
				"start":	6.010006,
				"end":	7.010003,
				"seconds":	0.99999701976776123,
				"bytes":	451411968,
				"bits_per_second":	3611306506.5320749,
				"omitted":	false,
				"sender":	false
			}
		}, {
			"streams":	[{
					"socket":	5,
					"start":	7.010003,
					"end":	8.010002,
					"seconds":	0.99999898672103882,
					"bytes":	450887680,
					"bits_per_second":	3607105095.0037036,
					"omitted":	false,
					"sender":	false
				}],
			"sum":	{
				"start":	7.010003,
				"end":	8.010002,
				"seconds":	0.99999898672103882,
				"bytes":	450887680,
				"bits_per_second":	3607105095.0037036,
				"omitted":	false,
				"sender":	false
			}
		}, {
			"streams":	[{
					"socket":	5,
					"start":	8.010002,
					"end":	9.010002,
					"seconds":	1,
					"bytes":	450625536,
					"bits_per_second":	3605004288,
					"omitted":	false,
					"sender":	false
				}],
			"sum":	{
				"start":	8.010002,
				"end":	9.010002,
				"seconds":	1,
				"bytes":	450625536,
				"bits_per_second":	3605004288,
				"omitted":	false,
				"sender":	false
			}
		}, {
			"streams":	[{
					"socket":	5,
					"start":	9.010002,
					"end":	10.010004,
					"seconds":	1.0000020265579224,
					"bytes":	449708032,
					"bits_per_second":	3597656965.1397753,
					"omitted":	false,
					"sender":	false
				}],
			"sum":	{
				"start":	9.010002,
				"end":	10.010004,
				"seconds":	1.0000020265579224,
				"bytes":	449708032,
				"bits_per_second":	3597656965.1397753,
				"omitted":	false,
				"sender":	false
			}
		}, {
			"streams":	[{
					"socket":	5,
					"start":	10.010004,
					"end":	11.010008,
					"seconds":	1.0000040531158447,
					"bytes":	448135168,
					"bits_per_second":	3585066813.3088946,
					"omitted":	false,
					"sender":	false
				}],
			"sum":	{
				"start":	10.010004,
				"end":	11.010008,
				"seconds":	1.0000040531158447,
				"bytes":	448135168,
				"bits_per_second":	3585066813.3088946,
				"omitted":	false,
				"sender":	false
			}
		}, {
			"streams":	[{
					"socket":	5,
					"start":	11.010008,
					"end":	12.010002,
					"seconds":	0.99999397993087769,
					"bytes":	448790528,
					"bits_per_second":	3590345838.1301184,
					"omitted":	false,
					"sender":	false
				}],
			"sum":	{
				"start":	11.010008,
				"end":	12.010002,
				"seconds":	0.99999397993087769,
				"bytes":	448790528,
				"bits_per_second":	3590345838.1301184,
				"omitted":	false,
				"sender":	false
			}
		}, {
			"streams":	[{
					"socket":	5,
					"start":	12.010002,
					"end":	13.010006,
					"seconds":	1.0000040531158447,
					"bytes":	449576960,
					"bits_per_second":	3596601102.5590839,
					"omitted":	false,
					"sender":	false
				}],
			"sum":	{
				"start":	12.010002,
				"end":	13.010006,
				"seconds":	1.0000040531158447,
				"bytes":	449576960,
				"bits_per_second":	3596601102.5590839,
				"omitted":	false,
				"sender":	false
			}
		}, {
			"streams":	[{
					"socket":	5,
					"start":	13.010006,
					"end":	14.010005,
					"seconds":	0.99999898672103882,
					"bytes":	450494464,
					"bits_per_second":	3603959363.8162,
					"omitted":	false,
					"sender":	false
				}],
			"sum":	{
				"start":	13.010006,
				"end":	14.010005,
				"seconds":	0.99999898672103882,
				"bytes":	450494464,
				"bits_per_second":	3603959363.8162,
				"omitted":	false,
				"sender":	false
			}
		}, {
			"streams":	[{
					"socket":	5,
					"start":	14.010005,
					"end":	15.010002,
					"seconds":	0.99999701976776123,
					"bytes":	450756608,
					"bits_per_second":	3606063610.9070282,
					"omitted":	false,
					"sender":	false
				}],
			"sum":	{
				"start":	14.010005,
				"end":	15.010002,
				"seconds":	0.99999701976776123,
				"bytes":	450756608,
				"bits_per_second":	3606063610.9070282,
				"omitted":	false,
				"sender":	false
			}
		}, {
			"streams":	[{
					"socket":	5,
					"start":	15.010002,
					"end":	16.010003,
					"seconds":	1.0000009536743164,
					"bytes":	449314816,
					"bits_per_second":	3594515100.0032692,
					"omitted":	false,
					"sender":	false
				}],
			"sum":	{
				"start":	15.010002,
				"end":	16.010003,
				"seconds":	1.0000009536743164,
				"bytes":	449314816,