{
	"start":	{
		"connected":	[{
				"socket":	5,
				"local_host":	"192.168.105.1",
				"local_port":	52164,
				"remote_host":	"192.168.105.11",
				"remote_port":	5201
			}],
		"version":	"iperf 3.20",
		"system_info":	"Darwin space-gray 25.3.0 Darwin Kernel Version 25.3.0: Wed Jan 28 20:53:05 PST 2026; root:xnu-12377.81.4~5/RELEASE_ARM64_T6020 arm64",
		"timestamp":	{
			"time":	"Fri, 27 Feb 2026 18:05:25 UTC",
			"timesecs":	1772215525,
			"timemillisecs":	1772215525556
		},
		"connecting_to":	{
			"host":	"192.168.105.11",
			"port":	5201
		},
		"cookie":	"3tzsgbgc77f5yde56sov7baxst6suagpoejf",
		"tcp_mss_default":	1448,
		"target_bitrate":	0,
		"fq_rate":	0,
		"sock_bufsize":	0,
		"sndbuf_actual":	131072,
		"rcvbuf_actual":	131072,
		"test_start":	{
			"protocol":	"TCP",
			"num_streams":	1,
			"blksize":	131072,
			"omit":	0,
			"duration":	30,
			"bytes":	0,
			"blocks":	0,
			"reverse":	0,
			"tos":	0,
			"target_bitrate":	0,
			"bidir":	0,
			"fqrate":	0,
			"interval":	1
		}
	},
	"intervals":	[{
			"streams":	[{
					"socket":	5,
					"start":	0,
					"end":	1.005007,
					"seconds":	1.0050070285797119,
					"bytes":	313524224,
					"bits_per_second":	2495697761.9794459,
					"omitted":	false,
					"sender":	true
				}],
			"sum":	{
				"start":	0,
				"end":	1.005007,
				"seconds":	1.0050070285797119,
				"bytes":	313524224,
				"bits_per_second":	2495697761.9794459,
				"omitted":	false,
				"sender":	true
			}
		}, {
			"streams":	[{
					"socket":	5,
					"start":	1.005007,
					"end":	2.00501,
					"seconds":	1.0000029802322388,
					"bytes":	223477760,
					"bits_per_second":	1787816751.8908789,
					"omitted":	false,
					"sender":	true
				}],
			"sum":	{
				"start":	1.005007,
				"end":	2.00501,
				"seconds":	1.0000029802322388,
				"bytes":	223477760,
				"bits_per_second":	1787816751.8908789,
				"omitted":	false,
				"sender":	true
			}
		}, {
			"streams":	[{
					"socket":	5,
					"start":	2.00501,
					"end":	3.005012,
					"seconds":	1.0000020265579224,
					"bytes":	294518784,
					"bits_per_second":	2356145497.1346765,
					"omitted":	false,
					"sender":	true
				}],
			"sum":	{
				"start":	2.00501,
				"end":	3.005012,
				"seconds":	1.0000020265579224,
				"bytes":	294518784,
				"bits_per_second":	2356145497.1346765,
				"omitted":	false,
				"sender":	true
			}
		}, {
			"streams":	[{
					"socket":	5,
					"start":	3.005012,
					"end":	4.004196,
					"seconds":	0.999184012413025,
					"bytes":	263847936,
					"bits_per_second":	2112507267.7078443,
					"omitted":	false,
					"sender":	true
				}],
			"sum":	{
				"start":	3.005012,
				"end":	4.004196,
				"seconds":	0.999184012413025,
				"bytes":	263847936,
				"bits_per_second":	2112507267.7078443,
				"omitted":	false,
				"sender":	true
			}
		}, {
			"streams":	[{
					"socket":	5,
					"start":	4.004196,
					"end":	5.00345,
					"seconds":	0.99925398826599121,
					"bytes":	259915776,
					"bits_per_second":	2080878567.8286476,
					"omitted":	false,
					"sender":	true
				}],
			"sum":	{
				"start":	4.004196,
				"end":	5.00345,
				"seconds":	0.99925398826599121,
				"bytes":	259915776,
				"bits_per_second":	2080878567.8286476,
				"omitted":	false,
				"sender":	true
			}
		}, {
			"streams":	[{
					"socket":	5,
					"start":	5.00345,
					"end":	6.000765,
					"seconds":	0.997314989566803,
					"bytes":	235536384,
					"bits_per_second":	1889364034.1437833,
					"omitted":	false,
					"sender":	true
				}],
			"sum":	{
				"start":	5.00345,
				"end":	6.000765,
				"seconds":	0.997314989566803,
				"bytes":	235536384,
				"bits_per_second":	1889364034.1437833,
				"omitted":	false,
				"sender":	true
			}
		}, {
			"streams":	[{
					"socket":	5,
					"start":	6.000765,
					"end":	7.002602,
					"seconds":	1.0018370151519775,
					"bytes":	251920384,
					"bits_per_second":	2011667608.1231353,
					"omitted":	false,
					"sender":	true
				}],
			"sum":	{
				"start":	6.000765,
				"end":	7.002602,
				"seconds":	1.0018370151519775,
				"bytes":	251920384,
				"bits_per_second":	2011667608.1231353,
				"omitted":	false,
				"sender":	true
			}
		}, {
			"streams":	[{
					"socket":	5,
					"start":	7.002602,
					"end":	8.004451,
					"seconds":	1.0018490552902222,
					"bytes":	273809408,
					"bits_per_second":	2186432429.5494285,
					"omitted":	false,
					"sender":	true
				}],
			"sum":	{
				"start":	7.002602,
				"end":	8.004451,
				"seconds":	1.0018490552902222,
				"bytes":	273809408,
				"bits_per_second":	2186432429.5494285,
				"omitted":	false,
				"sender":	true
			}
		}, {
			"streams":	[{
					"socket":	5,
					"start":	8.004451,
					"end":	9.005012,
					"seconds":	1.000560998916626,
					"bytes":	378404864,
					"bits_per_second":	3025541586.4477959,
					"omitted":	false,
					"sender":	true
				}],
			"sum":	{
				"start":	8.004451,
				"end":	9.005012,
				"seconds":	1.000560998916626,
				"bytes":	378404864,
				"bits_per_second":	3025541586.4477959,
				"omitted":	false,
				"sender":	true
			}
		}, {
			"streams":	[{
					"socket":	5,
					"start":	9.005012,
					"end":	10.005013,
					"seconds":	1.0000009536743164,
					"bytes":	271843328,
					"bits_per_second":	2174744550.0019779,
					"omitted":	false,
					"sender":	true
				}],
			"sum":	{
				"start":	9.005012,
				"end":	10.005013,
				"seconds":	1.0000009536743164,
				"bytes":	271843328,
				"bits_per_second":	2174744550.0019779,
				"omitted":	false,
				"sender":	true
			}
		}, {
			"streams":	[{
					"socket":	5,
					"start":	10.005013,
					"end":	11.003668,
					"seconds":	0.99865502119064331,
					"bytes":	273022976,
					"bits_per_second":	2187125445.3774376,
					"omitted":	false,
					"sender":	true
				}],
			"sum":	{
				"start":	10.005013,
				"end":	11.003668,
				"seconds":	0.99865502119064331,
				"bytes":	273022976,
				"bits_per_second":	2187125445.3774376,
				"omitted":	false,
				"sender":	true
			}
		}, {
			"streams":	[{
					"socket":	5,
					"start":	11.003668,
					"end":	12.005009,
					"seconds":	1.0013409852981567,
					"bytes":	260177920,
					"bits_per_second":	2078635939.7645555,
					"omitted":	false,
					"sender":	true
				}],
			"sum":	{
				"start":	11.003668,
				"end":	12.005009,
				"seconds":	1.0013409852981567,
				"bytes":	260177920,
				"bits_per_second":	2078635939.7645555,
				"omitted":	false,
				"sender":	true
			}
		}, {
			"streams":	[{
					"socket":	5,
					"start":	12.005009,
					"end":	13.005007,
					"seconds":	0.99999797344207764,
					"bytes":	272367616,
					"bits_per_second":	2178945343.7589488,
					"omitted":	false,
					"sender":	true
				}],
			"sum":	{
				"start":	12.005009,
				"end":	13.005007,
				"seconds":	0.99999797344207764,
				"bytes":	272367616,
				"bits_per_second":	2178945343.7589488,
				"omitted":	false,
				"sender":	true
			}
		}, {
			"streams":	[{
					"socket":	5,
					"start":	13.005007,
					"end":	14.005012,
					"seconds":	1.0000050067901611,
					"bytes":	267386880,
					"bits_per_second":	2139084330.0536225,
					"omitted":	false,
					"sender":	true
				}],
			"sum":	{
				"start":	13.005007,
				"end":	14.005012,
				"seconds":	1.0000050067901611,
				"bytes":	267386880,
				"bits_per_second":	2139084330.0536225,
				"omitted":	false,
				"sender":	true
			}
		}, {
			"streams":	[{
					"socket":	5,
					"start":	14.005012,
					"end":	15.000385,
					"seconds":	0.995373010635376,
					"bytes":	258473984,
					"bits_per_second":	2077403998.2057254,
					"omitted":	false,
					"sender":	true
				}],
			"sum":	{
				"start":	14.005012,
				"end":	15.000385,
				"seconds":	0.995373010635376,
				"bytes":	258473984,
				"bits_per_second":	2077403998.2057254,
				"omitted":	false,
				"sender":	true
			}
		}, {
			"streams":	[{
					"socket":	5,
					"start":	15.000385,
					"end":	16.005021,
					"seconds":	1.00463604927063,
					"bytes":	268304384,
					"bits_per_second":	2136530013.5888226,
					"omitted":	false,
					"sender":	true
				}],