{
	"start":	{
		"connected":	[{
				"socket":	5,
				"local_host":	"10.100.102.149",
				"local_port":	49620,
				"remote_host":	"10.100.102.182",
				"remote_port":	5201
			}],
		"version":	"iperf 3.8.1 -  -- Apple version iperf3-117",
		"system_info":	"Darwin mimi-2.local 24.3.0 Darwin Kernel Version 24.3.0: Thu Jan  2 20:24:23 PST 2025; root:xnu-11215.81.4~3/RELEASE_ARM64_T8122 arm64",
		"timestamp":	{
			"time":	"Sat, 22 Feb 2025 17:34:47 UTC",
			"timesecs":	1740245687
		},
		"connecting_to":	{
			"host":	"10.100.102.182",
			"port":	5201
		},
		"cookie":	"sen3l32qzlpnmblnatrzz5oucwzflmoo3tie",
		"tcp_mss_default":	1448,
		"sock_bufsize":	0,
		"sndbuf_actual":	131072,
		"rcvbuf_actual":	131072,
		"test_start":	{
			"protocol":	"TCP",
			"num_streams":	1,
			"blksize":	131072,
			"omit":	0,
			"duration":	30,
			"bytes":	0,
			"blocks":	0,
			"reverse":	0,
			"tos":	0
		}
	},
	"intervals":	[{
			"streams":	[{
					"socket":	5,
					"start":	0,
					"end":	1.000027,
					"seconds":	1.0000269412994385,
					"bytes":	346040568,
					"bits_per_second":	2768249963.748806,
					"retransmits":	0,
					"snd_cwnd":	6633325,
					"rtt":	9,
					"rttvar":	0,
					"pmtu":	-1,
					"omitted":	false,
					"sender":	true
				}],
			"sum":	{
				"start":	0,
				"end":	1.000027,
				"seconds":	1.0000269412994385,
				"bytes":	346040568,
				"bits_per_second":	2768249963.748806,
				"retransmits":	0,
				"omitted":	false,
				"sender":	true
			}
		}, {
			"streams":	[{
					"socket":	5,
					"start":	1.000027,
					"end":	2.000018,
					"seconds":	0.999990999698639,
					"bytes":	348510856,
					"bits_per_second":	2788111941.8477049,
					"retransmits":	0,
					"snd_cwnd":	7067725,
					"rtt":	10,
					"rttvar":	0,
					"pmtu":	-1,
					"omitted":	false,
					"sender":	true
				}],
			"sum":	{
				"start":	1.000027,
				"end":	2.000018,
				"seconds":	0.999990999698639,
				"bytes":	348510856,
				"bits_per_second":	2788111941.8477049,
				"retransmits":	0,
				"omitted":	false,
				"sender":	true
			}
		}, {
			"streams":	[{
					"socket":	5,
					"start":	2.000018,
					"end":	3.000022,
					"seconds":	1.0000040531158447,
					"bytes":	338929016,
					"bits_per_second":	2711421138.2960224,
					"retransmits":	0,
					"snd_cwnd":	7067725,
					"rtt":	9,
					"rttvar":	0,
					"pmtu":	-1,
					"omitted":	false,
					"sender":	true
				}],
			"sum":	{
				"start":	2.000018,
				"end":	3.000022,
				"seconds":	1.0000040531158447,
				"bytes":	338929016,
				"bits_per_second":	2711421138.2960224,
				"retransmits":	0,
				"omitted":	false,
				"sender":	true
			}
		}, {
			"streams":	[{
					"socket":	5,
					"start":	3.000022,
					"end":	4.000034,
					"seconds":	1.0000120401382446,
					"bytes":	346474544,
					"bits_per_second":	2771762979.5905442,
					"retransmits":	0,
					"snd_cwnd":	7067725,
					"rtt":	10,
					"rttvar":	0,
					"pmtu":	-1,
					"omitted":	false,
					"sender":	true
				}],
			"sum":	{
				"start":	3.000022,
				"end":	4.000034,
				"seconds":	1.0000120401382446,
				"bytes":	346474544,
				"bits_per_second":	2771762979.5905442,
				"retransmits":	0,
				"omitted":	false,
				"sender":	true
			}
		}, {
			"streams":	[{
					"socket":	5,
					"start":	4.000034,
					"end":	5.000024,
					"seconds":	0.99998998641967773,
					"bytes":	346685952,
					"bits_per_second":	2773515388.8191209,
					"retransmits":	0,
					"snd_cwnd":	7067725,
					"rtt":	11,
					"rttvar":	1,
					"pmtu":	-1,
					"omitted":	false,
					"sender":	true
				}],
			"sum":	{
				"start":	4.000034,
				"end":	5.000024,
				"seconds":	0.99998998641967773,
				"bytes":	346685952,
				"bits_per_second":	2773515388.8191209,
				"retransmits":	0,
				"omitted":	false,
				"sender":	true
			}
		}, {
			"streams":	[{
					"socket":	5,
					"start":	5.000024,
					"end":	6.000043,
					"seconds":	1.0000189542770386,
					"bytes":	355155304,
					"bits_per_second":	2841188579.3245487,
					"retransmits":	0,
					"snd_cwnd":	7067725,
					"rtt":	9,
					"rttvar":	0,
					"pmtu":	-1,
					"omitted":	false,
					"sender":	true
				}],
			"sum":	{
				"start":	5.000024,
				"end":	6.000043,
				"seconds":	1.0000189542770386,
				"bytes":	355155304,
				"bits_per_second":	2841188579.3245487,
				"retransmits":	0,
				"omitted":	false,
				"sender":	true
			}
		}, {
			"streams":	[{
					"socket":	5,
					"start":	6.000043,
					"end":	7.000052,
					"seconds":	1.0000089406967163,
					"bytes":	356937792,
					"bits_per_second":	2855476806.0478969,
					"retransmits":	0,
					"snd_cwnd":	7067725,
					"rtt":	8,
					"rttvar":	1,
					"pmtu":	-1,
					"omitted":	false,
					"sender":	true
				}],
			"sum":	{
				"start":	6.000043,
				"end":	7.000052,
				"seconds":	1.0000089406967163,
				"bytes":	356937792,
				"bits_per_second":	2855476806.0478969,
				"retransmits":	0,
				"omitted":	false,
				"sender":	true
			}
		}, {
			"streams":	[{
					"socket":	5,
					"start":	7.000052,
					"end":	8.000028,
					"seconds":	0.99997597932815552,
					"bytes":	343842080,
					"bits_per_second":	2750802716.129353,
					"retransmits":	0,
					"snd_cwnd":	7067725,
					"rtt":	9,
					"rttvar":	0,
					"pmtu":	-1,
					"omitted":	false,
					"sender":	true
				}],
			"sum":	{
				"start":	7.000052,
				"end":	8.000028,
				"seconds":	0.99997597932815552,
				"bytes":	343842080,
				"bits_per_second":	2750802716.129353,
				"retransmits":	0,
				"omitted":	false,
				"sender":	true
			}
		}, {
			"streams":	[{
					"socket":	5,
					"start":	8.000028,
					"end":	9.000029,
					"seconds":	1.0000009536743164,
					"bytes":	346667128,
					"bits_per_second":	2773334379.1422319,
					"retransmits":	0,
					"snd_cwnd":	7067725,
					"rtt":	10,
					"rttvar":	1,
					"pmtu":	-1,
					"omitted":	false,
					"sender":	true
				}],
			"sum":	{
				"start":	8.000028,
				"end":	9.000029,
				"seconds":	1.0000009536743164,
				"bytes":	346667128,
				"bits_per_second":	2773334379.1422319,
				"retransmits":	0,
				"omitted":	false,
				"sender":	true
			}
		}, {
			"streams":	[{
					"socket":	5,
					"start":	9.000029,
					"end":	10.000047,
					"seconds":	1.0000180006027222,
					"bytes":	355533232,
					"bits_per_second":	2844214658.4218774,
					"retransmits":	0,
					"snd_cwnd":	7067725,
					"rtt":	9,
					"rttvar":	0,
					"pmtu":	-1,
					"omitted":	false,
					"sender":	true
				}],
			"sum":	{
				"start":	9.000029,
				"end":	10.000047,
				"seconds":	1.0000180006027222,
				"bytes":	355533232,
				"bits_per_second":	2844214658.4218774,
				"retransmits":	0,
				"omitted":	false,
				"sender":	true
			}
		}, {
			"streams":	[{
					"socket":	5,
					"start":	10.000047,
					"end":	11.000016,
					"seconds":	0.9999690055847168,
					"bytes":	352469264,
					"bits_per_second":	2819841511.3388352,
					"retransmits":	0,
					"snd_cwnd":	7067725,
					"rtt":	8,
					"rttvar":	1,
					"pmtu":	-1,
					"omitted":	false,
					"sender":	true
				}],
			"sum":	{
				"start":	10.000047,
				"end":	11.000016,
				"seconds":	0.9999690055847168,
				"bytes":	352469264,
				"bits_per_second":	2819841511.3388352,
				"retransmits":	0,
				"omitted":	false,
				"sender":	true
			}
		}, {
			"streams":	[{
					"socket":	5,
					"start":	11.000016,
					"end":	12.00004,
					"seconds":	1.0000239610672,
					"bytes":	352719768,
					"bits_per_second":	2821690533.2835155,
					"retransmits":	0,
					"snd_cwnd":	7067725,
					"rtt":	10,
					"rttvar":	0,
					"pmtu":	-1,
					"omitted":	false,
					"sender":	true
				}],
			"sum":	{
				"start":	11.000016,
				"end":	12.00004,
				"seconds":	1.0000239610672,
				"bytes":	352719768,
				"bits_per_second":	2821690533.2835155,
				"retransmits":	0,
				"omitted":	false,
				"sender":	true
			}
		}, {
			"streams":	[{
					"socket":	5,
					"start":	12.00004,
					"end":	13.000014,
					"seconds":	0.999974012374878,
					"bytes":	353048464,
					"bits_per_second":	2824461113.0365772,
					"retransmits":	0,
					"snd_cwnd":	7067725,
					"rtt":	9,
					"rttvar":	0,