{
	"start":	{
		"connected":	[{
				"socket":	5,
				"local_host":	"10.100.102.151",
				"local_port":	49657,
				"remote_host":	"10.100.102.179",
				"remote_port":	5201
			}],
		"version":	"iperf 3.8.1 -  -- Apple version iperf3-117",
		"system_info":	"Darwin space-gray.local 24.3.0 Darwin Kernel Version 24.3.0: Thu Jan  2 20:24:23 PST 2025; root:xnu-11215.81.4~3/RELEASE_ARM64_T6020 arm64",
		"timestamp":	{
			"time":	"Sat, 22 Feb 2025 15:08:38 UTC",
			"timesecs":	1740236918
		},
		"connecting_to":	{
			"host":	"10.100.102.179",
			"port":	5201
		},
		"cookie":	"sv2gmaue76idyiwyxou44o2s4ygyl2y6ynu5",
		"tcp_mss_default":	1448,
		"sock_bufsize":	0,
		"sndbuf_actual":	131072,
		"rcvbuf_actual":	131072,
		"test_start":	{
			"protocol":	"TCP",
			"num_streams":	1,
			"blksize":	131072,
			"omit":	0,
			"duration":	30,
			"bytes":	0,
			"blocks":	0,
			"reverse":	0,
			"tos":	0
		}
	},
	"intervals":	[{
			"streams":	[{
					"socket":	5,
					"start":	0,
					"end":	1.000044,
					"seconds":	1.0000439882278442,
					"bytes":	220785672,
					"bits_per_second":	1766207683.6539912,
					"retransmits":	0,
					"snd_cwnd":	6611605,
					"rtt":	15,
					"rttvar":	0,
					"pmtu":	-1,
					"omitted":	false,
					"sender":	true
				}],
			"sum":	{
				"start":	0,
				"end":	1.000044,
				"seconds":	1.0000439882278442,
				"bytes":	220785672,
				"bits_per_second":	1766207683.6539912,
				"retransmits":	0,
				"omitted":	false,
				"sender":	true
			}
		}, {
			"streams":	[{
					"socket":	5,
					"start":	1.000044,
					"end":	2.000005,
					"seconds":	0.999961018562317,
					"bytes":	220918464,
					"bits_per_second":	1767416608.440382,
					"retransmits":	0,
					"snd_cwnd":	6930165,
					"rtt":	13,
					"rttvar":	1,
					"pmtu":	-1,
					"omitted":	false,
					"sender":	true
				}],
			"sum":	{
				"start":	1.000044,
				"end":	2.000005,
				"seconds":	0.999961018562317,
				"bytes":	220918464,
				"bits_per_second":	1767416608.440382,
				"retransmits":	0,
				"omitted":	false,
				"sender":	true
			}
		}, {
			"streams":	[{
					"socket":	5,
					"start":	2.000005,
					"end":	3.000025,
					"seconds":	1.0000200271606445,
					"bytes":	223029648,
					"bits_per_second":	1784201451.5109084,
					"retransmits":	0,
					"snd_cwnd":	7393525,
					"rtt":	14,
					"rttvar":	0,
					"pmtu":	-1,
					"omitted":	false,
					"sender":	true
				}],
			"sum":	{
				"start":	2.000005,
				"end":	3.000025,
				"seconds":	1.0000200271606445,
				"bytes":	223029648,
				"bits_per_second":	1784201451.5109084,
				"retransmits":	0,
				"omitted":	false,
				"sender":	true
			}
		}, {
			"streams":	[{
					"socket":	5,
					"start":	3.000025,
					"end":	4.000048,
					"seconds":	1.0000230073928833,
					"bytes":	221290600,
					"bits_per_second":	1770284070.3788776,
					"retransmits":	0,
					"snd_cwnd":	7393525,
					"rtt":	13,
					"rttvar":	0,
					"pmtu":	-1,
					"omitted":	false,
					"sender":	true
				}],
			"sum":	{
				"start":	3.000025,
				"end":	4.000048,
				"seconds":	1.0000230073928833,
				"bytes":	221290600,
				"bits_per_second":	1770284070.3788776,
				"retransmits":	0,
				"omitted":	false,
				"sender":	true
			}
		}, {
			"streams":	[{
					"socket":	5,
					"start":	4.000048,
					"end":	5.000033,
					"seconds":	0.9999849796295166,
					"bytes":	221627984,
					"bits_per_second":	1773050503.8754539,
					"retransmits":	0,
					"snd_cwnd":	7393525,
					"rtt":	15,
					"rttvar":	0,
					"pmtu":	-1,
					"omitted":	false,
					"sender":	true
				}],
			"sum":	{
				"start":	4.000048,
				"end":	5.000033,
				"seconds":	0.9999849796295166,
				"bytes":	221627984,
				"bits_per_second":	1773050503.8754539,
				"retransmits":	0,
				"omitted":	false,
				"sender":	true
			}
		}, {
			"streams":	[{
					"socket":	5,
					"start":	5.000033,
					"end":	6.000012,
					"seconds":	0.999979019165039,
					"bytes":	224069312,
					"bits_per_second":	1792592106.07913,
					"retransmits":	0,
					"snd_cwnd":	7393525,
					"rtt":	14,
					"rttvar":	0,
					"pmtu":	-1,
					"omitted":	false,
					"sender":	true
				}],
			"sum":	{
				"start":	5.000033,
				"end":	6.000012,
				"seconds":	0.999979019165039,
				"bytes":	224069312,
				"bits_per_second":	1792592106.07913,
				"retransmits":	0,
				"omitted":	false,
				"sender":	true
			}
		}, {
			"streams":	[{
					"socket":	5,
					"start":	6.000012,
					"end":	7.000081,
					"seconds":	1.00006902217865,
					"bytes":	226688744,
					"bits_per_second":	1813384788.2311857,
					"retransmits":	0,
					"snd_cwnd":	7393525,
					"rtt":	15,
					"rttvar":	0,
					"pmtu":	-1,
					"omitted":	false,
					"sender":	true
				}],
			"sum":	{
				"start":	6.000012,
				"end":	7.000081,
				"seconds":	1.00006902217865,
				"bytes":	226688744,
				"bits_per_second":	1813384788.2311857,
				"retransmits":	0,
				"omitted":	false,
				"sender":	true
			}
		}, {
			"streams":	[{
					"socket":	5,
					"start":	7.000081,
					"end":	8.000046,
					"seconds":	0.999965012073517,
					"bytes":	226190632,
					"bits_per_second":	1809588369.7448454,
					"retransmits":	0,
					"snd_cwnd":	7393525,
					"rtt":	15,
					"rttvar":	0,
					"pmtu":	-1,
					"omitted":	false,
					"sender":	true
				}],
			"sum":	{
				"start":	7.000081,
				"end":	8.000046,
				"seconds":	0.999965012073517,
				"bytes":	226190632,
				"bits_per_second":	1809588369.7448454,
				"retransmits":	0,
				"omitted":	false,
				"sender":	true
			}
		}, {
			"streams":	[{
					"socket":	5,
					"start":	8.000046,
					"end":	9.00004,
					"seconds":	0.99999397993087769,
					"bytes":	226015424,
					"bits_per_second":	1808134277.0933306,
					"retransmits":	0,
					"snd_cwnd":	7393525,
					"rtt":	14,
					"rttvar":	0,
					"pmtu":	-1,
					"omitted":	false,
					"sender":	true
				}],
			"sum":	{
				"start":	8.000046,
				"end":	9.00004,
				"seconds":	0.99999397993087769,
				"bytes":	226015424,
				"bits_per_second":	1808134277.0933306,
				"retransmits":	0,
				"omitted":	false,
				"sender":	true
			}
		}, {
			"streams":	[{
					"socket":	5,
					"start":	9.00004,
					"end":	10.000012,
					"seconds":	0.99997198581695557,
					"bytes":	225986464,
					"bits_per_second":	1807942360.0282075,
					"retransmits":	0,
					"snd_cwnd":	7393525,
					"rtt":	15,
					"rttvar":	0,
					"pmtu":	-1,
					"omitted":	false,
					"sender":	true
				}],
			"sum":	{
				"start":	9.00004,
				"end":	10.000012,
				"seconds":	0.99997198581695557,
				"bytes":	225986464,
				"bits_per_second":	1807942360.0282075,
				"retransmits":	0,
				"omitted":	false,
				"sender":	true
			}
		}, {
			"streams":	[{
					"socket":	5,
					"start":	10.000012,
					"end":	11.000049,
					"seconds":	1.0000369548797607,
					"bytes":	227002960,
					"bits_per_second":	1815956571.5432479,
					"retransmits":	0,
					"snd_cwnd":	7393525,
					"rtt":	14,
					"rttvar":	0,
					"pmtu":	-1,
					"omitted":	false,
					"sender":	true
				}],
			"sum":	{
				"start":	10.000012,
				"end":	11.000049,
				"seconds":	1.0000369548797607,
				"bytes":	227002960,
				"bits_per_second":	1815956571.5432479,
				"retransmits":	0,
				"omitted":	false,
				"sender":	true
			}
		}, {
			"streams":	[{
					"socket":	5,
					"start":	11.000049,
					"end":	12.00005,
					"seconds":	1.0000009536743164,
					"bytes":	226936352,
					"bits_per_second":	1815489084.6146884,
					"retransmits":	0,
					"snd_cwnd":	7393525,
					"rtt":	14,
					"rttvar":	0,
					"pmtu":	-1,
					"omitted":	false,
					"sender":	true
				}],
			"sum":	{
				"start":	11.000049,
				"end":	12.00005,
				"seconds":	1.0000009536743164,
				"bytes":	226936352,
				"bits_per_second":	1815489084.6146884,
				"retransmits":	0,
				"omitted":	false,
				"sender":	true
			}
		}, {
			"streams":	[{
					"socket":	5,
					"start":	12.00005,
					"end":	13.000036,
					"seconds":	0.99998599290847778,
					"bytes":	226481680,
					"bits_per_second":	1811878819.152447,
					"retransmits":	0,
					"snd_cwnd":	7393525,
					"rtt":	15,