{
	"start":	{
		"connected":	[{
				"socket":	5,
				"local_host":	"10.37.130.1",
				"local_port":	49413,
				"remote_host":	"10.37.130.3",
				"remote_port":	5201
			}],
		"version":	"iperf 3.18",
		"system_info":	"Darwin space-gray.local 24.3.0 Darwin Kernel Version 24.3.0: Thu Jan  2 20:24:23 PST 2025; root:xnu-11215.81.4~3/RELEASE_ARM64_T6020 arm64",
		"timestamp":	{
			"time":	"Sat, 22 Feb 2025 14:32:38 UTC",
			"timesecs":	1740234758
		},
		"connecting_to":	{
			"host":	"10.37.130.3",
			"port":	5201
		},
		"cookie":	"bwwllqryc57jvumhmcvmjuzisfurt2kew7ha",
		"tcp_mss_default":	1448,
		"target_bitrate":	0,
		"fq_rate":	0,
		"sock_bufsize":	0,
		"sndbuf_actual":	131072,
		"rcvbuf_actual":	131072,
		"test_start":	{
			"protocol":	"TCP",
			"num_streams":	1,
			"blksize":	131072,
			"omit":	0,
			"duration":	30,
			"bytes":	0,
			"blocks":	0,
			"reverse":	1,
			"tos":	0,
			"target_bitrate":	0,
			"bidir":	0,
			"fqrate":	0,
			"interval":	1
		}
	},
	"intervals":	[{
			"streams":	[{
					"socket":	5,
					"start":	0,
					"end":	1.000804,
					"seconds":	1.0008039474487305,
					"bytes":	1182662656,
					"bits_per_second":	9453700969.22473,
					"omitted":	false,
					"sender":	false
				}],
			"sum":	{
				"start":	0,
				"end":	1.000804,
				"seconds":	1.0008039474487305,
				"bytes":	1182662656,
				"bits_per_second":	9453700969.22473,
				"omitted":	false,
				"sender":	false
			}
		}, {
			"streams":	[{
					"socket":	5,
					"start":	1.000804,
					"end":	2.002264,
					"seconds":	1.0014599561691284,
					"bytes":	1183055872,
					"bits_per_second":	9450649442.044817,
					"omitted":	false,
					"sender":	false
				}],
			"sum":	{
				"start":	1.000804,
				"end":	2.002264,
				"seconds":	1.0014599561691284,
				"bytes":	1183055872,
				"bits_per_second":	9450649442.044817,
				"omitted":	false,
				"sender":	false
			}
		}, {
			"streams":	[{
					"socket":	5,
					"start":	2.002264,
					"end":	3.007882,
					"seconds":	1.00561797618866,
					"bytes":	1197211648,
					"bits_per_second":	9524186530.8533134,
					"omitted":	false,
					"sender":	false
				}],
			"sum":	{
				"start":	2.002264,
				"end":	3.007882,
				"seconds":	1.00561797618866,
				"bytes":	1197211648,
				"bits_per_second":	9524186530.8533134,
				"omitted":	false,
				"sender":	false
			}
		}, {
			"streams":	[{
					"socket":	5,
					"start":	3.007882,
					"end":	4.00502,
					"seconds":	0.997138023376465,
					"bytes":	1179254784,
					"bits_per_second":	9461115764.1495552,
					"omitted":	false,
					"sender":	false
				}],
			"sum":	{
				"start":	3.007882,
				"end":	4.00502,
				"seconds":	0.997138023376465,
				"bytes":	1179254784,
				"bits_per_second":	9461115764.1495552,
				"omitted":	false,
				"sender":	false
			}
		}, {
			"streams":	[{
					"socket":	5,
					"start":	4.00502,
					"end":	5.01003,
					"seconds":	1.0050100088119507,
					"bytes":	1190526976,
					"bits_per_second":	9476737270.7649269,
					"omitted":	false,
					"sender":	false
				}],
			"sum":	{
				"start":	4.00502,
				"end":	5.01003,
				"seconds":	1.0050100088119507,
				"bytes":	1190526976,
				"bits_per_second":	9476737270.7649269,
				"omitted":	false,
				"sender":	false
			}
		}, {
			"streams":	[{
					"socket":	5,
					"start":	5.01003,
					"end":	6.010024,
					"seconds":	0.99999397993087769,
					"bytes":	1179910144,
					"bits_per_second":	9439337977.46709,
					"omitted":	false,
					"sender":	false
				}],
			"sum":	{
				"start":	5.01003,
				"end":	6.010024,
				"seconds":	0.99999397993087769,
				"bytes":	1179910144,
				"bits_per_second":	9439337977.46709,
				"omitted":	false,
				"sender":	false
			}
		}, {
			"streams":	[{
					"socket":	5,
					"start":	6.010024,
					"end":	7.008373,
					"seconds":	0.99834901094436646,
					"bytes":	1168769024,
					"bits_per_second":	9365614719.40101,
					"omitted":	false,
					"sender":	false
				}],
			"sum":	{
				"start":	6.010024,
				"end":	7.008373,
				"seconds":	0.99834901094436646,
				"bytes":	1168769024,
				"bits_per_second":	9365614719.40101,
				"omitted":	false,
				"sender":	false
			}
		}, {
			"streams":	[{
					"socket":	5,
					"start":	7.008373,
					"end":	8.005362,
					"seconds":	0.99698901176452637,
					"bytes":	1177944064,
					"bits_per_second":	9452012410.16857,
					"omitted":	false,
					"sender":	false
				}],
			"sum":	{
				"start":	7.008373,
				"end":	8.005362,
				"seconds":	0.99698901176452637,
				"bytes":	1177944064,
				"bits_per_second":	9452012410.16857,
				"omitted":	false,
				"sender":	false
			}
		}, {
			"streams":	[{
					"socket":	5,
					"start":	8.005362,
					"end":	9.007841,
					"seconds":	1.0024789571762085,
					"bytes":	1185808384,
					"bits_per_second":	9463008678.7273464,
					"omitted":	false,
					"sender":	false
				}],
			"sum":	{
				"start":	8.005362,
				"end":	9.007841,
				"seconds":	1.0024789571762085,
				"bytes":	1185808384,
				"bits_per_second":	9463008678.7273464,
				"omitted":	false,
				"sender":	false
			}
		}, {
			"streams":	[{
					"socket":	5,
					"start":	9.007841,
					"end":	10.010023,
					"seconds":	1.0021820068359375,
					"bytes":	1184890880,
					"bits_per_second":	9458488553.31902,
					"omitted":	false,
					"sender":	false
				}],
			"sum":	{
				"start":	9.007841,
				"end":	10.010023,
				"seconds":	1.0021820068359375,
				"bytes":	1184890880,
				"bits_per_second":	9458488553.31902,
				"omitted":	false,
				"sender":	false
			}
		}, {
			"streams":	[{
					"socket":	5,
					"start":	10.010023,
					"end":	11.009253,
					"seconds":	0.9992300271987915,
					"bytes":	1174536192,
					"bits_per_second":	9403529998.3340645,
					"omitted":	false,
					"sender":	false
				}],
			"sum":	{
				"start":	10.010023,
				"end":	11.009253,
				"seconds":	0.9992300271987915,
				"bytes":	1174536192,
				"bits_per_second":	9403529998.3340645,
				"omitted":	false,
				"sender":	false
			}
		}, {
			"streams":	[{
					"socket":	5,
					"start":	11.009253,
					"end":	12.010019,
					"seconds":	1.0007660388946533,
					"bytes":	1174274048,
					"bits_per_second":	9387001575.68885,
					"omitted":	false,
					"sender":	false
				}],
			"sum":	{
				"start":	11.009253,
				"end":	12.010019,
				"seconds":	1.0007660388946533,
				"bytes":	1174274048,
				"bits_per_second":	9387001575.68885,
				"omitted":	false,
				"sender":	false
			}
		}, {
			"streams":	[{
					"socket":	5,
					"start":	12.010019,
					"end":	13.009446,
					"seconds":	0.99942702054977417,
					"bytes":	1173094400,
					"bits_per_second":	9390135554.70768,
					"omitted":	false,
					"sender":	false
				}],
			"sum":	{
				"start":	12.010019,
				"end":	13.009446,
				"seconds":	0.99942702054977417,
				"bytes":	1173094400,
				"bits_per_second":	9390135554.70768,
				"omitted":	false,
				"sender":	false
			}
		}, {
			"streams":	[{
					"socket":	5,
					"start":	13.009446,
					"end":	14.004364,
					"seconds":	0.99491798877716064,
					"bytes":	1175322624,
					"bits_per_second":	9450609093.47571,
					"omitted":	false,
					"sender":	false
				}],
			"sum":	{
				"start":	13.009446,
				"end":	14.004364,
				"seconds":	0.99491798877716064,
				"bytes":	1175322624,
				"bits_per_second":	9450609093.47571,
				"omitted":	false,
				"sender":	false
			}
		}, {
			"streams":	[{
					"socket":	5,
					"start":	14.004364,
					"end":	15.007582,
					"seconds":	1.0032180547714233,
					"bytes":	1174929408,
					"bits_per_second":	9369284393.6521854,
					"omitted":	false,
					"sender":	false
				}],
			"sum":	{
				"start":	14.004364,
				"end":	15.007582,
				"seconds":	1.0032180547714233,
				"bytes":	1174929408,
				"bits_per_second":	9369284393.6521854,
				"omitted":	false,
				"sender":	false
			}
		}, {
			"streams":	[{
					"socket":	5,
					"start":	15.007582,
					"end":	16.010018,
					"seconds":	1.00243604183197,
					"bytes":	1170997248,
					"bits_per_second":	9345212655.0436554,
					"omitted":	false,
					"sender":	false
				}],