{
	"start":	{
		"connected":	[{
				"socket":	5,
				"local_host":	"10.100.102.149",
				"local_port":	51007,
				"remote_host":	"10.100.102.182",
				"remote_port":	5201
			}],
		"version":	"iperf 3.8.1 -  -- Apple version iperf3-117.100.3",
		"system_info":	"Darwin mimi-2.local 24.6.0 Darwin Kernel Version 24.6.0: Mon Jul 14 11:29:54 PDT 2025; root:xnu-11417.140.69~1/RELEASE_ARM64_T8122 arm64",
		"timestamp":	{
			"time":	"Sun, 31 Aug 2025 07:56:08 UTC",
			"timesecs":	1756626968
		},
		"connecting_to":	{
			"host":	"10.100.102.182",
			"port":	5201
		},
		"cookie":	"ifurnjkj3wylbmrqxth7kiteibvuy22pm4hl",
		"tcp_mss_default":	1448,
		"sock_bufsize":	0,
		"sndbuf_actual":	131072,
		"rcvbuf_actual":	131072,
		"test_start":	{
			"protocol":	"TCP",
			"num_streams":	1,
			"blksize":	131072,
			"omit":	0,
			"duration":	30,
			"bytes":	0,
			"blocks":	0,
			"reverse":	1,
			"tos":	0
		}
	},
	"intervals":	[{
			"streams":	[{
					"socket":	5,
					"start":	0,
					"end":	1.000004,
					"seconds":	1.0000040531158447,
					"bytes":	213776312,
					"bits_per_second":	1710203564.3468356,
					"omitted":	false,
					"sender":	false
				}],
			"sum":	{
				"start":	0,
				"end":	1.000004,
				"seconds":	1.0000040531158447,
				"bytes":	213776312,
				"bits_per_second":	1710203564.3468356,
				"omitted":	false,
				"sender":	false
			}
		}, {
			"streams":	[{
					"socket":	5,
					"start":	1.000004,
					"end":	2.000012,
					"seconds":	1.0000079870224,
					"bytes":	212625408,
					"bits_per_second":	1700989678.1573386,
					"omitted":	false,
					"sender":	false
				}],
			"sum":	{
				"start":	1.000004,
				"end":	2.000012,
				"seconds":	1.0000079870224,
				"bytes":	212625408,
				"bits_per_second":	1700989678.1573386,
				"omitted":	false,
				"sender":	false
			}
		}, {
			"streams":	[{
					"socket":	5,
					"start":	2.000012,
					"end":	3.000017,
					"seconds":	1.0000050067901611,
					"bytes":	209737280,
					"bits_per_second":	1677889839.1576619,
					"omitted":	false,
					"sender":	false
				}],
			"sum":	{
				"start":	2.000012,
				"end":	3.000017,
				"seconds":	1.0000050067901611,
				"bytes":	209737280,
				"bits_per_second":	1677889839.1576619,
				"omitted":	false,
				"sender":	false
			}
		}, {
			"streams":	[{
					"socket":	5,
					"start":	3.000017,
					"end":	4.000024,
					"seconds":	1.0000070333480835,
					"bytes":	214656896,
					"bits_per_second":	1717243090.0316038,
					"omitted":	false,
					"sender":	false
				}],
			"sum":	{
				"start":	3.000017,
				"end":	4.000024,
				"seconds":	1.0000070333480835,
				"bytes":	214656896,
				"bits_per_second":	1717243090.0316038,
				"omitted":	false,
				"sender":	false
			}
		}, {
			"streams":	[{
					"socket":	5,
					"start":	4.000024,
					"end":	5.000009,
					"seconds":	0.9999849796295166,
					"bytes":	212745784,
					"bits_per_second":	1701991836.5479448,
					"omitted":	false,
					"sender":	false
				}],
			"sum":	{
				"start":	4.000024,
				"end":	5.000009,
				"seconds":	0.9999849796295166,
				"bytes":	212745784,
				"bits_per_second":	1701991836.5479448,
				"omitted":	false,
				"sender":	false
			}
		}, {
			"streams":	[{
					"socket":	5,
					"start":	5.000009,
					"end":	6.000023,
					"seconds":	1.0000139474868774,
					"bytes":	213279568,
					"bits_per_second":	1706212746.6201065,
					"omitted":	false,
					"sender":	false
				}],
			"sum":	{
				"start":	5.000009,
				"end":	6.000023,
				"seconds":	1.0000139474868774,
				"bytes":	213279568,
				"bits_per_second":	1706212746.6201065,
				"omitted":	false,
				"sender":	false
			}
		}, {
			"streams":	[{
					"socket":	5,
					"start":	6.000023,
					"end":	7.000016,
					"seconds":	0.99999302625656128,
					"bytes":	215143200,
					"bits_per_second":	1721157602.91154,
					"omitted":	false,
					"sender":	false
				}],
			"sum":	{
				"start":	6.000023,
				"end":	7.000016,
				"seconds":	0.99999302625656128,
				"bytes":	215143200,
				"bits_per_second":	1721157602.91154,
				"omitted":	false,
				"sender":	false
			}
		}, {
			"streams":	[{
					"socket":	5,
					"start":	7.000016,
					"end":	8.000018,
					"seconds":	1.0000020265579224,
					"bytes":	213405960,
					"bits_per_second":	1707244220.1707,
					"omitted":	false,
					"sender":	false
				}],
			"sum":	{
				"start":	7.000016,
				"end":	8.000018,
				"seconds":	1.0000020265579224,
				"bytes":	213405960,
				"bits_per_second":	1707244220.1707,
				"omitted":	false,
				"sender":	false
			}
		}, {
			"streams":	[{
					"socket":	5,
					"start":	8.000018,
					"end":	9.000008,
					"seconds":	0.99998998641967773,
					"bytes":	212766144,
					"bits_per_second":	1702146196.5776596,
					"omitted":	false,
					"sender":	false
				}],
			"sum":	{
				"start":	8.000018,
				"end":	9.000008,
				"seconds":	0.99998998641967773,
				"bytes":	212766144,
				"bits_per_second":	1702146196.5776596,
				"omitted":	false,
				"sender":	false
			}
		}, {
			"streams":	[{
					"socket":	5,
					"start":	9.000008,
					"end":	10.000008,
					"seconds":	1,
					"bytes":	214892416,
					"bits_per_second":	1719139328,
					"omitted":	false,
					"sender":	false
				}],
			"sum":	{
				"start":	9.000008,
				"end":	10.000008,
				"seconds":	1,
				"bytes":	214892416,
				"bits_per_second":	1719139328,
				"omitted":	false,
				"sender":	false
			}
		}, {
			"streams":	[{
					"socket":	5,
					"start":	10.000008,
					"end":	11.000024,
					"seconds":	1.0000159740448,
					"bytes":	213086512,
					"bits_per_second":	1704664865.6070681,
					"omitted":	false,
					"sender":	false
				}],
			"sum":	{
				"start":	10.000008,
				"end":	11.000024,
				"seconds":	1.0000159740448,
				"bytes":	213086512,
				"bits_per_second":	1704664865.6070681,
				"omitted":	false,
				"sender":	false
			}
		}, {
			"streams":	[{
					"socket":	5,
					"start":	11.000024,
					"end":	12.000008,
					"seconds":	0.9999840259552002,
					"bytes":	212618304,
					"bits_per_second":	1700973603.4285445,
					"omitted":	false,
					"sender":	false
				}],
			"sum":	{
				"start":	11.000024,
				"end":	12.000008,
				"seconds":	0.9999840259552002,
				"bytes":	212618304,
				"bits_per_second":	1700973603.4285445,
				"omitted":	false,
				"sender":	false
			}
		}, {
			"streams":	[{
					"socket":	5,
					"start":	12.000008,
					"end":	13.000005,
					"seconds":	0.99999701976776123,
					"bytes":	214156080,
					"bits_per_second":	1713253745.8940468,
					"omitted":	false,
					"sender":	false
				}],
			"sum":	{
				"start":	12.000008,
				"end":	13.000005,
				"seconds":	0.99999701976776123,
				"bytes":	214156080,
				"bits_per_second":	1713253745.8940468,
				"omitted":	false,
				"sender":	false
			}
		}, {
			"streams":	[{
					"socket":	5,
					"start":	13.000005,
					"end":	14.000023,
					"seconds":	1.0000180006027222,
					"bytes":	215842864,
					"bits_per_second":	1726711830.14633,
					"omitted":	false,
					"sender":	false
				}],
			"sum":	{
				"start":	13.000005,
				"end":	14.000023,
				"seconds":	1.0000180006027222,
				"bytes":	215842864,
				"bits_per_second":	1726711830.14633,
				"omitted":	false,
				"sender":	false
			}
		}, {
			"streams":	[{
					"socket":	5,
					"start":	14.000023,
					"end":	15.000003,
					"seconds":	0.99997997283935547,
					"bytes":	213105112,
					"bits_per_second":	1704875039.8063011,
					"omitted":	false,
					"sender":	false
				}],
			"sum":	{
				"start":	14.000023,
				"end":	15.000003,
				"seconds":	0.99997997283935547,
				"bytes":	213105112,
				"bits_per_second":	1704875039.8063011,
				"omitted":	false,
				"sender":	false
			}
		}, {
			"streams":	[{
					"socket":	5,
					"start":	15.000003,
					"end":	16.000011,
					"seconds":	1.0000079870224,
					"bytes":	212851512,
					"bits_per_second":	1702798495.7102723,
					"omitted":	false,
					"sender":	false
				}],
			"sum":	{
				"start":	15.000003,
				"end":	16.000011,
				"seconds":	1.0000079870224,
				"bytes":	212851512,