{
	"start":	{
		"connected":	[{
				"socket":	5,
				"local_host":	"10.100.102.151",
				"local_port":	50731,
				"remote_host":	"10.100.102.161",
				"remote_port":	5201
			}],
		"version":	"iperf 3.19.1",
		"system_info":	"Darwin space-gray.local 24.6.0 Darwin Kernel Version 24.6.0: Mon Jul 14 11:30:30 PDT 2025; root:xnu-11417.140.69~1/RELEASE_ARM64_T6020 arm64",
		"timestamp":	{
			"time":	"Sun, 31 Aug 2025 07:06:24 UTC",
			"timesecs":	1756623984
		},
		"connecting_to":	{
			"host":	"10.100.102.161",
			"port":	5201
		},
		"cookie":	"p52qqtwq2rpbazok2cqhzso6hq4bjnz5banl",
		"tcp_mss_default":	1448,
		"target_bitrate":	0,
		"fq_rate":	0,
		"sock_bufsize":	0,
		"sndbuf_actual":	131072,
		"rcvbuf_actual":	131072,
		"test_start":	{
			"protocol":	"TCP",
			"num_streams":	1,
			"blksize":	131072,
			"omit":	0,
			"duration":	30,
			"bytes":	0,
			"blocks":	0,
			"reverse":	0,
			"tos":	0,
			"target_bitrate":	0,
			"bidir":	0,
			"fqrate":	0,
			"interval":	1
		}
	},
	"intervals":	[{
			"streams":	[{
					"socket":	5,
					"start":	0,
					"end":	1.005014,
					"seconds":	1.0050139427185059,
					"bytes":	326369280,
					"bits_per_second":	2597928375.9362745,
					"omitted":	false,
					"sender":	true
				}],
			"sum":	{
				"start":	0,
				"end":	1.005014,
				"seconds":	1.0050139427185059,
				"bytes":	326369280,
				"bits_per_second":	2597928375.9362745,
				"omitted":	false,
				"sender":	true
			}
		}, {
			"streams":	[{
					"socket":	5,
					"start":	1.005014,
					"end":	2.005009,
					"seconds":	0.999994993209839,
					"bytes":	328990720,
					"bits_per_second":	2631938937.5659771,
					"omitted":	false,
					"sender":	true
				}],
			"sum":	{
				"start":	1.005014,
				"end":	2.005009,
				"seconds":	0.999994993209839,
				"bytes":	328990720,
				"bits_per_second":	2631938937.5659771,
				"omitted":	false,
				"sender":	true
			}
		}, {
			"streams":	[{
					"socket":	5,
					"start":	2.005009,
					"end":	3.005006,
					"seconds":	0.99999701976776123,
					"bytes":	328859648,
					"bits_per_second":	2630885024.6483669,
					"omitted":	false,
					"sender":	true
				}],
			"sum":	{
				"start":	2.005009,
				"end":	3.005006,
				"seconds":	0.99999701976776123,
				"bytes":	328859648,
				"bits_per_second":	2630885024.6483669,
				"omitted":	false,
				"sender":	true
			}
		}, {
			"streams":	[{
					"socket":	5,
					"start":	3.005006,
					"end":	4.005007,
					"seconds":	1.0000009536743164,
					"bytes":	331481088,
					"bits_per_second":	2651846175.0024118,
					"omitted":	false,
					"sender":	true
				}],
			"sum":	{
				"start":	3.005006,
				"end":	4.005007,
				"seconds":	1.0000009536743164,
				"bytes":	331481088,
				"bits_per_second":	2651846175.0024118,
				"omitted":	false,
				"sender":	true
			}
		}, {
			"streams":	[{
					"socket":	5,
					"start":	4.005007,
					"end":	5.005007,
					"seconds":	1,
					"bytes":	326500352,
					"bits_per_second":	2612002816,
					"omitted":	false,
					"sender":	true
				}],
			"sum":	{
				"start":	4.005007,
				"end":	5.005007,
				"seconds":	1,
				"bytes":	326500352,
				"bits_per_second":	2612002816,
				"omitted":	false,
				"sender":	true
			}
		}, {
			"streams":	[{
					"socket":	5,
					"start":	5.005007,
					"end":	6.00501,
					"seconds":	1.0000029802322388,
					"bytes":	330694656,
					"bits_per_second":	2645549363.6484971,
					"omitted":	false,
					"sender":	true
				}],
			"sum":	{
				"start":	5.005007,
				"end":	6.00501,
				"seconds":	1.0000029802322388,
				"bytes":	330694656,
				"bits_per_second":	2645549363.6484971,
				"omitted":	false,
				"sender":	true
			}
		}, {
			"streams":	[{
					"socket":	5,
					"start":	6.00501,
					"end":	7.005003,
					"seconds":	0.99999302625656128,
					"bytes":	331218944,
					"bits_per_second":	2649770030.8163667,
					"omitted":	false,
					"sender":	true
				}],
			"sum":	{
				"start":	6.00501,
				"end":	7.005003,
				"seconds":	0.99999302625656128,
				"bytes":	331218944,
				"bits_per_second":	2649770030.8163667,
				"omitted":	false,
				"sender":	true
			}
		}, {
			"streams":	[{
					"socket":	5,
					"start":	7.005003,
					"end":	8.005006,
					"seconds":	1.0000029802322388,
					"bytes":	332267520,
					"bits_per_second":	2658132238.1486092,
					"omitted":	false,
					"sender":	true
				}],
			"sum":	{
				"start":	7.005003,
				"end":	8.005006,
				"seconds":	1.0000029802322388,
				"bytes":	332267520,
				"bits_per_second":	2658132238.1486092,
				"omitted":	false,
				"sender":	true
			}
		}, {
			"streams":	[{
					"socket":	5,
					"start":	8.005006,
					"end":	9.005006,
					"seconds":	1,
					"bytes":	332398592,
					"bits_per_second":	2659188736,
					"omitted":	false,
					"sender":	true
				}],
			"sum":	{
				"start":	8.005006,
				"end":	9.005006,
				"seconds":	1,
				"bytes":	332398592,
				"bits_per_second":	2659188736,
				"omitted":	false,
				"sender":	true
			}
		}, {
			"streams":	[{
					"socket":	5,
					"start":	9.005006,
					"end":	10.005016,
					"seconds":	1.0000100135803223,
					"bytes":	334757888,
					"bits_per_second":	2678036287.2685313,
					"omitted":	false,
					"sender":	true
				}],
			"sum":	{
				"start":	9.005006,
				"end":	10.005016,
				"seconds":	1.0000100135803223,
				"bytes":	334757888,
				"bits_per_second":	2678036287.2685313,
				"omitted":	false,
				"sender":	true
			}
		}, {
			"streams":	[{
					"socket":	5,
					"start":	10.005016,
					"end":	11.005007,
					"seconds":	0.999990999698639,
					"bytes":	332398592,
					"bits_per_second":	2659212669.71541,
					"omitted":	false,
					"sender":	true
				}],
			"sum":	{
				"start":	10.005016,
				"end":	11.005007,
				"seconds":	0.999990999698639,
				"bytes":	332398592,
				"bits_per_second":	2659212669.71541,
				"omitted":	false,
				"sender":	true
			}
		}, {
			"streams":	[{
					"socket":	5,
					"start":	11.005007,
					"end":	12.005009,
					"seconds":	1.0000020265579224,
					"bytes":	326631424,
					"bits_per_second":	2613046096.5107317,
					"omitted":	false,
					"sender":	true
				}],
			"sum":	{
				"start":	11.005007,
				"end":	12.005009,
				"seconds":	1.0000020265579224,
				"bytes":	326631424,
				"bits_per_second":	2613046096.5107317,
				"omitted":	false,
				"sender":	true
			}
		}, {
			"streams":	[{
					"socket":	5,
					"start":	12.005009,
					"end":	13.005005,
					"seconds":	0.9999960064888,
					"bytes":	329777152,
					"bits_per_second":	2638227751.7920747,
					"omitted":	false,
					"sender":	true
				}],
			"sum":	{
				"start":	12.005009,
				"end":	13.005005,
				"seconds":	0.9999960064888,
				"bytes":	329777152,
				"bits_per_second":	2638227751.7920747,
				"omitted":	false,
				"sender":	true
			}
		}, {
			"streams":	[{
					"socket":	5,
					"start":	13.005005,
					"end":	14.001109,
					"seconds":	0.99610400199890137,
					"bytes":	324665344,
					"bits_per_second":	2607481494.6912189,
					"omitted":	false,
					"sender":	true
				}],
			"sum":	{
				"start":	13.005005,
				"end":	14.001109,
				"seconds":	0.99610400199890137,
				"bytes":	324665344,
				"bits_per_second":	2607481494.6912189,
				"omitted":	false,
				"sender":	true
			}
		}, {
			"streams":	[{
					"socket":	5,
					"start":	14.001109,
					"end":	15.005011,
					"seconds":	1.0039019584655762,
					"bytes":	331087872,
					"bits_per_second":	2638408017.50047,
					"omitted":	false,
					"sender":	true
				}],
			"sum":	{
				"start":	14.001109,
				"end":	15.005011,
				"seconds":	1.0039019584655762,
				"bytes":	331087872,
				"bits_per_second":	2638408017.50047,
				"omitted":	false,
				"sender":	true
			}
		}, {
			"streams":	[{
					"socket":	5,
					"start":	15.005011,
					"end":	16.005009,
					"seconds":	0.99999797344207764,
					"bytes":	329383936,
					"bits_per_second":	2635076828.1358223,
					"omitted":	false,
					"sender":	true
				}],
			"sum":	{
				"start":	15.005011,
				"end":	16.005009,
				"seconds":	0.99999797344207764,
				"bytes":	329383936,