{
	"start":	{
		"connected":	[{
				"socket":	5,
				"local_host":	"10.100.102.151",
				"local_port":	49388,
				"remote_host":	"10.100.102.161",
				"remote_port":	5201
			}],
		"version":	"iperf 3.18",
		"system_info":	"Darwin space-gray.local 24.3.0 Darwin Kernel Version 24.3.0: Thu Jan  2 20:24:23 PST 2025; root:xnu-11215.81.4~3/RELEASE_ARM64_T6020 arm64",
		"timestamp":	{
			"time":	"Sat, 22 Feb 2025 14:26:23 UTC",
			"timesecs":	1740234383
		},
		"connecting_to":	{
			"host":	"10.100.102.161",
			"port":	5201
		},
		"cookie":	"pb3uqbndjn2qipd2x6xezd6avtxyvxupncze",
		"tcp_mss_default":	1448,
		"target_bitrate":	0,
		"fq_rate":	0,
		"sock_bufsize":	0,
		"sndbuf_actual":	131072,
		"rcvbuf_actual":	131072,
		"test_start":	{
			"protocol":	"TCP",
			"num_streams":	1,
			"blksize":	131072,
			"omit":	0,
			"duration":	30,
			"bytes":	0,
			"blocks":	0,
			"reverse":	0,
			"tos":	0,
			"target_bitrate":	0,
			"bidir":	0,
			"fqrate":	0,
			"interval":	1
		}
	},
	"intervals":	[{
			"streams":	[{
					"socket":	5,
					"start":	0,
					"end":	1.010007,
					"seconds":	1.01000702381134,
					"bytes":	1431699456,
					"bits_per_second":	11340114848.685867,
					"omitted":	false,
					"sender":	true
				}],
			"sum":	{
				"start":	0,
				"end":	1.010007,
				"seconds":	1.01000702381134,
				"bytes":	1431699456,
				"bits_per_second":	11340114848.685867,
				"omitted":	false,
				"sender":	true
			}
		}, {
			"streams":	[{
					"socket":	5,
					"start":	1.010007,
					"end":	2.00687,
					"seconds":	0.99686300754547119,
					"bytes":	1452277760,
					"bits_per_second":	11654783046.475965,
					"omitted":	false,
					"sender":	true
				}],
			"sum":	{
				"start":	1.010007,
				"end":	2.00687,
				"seconds":	0.99686300754547119,
				"bytes":	1452277760,
				"bits_per_second":	11654783046.475965,
				"omitted":	false,
				"sender":	true
			}
		}, {
			"streams":	[{
					"socket":	5,
					"start":	2.00687,
					"end":	3.010001,
					"seconds":	1.0031310319900513,
					"bytes":	1503526912,
					"bits_per_second":	11990672118.016275,
					"omitted":	false,
					"sender":	true
				}],
			"sum":	{
				"start":	2.00687,
				"end":	3.010001,
				"seconds":	1.0031310319900513,
				"bytes":	1503526912,
				"bits_per_second":	11990672118.016275,
				"omitted":	false,
				"sender":	true
			}
		}, {
			"streams":	[{
					"socket":	5,
					"start":	3.010001,
					"end":	4.008216,
					"seconds":	0.99821501970291138,
					"bytes":	1477967872,
					"bits_per_second":	11844885863.888304,
					"omitted":	false,
					"sender":	true
				}],
			"sum":	{
				"start":	3.010001,
				"end":	4.008216,
				"seconds":	0.99821501970291138,
				"bytes":	1477967872,
				"bits_per_second":	11844885863.888304,
				"omitted":	false,
				"sender":	true
			}
		}, {
			"streams":	[{
					"socket":	5,
					"start":	4.008216,
					"end":	5.010006,
					"seconds":	1.0017900466918945,
					"bytes":	1466433536,
					"bits_per_second":	11710505935.589586,
					"omitted":	false,
					"sender":	true
				}],
			"sum":	{
				"start":	4.008216,
				"end":	5.010006,
				"seconds":	1.0017900466918945,
				"bytes":	1466433536,
				"bits_per_second":	11710505935.589586,
				"omitted":	false,
				"sender":	true
			}
		}, {
			"streams":	[{
					"socket":	5,
					"start":	5.010006,
					"end":	6.010002,
					"seconds":	0.9999960064888,
					"bytes":	1478230016,
					"bits_per_second":	11825887354.8136,
					"omitted":	false,
					"sender":	true
				}],
			"sum":	{
				"start":	5.010006,
				"end":	6.010002,
				"seconds":	0.9999960064888,
				"bytes":	1478230016,
				"bits_per_second":	11825887354.8136,
				"omitted":	false,
				"sender":	true
			}
		}, {
			"streams":	[{
					"socket":	5,
					"start":	6.010002,
					"end":	7.010002,
					"seconds":	1,
					"bytes":	1456209920,
					"bits_per_second":	11649679360,
					"omitted":	false,
					"sender":	true
				}],
			"sum":	{
				"start":	6.010002,
				"end":	7.010002,
				"seconds":	1,
				"bytes":	1456209920,
				"bits_per_second":	11649679360,
				"omitted":	false,
				"sender":	true
			}
		}, {
			"streams":	[{
					"socket":	5,
					"start":	7.010002,
					"end":	8.009354,
					"seconds":	0.999351978302002,
					"bytes":	1427505152,
					"bits_per_second":	11427446449.251825,
					"omitted":	false,
					"sender":	true
				}],
			"sum":	{
				"start":	7.010002,
				"end":	8.009354,
				"seconds":	0.999351978302002,
				"bytes":	1427505152,
				"bits_per_second":	11427446449.251825,
				"omitted":	false,
				"sender":	true
			}
		}, {
			"streams":	[{
					"socket":	5,
					"start":	8.009354,
					"end":	9.010002,
					"seconds":	1.000648021697998,
					"bytes":	1444151296,
					"bits_per_second":	11545728485.422253,
					"omitted":	false,
					"sender":	true
				}],
			"sum":	{
				"start":	8.009354,
				"end":	9.010002,
				"seconds":	1.000648021697998,
				"bytes":	1444151296,
				"bits_per_second":	11545728485.422253,
				"omitted":	false,
				"sender":	true
			}
		}, {
			"streams":	[{
					"socket":	5,
					"start":	9.010002,
					"end":	10.010002,
					"seconds":	1,
					"bytes":	1456472064,
					"bits_per_second":	11651776512,
					"omitted":	false,
					"sender":	true
				}],
			"sum":	{
				"start":	9.010002,
				"end":	10.010002,
				"seconds":	1,
				"bytes":	1456472064,
				"bits_per_second":	11651776512,
				"omitted":	false,
				"sender":	true
			}
		}, {
			"streams":	[{
					"socket":	5,
					"start":	10.010002,
					"end":	11.010004,
					"seconds":	1.0000020265579224,
					"bytes":	1494745088,
					"bits_per_second":	11957936470.54911,
					"omitted":	false,
					"sender":	true
				}],
			"sum":	{
				"start":	10.010002,
				"end":	11.010004,
				"seconds":	1.0000020265579224,
				"bytes":	1494745088,
				"bits_per_second":	11957936470.54911,
				"omitted":	false,
				"sender":	true
			}
		}, {
			"streams":	[{
					"socket":	5,
					"start":	11.010004,
					"end":	12.010011,
					"seconds":	1.0000070333480835,
					"bytes":	1485963264,
					"bits_per_second":	11887622502.213057,
					"omitted":	false,
					"sender":	true
				}],
			"sum":	{
				"start":	11.010004,
				"end":	12.010011,
				"seconds":	1.0000070333480835,
				"bytes":	1485963264,
				"bits_per_second":	11887622502.213057,
				"omitted":	false,
				"sender":	true
			}
		}, {
			"streams":	[{
					"socket":	5,
					"start":	12.010011,
					"end":	13.010006,
					"seconds":	0.999994993209839,
					"bytes":	1482162176,
					"bits_per_second":	11857356775.297239,
					"omitted":	false,
					"sender":	true
				}],
			"sum":	{
				"start":	12.010011,
				"end":	13.010006,
				"seconds":	0.999994993209839,
				"bytes":	1482162176,
				"bits_per_second":	11857356775.297239,
				"omitted":	false,
				"sender":	true
			}
		}, {
			"streams":	[{
					"socket":	5,
					"start":	13.010006,
					"end":	14.006819,
					"seconds":	0.99681299924850464,
					"bytes":	1455423488,
					"bits_per_second":	11680614029.690552,
					"omitted":	false,
					"sender":	true
				}],
			"sum":	{
				"start":	13.010006,
				"end":	14.006819,
				"seconds":	0.99681299924850464,
				"bytes":	1455423488,
				"bits_per_second":	11680614029.690552,
				"omitted":	false,
				"sender":	true
			}
		}, {
			"streams":	[{
					"socket":	5,
					"start":	14.006819,
					"end":	15.005776,
					"seconds":	0.99895697832107544,
					"bytes":	1468137472,
					"bits_per_second":	11757362960.454739,
					"omitted":	false,
					"sender":	true
				}],
			"sum":	{
				"start":	14.006819,
				"end":	15.005776,
				"seconds":	0.99895697832107544,
				"bytes":	1468137472,
				"bits_per_second":	11757362960.454739,
				"omitted":	false,
				"sender":	true
			}
		}, {
			"streams":	[{
					"socket":	5,
					"start":	15.005776,
					"end":	16.004712,
					"seconds":	0.9989359974861145,
					"bytes":	1485176832,
					"bits_per_second":	11894069976.355171,
					"omitted":	false,
					"sender":	true
				}],
			"sum":	{
				"start":	15.005776,
				"end":	16.004712,
				"seconds":	0.9989359974861145,
				"bytes":	1485176832,