{
	"start":	{
		"connected":	[{
				"socket":	5,
				"local_host":	"10.37.130.1",
				"local_port":	49438,
				"remote_host":	"10.37.130.3",
				"remote_port":	5201
			}],
		"version":	"iperf 3.18",
		"system_info":	"Darwin space-gray.local 24.3.0 Darwin Kernel Version 24.3.0: Thu Jan  2 20:24:23 PST 2025; root:xnu-11215.81.4~3/RELEASE_ARM64_T6020 arm64",
		"timestamp":	{
			"time":	"Sat, 22 Feb 2025 14:36:15 UTC",
			"timesecs":	1740234975
		},
		"connecting_to":	{
			"host":	"10.37.130.3",
			"port":	5201
		},
		"cookie":	"lttmwr4gfqhertyj6fkdjgnddx3fuifqh3kx",
		"tcp_mss_default":	1448,
		"target_bitrate":	0,
		"fq_rate":	0,
		"sock_bufsize":	0,
		"sndbuf_actual":	131072,
		"rcvbuf_actual":	131072,
		"test_start":	{
			"protocol":	"TCP",
			"num_streams":	1,
			"blksize":	131072,
			"omit":	0,
			"duration":	30,
			"bytes":	0,
			"blocks":	0,
			"reverse":	0,
			"tos":	0,
			"target_bitrate":	0,
			"bidir":	0,
			"fqrate":	0,
			"interval":	1
		}
	},
	"intervals":	[{
			"streams":	[{
					"socket":	5,
					"start":	0,
					"end":	1.010006,
					"seconds":	1.0100059509277344,
					"bytes":	333053952,
					"bits_per_second":	2638035561.6247644,
					"omitted":	false,
					"sender":	true
				}],
			"sum":	{
				"start":	0,
				"end":	1.010006,
				"seconds":	1.0100059509277344,
				"bytes":	333053952,
				"bits_per_second":	2638035561.6247644,
				"omitted":	false,
				"sender":	true
			}
		}, {
			"streams":	[{
					"socket":	5,
					"start":	1.010006,
					"end":	2.010008,
					"seconds":	1.0000020265579224,
					"bytes":	326893568,
					"bits_per_second":	2615143244.26074,
					"omitted":	false,
					"sender":	true
				}],
			"sum":	{
				"start":	1.010006,
				"end":	2.010008,
				"seconds":	1.0000020265579224,
				"bytes":	326893568,
				"bits_per_second":	2615143244.26074,
				"omitted":	false,
				"sender":	true
			}
		}, {
			"streams":	[{
					"socket":	5,
					"start":	2.010008,
					"end":	3.010008,
					"seconds":	1,
					"bytes":	329646080,
					"bits_per_second":	2637168640,
					"omitted":	false,
					"sender":	true
				}],
			"sum":	{
				"start":	2.010008,
				"end":	3.010008,
				"seconds":	1,
				"bytes":	329646080,
				"bits_per_second":	2637168640,
				"omitted":	false,
				"sender":	true
			}
		}, {
			"streams":	[{
					"socket":	5,
					"start":	3.010008,
					"end":	4.01001,
					"seconds":	1.0000020265579224,
					"bytes":	328466432,
					"bits_per_second":	2627726130.7607918,
					"omitted":	false,
					"sender":	true
				}],
			"sum":	{
				"start":	3.010008,
				"end":	4.01001,
				"seconds":	1.0000020265579224,
				"bytes":	328466432,
				"bits_per_second":	2627726130.7607918,
				"omitted":	false,
				"sender":	true
			}
		}, {
			"streams":	[{
					"socket":	5,
					"start":	4.01001,
					"end":	5.010013,
					"seconds":	1.0000029802322388,
					"bytes":	327942144,
					"bits_per_second":	2623529333.2733016,
					"omitted":	false,
					"sender":	true
				}],
			"sum":	{
				"start":	4.01001,
				"end":	5.010013,
				"seconds":	1.0000029802322388,
				"bytes":	327942144,
				"bits_per_second":	2623529333.2733016,
				"omitted":	false,
				"sender":	true
			}
		}, {
			"streams":	[{
					"socket":	5,
					"start":	5.010013,
					"end":	6.010009,
					"seconds":	0.9999960064888,
					"bytes":	327024640,
					"bits_per_second":	2616207567.8542237,
					"omitted":	false,
					"sender":	true
				}],
			"sum":	{
				"start":	5.010013,
				"end":	6.010009,
				"seconds":	0.9999960064888,
				"bytes":	327024640,
				"bits_per_second":	2616207567.8542237,
				"omitted":	false,
				"sender":	true
			}
		}, {
			"streams":	[{
					"socket":	5,
					"start":	6.010009,
					"end":	7.010006,
					"seconds":	0.99999701976776123,
					"bytes":	327024640,
					"bits_per_second":	2616204916.8982368,
					"omitted":	false,
					"sender":	true
				}],
			"sum":	{
				"start":	6.010009,
				"end":	7.010006,
				"seconds":	0.99999701976776123,
				"bytes":	327024640,
				"bits_per_second":	2616204916.8982368,
				"omitted":	false,
				"sender":	true
			}
		}, {
			"streams":	[{
					"socket":	5,
					"start":	7.010006,
					"end":	8.01001,
					"seconds":	1.0000040531158447,
					"bytes":	326369280,
					"bits_per_second":	2610943657.542892,
					"omitted":	false,
					"sender":	true
				}],
			"sum":	{
				"start":	7.010006,
				"end":	8.01001,
				"seconds":	1.0000040531158447,
				"bytes":	326369280,
				"bits_per_second":	2610943657.542892,
				"omitted":	false,
				"sender":	true
			}
		}, {
			"streams":	[{
					"socket":	5,
					"start":	8.01001,
					"end":	9.010005,
					"seconds":	0.999994993209839,
					"bytes":	328204288,
					"bits_per_second":	2625647450.06582,
					"omitted":	false,
					"sender":	true
				}],
			"sum":	{
				"start":	8.01001,
				"end":	9.010005,
				"seconds":	0.999994993209839,
				"bytes":	328204288,
				"bits_per_second":	2625647450.06582,
				"omitted":	false,
				"sender":	true
			}
		}, {
			"streams":	[{
					"socket":	5,
					"start":	9.010005,
					"end":	10.010012,
					"seconds":	1.0000070333480835,
					"bytes":	327680000,
					"bits_per_second":	2621421562.6296763,
					"omitted":	false,
					"sender":	true
				}],
			"sum":	{
				"start":	9.010005,
				"end":	10.010012,
				"seconds":	1.0000070333480835,
				"bytes":	327680000,
				"bits_per_second":	2621421562.6296763,
				"omitted":	false,
				"sender":	true
			}
		}, {
			"streams":	[{
					"socket":	5,
					"start":	10.010012,
					"end":	11.010003,
					"seconds":	0.999990999698639,
					"bytes":	327548928,
					"bits_per_second":	2620415008.5247679,
					"omitted":	false,
					"sender":	true
				}],
			"sum":	{
				"start":	10.010012,
				"end":	11.010003,
				"seconds":	0.999990999698639,
				"bytes":	327548928,
				"bits_per_second":	2620415008.5247679,
				"omitted":	false,
				"sender":	true
			}
		}, {
			"streams":	[{
					"socket":	5,
					"start":	11.010003,
					"end":	12.010008,
					"seconds":	1.0000050067901611,
					"bytes":	327286784,
					"bits_per_second":	2618281162.8156347,
					"omitted":	false,
					"sender":	true
				}],
			"sum":	{
				"start":	11.010003,
				"end":	12.010008,
				"seconds":	1.0000050067901611,
				"bytes":	327286784,
				"bits_per_second":	2618281162.8156347,
				"omitted":	false,
				"sender":	true
			}
		}, {
			"streams":	[{
					"socket":	5,
					"start":	12.010008,
					"end":	13.010009,
					"seconds":	1.0000009536743164,
					"bytes":	327680000,
					"bits_per_second":	2621437500.0023842,
					"omitted":	false,
					"sender":	true
				}],
			"sum":	{
				"start":	12.010008,
				"end":	13.010009,
				"seconds":	1.0000009536743164,
				"bytes":	327680000,
				"bits_per_second":	2621437500.0023842,
				"omitted":	false,
				"sender":	true
			}
		}, {
			"streams":	[{
					"socket":	5,
					"start":	13.010009,
					"end":	14.010007,
					"seconds":	0.99999797344207764,
					"bytes":	330825728,
					"bits_per_second":	2646611187.51087,
					"omitted":	false,
					"sender":	true
				}],
			"sum":	{
				"start":	13.010009,
				"end":	14.010007,
				"seconds":	0.99999797344207764,
				"bytes":	330825728,
				"bits_per_second":	2646611187.51087,
				"omitted":	false,
				"sender":	true
			}
		}, {
			"streams":	[{
					"socket":	5,
					"start":	14.010007,
					"end":	15.010012,
					"seconds":	1.0000050067901611,
					"bytes":	327811072,
					"bits_per_second":	2622475445.81574,
					"omitted":	false,
					"sender":	true
				}],
			"sum":	{
				"start":	14.010007,
				"end":	15.010012,
				"seconds":	1.0000050067901611,
				"bytes":	327811072,
				"bits_per_second":	2622475445.81574,
				"omitted":	false,
				"sender":	true
			}
		}, {
			"streams":	[{
					"socket":	5,
					"start":	15.010012,
					"end":	16.010012,
					"seconds":	1,
					"bytes":	327548928,
					"bits_per_second":	2620391424,
					"omitted":	false,
					"sender":	true
				}],
			"sum":	{
				"start":	15.010012,
				"end":	16.010012,
				"seconds":	1,
				"bytes":	327548928,
				"bits_per_second":	2620391424,