{
	"start":	{
		"connected":	[{
				"socket":	5,
				"local_host":	"10.37.130.1",
				"local_port":	49440,
				"remote_host":	"10.37.130.3",
				"remote_port":	5201
			}],
		"version":	"iperf 3.18",
		"system_info":	"Darwin space-gray.local 24.3.0 Darwin Kernel Version 24.3.0: Thu Jan  2 20:24:23 PST 2025; root:xnu-11215.81.4~3/RELEASE_ARM64_T6020 arm64",
		"timestamp":	{
			"time":	"Sat, 22 Feb 2025 14:36:45 UTC",
			"timesecs":	1740235005
		},
		"connecting_to":	{
			"host":	"10.37.130.3",
			"port":	5201
		},
		"cookie":	"xhxc2cxriekoi7pz4dlzmiryw6k7ewcwfaxh",
		"tcp_mss_default":	1448,
		"target_bitrate":	0,
		"fq_rate":	0,
		"sock_bufsize":	0,
		"sndbuf_actual":	131072,
		"rcvbuf_actual":	131072,
		"test_start":	{
			"protocol":	"TCP",
			"num_streams":	1,
			"blksize":	131072,
			"omit":	0,
			"duration":	30,
			"bytes":	0,
			"blocks":	0,
			"reverse":	1,
			"tos":	0,
			"target_bitrate":	0,
			"bidir":	0,
			"fqrate":	0,
			"interval":	1
		}
	},
	"intervals":	[{
			"streams":	[{
					"socket":	5,
					"start":	0,
					"end":	1.010011,
					"seconds":	1.0100109577178955,
					"bytes":	471728128,
					"bits_per_second":	3736419882.5395923,
					"omitted":	false,
					"sender":	false
				}],
			"sum":	{
				"start":	0,
				"end":	1.010011,
				"seconds":	1.0100109577178955,
				"bytes":	471728128,
				"bits_per_second":	3736419882.5395923,
				"omitted":	false,
				"sender":	false
			}
		}, {
			"streams":	[{
					"socket":	5,
					"start":	1.010011,
					"end":	2.010012,
					"seconds":	1.0000009536743164,
					"bytes":	463208448,
					"bits_per_second":	3705664050.00337,
					"omitted":	false,
					"sender":	false
				}],
			"sum":	{
				"start":	1.010011,
				"end":	2.010012,
				"seconds":	1.0000009536743164,
				"bytes":	463208448,
				"bits_per_second":	3705664050.00337,
				"omitted":	false,
				"sender":	false
			}
		}, {
			"streams":	[{
					"socket":	5,
					"start":	2.010012,
					"end":	3.010009,
					"seconds":	0.99999701976776123,
					"bytes":	463601664,
					"bits_per_second":	3708824365.1579409,
					"omitted":	false,
					"sender":	false
				}],
			"sum":	{
				"start":	2.010012,
				"end":	3.010009,
				"seconds":	0.99999701976776123,
				"bytes":	463601664,
				"bits_per_second":	3708824365.1579409,
				"omitted":	false,
				"sender":	false
			}
		}, {
			"streams":	[{
					"socket":	5,
					"start":	3.010009,
					"end":	4.010012,
					"seconds":	1.0000029802322388,
					"bytes":	462159872,
					"bits_per_second":	3697267957.2828383,
					"omitted":	false,
					"sender":	false
				}],
			"sum":	{
				"start":	3.010009,
				"end":	4.010012,
				"seconds":	1.0000029802322388,
				"bytes":	462159872,
				"bits_per_second":	3697267957.2828383,
				"omitted":	false,
				"sender":	false
			}
		}, {
			"streams":	[{
					"socket":	5,
					"start":	4.010012,
					"end":	5.010009,
					"seconds":	0.99999701976776123,
					"bytes":	461766656,
					"bits_per_second":	3694144257.40781,
					"omitted":	false,
					"sender":	false
				}],
			"sum":	{
				"start":	4.010012,
				"end":	5.010009,
				"seconds":	0.99999701976776123,
				"bytes":	461766656,
				"bits_per_second":	3694144257.40781,
				"omitted":	false,
				"sender":	false
			}
		}, {
			"streams":	[{
					"socket":	5,
					"start":	5.010009,
					"end":	6.010012,
					"seconds":	1.0000029802322388,
					"bytes":	457179136,
					"bits_per_second":	3657422188.0324845,
					"omitted":	false,
					"sender":	false
				}],
			"sum":	{
				"start":	5.010009,
				"end":	6.010012,
				"seconds":	1.0000029802322388,
				"bytes":	457179136,
				"bits_per_second":	3657422188.0324845,
				"omitted":	false,
				"sender":	false
			}
		}, {
			"streams":	[{
					"socket":	5,
					"start":	6.010012,
					"end":	7.01001,
					"seconds":	0.99999797344207764,
					"bytes":	458620928,
					"bits_per_second":	3668974859.3900681,
					"omitted":	false,
					"sender":	false
				}],
			"sum":	{
				"start":	6.010012,
				"end":	7.01001,
				"seconds":	0.99999797344207764,
				"bytes":	458620928,
				"bits_per_second":	3668974859.3900681,
				"omitted":	false,
				"sender":	false
			}
		}, {
			"streams":	[{
					"socket":	5,
					"start":	7.01001,
					"end":	8.010011,
					"seconds":	1.0000009536743164,
					"bytes":	458489856,
					"bits_per_second":	3667915350.003336,
					"omitted":	false,
					"sender":	false
				}],
			"sum":	{
				"start":	7.01001,
				"end":	8.010011,
				"seconds":	1.0000009536743164,
				"bytes":	458489856,
				"bits_per_second":	3667915350.003336,
				"omitted":	false,
				"sender":	false
			}
		}, {
			"streams":	[{
					"socket":	5,
					"start":	8.010011,
					"end":	9.010005,
					"seconds":	0.99999397993087769,
					"bytes":	460062720,
					"bits_per_second":	3680523917.0083866,
					"omitted":	false,
					"sender":	false
				}],
			"sum":	{
				"start":	8.010011,
				"end":	9.010005,
				"seconds":	0.99999397993087769,
				"bytes":	460062720,
				"bits_per_second":	3680523917.0083866,
				"omitted":	false,
				"sender":	false
			}
		}, {
			"streams":	[{
					"socket":	5,
					"start":	9.010005,
					"end":	10.01001,
					"seconds":	1.0000050067901611,
					"bytes":	457048064,
					"bits_per_second":	3656366205.3416576,
					"omitted":	false,
					"sender":	false
				}],
			"sum":	{
				"start":	9.010005,
				"end":	10.01001,
				"seconds":	1.0000050067901611,
				"bytes":	457048064,
				"bits_per_second":	3656366205.3416576,
				"omitted":	false,
				"sender":	false
			}
		}, {
			"streams":	[{
					"socket":	5,
					"start":	10.01001,
					"end":	11.010006,
					"seconds":	0.9999960064888,
					"bytes":	454164480,
					"bits_per_second":	3633330349.7454448,
					"omitted":	false,
					"sender":	false
				}],
			"sum":	{
				"start":	10.01001,
				"end":	11.010006,
				"seconds":	0.9999960064888,
				"bytes":	454164480,
				"bits_per_second":	3633330349.7454448,
				"omitted":	false,
				"sender":	false
			}
		}, {
			"streams":	[{
					"socket":	5,
					"start":	11.010006,
					"end":	12.010008,
					"seconds":	1.0000020265579224,
					"bytes":	456785920,
					"bits_per_second":	3654279954.390008,
					"omitted":	false,
					"sender":	false
				}],
			"sum":	{
				"start":	11.010006,
				"end":	12.010008,
				"seconds":	1.0000020265579224,
				"bytes":	456785920,
				"bits_per_second":	3654279954.390008,
				"omitted":	false,
				"sender":	false
			}
		}, {
			"streams":	[{
					"socket":	5,
					"start":	12.010008,
					"end":	13.010013,
					"seconds":	1.0000050067901611,
					"bytes":	459538432,
					"bits_per_second":	3676289049.5921569,
					"omitted":	false,
					"sender":	false
				}],
			"sum":	{
				"start":	12.010008,
				"end":	13.010013,
				"seconds":	1.0000050067901611,
				"bytes":	459538432,
				"bits_per_second":	3676289049.5921569,
				"omitted":	false,
				"sender":	false
			}
		}, {
			"streams":	[{
					"socket":	5,
					"start":	13.010013,
					"end":	14.010011,
					"seconds":	0.99999797344207764,
					"bytes":	457703424,
					"bits_per_second":	3661634812.515038,
					"omitted":	false,
					"sender":	false
				}],
			"sum":	{
				"start":	13.010013,
				"end":	14.010011,
				"seconds":	0.99999797344207764,
				"bytes":	457703424,
				"bits_per_second":	3661634812.515038,
				"omitted":	false,
				"sender":	false
			}
		}, {
			"streams":	[{
					"socket":	5,
					"start":	14.010011,
					"end":	15.010013,
					"seconds":	1.0000020265579224,
					"bytes":	455999488,
					"bits_per_second":	3647988511.1399822,
					"omitted":	false,
					"sender":	false
				}],
			"sum":	{
				"start":	14.010011,
				"end":	15.010013,
				"seconds":	1.0000020265579224,
				"bytes":	455999488,
				"bits_per_second":	3647988511.1399822,
				"omitted":	false,
				"sender":	false
			}
		}, {
			"streams":	[{
					"socket":	5,
					"start":	15.010013,
					"end":	16.010005,
					"seconds":	0.9999920129776,
					"bytes":	457310208,
					"bits_per_second":	3658510884.6083856,
					"omitted":	false,
					"sender":	false
				}],
			"sum":	{
				"start":	15.010013,