{
	"start":	{
		"connected":	[{
				"socket":	5,
				"local_host":	"10.100.102.151",
				"local_port":	49614,
				"remote_host":	"10.100.102.179",
				"remote_port":	5201
			}],
		"version":	"iperf 3.8.1 -  -- Apple version iperf3-117",
		"system_info":	"Darwin space-gray.local 24.3.0 Darwin Kernel Version 24.3.0: Thu Jan  2 20:24:23 PST 2025; root:xnu-11215.81.4~3/RELEASE_ARM64_T6020 arm64",
		"timestamp":	{
			"time":	"Sat, 22 Feb 2025 15:02:53 UTC",
			"timesecs":	1740236573
		},
		"connecting_to":	{
			"host":	"10.100.102.179",
			"port":	5201
		},
		"cookie":	"jrxaquux7hfwh3nti2khbrpsxrhzqhczj555",
		"tcp_mss_default":	1448,
		"sock_bufsize":	0,
		"sndbuf_actual":	131072,
		"rcvbuf_actual":	131072,
		"test_start":	{
			"protocol":	"TCP",
			"num_streams":	1,
			"blksize":	131072,
			"omit":	0,
			"duration":	30,
			"bytes":	0,
			"blocks":	0,
			"reverse":	0,
			"tos":	0
		}
	},
	"intervals":	[{
			"streams":	[{
					"socket":	5,
					"start":	0,
					"end":	1.000024,
					"seconds":	1.0000239610672,
					"bytes":	148532104,
					"bits_per_second":	1188228360.7803988,
					"retransmits":	0,
					"snd_cwnd":	8388480,
					"rtt":	29,
					"rttvar":	0,
					"pmtu":	-1,
					"omitted":	false,
					"sender":	true
				}],
			"sum":	{
				"start":	0,
				"end":	1.000024,
				"seconds":	1.0000239610672,
				"bytes":	148532104,
				"bits_per_second":	1188228360.7803988,
				"retransmits":	0,
				"omitted":	false,
				"sender":	true
			}
		}, {
			"streams":	[{
					"socket":	5,
					"start":	1.000024,
					"end":	2.000017,
					"seconds":	0.99999302625656128,
					"bytes":	147337848,
					"bits_per_second":	1178711004.0281305,
					"retransmits":	0,
					"snd_cwnd":	8388480,
					"rtt":	29,
					"rttvar":	0,
					"pmtu":	-1,
					"omitted":	false,
					"sender":	true
				}],
			"sum":	{
				"start":	1.000024,
				"end":	2.000017,
				"seconds":	0.99999302625656128,
				"bytes":	147337848,
				"bits_per_second":	1178711004.0281305,
				"retransmits":	0,
				"omitted":	false,
				"sender":	true
			}
		}, {
			"streams":	[{
					"socket":	5,
					"start":	2.000017,
					"end":	3.000017,
					"seconds":	1,
					"bytes":	147932976,
					"bits_per_second":	1183463808,
					"retransmits":	0,
					"snd_cwnd":	8388480,
					"rtt":	29,
					"rttvar":	0,
					"pmtu":	-1,
					"omitted":	false,
					"sender":	true
				}],
			"sum":	{
				"start":	2.000017,
				"end":	3.000017,
				"seconds":	1,
				"bytes":	147932976,
				"bits_per_second":	1183463808,
				"retransmits":	0,
				"omitted":	false,
				"sender":	true
			}
		}, {
			"streams":	[{
					"socket":	5,
					"start":	3.000017,
					"end":	4.000012,
					"seconds":	0.999994993209839,
					"bytes":	148163760,
					"bits_per_second":	1185316014.62856,
					"retransmits":	0,
					"snd_cwnd":	8388480,
					"rtt":	27,
					"rttvar":	0,
					"pmtu":	-1,
					"omitted":	false,
					"sender":	true
				}],
			"sum":	{
				"start":	3.000017,
				"end":	4.000012,
				"seconds":	0.999994993209839,
				"bytes":	148163760,
				"bits_per_second":	1185316014.62856,
				"retransmits":	0,
				"omitted":	false,
				"sender":	true
			}
		}, {
			"streams":	[{
					"socket":	5,
					"start":	4.000012,
					"end":	5.000041,
					"seconds":	1.0000289678573608,
					"bytes":	146550136,
					"bits_per_second":	1172367127.0362895,
					"retransmits":	0,
					"snd_cwnd":	8388480,
					"rtt":	29,
					"rttvar":	0,
					"pmtu":	-1,
					"omitted":	false,
					"sender":	true
				}],
			"sum":	{
				"start":	4.000012,
				"end":	5.000041,
				"seconds":	1.0000289678573608,
				"bytes":	146550136,
				"bits_per_second":	1172367127.0362895,
				"retransmits":	0,
				"omitted":	false,
				"sender":	true
			}
		}, {
			"streams":	[{
					"socket":	5,
					"start":	5.000041,
					"end":	6.000036,
					"seconds":	0.999994993209839,
					"bytes":	147760664,
					"bits_per_second":	1182091230.4827423,
					"retransmits":	0,
					"snd_cwnd":	8388480,
					"rtt":	28,
					"rttvar":	0,
					"pmtu":	-1,
					"omitted":	false,
					"sender":	true
				}],
			"sum":	{
				"start":	5.000041,
				"end":	6.000036,
				"seconds":	0.999994993209839,
				"bytes":	147760664,
				"bits_per_second":	1182091230.4827423,
				"retransmits":	0,
				"omitted":	false,
				"sender":	true
			}
		}, {
			"streams":	[{
					"socket":	5,
					"start":	6.000036,
					"end":	7.000018,
					"seconds":	0.99998199939727783,
					"bytes":	147604280,
					"bits_per_second":	1180855496.1106577,
					"retransmits":	0,
					"snd_cwnd":	8388480,
					"rtt":	28,
					"rttvar":	0,
					"pmtu":	-1,
					"omitted":	false,
					"sender":	true
				}],
			"sum":	{
				"start":	6.000036,
				"end":	7.000018,
				"seconds":	0.99998199939727783,
				"bytes":	147604280,
				"bits_per_second":	1180855496.1106577,
				"retransmits":	0,
				"omitted":	false,
				"sender":	true
			}
		}, {
			"streams":	[{
					"socket":	5,
					"start":	7.000018,
					"end":	8.000022,
					"seconds":	1.0000040531158447,
					"bytes":	149310024,
					"bits_per_second":	1194475350.65303,
					"retransmits":	0,
					"snd_cwnd":	8388480,
					"rtt":	27,
					"rttvar":	0,
					"pmtu":	-1,
					"omitted":	false,
					"sender":	true
				}],
			"sum":	{
				"start":	7.000018,
				"end":	8.000022,
				"seconds":	1.0000040531158447,
				"bytes":	149310024,
				"bits_per_second":	1194475350.65303,
				"retransmits":	0,
				"omitted":	false,
				"sender":	true
			}
		}, {
			"streams":	[{
					"socket":	5,
					"start":	8.000022,
					"end":	9.000045,
					"seconds":	1.0000230073928833,
					"bytes":	148507832,
					"bits_per_second":	1188035322.4045782,
					"retransmits":	0,
					"snd_cwnd":	8388480,
					"rtt":	29,
					"rttvar":	0,
					"pmtu":	-1,
					"omitted":	false,
					"sender":	true
				}],
			"sum":	{
				"start":	8.000022,
				"end":	9.000045,
				"seconds":	1.0000230073928833,
				"bytes":	148507832,
				"bits_per_second":	1188035322.4045782,
				"retransmits":	0,
				"omitted":	false,
				"sender":	true
			}
		}, {
			"streams":	[{
					"socket":	5,
					"start":	9.000045,
					"end":	10.000017,
					"seconds":	0.99997198581695557,
					"bytes":	147192152,
					"bits_per_second":	1177570204.6672611,
					"retransmits":	0,
					"snd_cwnd":	8388480,
					"rtt":	28,
					"rttvar":	0,
					"pmtu":	-1,
					"omitted":	false,
					"sender":	true
				}],
			"sum":	{
				"start":	9.000045,
				"end":	10.000017,
				"seconds":	0.99997198581695557,
				"bytes":	147192152,
				"bits_per_second":	1177570204.6672611,
				"retransmits":	0,
				"omitted":	false,
				"sender":	true
			}
		}, {
			"streams":	[{
					"socket":	5,
					"start":	10.000017,
					"end":	11.00004,
					"seconds":	1.0000230073928833,
					"bytes":	148410816,
					"bits_per_second":	1187259212.2608492,
					"retransmits":	0,
					"snd_cwnd":	8388480,
					"rtt":	29,
					"rttvar":	0,
					"pmtu":	-1,
					"omitted":	false,
					"sender":	true
				}],
			"sum":	{
				"start":	10.000017,
				"end":	11.00004,
				"seconds":	1.0000230073928833,
				"bytes":	148410816,
				"bits_per_second":	1187259212.2608492,
				"retransmits":	0,
				"omitted":	false,
				"sender":	true
			}
		}, {
			"streams":	[{
					"socket":	5,
					"start":	11.00004,
					"end":	12.000066,
					"seconds":	1.0000259876251221,
					"bytes":	148279048,
					"bits_per_second":	1186201557.438606,
					"retransmits":	0,
					"snd_cwnd":	8388480,
					"rtt":	28,
					"rttvar":	0,
					"pmtu":	-1,
					"omitted":	false,
					"sender":	true
				}],
			"sum":	{
				"start":	11.00004,
				"end":	12.000066,
				"seconds":	1.0000259876251221,
				"bytes":	148279048,
				"bits_per_second":	1186201557.438606,
				"retransmits":	0,
				"omitted":	false,
				"sender":	true
			}
		}, {
			"streams":	[{
					"socket":	5,
					"start":	12.000066,
					"end":	13.000031,
					"seconds":	0.999965012073517,
					"bytes":	146327144,
					"bits_per_second":	1170658110.8999212,
					"retransmits":	0,
					"snd_cwnd":	8388480,
					"rtt":	29,
					"rttvar":	0,
					"pmtu":	-1,
					"omitted":	false,