{
	"start":	{
		"connected":	[{
				"socket":	5,
				"local_host":	"192.168.105.1",
				"local_port":	49544,
				"remote_host":	"192.168.105.4",
				"remote_port":	5201
			}],
		"version":	"iperf 3.8.1 -  -- Apple version iperf3-117",
		"system_info":	"Darwin space-gray.local 24.3.0 Darwin Kernel Version 24.3.0: Thu Jan  2 20:24:23 PST 2025; root:xnu-11215.81.4~3/RELEASE_ARM64_T6020 arm64",
		"timestamp":	{
			"time":	"Sat, 22 Feb 2025 14:55:01 UTC",
			"timesecs":	1740236101
		},
		"connecting_to":	{
			"host":	"192.168.105.4",
			"port":	5201
		},
		"cookie":	"hrptx67ojla73mm43xsmibg7d3q76thijbfa",
		"tcp_mss_default":	1448,
		"sock_bufsize":	0,
		"sndbuf_actual":	131072,
		"rcvbuf_actual":	131072,
		"test_start":	{
			"protocol":	"TCP",
			"num_streams":	1,
			"blksize":	131072,
			"omit":	0,
			"duration":	30,
			"bytes":	0,
			"blocks":	0,
			"reverse":	0,
			"tos":	0
		}
	},
	"intervals":	[{
			"streams":	[{
					"socket":	5,
					"start":	0,
					"end":	1.00002,
					"seconds":	1.0000200271606445,
					"bytes":	279918152,
					"bits_per_second":	2239300369.1717753,
					"retransmits":	0,
					"snd_cwnd":	8388480,
					"rtt":	15,
					"rttvar":	0,
					"pmtu":	-1,
					"omitted":	false,
					"sender":	true
				}],
			"sum":	{
				"start":	0,
				"end":	1.00002,
				"seconds":	1.0000200271606445,
				"bytes":	279918152,
				"bits_per_second":	2239300369.1717753,
				"retransmits":	0,
				"omitted":	false,
				"sender":	true
			}
		}, {
			"streams":	[{
					"socket":	5,
					"start":	1.00002,
					"end":	2.000018,
					"seconds":	0.99999797344207764,
					"bytes":	283622680,
					"bits_per_second":	2268986038.2316313,
					"retransmits":	0,
					"snd_cwnd":	8388480,
					"rtt":	15,
					"rttvar":	0,
					"pmtu":	-1,
					"omitted":	false,
					"sender":	true
				}],
			"sum":	{
				"start":	1.00002,
				"end":	2.000018,
				"seconds":	0.99999797344207764,
				"bytes":	283622680,
				"bits_per_second":	2268986038.2316313,
				"retransmits":	0,
				"omitted":	false,
				"sender":	true
			}
		}, {
			"streams":	[{
					"socket":	5,
					"start":	2.000018,
					"end":	3.000017,
					"seconds":	0.99999898672103882,
					"bytes":	284458872,
					"bits_per_second":	2275673281.8918591,
					"retransmits":	0,
					"snd_cwnd":	8388480,
					"rtt":	14,
					"rttvar":	0,
					"pmtu":	-1,
					"omitted":	false,
					"sender":	true
				}],
			"sum":	{
				"start":	2.000018,
				"end":	3.000017,
				"seconds":	0.99999898672103882,
				"bytes":	284458872,
				"bits_per_second":	2275673281.8918591,
				"retransmits":	0,
				"omitted":	false,
				"sender":	true
			}
		}, {
			"streams":	[{
					"socket":	5,
					"start":	3.000017,
					"end":	4.000017,
					"seconds":	1,
					"bytes":	282079552,
					"bits_per_second":	2256636416,
					"retransmits":	0,
					"snd_cwnd":	8388480,
					"rtt":	15,
					"rttvar":	0,
					"pmtu":	-1,
					"omitted":	false,
					"sender":	true
				}],
			"sum":	{
				"start":	3.000017,
				"end":	4.000017,
				"seconds":	1,
				"bytes":	282079552,
				"bits_per_second":	2256636416,
				"retransmits":	0,
				"omitted":	false,
				"sender":	true
			}
		}, {
			"streams":	[{
					"socket":	5,
					"start":	4.000017,
					"end":	5.00003,
					"seconds":	1.000012993812561,
					"bytes":	280400792,
					"bits_per_second":	2243177188.57607,
					"retransmits":	0,
					"snd_cwnd":	8388480,
					"rtt":	14,
					"rttvar":	0,
					"pmtu":	-1,
					"omitted":	false,
					"sender":	true
				}],
			"sum":	{
				"start":	4.000017,
				"end":	5.00003,
				"seconds":	1.000012993812561,
				"bytes":	280400792,
				"bits_per_second":	2243177188.57607,
				"retransmits":	0,
				"omitted":	false,
				"sender":	true
			}
		}, {
			"streams":	[{
					"socket":	5,
					"start":	5.00003,
					"end":	6.000049,
					"seconds":	1.0000189542770386,
					"bytes":	282016064,
					"bits_per_second":	2256085749.52568,
					"retransmits":	0,
					"snd_cwnd":	8388480,
					"rtt":	14,
					"rttvar":	0,
					"pmtu":	-1,
					"omitted":	false,
					"sender":	true
				}],
			"sum":	{
				"start":	5.00003,
				"end":	6.000049,
				"seconds":	1.0000189542770386,
				"bytes":	282016064,
				"bits_per_second":	2256085749.52568,
				"retransmits":	0,
				"omitted":	false,
				"sender":	true
			}
		}, {
			"streams":	[{
					"socket":	5,
					"start":	6.000049,
					"end":	7.000027,
					"seconds":	0.999978005886078,
					"bytes":	286019680,
					"bits_per_second":	2288207767.1023073,
					"retransmits":	0,
					"snd_cwnd":	8388480,
					"rtt":	17,
					"rttvar":	0,
					"pmtu":	-1,
					"omitted":	false,
					"sender":	true
				}],
			"sum":	{
				"start":	6.000049,
				"end":	7.000027,
				"seconds":	0.999978005886078,
				"bytes":	286019680,
				"bits_per_second":	2288207767.1023073,
				"retransmits":	0,
				"omitted":	false,
				"sender":	true
			}
		}, {
			"streams":	[{
					"socket":	5,
					"start":	7.000027,
					"end":	8.000009,
					"seconds":	0.99998199939727783,
					"bytes":	282303952,
					"bits_per_second":	2258472269.8620887,
					"retransmits":	0,
					"snd_cwnd":	8388480,
					"rtt":	14,
					"rttvar":	0,
					"pmtu":	-1,
					"omitted":	false,
					"sender":	true
				}],
			"sum":	{
				"start":	7.000027,
				"end":	8.000009,
				"seconds":	0.99998199939727783,
				"bytes":	282303952,
				"bits_per_second":	2258472269.8620887,
				"retransmits":	0,
				"omitted":	false,
				"sender":	true
			}
		}, {
			"streams":	[{
					"socket":	5,
					"start":	8.000009,
					"end":	9.000045,
					"seconds":	1.0000360012054443,
					"bytes":	280419504,
					"bits_per_second":	2243275271.3860865,
					"retransmits":	0,
					"snd_cwnd":	8388480,
					"rtt":	17,
					"rttvar":	0,
					"pmtu":	-1,
					"omitted":	false,
					"sender":	true
				}],
			"sum":	{
				"start":	8.000009,
				"end":	9.000045,
				"seconds":	1.0000360012054443,
				"bytes":	280419504,
				"bits_per_second":	2243275271.3860865,
				"retransmits":	0,
				"omitted":	false,
				"sender":	true
			}
		}, {
			"streams":	[{
					"socket":	5,
					"start":	9.000045,
					"end":	10.000023,
					"seconds":	0.999978005886078,
					"bytes":	284674624,
					"bits_per_second":	2277447082.4305825,
					"retransmits":	0,
					"snd_cwnd":	8388480,
					"rtt":	15,
					"rttvar":	0,
					"pmtu":	-1,
					"omitted":	false,
					"sender":	true
				}],
			"sum":	{
				"start":	9.000045,
				"end":	10.000023,
				"seconds":	0.999978005886078,
				"bytes":	284674624,
				"bits_per_second":	2277447082.4305825,
				"retransmits":	0,
				"omitted":	false,
				"sender":	true
			}
		}, {
			"streams":	[{
					"socket":	5,
					"start":	10.000023,
					"end":	11.000022,
					"seconds":	0.99999898672103882,
					"bytes":	281185232,
					"bits_per_second":	2249484135.354948,
					"retransmits":	0,
					"snd_cwnd":	8388480,
					"rtt":	15,
					"rttvar":	0,
					"pmtu":	-1,
					"omitted":	false,
					"sender":	true
				}],
			"sum":	{
				"start":	10.000023,
				"end":	11.000022,
				"seconds":	0.99999898672103882,
				"bytes":	281185232,
				"bits_per_second":	2249484135.354948,
				"retransmits":	0,
				"omitted":	false,
				"sender":	true
			}
		}, {
			"streams":	[{
					"socket":	5,
					"start":	11.000022,
					"end":	12.00001,
					"seconds":	0.9999880194664,
					"bytes":	282352880,
					"bits_per_second":	2258850102.229547,
					"retransmits":	0,
					"snd_cwnd":	8388480,
					"rtt":	15,
					"rttvar":	0,
					"pmtu":	-1,
					"omitted":	false,
					"sender":	true
				}],
			"sum":	{
				"start":	11.000022,
				"end":	12.00001,
				"seconds":	0.9999880194664,
				"bytes":	282352880,
				"bits_per_second":	2258850102.229547,
				"retransmits":	0,
				"omitted":	false,
				"sender":	true
			}
		}, {
			"streams":	[{
					"socket":	5,
					"start":	12.00001,
					"end":	13.000025,
					"seconds":	1.0000150203704834,
					"bytes":	284108160,
					"bits_per_second":	2272831141.2342124,
					"retransmits":	0,
					"snd_cwnd":	8388480,
					"rtt":	14,
					"rttvar":	0,
					"pmtu":	-1,
					"omitted":	false,