{
	"start":	{
		"connected":	[{
				"socket":	5,
				"local_host":	"192.168.105.1",
				"local_port":	49546,
				"remote_host":	"192.168.105.4",
				"remote_port":	5201
			}],
		"version":	"iperf 3.8.1 -  -- Apple version iperf3-117",
		"system_info":	"Darwin space-gray.local 24.3.0 Darwin Kernel Version 24.3.0: Thu Jan  2 20:24:23 PST 2025; root:xnu-11215.81.4~3/RELEASE_ARM64_T6020 arm64",
		"timestamp":	{
			"time":	"Sat, 22 Feb 2025 14:55:31 UTC",
			"timesecs":	1740236131
		},
		"connecting_to":	{
			"host":	"192.168.105.4",
			"port":	5201
		},
		"cookie":	"hxc67lppyrhlwjxwxy53plcdlhb3c2d4ptzx",
		"tcp_mss_default":	1448,
		"sock_bufsize":	0,
		"sndbuf_actual":	131072,
		"rcvbuf_actual":	131072,
		"test_start":	{
			"protocol":	"TCP",
			"num_streams":	1,
			"blksize":	131072,
			"omit":	0,
			"duration":	30,
			"bytes":	0,
			"blocks":	0,
			"reverse":	1,
			"tos":	0
		}
	},
	"intervals":	[{
			"streams":	[{
					"socket":	5,
					"start":	0,
					"end":	1.000012,
					"seconds":	1.0000120401382446,
					"bytes":	232957936,
					"bits_per_second":	1863641049.5041256,
					"omitted":	false,
					"sender":	false
				}],
			"sum":	{
				"start":	0,
				"end":	1.000012,
				"seconds":	1.0000120401382446,
				"bytes":	232957936,
				"bits_per_second":	1863641049.5041256,
				"omitted":	false,
				"sender":	false
			}
		}, {
			"streams":	[{
					"socket":	5,
					"start":	1.000012,
					"end":	2.000003,
					"seconds":	0.999990999698639,
					"bytes":	230973648,
					"bits_per_second":	1847805814.80919,
					"omitted":	false,
					"sender":	false
				}],
			"sum":	{
				"start":	1.000012,
				"end":	2.000003,
				"seconds":	0.999990999698639,
				"bytes":	230973648,
				"bits_per_second":	1847805814.80919,
				"omitted":	false,
				"sender":	false
			}
		}, {
			"streams":	[{
					"socket":	5,
					"start":	2.000003,
					"end":	3.000009,
					"seconds":	1.0000059604644775,
					"bytes":	231977448,
					"bits_per_second":	1855808522.5192244,
					"omitted":	false,
					"sender":	false
				}],
			"sum":	{
				"start":	2.000003,
				"end":	3.000009,
				"seconds":	1.0000059604644775,
				"bytes":	231977448,
				"bits_per_second":	1855808522.5192244,
				"omitted":	false,
				"sender":	false
			}
		}, {
			"streams":	[{
					"socket":	5,
					"start":	3.000009,
					"end":	4.000026,
					"seconds":	1.0000170469284058,
					"bytes":	231978752,
					"bits_per_second":	1855798380.3378749,
					"omitted":	false,
					"sender":	false
				}],
			"sum":	{
				"start":	3.000009,
				"end":	4.000026,
				"seconds":	1.0000170469284058,
				"bytes":	231978752,
				"bits_per_second":	1855798380.3378749,
				"omitted":	false,
				"sender":	false
			}
		}, {
			"streams":	[{
					"socket":	5,
					"start":	4.000026,
					"end":	5.000032,
					"seconds":	1.0000059604644775,
					"bytes":	233174056,
					"bits_per_second":	1865381329.4608486,
					"omitted":	false,
					"sender":	false
				}],
			"sum":	{
				"start":	4.000026,
				"end":	5.000032,
				"seconds":	1.0000059604644775,
				"bytes":	233174056,
				"bits_per_second":	1865381329.4608486,
				"omitted":	false,
				"sender":	false
			}
		}, {
			"streams":	[{
					"socket":	5,
					"start":	5.000032,
					"end":	6.000016,
					"seconds":	0.9999840259552002,
					"bytes":	233168064,
					"bits_per_second":	1865374309.5727894,
					"omitted":	false,
					"sender":	false
				}],
			"sum":	{
				"start":	5.000032,
				"end":	6.000016,
				"seconds":	0.9999840259552002,
				"bytes":	233168064,
				"bits_per_second":	1865374309.5727894,
				"omitted":	false,
				"sender":	false
			}
		}, {
			"streams":	[{
					"socket":	5,
					"start":	6.000016,
					"end":	7.000006,
					"seconds":	0.99998998641967773,
					"bytes":	231843480,
					"bits_per_second":	1854766412.8524542,
					"omitted":	false,
					"sender":	false
				}],
			"sum":	{
				"start":	6.000016,
				"end":	7.000006,
				"seconds":	0.99998998641967773,
				"bytes":	231843480,
				"bits_per_second":	1854766412.8524542,
				"omitted":	false,
				"sender":	false
			}
		}, {
			"streams":	[{
					"socket":	5,
					"start":	7.000006,
					"end":	8.000004,
					"seconds":	0.99999797344207764,
					"bytes":	231179344,
					"bits_per_second":	1849438499.9942441,
					"omitted":	false,
					"sender":	false
				}],
			"sum":	{
				"start":	7.000006,
				"end":	8.000004,
				"seconds":	0.99999797344207764,
				"bytes":	231179344,
				"bits_per_second":	1849438499.9942441,
				"omitted":	false,
				"sender":	false
			}
		}, {
			"streams":	[{
					"socket":	5,
					"start":	8.000004,
					"end":	9.000005,
					"seconds":	1.0000009536743164,
					"bytes":	232084184,
					"bits_per_second":	1856671701.3398845,
					"omitted":	false,
					"sender":	false
				}],
			"sum":	{
				"start":	8.000004,
				"end":	9.000005,
				"seconds":	1.0000009536743164,
				"bytes":	232084184,
				"bits_per_second":	1856671701.3398845,
				"omitted":	false,
				"sender":	false
			}
		}, {
			"streams":	[{
					"socket":	5,
					"start":	9.000005,
					"end":	10.000005,
					"seconds":	1,
					"bytes":	231413336,
					"bits_per_second":	1851306688,
					"omitted":	false,
					"sender":	false
				}],
			"sum":	{
				"start":	9.000005,
				"end":	10.000005,
				"seconds":	1,
				"bytes":	231413336,
				"bits_per_second":	1851306688,
				"omitted":	false,
				"sender":	false
			}
		}, {
			"streams":	[{
					"socket":	5,
					"start":	10.000005,
					"end":	11.000016,
					"seconds":	1.0000109672546387,
					"bytes":	233355192,
					"bits_per_second":	1866821062.098047,
					"omitted":	false,
					"sender":	false
				}],
			"sum":	{
				"start":	10.000005,
				"end":	11.000016,
				"seconds":	1.0000109672546387,
				"bytes":	233355192,
				"bits_per_second":	1866821062.098047,
				"omitted":	false,
				"sender":	false
			}
		}, {
			"streams":	[{
					"socket":	5,
					"start":	11.000016,
					"end":	12.00001,
					"seconds":	0.99999397993087769,
					"bytes":	232700056,
					"bits_per_second":	1861611655.0308423,
					"omitted":	false,
					"sender":	false
				}],
			"sum":	{
				"start":	11.000016,
				"end":	12.00001,
				"seconds":	0.99999397993087769,
				"bytes":	232700056,
				"bits_per_second":	1861611655.0308423,
				"omitted":	false,
				"sender":	false
			}
		}, {
			"streams":	[{
					"socket":	5,
					"start":	12.00001,
					"end":	13.000015,
					"seconds":	1.0000050067901611,
					"bytes":	232339752,
					"bits_per_second":	1858708709.8355191,
					"omitted":	false,
					"sender":	false
				}],
			"sum":	{
				"start":	12.00001,
				"end":	13.000015,
				"seconds":	1.0000050067901611,
				"bytes":	232339752,
				"bits_per_second":	1858708709.8355191,
				"omitted":	false,
				"sender":	false
			}
		}, {
			"streams":	[{
					"socket":	5,
					"start":	13.000015,
					"end":	14.000021,
					"seconds":	1.0000059604644775,
					"bytes":	232717544,
					"bits_per_second":	1861729255.2289073,
					"omitted":	false,
					"sender":	false
				}],
			"sum":	{
				"start":	13.000015,
				"end":	14.000021,
				"seconds":	1.0000059604644775,
				"bytes":	232717544,
				"bits_per_second":	1861729255.2289073,
				"omitted":	false,
				"sender":	false
			}
		}, {
			"streams":	[{
					"socket":	5,
					"start":	14.000021,
					"end":	15.000014,
					"seconds":	0.99999302625656128,
					"bytes":	232760008,
					"bits_per_second":	1862093049.7591879,
					"omitted":	false,
					"sender":	false
				}],
			"sum":	{
				"start":	14.000021,
				"end":	15.000014,
				"seconds":	0.99999302625656128,
				"bytes":	232760008,
				"bits_per_second":	1862093049.7591879,
				"omitted":	false,
				"sender":	false
			}
		}, {
			"streams":	[{
					"socket":	5,
					"start":	15.000014,
					"end":	16.000004,
					"seconds":	0.99998998641967773,
					"bytes":	232432480,
					"bits_per_second":	1859478460.0369172,
					"omitted":	false,
					"sender":	false
				}],
			"sum":	{
				"start":	15.000014,
				"end":	16.000004,
				"seconds":	0.99998998641967773,
				"bytes":	232432480,