{
	"start":	{
		"connected":	[{
				"socket":	5,
				"local_host":	"10.100.102.3",
				"local_port":	52208,
				"remote_host":	"10.100.102.6",
				"remote_port":	5201
			}],
		"version":	"iperf 3.20",
		"system_info":	"Darwin space-gray 25.3.0 Darwin Kernel Version 25.3.0: Wed Jan 28 20:53:05 PST 2026; root:xnu-12377.81.4~5/RELEASE_ARM64_T6020 arm64",
		"timestamp":	{
			"time":	"Fri, 27 Feb 2026 18:12:26 UTC",
			"timesecs":	1772215946,
			"timemillisecs":	1772215946035
		},
		"connecting_to":	{
			"host":	"10.100.102.6",
			"port":	5201
		},
		"cookie":	"dbagu6dtzmvv7reyxj4kig2xqdk2mbmnjfwh",
		"tcp_mss_default":	1448,
		"target_bitrate":	0,
		"fq_rate":	0,
		"sock_bufsize":	0,
		"sndbuf_actual":	131072,
		"rcvbuf_actual":	131072,
		"test_start":	{
			"protocol":	"TCP",
			"num_streams":	1,
			"blksize":	131072,
			"omit":	0,
			"duration":	30,
			"bytes":	0,
			"blocks":	0,
			"reverse":	0,
			"tos":	0,
			"target_bitrate":	0,
			"bidir":	0,
			"fqrate":	0,
			"interval":	1
		}
	},
	"intervals":	[{
			"streams":	[{
					"socket":	5,
					"start":	0,
					"end":	1.002916,
					"seconds":	1.0029159784317017,
					"bytes":	253493248,
					"bits_per_second":	2022049730.5977488,
					"omitted":	false,
					"sender":	true
				}],
			"sum":	{
				"start":	0,
				"end":	1.002916,
				"seconds":	1.0029159784317017,
				"bytes":	253493248,
				"bits_per_second":	2022049730.5977488,
				"omitted":	false,
				"sender":	true
			}
		}, {
			"streams":	[{
					"socket":	5,
					"start":	1.002916,
					"end":	2.005004,
					"seconds":	1.0020879507064819,
					"bytes":	359923712,
					"bits_per_second":	2873390198.9042,
					"omitted":	false,
					"sender":	true
				}],
			"sum":	{
				"start":	1.002916,
				"end":	2.005004,
				"seconds":	1.0020879507064819,
				"bytes":	359923712,
				"bits_per_second":	2873390198.9042,
				"omitted":	false,
				"sender":	true
			}
		}, {
			"streams":	[{
					"socket":	5,
					"start":	2.005004,
					"end":	3.005006,
					"seconds":	1.0000020265579224,
					"bytes":	247988224,
					"bits_per_second":	1983901771.5081477,
					"omitted":	false,
					"sender":	true
				}],
			"sum":	{
				"start":	2.005004,
				"end":	3.005006,
				"seconds":	1.0000020265579224,
				"bytes":	247988224,
				"bits_per_second":	1983901771.5081477,
				"omitted":	false,
				"sender":	true
			}
		}, {
			"streams":	[{
					"socket":	5,
					"start":	3.005006,
					"end":	4.004443,
					"seconds":	0.99943697452545166,
					"bytes":	255983616,
					"bits_per_second":	2049022579.9104142,
					"omitted":	false,
					"sender":	true
				}],
			"sum":	{
				"start":	3.005006,
				"end":	4.004443,
				"seconds":	0.99943697452545166,
				"bytes":	255983616,
				"bits_per_second":	2049022579.9104142,
				"omitted":	false,
				"sender":	true
			}
		}, {
			"streams":	[{
					"socket":	5,
					"start":	4.004443,
					"end":	5.005008,
					"seconds":	1.0005650520324707,
					"bytes":	265551872,
					"bits_per_second":	2123215248.9082315,
					"omitted":	false,
					"sender":	true
				}],
			"sum":	{
				"start":	4.004443,
				"end":	5.005008,
				"seconds":	1.0005650520324707,
				"bytes":	265551872,
				"bits_per_second":	2123215248.9082315,
				"omitted":	false,
				"sender":	true
			}
		}, {
			"streams":	[{
					"socket":	5,
					"start":	5.005008,
					"end":	6.002116,
					"seconds":	0.997107982635498,
					"bytes":	263979008,
					"bits_per_second":	2117957233.0953844,
					"omitted":	false,
					"sender":	true
				}],
			"sum":	{
				"start":	5.005008,
				"end":	6.002116,
				"seconds":	0.997107982635498,
				"bytes":	263979008,
				"bits_per_second":	2117957233.0953844,
				"omitted":	false,
				"sender":	true
			}
		}, {
			"streams":	[{
					"socket":	5,
					"start":	6.002116,
					"end":	7.005002,
					"seconds":	1.0028860569000244,
					"bytes":	250085376,
					"bits_per_second":	1994925539.3820317,
					"omitted":	false,
					"sender":	true
				}],
			"sum":	{
				"start":	6.002116,
				"end":	7.005002,
				"seconds":	1.0028860569000244,
				"bytes":	250085376,
				"bits_per_second":	1994925539.3820317,
				"omitted":	false,
				"sender":	true
			}
		}, {
			"streams":	[{
					"socket":	5,
					"start":	7.005002,
					"end":	8.005004,
					"seconds":	1.0000020265579224,
					"bytes":	262930432,
					"bits_per_second":	2103439193.2586386,
					"omitted":	false,
					"sender":	true
				}],
			"sum":	{
				"start":	7.005002,
				"end":	8.005004,
				"seconds":	1.0000020265579224,
				"bytes":	262930432,
				"bits_per_second":	2103439193.2586386,
				"omitted":	false,
				"sender":	true
			}
		}, {
			"streams":	[{
					"socket":	5,
					"start":	8.005004,
					"end":	9.000029,
					"seconds":	0.99502497911453247,
					"bytes":	262406144,
					"bits_per_second":	2109745178.3251822,
					"omitted":	false,
					"sender":	true
				}],
			"sum":	{
				"start":	8.005004,
				"end":	9.000029,
				"seconds":	0.99502497911453247,
				"bytes":	262406144,
				"bits_per_second":	2109745178.3251822,
				"omitted":	false,
				"sender":	true
			}
		}, {
			"streams":	[{
					"socket":	5,
					"start":	9.000029,
					"end":	10.001543,
					"seconds":	1.0015139579772949,
					"bytes":	264372224,
					"bits_per_second":	2111780644.8464377,
					"omitted":	false,
					"sender":	true
				}],
			"sum":	{
				"start":	9.000029,
				"end":	10.001543,
				"seconds":	1.0015139579772949,
				"bytes":	264372224,
				"bits_per_second":	2111780644.8464377,
				"omitted":	false,
				"sender":	true
			}
		}, {
			"streams":	[{
					"socket":	5,
					"start":	10.001543,
					"end":	11.005001,
					"seconds":	1.0034580230712891,
					"bytes":	287047680,
					"bits_per_second":	2288467865.3238068,
					"omitted":	false,
					"sender":	true
				}],
			"sum":	{
				"start":	10.001543,
				"end":	11.005001,
				"seconds":	1.0034580230712891,
				"bytes":	287047680,
				"bits_per_second":	2288467865.3238068,
				"omitted":	false,
				"sender":	true
			}
		}, {
			"streams":	[{
					"socket":	5,
					"start":	11.005001,
					"end":	12.005005,
					"seconds":	1.0000040531158447,
					"bytes":	260702208,
					"bits_per_second":	2085609210.7842619,
					"omitted":	false,
					"sender":	true
				}],
			"sum":	{
				"start":	11.005001,
				"end":	12.005005,
				"seconds":	1.0000040531158447,
				"bytes":	260702208,
				"bits_per_second":	2085609210.7842619,
				"omitted":	false,
				"sender":	true
			}
		}, {
			"streams":	[{
					"socket":	5,
					"start":	12.005005,
					"end":	13.004813,
					"seconds":	0.99980801343917847,
					"bytes":	265682944,
					"bits_per_second":	2125871690.7946634,
					"omitted":	false,
					"sender":	true
				}],
			"sum":	{
				"start":	12.005005,
				"end":	13.004813,
				"seconds":	0.99980801343917847,
				"bytes":	265682944,
				"bits_per_second":	2125871690.7946634,
				"omitted":	false,
				"sender":	true
			}
		}, {
			"streams":	[{
					"socket":	5,
					"start":	13.004813,
					"end":	14.005004,
					"seconds":	1.0001909732818604,
					"bytes":	264110080,
					"bits_per_second":	2112477213.2937222,
					"omitted":	false,
					"sender":	true
				}],
			"sum":	{
				"start":	13.004813,
				"end":	14.005004,
				"seconds":	1.0001909732818604,
				"bytes":	264110080,
				"bits_per_second":	2112477213.2937222,
				"omitted":	false,
				"sender":	true
			}
		}, {
			"streams":	[{
					"socket":	5,
					"start":	14.005004,
					"end":	15.005003,
					"seconds":	0.99999898672103882,
					"bytes":	261619712,
					"bits_per_second":	2092959816.7521489,
					"omitted":	false,
					"sender":	true
				}],
			"sum":	{
				"start":	14.005004,
				"end":	15.005003,
				"seconds":	0.99999898672103882,
				"bytes":	261619712,
				"bits_per_second":	2092959816.7521489,
				"omitted":	false,
				"sender":	true
			}
		}, {
			"streams":	[{
					"socket":	5,
					"start":	15.005003,
					"end":	16.005007,
					"seconds":	1.0000040531158447,
					"bytes":	309592064,
					"bits_per_second":	2476726473.5406871,
					"omitted":	false,
					"sender":	true
				}],