{
	"start":	{
		"connected":	[{
				"socket":	5,
				"local_host":	"10.100.102.3",
				"local_port":	52210,
				"remote_host":	"10.100.102.6",
				"remote_port":	5201
			}],
		"version":	"iperf 3.20",
		"system_info":	"Darwin space-gray 25.3.0 Darwin Kernel Version 25.3.0: Wed Jan 28 20:53:05 PST 2026; root:xnu-12377.81.4~5/RELEASE_ARM64_T6020 arm64",
		"timestamp":	{
			"time":	"Fri, 27 Feb 2026 18:12:56 UTC",
			"timesecs":	1772215976,
			"timemillisecs":	1772215976065
		},
		"connecting_to":	{
			"host":	"10.100.102.6",
			"port":	5201
		},
		"cookie":	"oszegzzwpj22rz4xxygqynl6r2o6lupa5qci",
		"tcp_mss_default":	1448,
		"target_bitrate":	0,
		"fq_rate":	0,
		"sock_bufsize":	0,
		"sndbuf_actual":	131072,
		"rcvbuf_actual":	131072,
		"test_start":	{
			"protocol":	"TCP",
			"num_streams":	1,
			"blksize":	131072,
			"omit":	0,
			"duration":	30,
			"bytes":	0,
			"blocks":	0,
			"reverse":	1,
			"tos":	0,
			"target_bitrate":	0,
			"bidir":	0,
			"fqrate":	0,
			"interval":	1
		}
	},
	"intervals":	[{
			"streams":	[{
					"socket":	5,
					"start":	0,
					"end":	1.005011,
					"seconds":	1.0050109624862671,
					"bytes":	580911104,
					"bits_per_second":	4624117552.41277,
					"omitted":	false,
					"sender":	false
				}],
			"sum":	{
				"start":	0,
				"end":	1.005011,
				"seconds":	1.0050109624862671,
				"bytes":	580911104,
				"bits_per_second":	4624117552.41277,
				"omitted":	false,
				"sender":	false
			}
		}, {
			"streams":	[{
					"socket":	5,
					"start":	1.005011,
					"end":	2.005007,
					"seconds":	0.9999960064888,
					"bytes":	575406080,
					"bits_per_second":	4603267023.1984138,
					"omitted":	false,
					"sender":	false
				}],
			"sum":	{
				"start":	1.005011,
				"end":	2.005007,
				"seconds":	0.9999960064888,
				"bytes":	575406080,
				"bits_per_second":	4603267023.1984138,
				"omitted":	false,
				"sender":	false
			}
		}, {
			"streams":	[{
					"socket":	5,
					"start":	2.005007,
					"end":	3.005012,
					"seconds":	1.0000050067901611,
					"bytes":	574750720,
					"bits_per_second":	4597982738.865262,
					"omitted":	false,
					"sender":	false
				}],
			"sum":	{
				"start":	2.005007,
				"end":	3.005012,
				"seconds":	1.0000050067901611,
				"bytes":	574750720,
				"bits_per_second":	4597982738.865262,
				"omitted":	false,
				"sender":	false
			}
		}, {
			"streams":	[{
					"socket":	5,
					"start":	3.005012,
					"end":	4.005007,
					"seconds":	0.999994993209839,
					"bytes":	576585728,
					"bits_per_second":	4612708918.86563,
					"omitted":	false,
					"sender":	false
				}],
			"sum":	{
				"start":	3.005012,
				"end":	4.005007,
				"seconds":	0.999994993209839,
				"bytes":	576585728,
				"bits_per_second":	4612708918.86563,
				"omitted":	false,
				"sender":	false
			}
		}, {
			"streams":	[{
					"socket":	5,
					"start":	4.005007,
					"end":	5.005004,
					"seconds":	0.99999701976776123,
					"bytes":	578158592,
					"bits_per_second":	4625282520.41608,
					"omitted":	false,
					"sender":	false
				}],
			"sum":	{
				"start":	4.005007,
				"end":	5.005004,
				"seconds":	0.99999701976776123,
				"bytes":	578158592,
				"bits_per_second":	4625282520.41608,
				"omitted":	false,
				"sender":	false
			}
		}, {
			"streams":	[{
					"socket":	5,
					"start":	5.005004,
					"end":	6.005007,
					"seconds":	1.0000029802322388,
					"bytes":	577896448,
					"bits_per_second":	4623157805.9160624,
					"omitted":	false,
					"sender":	false
				}],
			"sum":	{
				"start":	5.005004,
				"end":	6.005007,
				"seconds":	1.0000029802322388,
				"bytes":	577896448,
				"bits_per_second":	4623157805.9160624,
				"omitted":	false,
				"sender":	false
			}
		}, {
			"streams":	[{
					"socket":	5,
					"start":	6.005007,
					"end":	7.005008,
					"seconds":	1.0000009536743164,
					"bytes":	578813952,
					"bits_per_second":	4630507200.00421,
					"omitted":	false,
					"sender":	false
				}],
			"sum":	{
				"start":	6.005007,
				"end":	7.005008,
				"seconds":	1.0000009536743164,
				"bytes":	578813952,
				"bits_per_second":	4630507200.00421,
				"omitted":	false,
				"sender":	false
			}
		}, {
			"streams":	[{
					"socket":	5,
					"start":	7.005008,
					"end":	8.005008,
					"seconds":	1,
					"bytes":	577241088,
					"bits_per_second":	4617928704,
					"omitted":	false,
					"sender":	false
				}],
			"sum":	{
				"start":	7.005008,
				"end":	8.005008,
				"seconds":	1,
				"bytes":	577241088,
				"bits_per_second":	4617928704,
				"omitted":	false,
				"sender":	false
			}
		}, {
			"streams":	[{
					"socket":	5,
					"start":	8.005008,
					"end":	9.005004,
					"seconds":	0.9999960064888,
					"bytes":	574226432,
					"bits_per_second":	4593829801.5107632,
					"omitted":	false,
					"sender":	false
				}],
			"sum":	{
				"start":	8.005008,
				"end":	9.005004,
				"seconds":	0.9999960064888,
				"bytes":	574226432,
				"bits_per_second":	4593829801.5107632,
				"omitted":	false,
				"sender":	false
			}
		}, {
			"streams":	[{
					"socket":	5,
					"start":	9.005004,
					"end":	10.005011,
					"seconds":	1.0000070333480835,
					"bytes":	577372160,
					"bits_per_second":	4618944793.35349,
					"omitted":	false,
					"sender":	false
				}],
			"sum":	{
				"start":	9.005004,
				"end":	10.005011,
				"seconds":	1.0000070333480835,
				"bytes":	577372160,
				"bits_per_second":	4618944793.35349,
				"omitted":	false,
				"sender":	false
			}
		}, {
			"streams":	[{
					"socket":	5,
					"start":	10.005011,
					"end":	11.005014,
					"seconds":	1.0000029802322388,
					"bytes":	577503232,
					"bits_per_second":	4620012087.2910337,
					"omitted":	false,
					"sender":	false
				}],
			"sum":	{
				"start":	10.005011,
				"end":	11.005014,
				"seconds":	1.0000029802322388,
				"bytes":	577503232,
				"bits_per_second":	4620012087.2910337,
				"omitted":	false,
				"sender":	false
			}
		}, {
			"streams":	[{
					"socket":	5,
					"start":	11.005014,
					"end":	12.005011,
					"seconds":	0.99999701976776123,
					"bytes":	579600384,
					"bits_per_second":	4636816890.7911835,
					"omitted":	false,
					"sender":	false
				}],
			"sum":	{
				"start":	11.005014,
				"end":	12.005011,
				"seconds":	0.99999701976776123,
				"bytes":	579600384,
				"bits_per_second":	4636816890.7911835,
				"omitted":	false,
				"sender":	false
			}
		}, {
			"streams":	[{
					"socket":	5,
					"start":	12.005011,
					"end":	13.005009,
					"seconds":	0.99999797344207764,
					"bytes":	578158592,
					"bits_per_second":	4625278109.3939953,
					"omitted":	false,
					"sender":	false
				}],
			"sum":	{
				"start":	12.005011,
				"end":	13.005009,
				"seconds":	0.99999797344207764,
				"bytes":	578158592,
				"bits_per_second":	4625278109.3939953,
				"omitted":	false,
				"sender":	false
			}
		}, {
			"streams":	[{
					"socket":	5,
					"start":	13.005009,
					"end":	14.002598,
					"seconds":	0.99758899211883545,
					"bytes":	578551808,
					"bits_per_second":	4639600577.5579481,
					"omitted":	false,
					"sender":	false
				}],
			"sum":	{
				"start":	13.005009,
				"end":	14.002598,
				"seconds":	0.99758899211883545,
				"bytes":	578551808,
				"bits_per_second":	4639600577.5579481,
				"omitted":	false,
				"sender":	false
			}
		}, {
			"streams":	[{
					"socket":	5,
					"start":	14.002598,
					"end":	15.005005,
					"seconds":	1.00240695476532,
					"bytes":	581959680,
					"bits_per_second":	4644498342.5818024,
					"omitted":	false,
					"sender":	false
				}],
			"sum":	{
				"start":	14.002598,
				"end":	15.005005,
				"seconds":	1.00240695476532,
				"bytes":	581959680,
				"bits_per_second":	4644498342.5818024,
				"omitted":	false,
				"sender":	false
			}
		}, {
			"streams":	[{
					"socket":	5,
					"start":	15.005005,
					"end":	16.005007,
					"seconds":	1.0000020265579224,
					"bytes":	578945024,
					"bits_per_second":	4631550805.89402,
					"omitted":	false,
					"sender":	false
				}],
			"sum":	{
				"start":	15.005005,
				"end":	16.005007,