{
	"start":	{
		"connected":	[{
				"socket":	5,
				"local_host":	"192.168.128.1",
				"local_port":	49284,
				"remote_host":	"192.168.128.4",
				"remote_port":	5201
			}],
		"version":	"iperf 3.18",
		"system_info":	"Darwin mimi-2.local 24.3.0 Darwin Kernel Version 24.3.0: Thu Jan  2 20:24:23 PST 2025; root:xnu-11215.81.4~3/RELEASE_ARM64_T8122 arm64",
		"timestamp":	{
			"time":	"Sat, 22 Feb 2025 16:31:35 UTC",
			"timesecs":	1740241895
		},
		"connecting_to":	{
			"host":	"192.168.128.4",
			"port":	5201
		},
		"cookie":	"wakcdp7cop4g54to2hh2vzankrmsylc2nswz",
		"tcp_mss_default":	1448,
		"target_bitrate":	0,
		"fq_rate":	0,
		"sock_bufsize":	0,
		"sndbuf_actual":	131072,
		"rcvbuf_actual":	131072,
		"test_start":	{
			"protocol":	"TCP",
			"num_streams":	1,
			"blksize":	131072,
			"omit":	0,
			"duration":	30,
			"bytes":	0,
			"blocks":	0,
			"reverse":	1,
			"tos":	0,
			"target_bitrate":	0,
			"bidir":	0,
			"fqrate":	0,
			"interval":	1
		}
	},
	"intervals":	[{
			"streams":	[{
					"socket":	5,
					"start":	0,
					"end":	1.005007,
					"seconds":	1.0050070285797119,
					"bytes":	720764928,
					"bits_per_second":	5737392137.5940523,
					"omitted":	false,
					"sender":	false
				}],
			"sum":	{
				"start":	0,
				"end":	1.005007,
				"seconds":	1.0050070285797119,
				"bytes":	720764928,
				"bits_per_second":	5737392137.5940523,
				"omitted":	false,
				"sender":	false
			}
		}, {
			"streams":	[{
					"socket":	5,
					"start":	1.005007,
					"end":	2.005006,
					"seconds":	0.99999898672103882,
					"bytes":	726532096,
					"bits_per_second":	5812262657.4434681,
					"omitted":	false,
					"sender":	false
				}],
			"sum":	{
				"start":	1.005007,
				"end":	2.005006,
				"seconds":	0.99999898672103882,
				"bytes":	726532096,
				"bits_per_second":	5812262657.4434681,
				"omitted":	false,
				"sender":	false
			}
		}, {
			"streams":	[{
					"socket":	5,
					"start":	2.005006,
					"end":	3.00502,
					"seconds":	1.0000139474868774,
					"bytes":	730726400,
					"bits_per_second":	5845729666.7621841,
					"omitted":	false,
					"sender":	false
				}],
			"sum":	{
				"start":	2.005006,
				"end":	3.00502,
				"seconds":	1.0000139474868774,
				"bytes":	730726400,
				"bits_per_second":	5845729666.7621841,
				"omitted":	false,
				"sender":	false
			}
		}, {
			"streams":	[{
					"socket":	5,
					"start":	3.00502,
					"end":	4.005006,
					"seconds":	0.99998599290847778,
					"bytes":	732299264,
					"bits_per_second":	5858476172.2119246,
					"omitted":	false,
					"sender":	false
				}],
			"sum":	{
				"start":	3.00502,
				"end":	4.005006,
				"seconds":	0.99998599290847778,
				"bytes":	732299264,
				"bits_per_second":	5858476172.2119246,
				"omitted":	false,
				"sender":	false
			}
		}, {
			"streams":	[{
					"socket":	5,
					"start":	4.005006,
					"end":	5.005009,
					"seconds":	1.0000029802322388,
					"bytes":	728236032,
					"bits_per_second":	5825870893.5517445,
					"omitted":	false,
					"sender":	false
				}],
			"sum":	{
				"start":	4.005006,
				"end":	5.005009,
				"seconds":	1.0000029802322388,
				"bytes":	728236032,
				"bits_per_second":	5825870893.5517445,
				"omitted":	false,
				"sender":	false
			}
		}, {
			"streams":	[{
					"socket":	5,
					"start":	5.005009,
					"end":	6.005008,
					"seconds":	0.99999898672103882,
					"bytes":	728367104,
					"bits_per_second":	5826942736.3184824,
					"omitted":	false,
					"sender":	false
				}],
			"sum":	{
				"start":	5.005009,
				"end":	6.005008,
				"seconds":	0.99999898672103882,
				"bytes":	728367104,
				"bits_per_second":	5826942736.3184824,
				"omitted":	false,
				"sender":	false
			}
		}, {
			"streams":	[{
					"socket":	5,
					"start":	6.005008,
					"end":	7.005028,
					"seconds":	1.0000200271606445,
					"bytes":	732037120,
					"bits_per_second":	5856179677.34884,
					"omitted":	false,
					"sender":	false
				}],
			"sum":	{
				"start":	6.005008,
				"end":	7.005028,
				"seconds":	1.0000200271606445,
				"bytes":	732037120,
				"bits_per_second":	5856179677.34884,
				"omitted":	false,
				"sender":	false
			}
		}, {
			"streams":	[{
					"socket":	5,
					"start":	7.005028,
					"end":	8.00501,
					"seconds":	0.99998199939727783,
					"bytes":	727973888,
					"bits_per_second":	5823895937.63707,
					"omitted":	false,
					"sender":	false
				}],
			"sum":	{
				"start":	7.005028,
				"end":	8.00501,
				"seconds":	0.99998199939727783,
				"bytes":	727973888,
				"bits_per_second":	5823895937.63707,
				"omitted":	false,
				"sender":	false
			}
		}, {
			"streams":	[{
					"socket":	5,
					"start":	8.00501,
					"end":	9.005007,
					"seconds":	0.99999701976776123,
					"bytes":	728629248,
					"bits_per_second":	5829051355.9267721,
					"omitted":	false,
					"sender":	false
				}],
			"sum":	{
				"start":	8.00501,
				"end":	9.005007,
				"seconds":	0.99999701976776123,
				"bytes":	728629248,
				"bits_per_second":	5829051355.9267721,
				"omitted":	false,
				"sender":	false
			}
		}, {
			"streams":	[{
					"socket":	5,
					"start":	9.005007,
					"end":	10.005009,
					"seconds":	1.0000020265579224,
					"bytes":	729022464,
					"bits_per_second":	5832167892.7739525,
					"omitted":	false,
					"sender":	false
				}],
			"sum":	{
				"start":	9.005007,
				"end":	10.005009,
				"seconds":	1.0000020265579224,
				"bytes":	729022464,
				"bits_per_second":	5832167892.7739525,
				"omitted":	false,
				"sender":	false
			}
		}, {
			"streams":	[{
					"socket":	5,
					"start":	10.005009,
					"end":	11.005005,
					"seconds":	0.9999960064888,
					"bytes":	726269952,
					"bits_per_second":	5810182819.0301619,
					"omitted":	false,
					"sender":	false
				}],
			"sum":	{
				"start":	10.005009,
				"end":	11.005005,
				"seconds":	0.9999960064888,
				"bytes":	726269952,
				"bits_per_second":	5810182819.0301619,
				"omitted":	false,
				"sender":	false
			}
		}, {
			"streams":	[{
					"socket":	5,
					"start":	11.005005,
					"end":	12.005008,
					"seconds":	1.0000029802322388,
					"bytes":	718143488,
					"bits_per_second":	5745130782.1760273,
					"omitted":	false,
					"sender":	false
				}],
			"sum":	{
				"start":	11.005005,
				"end":	12.005008,
				"seconds":	1.0000029802322388,
				"bytes":	718143488,
				"bits_per_second":	5745130782.1760273,
				"omitted":	false,
				"sender":	false
			}
		}, {
			"streams":	[{
					"socket":	5,
					"start":	12.005008,
					"end":	13.005009,
					"seconds":	1.0000009536743164,
					"bytes":	719716352,
					"bits_per_second":	5757725325.0052366,
					"omitted":	false,
					"sender":	false
				}],
			"sum":	{
				"start":	12.005008,
				"end":	13.005009,
				"seconds":	1.0000009536743164,
				"bytes":	719716352,
				"bits_per_second":	5757725325.0052366,
				"omitted":	false,
				"sender":	false
			}
		}, {
			"streams":	[{
					"socket":	5,
					"start":	13.005009,
					"end":	14.005026,
					"seconds":	1.0000170469284058,
					"bytes":	719192064,
					"bits_per_second":	5753438433.546936,
					"omitted":	false,
					"sender":	false
				}],
			"sum":	{
				"start":	13.005009,
				"end":	14.005026,
				"seconds":	1.0000170469284058,
				"bytes":	719192064,
				"bits_per_second":	5753438433.546936,
				"omitted":	false,
				"sender":	false
			}
		}, {
			"streams":	[{
					"socket":	5,
					"start":	14.005026,
					"end":	15.005005,
					"seconds":	0.999979019165039,
					"bytes":	720371712,
					"bits_per_second":	5763094610.5368881,
					"omitted":	false,
					"sender":	false
				}],
			"sum":	{
				"start":	14.005026,
				"end":	15.005005,
				"seconds":	0.999979019165039,
				"bytes":	720371712,
				"bits_per_second":	5763094610.5368881,
				"omitted":	false,
				"sender":	false
			}
		}, {
			"streams":	[{
					"socket":	5,
					"start":	15.005005,
					"end":	16.00502,
					"seconds":	1.0000150203704834,
					"bytes":	725221376,
					"bits_per_second":	5801683864.5589266,
					"omitted":	false,
					"sender":	false
				}],