{
	"start":	{
		"connected":	[{
				"socket":	5,
				"local_host":	"10.100.102.149",
				"local_port":	49622,
				"remote_host":	"10.100.102.182",
				"remote_port":	5201
			}],
		"version":	"iperf 3.8.1 -  -- Apple version iperf3-117",
		"system_info":	"Darwin mimi-2.local 24.3.0 Darwin Kernel Version 24.3.0: Thu Jan  2 20:24:23 PST 2025; root:xnu-11215.81.4~3/RELEASE_ARM64_T8122 arm64",
		"timestamp":	{
			"time":	"Sat, 22 Feb 2025 17:35:17 UTC",
			"timesecs":	1740245717
		},
		"connecting_to":	{
			"host":	"10.100.102.182",
			"port":	5201
		},
		"cookie":	"e2bsuz5lvkkjalyuzaaa7tu3nneqvftjc2zq",
		"tcp_mss_default":	1448,
		"sock_bufsize":	0,
		"sndbuf_actual":	131072,
		"rcvbuf_actual":	131072,
		"test_start":	{
			"protocol":	"TCP",
			"num_streams":	1,
			"blksize":	131072,
			"omit":	0,
			"duration":	30,
			"bytes":	0,
			"blocks":	0,
			"reverse":	1,
			"tos":	0
		}
	},
	"intervals":	[{
			"streams":	[{
					"socket":	5,
					"start":	0,
					"end":	1.000034,
					"seconds":	1.000033974647522,
					"bytes":	271221288,
					"bits_per_second":	2169696589.3231483,
					"omitted":	false,
					"sender":	false
				}],
			"sum":	{
				"start":	0,
				"end":	1.000034,
				"seconds":	1.000033974647522,
				"bytes":	271221288,
				"bits_per_second":	2169696589.3231483,
				"omitted":	false,
				"sender":	false
			}
		}, {
			"streams":	[{
					"socket":	5,
					"start":	1.000034,
					"end":	2.000014,
					"seconds":	0.99997997283935547,
					"bytes":	268178288,
					"bits_per_second":	2145469271.6577613,
					"omitted":	false,
					"sender":	false
				}],
			"sum":	{
				"start":	1.000034,
				"end":	2.000014,
				"seconds":	0.99997997283935547,
				"bytes":	268178288,
				"bits_per_second":	2145469271.6577613,
				"omitted":	false,
				"sender":	false
			}
		}, {
			"streams":	[{
					"socket":	5,
					"start":	2.000014,
					"end":	3.00001,
					"seconds":	0.9999960064888,
					"bytes":	265185272,
					"bits_per_second":	2121490648.1966641,
					"omitted":	false,
					"sender":	false
				}],
			"sum":	{
				"start":	2.000014,
				"end":	3.00001,
				"seconds":	0.9999960064888,
				"bytes":	265185272,
				"bits_per_second":	2121490648.1966641,
				"omitted":	false,
				"sender":	false
			}
		}, {
			"streams":	[{
					"socket":	5,
					"start":	3.00001,
					"end":	4.000049,
					"seconds":	1.0000389814376831,
					"bytes":	265677592,
					"bits_per_second":	2125337887.2735918,
					"omitted":	false,
					"sender":	false
				}],
			"sum":	{
				"start":	3.00001,
				"end":	4.000049,
				"seconds":	1.0000389814376831,
				"bytes":	265677592,
				"bits_per_second":	2125337887.2735918,
				"omitted":	false,
				"sender":	false
			}
		}, {
			"streams":	[{
					"socket":	5,
					"start":	4.000049,
					"end":	5.000074,
					"seconds":	1.0000250339508057,
					"bytes":	266400144,
					"bits_per_second":	2131147800.9507914,
					"omitted":	false,
					"sender":	false
				}],
			"sum":	{
				"start":	4.000049,
				"end":	5.000074,
				"seconds":	1.0000250339508057,
				"bytes":	266400144,
				"bits_per_second":	2131147800.9507914,
				"omitted":	false,
				"sender":	false
			}
		}, {
			"streams":	[{
					"socket":	5,
					"start":	5.000074,
					"end":	6.000016,
					"seconds":	0.99994200468063354,
					"bytes":	265800672,
					"bits_per_second":	2126528704.7113717,
					"omitted":	false,
					"sender":	false
				}],
			"sum":	{
				"start":	5.000074,
				"end":	6.000016,
				"seconds":	0.99994200468063354,
				"bytes":	265800672,
				"bits_per_second":	2126528704.7113717,
				"omitted":	false,
				"sender":	false
			}
		}, {
			"streams":	[{
					"socket":	5,
					"start":	6.000016,
					"end":	7.000018,
					"seconds":	1.0000020265579224,
					"bytes":	265634152,
					"bits_per_second":	2125068909.4247661,
					"omitted":	false,
					"sender":	false
				}],
			"sum":	{
				"start":	6.000016,
				"end":	7.000018,
				"seconds":	1.0000020265579224,
				"bytes":	265634152,
				"bits_per_second":	2125068909.4247661,
				"omitted":	false,
				"sender":	false
			}
		}, {
			"streams":	[{
					"socket":	5,
					"start":	7.000018,
					"end":	8.000074,
					"seconds":	1.0000560283660889,
					"bytes":	262596248,
					"bits_per_second":	2100652287.884589,
					"omitted":	false,
					"sender":	false
				}],
			"sum":	{
				"start":	7.000018,
				"end":	8.000074,
				"seconds":	1.0000560283660889,
				"bytes":	262596248,
				"bits_per_second":	2100652287.884589,
				"omitted":	false,
				"sender":	false
			}
		}, {
			"streams":	[{
					"socket":	5,
					"start":	8.000074,
					"end":	9.000016,
					"seconds":	0.99994200468063354,
					"bytes":	266601416,
					"bits_per_second":	2132935028.2481511,
					"omitted":	false,
					"sender":	false
				}],
			"sum":	{
				"start":	8.000074,
				"end":	9.000016,
				"seconds":	0.99994200468063354,
				"bytes":	266601416,
				"bits_per_second":	2132935028.2481511,
				"omitted":	false,
				"sender":	false
			}
		}, {
			"streams":	[{
					"socket":	5,
					"start":	9.000016,
					"end":	10.000005,
					"seconds":	0.99998897314071655,
					"bytes":	263317352,
					"bits_per_second":	2106562044.7632394,
					"omitted":	false,
					"sender":	false
				}],
			"sum":	{
				"start":	9.000016,
				"end":	10.000005,
				"seconds":	0.99998897314071655,
				"bytes":	263317352,
				"bits_per_second":	2106562044.7632394,
				"omitted":	false,
				"sender":	false
			}
		}, {
			"streams":	[{
					"socket":	5,
					"start":	10.000005,
					"end":	11.000031,
					"seconds":	1.0000259876251221,
					"bytes":	265540032,
					"bits_per_second":	2124265051.3961844,
					"omitted":	false,
					"sender":	false
				}],
			"sum":	{
				"start":	10.000005,
				"end":	11.000031,
				"seconds":	1.0000259876251221,
				"bytes":	265540032,
				"bits_per_second":	2124265051.3961844,
				"omitted":	false,
				"sender":	false
			}
		}, {
			"streams":	[{
					"socket":	5,
					"start":	11.000031,
					"end":	12.000057,
					"seconds":	1.0000259876251221,
					"bytes":	263446224,
					"bits_per_second":	2107515022.6896513,
					"omitted":	false,
					"sender":	false
				}],
			"sum":	{
				"start":	11.000031,
				"end":	12.000057,
				"seconds":	1.0000259876251221,
				"bytes":	263446224,
				"bits_per_second":	2107515022.6896513,
				"omitted":	false,
				"sender":	false
			}
		}, {
			"streams":	[{
					"socket":	5,
					"start":	12.000057,
					"end":	13.000024,
					"seconds":	0.99996697902679443,
					"bytes":	264978208,
					"bits_per_second":	2119895665.0179532,
					"omitted":	false,
					"sender":	false
				}],
			"sum":	{
				"start":	12.000057,
				"end":	13.000024,
				"seconds":	0.99996697902679443,
				"bytes":	264978208,
				"bits_per_second":	2119895665.0179532,
				"omitted":	false,
				"sender":	false
			}
		}, {
			"streams":	[{
					"socket":	5,
					"start":	13.000024,
					"end":	14.00003,
					"seconds":	1.0000059604644775,
					"bytes":	262309544,
					"bits_per_second":	2098463844.1807992,
					"omitted":	false,
					"sender":	false
				}],
			"sum":	{
				"start":	13.000024,
				"end":	14.00003,
				"seconds":	1.0000059604644775,
				"bytes":	262309544,
				"bits_per_second":	2098463844.1807992,
				"omitted":	false,
				"sender":	false
			}
		}, {
			"streams":	[{
					"socket":	5,
					"start":	14.00003,
					"end":	15.000018,
					"seconds":	0.9999880194664,
					"bytes":	262483304,
					"bits_per_second":	2099891589.821748,
					"omitted":	false,
					"sender":	false
				}],
			"sum":	{
				"start":	14.00003,
				"end":	15.000018,
				"seconds":	0.9999880194664,
				"bytes":	262483304,
				"bits_per_second":	2099891589.821748,
				"omitted":	false,
				"sender":	false
			}
		}, {
			"streams":	[{
					"socket":	5,
					"start":	15.000018,
					"end":	16.000047,
					"seconds":	1.0000289678573608,
					"bytes":	257597752,
					"bits_per_second":	2060722321.2897365,
					"omitted":	false,
					"sender":	false
				}],
			"sum":	{
				"start":	15.000018,
				"end":	16.000047,
				"seconds":	1.0000289678573608,