{
	"start":	{
		"connected":	[{
				"socket":	5,
				"local_host":	"10.100.102.4",
				"local_port":	49473,
				"remote_host":	"10.100.102.6",
				"remote_port":	5201
			}],
		"version":	"iperf 3.20",
		"system_info":	"Darwin mimi-2.local 25.3.0 Darwin Kernel Version 25.3.0: Wed Jan 28 20:53:31 PST 2026; root:xnu-12377.81.4~5/RELEASE_ARM64_T8122 arm64",
		"timestamp":	{
			"time":	"Fri, 27 Feb 2026 20:17:41 UTC",
			"timesecs":	1772223461,
			"timemillisecs":	1772223461096
		},
		"connecting_to":	{
			"host":	"10.100.102.6",
			"port":	5201
		},
		"cookie":	"boeu4pu46efbapoxtjiavhuvsojmxxk274r2",
		"tcp_mss_default":	1448,
		"target_bitrate":	0,
		"fq_rate":	0,
		"sock_bufsize":	0,
		"sndbuf_actual":	131072,
		"rcvbuf_actual":	131072,
		"test_start":	{
			"protocol":	"TCP",
			"num_streams":	1,
			"blksize":	131072,
			"omit":	0,
			"duration":	30,
			"bytes":	0,
			"blocks":	0,
			"reverse":	0,
			"tos":	0,
			"target_bitrate":	0,
			"bidir":	0,
			"fqrate":	0,
			"interval":	1
		}
	},
	"intervals":	[{
			"streams":	[{
					"socket":	5,
					"start":	0,
					"end":	1.010027,
					"seconds":	1.0100270509719849,
					"bytes":	318111744,
					"bits_per_second":	2519629498.58715,
					"omitted":	false,
					"sender":	true
				}],
			"sum":	{
				"start":	0,
				"end":	1.010027,
				"seconds":	1.0100270509719849,
				"bytes":	318111744,
				"bits_per_second":	2519629498.58715,
				"omitted":	false,
				"sender":	true
			}
		}, {
			"streams":	[{
					"socket":	5,
					"start":	1.010027,
					"end":	2.010024,
					"seconds":	0.99999701976776123,
					"bytes":	321388544,
					"bits_per_second":	2571116014.5228362,
					"omitted":	false,
					"sender":	true
				}],
			"sum":	{
				"start":	1.010027,
				"end":	2.010024,
				"seconds":	0.99999701976776123,
				"bytes":	321388544,
				"bits_per_second":	2571116014.5228362,
				"omitted":	false,
				"sender":	true
			}
		}, {
			"streams":	[{
					"socket":	5,
					"start":	2.010024,
					"end":	3.010024,
					"seconds":	1,
					"bytes":	351797248,
					"bits_per_second":	2814377984,
					"omitted":	false,
					"sender":	true
				}],
			"sum":	{
				"start":	2.010024,
				"end":	3.010024,
				"seconds":	1,
				"bytes":	351797248,
				"bits_per_second":	2814377984,
				"omitted":	false,
				"sender":	true
			}
		}, {
			"streams":	[{
					"socket":	5,
					"start":	3.010024,
					"end":	4.005197,
					"seconds":	0.99517297744750977,
					"bytes":	366739456,
					"bits_per_second":	2948146417.24408,
					"omitted":	false,
					"sender":	true
				}],
			"sum":	{
				"start":	3.010024,
				"end":	4.005197,
				"seconds":	0.99517297744750977,
				"bytes":	366739456,
				"bits_per_second":	2948146417.24408,
				"omitted":	false,
				"sender":	true
			}
		}, {
			"streams":	[{
					"socket":	5,
					"start":	4.005197,
					"end":	5.010024,
					"seconds":	1.00482702255249,
					"bytes":	354942976,
					"bits_per_second":	2825903109.9570847,
					"omitted":	false,
					"sender":	true
				}],
			"sum":	{
				"start":	4.005197,
				"end":	5.010024,
				"seconds":	1.00482702255249,
				"bytes":	354942976,
				"bits_per_second":	2825903109.9570847,
				"omitted":	false,
				"sender":	true
			}
		}, {
			"streams":	[{
					"socket":	5,
					"start":	5.010024,
					"end":	6.010023,
					"seconds":	0.99999898672103882,
					"bytes":	401735680,
					"bits_per_second":	3213888696.5658,
					"omitted":	false,
					"sender":	true
				}],
			"sum":	{
				"start":	5.010024,
				"end":	6.010023,
				"seconds":	0.99999898672103882,
				"bytes":	401735680,
				"bits_per_second":	3213888696.5658,
				"omitted":	false,
				"sender":	true
			}
		}, {
			"streams":	[{
					"socket":	5,
					"start":	6.010023,
					"end":	7.007709,
					"seconds":	0.99768602848052979,
					"bytes":	350879744,
					"bits_per_second":	2813548422.9192858,
					"omitted":	false,
					"sender":	true
				}],
			"sum":	{
				"start":	6.010023,
				"end":	7.007709,
				"seconds":	0.99768602848052979,
				"bytes":	350879744,
				"bits_per_second":	2813548422.9192858,
				"omitted":	false,
				"sender":	true
			}
		}, {
			"streams":	[{
					"socket":	5,
					"start":	7.007709,
					"end":	8.010027,
					"seconds":	1.0023180246353149,
					"bytes":	354811904,
					"bits_per_second":	2831930746.7634964,
					"omitted":	false,
					"sender":	true
				}],
			"sum":	{
				"start":	7.007709,
				"end":	8.010027,
				"seconds":	1.0023180246353149,
				"bytes":	354811904,
				"bits_per_second":	2831930746.7634964,
				"omitted":	false,
				"sender":	true
			}
		}, {
			"streams":	[{
					"socket":	5,
					"start":	8.010027,
					"end":	9.010028,
					"seconds":	1.0000009536743164,
					"bytes":	361103360,
					"bits_per_second":	2888824125.0026274,
					"omitted":	false,
					"sender":	true
				}],
			"sum":	{
				"start":	8.010027,
				"end":	9.010028,
				"seconds":	1.0000009536743164,
				"bytes":	361103360,
				"bits_per_second":	2888824125.0026274,
				"omitted":	false,
				"sender":	true
			}
		}, {
			"streams":	[{
					"socket":	5,
					"start":	9.010028,
					"end":	10.010022,
					"seconds":	0.99999397993087769,
					"bytes":	353501184,
					"bits_per_second":	2828026496.9149914,
					"omitted":	false,
					"sender":	true
				}],
			"sum":	{
				"start":	9.010028,
				"end":	10.010022,
				"seconds":	0.99999397993087769,
				"bytes":	353501184,
				"bits_per_second":	2828026496.9149914,
				"omitted":	false,
				"sender":	true
			}
		}, {
			"streams":	[{
					"socket":	5,
					"start":	10.010022,
					"end":	11.010024,
					"seconds":	1.0000020265579224,
					"bytes":	355860480,
					"bits_per_second":	2846878070.636692,
					"omitted":	false,
					"sender":	true
				}],
			"sum":	{
				"start":	10.010022,
				"end":	11.010024,
				"seconds":	1.0000020265579224,
				"bytes":	355860480,
				"bits_per_second":	2846878070.636692,
				"omitted":	false,
				"sender":	true
			}
		}, {
			"streams":	[{
					"socket":	5,
					"start":	11.010024,
					"end":	12.010024,
					"seconds":	1,
					"bytes":	372768768,
					"bits_per_second":	2982150144,
					"omitted":	false,
					"sender":	true
				}],
			"sum":	{
				"start":	11.010024,
				"end":	12.010024,
				"seconds":	1,
				"bytes":	372768768,
				"bits_per_second":	2982150144,
				"omitted":	false,
				"sender":	true
			}
		}, {
			"streams":	[{
					"socket":	5,
					"start":	12.010024,
					"end":	13.010022,
					"seconds":	0.99999797344207764,
					"bytes":	356122624,
					"bits_per_second":	2848986765.6367,
					"omitted":	false,
					"sender":	true
				}],
			"sum":	{
				"start":	12.010024,
				"end":	13.010022,
				"seconds":	0.99999797344207764,
				"bytes":	356122624,
				"bits_per_second":	2848986765.6367,
				"omitted":	false,
				"sender":	true
			}
		}, {
			"streams":	[{
					"socket":	5,
					"start":	13.010022,
					"end":	14.009357,
					"seconds":	0.999334990978241,
					"bytes":	351404032,
					"bits_per_second":	2813102994.8707266,
					"omitted":	false,
					"sender":	true
				}],
			"sum":	{
				"start":	13.010022,
				"end":	14.009357,
				"seconds":	0.999334990978241,
				"bytes":	351404032,
				"bits_per_second":	2813102994.8707266,
				"omitted":	false,
				"sender":	true
			}
		}, {
			"streams":	[{
					"socket":	5,
					"start":	14.009357,
					"end":	15.010022,
					"seconds":	1.0006649494171143,
					"bytes":	357826560,
					"bits_per_second":	2860710252.3851438,
					"omitted":	false,
					"sender":	true
				}],
			"sum":	{
				"start":	14.009357,
				"end":	15.010022,
				"seconds":	1.0006649494171143,
				"bytes":	357826560,
				"bits_per_second":	2860710252.3851438,
				"omitted":	false,
				"sender":	true
			}
		}, {
			"streams":	[{
					"socket":	5,
					"start":	15.010022,
					"end":	16.010022,
					"seconds":	1,
					"bytes":	399638528,
					"bits_per_second":	3197108224,
					"omitted":	false,
					"sender":	true
				}],
			"sum":	{
				"start":	15.010022,
				"end":	16.010022,
				"seconds":	1,
				"bytes":	399638528,
				"bits_per_second":	3197108224,