{
	"start":	{
		"connected":	[{
				"socket":	5,
				"local_host":	"10.100.102.4",
				"local_port":	49475,
				"remote_host":	"10.100.102.6",
				"remote_port":	5201
			}],
		"version":	"iperf 3.20",
		"system_info":	"Darwin mimi-2.local 25.3.0 Darwin Kernel Version 25.3.0: Wed Jan 28 20:53:31 PST 2026; root:xnu-12377.81.4~5/RELEASE_ARM64_T8122 arm64",
		"timestamp":	{
			"time":	"Fri, 27 Feb 2026 20:18:11 UTC",
			"timesecs":	1772223491,
			"timemillisecs":	1772223491126
		},
		"connecting_to":	{
			"host":	"10.100.102.6",
			"port":	5201
		},
		"cookie":	"xm4tmzm4mgc373zgsctivpo6sqnsxxekcj3q",
		"tcp_mss_default":	1448,
		"target_bitrate":	0,
		"fq_rate":	0,
		"sock_bufsize":	0,
		"sndbuf_actual":	131072,
		"rcvbuf_actual":	131072,
		"test_start":	{
			"protocol":	"TCP",
			"num_streams":	1,
			"blksize":	131072,
			"omit":	0,
			"duration":	30,
			"bytes":	0,
			"blocks":	0,
			"reverse":	1,
			"tos":	0,
			"target_bitrate":	0,
			"bidir":	0,
			"fqrate":	0,
			"interval":	1
		}
	},
	"intervals":	[{
			"streams":	[{
					"socket":	5,
					"start":	0,
					"end":	1.010011,
					"seconds":	1.0100109577178955,
					"bytes":	911474688,
					"bits_per_second":	7219523162.87311,
					"omitted":	false,
					"sender":	false
				}],
			"sum":	{
				"start":	0,
				"end":	1.010011,
				"seconds":	1.0100109577178955,
				"bytes":	911474688,
				"bits_per_second":	7219523162.87311,
				"omitted":	false,
				"sender":	false
			}
		}, {
			"streams":	[{
					"socket":	5,
					"start":	1.010011,
					"end":	2.010013,
					"seconds":	1.0000020265579224,
					"bytes":	898760704,
					"bits_per_second":	7190071060.90453,
					"omitted":	false,
					"sender":	false
				}],
			"sum":	{
				"start":	1.010011,
				"end":	2.010013,
				"seconds":	1.0000020265579224,
				"bytes":	898760704,
				"bits_per_second":	7190071060.90453,
				"omitted":	false,
				"sender":	false
			}
		}, {
			"streams":	[{
					"socket":	5,
					"start":	2.010013,
					"end":	3.003702,
					"seconds":	0.993689000606537,
					"bytes":	902692864,
					"bits_per_second":	7267407516.4282284,
					"omitted":	false,
					"sender":	false
				}],
			"sum":	{
				"start":	2.010013,
				"end":	3.003702,
				"seconds":	0.993689000606537,
				"bytes":	902692864,
				"bits_per_second":	7267407516.4282284,
				"omitted":	false,
				"sender":	false
			}
		}, {
			"streams":	[{
					"socket":	5,
					"start":	3.003702,
					"end":	4.006008,
					"seconds":	1.00230598449707,
					"bytes":	908328960,
					"bits_per_second":	7249913491.882618,
					"omitted":	false,
					"sender":	false
				}],
			"sum":	{
				"start":	3.003702,
				"end":	4.006008,
				"seconds":	1.00230598449707,
				"bytes":	908328960,
				"bits_per_second":	7249913491.882618,
				"omitted":	false,
				"sender":	false
			}
		}, {
			"streams":	[{
					"socket":	5,
					"start":	4.006008,
					"end":	5.002853,
					"seconds":	0.996845006942749,
					"bytes":	912785408,
					"bits_per_second":	7325394833.8423948,
					"omitted":	false,
					"sender":	false
				}],
			"sum":	{
				"start":	4.006008,
				"end":	5.002853,
				"seconds":	0.996845006942749,
				"bytes":	912785408,
				"bits_per_second":	7325394833.8423948,
				"omitted":	false,
				"sender":	false
			}
		}, {
			"streams":	[{
					"socket":	5,
					"start":	5.002853,
					"end":	6.005969,
					"seconds":	1.0031160116195679,
					"bytes":	922615808,
					"bits_per_second":	7357998854.0739384,
					"omitted":	false,
					"sender":	false
				}],
			"sum":	{
				"start":	5.002853,
				"end":	6.005969,
				"seconds":	1.0031160116195679,
				"bytes":	922615808,
				"bits_per_second":	7357998854.0739384,
				"omitted":	false,
				"sender":	false
			}
		}, {
			"streams":	[{
					"socket":	5,
					"start":	6.005969,
					"end":	7.001599,
					"seconds":	0.99563002586364746,
					"bytes":	908984320,
					"bits_per_second":	7303791941.88333,
					"omitted":	false,
					"sender":	false
				}],
			"sum":	{
				"start":	6.005969,
				"end":	7.001599,
				"seconds":	0.99563002586364746,
				"bytes":	908984320,
				"bits_per_second":	7303791941.88333,
				"omitted":	false,
				"sender":	false
			}
		}, {
			"streams":	[{
					"socket":	5,
					"start":	7.001599,
					"end":	8.010011,
					"seconds":	1.0084120035171509,
					"bytes":	933232640,
					"bits_per_second":	7403582160.8236361,
					"omitted":	false,
					"sender":	false
				}],
			"sum":	{
				"start":	7.001599,
				"end":	8.010011,
				"seconds":	1.0084120035171509,
				"bytes":	933232640,
				"bits_per_second":	7403582160.8236361,
				"omitted":	false,
				"sender":	false
			}
		}, {
			"streams":	[{
					"socket":	5,
					"start":	8.010011,
					"end":	9.001722,
					"seconds":	0.99171102046966553,
					"bytes":	915800064,
					"bits_per_second":	7387636479.5565968,
					"omitted":	false,
					"sender":	false
				}],
			"sum":	{
				"start":	8.010011,
				"end":	9.001722,
				"seconds":	0.99171102046966553,
				"bytes":	915800064,
				"bits_per_second":	7387636479.5565968,
				"omitted":	false,
				"sender":	false
			}
		}, {
			"streams":	[{
					"socket":	5,
					"start":	9.001722,
					"end":	10.010018,
					"seconds":	1.008296012878418,
					"bytes":	919339008,
					"bits_per_second":	7294199292.7297668,
					"omitted":	false,
					"sender":	false
				}],
			"sum":	{
				"start":	9.001722,
				"end":	10.010018,
				"seconds":	1.008296012878418,
				"bytes":	919339008,
				"bits_per_second":	7294199292.7297668,
				"omitted":	false,
				"sender":	false
			}
		}, {
			"streams":	[{
					"socket":	5,
					"start":	10.010018,
					"end":	11.010015,
					"seconds":	0.99999701976776123,
					"bytes":	920911872,
					"bits_per_second":	7367316932.3154345,
					"omitted":	false,
					"sender":	false
				}],
			"sum":	{
				"start":	10.010018,
				"end":	11.010015,
				"seconds":	0.99999701976776123,
				"bytes":	920911872,
				"bits_per_second":	7367316932.3154345,
				"omitted":	false,
				"sender":	false
			}
		}, {
			"streams":	[{
					"socket":	5,
					"start":	11.010015,
					"end":	12.010019,
					"seconds":	1.0000040531158447,
					"bytes":	923664384,
					"bits_per_second":	7389285122.37139,
					"omitted":	false,
					"sender":	false
				}],
			"sum":	{
				"start":	11.010015,
				"end":	12.010019,
				"seconds":	1.0000040531158447,
				"bytes":	923664384,
				"bits_per_second":	7389285122.37139,
				"omitted":	false,
				"sender":	false
			}
		}, {
			"streams":	[{
					"socket":	5,
					"start":	12.010019,
					"end":	13.004077,
					"seconds":	0.99405801296234131,
					"bytes":	922222592,
					"bits_per_second":	7421881459.4269543,
					"omitted":	false,
					"sender":	false
				}],
			"sum":	{
				"start":	12.010019,
				"end":	13.004077,
				"seconds":	0.99405801296234131,
				"bytes":	922222592,
				"bits_per_second":	7421881459.4269543,
				"omitted":	false,
				"sender":	false
			}
		}, {
			"streams":	[{
					"socket":	5,
					"start":	13.004077,
					"end":	14.000032,
					"seconds":	0.995954990386963,
					"bytes":	921042944,
					"bits_per_second":	7398269623.7479,
					"omitted":	false,
					"sender":	false
				}],
			"sum":	{
				"start":	13.004077,
				"end":	14.000032,
				"seconds":	0.995954990386963,
				"bytes":	921042944,
				"bits_per_second":	7398269623.7479,
				"omitted":	false,
				"sender":	false
			}
		}, {
			"streams":	[{
					"socket":	5,
					"start":	14.000032,
					"end":	15.005868,
					"seconds":	1.005836009979248,
					"bytes":	940179456,
					"bits_per_second":	7477795160.81869,
					"omitted":	false,
					"sender":	false
				}],
			"sum":	{
				"start":	14.000032,
				"end":	15.005868,
				"seconds":	1.005836009979248,
				"bytes":	940179456,
				"bits_per_second":	7477795160.81869,
				"omitted":	false,
				"sender":	false
			}
		}, {
			"streams":	[{
					"socket":	5,
					"start":	15.005868,
					"end":	16.010012,
					"seconds":	1.0041439533233643,
					"bytes":	923140096,
					"bits_per_second":	7354643468.75549,
					"omitted":	false,
					"sender":	false
				}],