{
	"start":	{
		"connected":	[{
				"socket":	5,
				"local_host":	"10.100.102.149",
				"local_port":	49516,
				"remote_host":	"10.100.102.182",
				"remote_port":	5201
			}],
		"version":	"iperf 3.8.1 -  -- Apple version iperf3-117",
		"system_info":	"Darwin mimi-2.local 24.3.0 Darwin Kernel Version 24.3.0: Thu Jan  2 20:24:23 PST 2025; root:xnu-11215.81.4~3/RELEASE_ARM64_T8122 arm64",
		"timestamp":	{
			"time":	"Sat, 22 Feb 2025 17:22:29 UTC",
			"timesecs":	1740244949
		},
		"connecting_to":	{
			"host":	"10.100.102.182",
			"port":	5201
		},
		"cookie":	"iu6cy4sbkwd4aejwtghkjleoz7bx75pxnq4g",
		"tcp_mss_default":	1448,
		"sock_bufsize":	0,
		"sndbuf_actual":	131072,
		"rcvbuf_actual":	131072,
		"test_start":	{
			"protocol":	"TCP",
			"num_streams":	1,
			"blksize":	131072,
			"omit":	0,
			"duration":	30,
			"bytes":	0,
			"blocks":	0,
			"reverse":	0,
			"tos":	0
		}
	},
	"intervals":	[{
			"streams":	[{
					"socket":	5,
					"start":	0,
					"end":	1.000025,
					"seconds":	1.0000250339508057,
					"bytes":	513757976,
					"bits_per_second":	4109960919.44053,
					"retransmits":	0,
					"snd_cwnd":	8388480,
					"rtt":	8,
					"rttvar":	0,
					"pmtu":	-1,
					"omitted":	false,
					"sender":	true
				}],
			"sum":	{
				"start":	0,
				"end":	1.000025,
				"seconds":	1.0000250339508057,
				"bytes":	513757976,
				"bits_per_second":	4109960919.44053,
				"retransmits":	0,
				"omitted":	false,
				"sender":	true
			}
		}, {
			"streams":	[{
					"socket":	5,
					"start":	1.000025,
					"end":	2.000029,
					"seconds":	1.0000040531158447,
					"bytes":	495981832,
					"bits_per_second":	3967838573.8906069,
					"retransmits":	0,
					"snd_cwnd":	8388480,
					"rtt":	9,
					"rttvar":	0,
					"pmtu":	-1,
					"omitted":	false,
					"sender":	true
				}],
			"sum":	{
				"start":	1.000025,
				"end":	2.000029,
				"seconds":	1.0000040531158447,
				"bytes":	495981832,
				"bits_per_second":	3967838573.8906069,
				"retransmits":	0,
				"omitted":	false,
				"sender":	true
			}
		}, {
			"streams":	[{
					"socket":	5,
					"start":	2.000029,
					"end":	3.000009,
					"seconds":	0.99997997283935547,
					"bytes":	487734360,
					"bits_per_second":	3901953025.04006,
					"retransmits":	0,
					"snd_cwnd":	8388480,
					"rtt":	8,
					"rttvar":	0,
					"pmtu":	-1,
					"omitted":	false,
					"sender":	true
				}],
			"sum":	{
				"start":	2.000029,
				"end":	3.000009,
				"seconds":	0.99997997283935547,
				"bytes":	487734360,
				"bits_per_second":	3901953025.04006,
				"retransmits":	0,
				"omitted":	false,
				"sender":	true
			}
		}, {
			"streams":	[{
					"socket":	5,
					"start":	3.000009,
					"end":	4.000006,
					"seconds":	0.99999701976776123,
					"bytes":	488867816,
					"bits_per_second":	3910954183.5517421,
					"retransmits":	0,
					"snd_cwnd":	8388480,
					"rtt":	9,
					"rttvar":	0,
					"pmtu":	-1,
					"omitted":	false,
					"sender":	true
				}],
			"sum":	{
				"start":	3.000009,
				"end":	4.000006,
				"seconds":	0.99999701976776123,
				"bytes":	488867816,
				"bits_per_second":	3910954183.5517421,
				"retransmits":	0,
				"omitted":	false,
				"sender":	true
			}
		}, {
			"streams":	[{
					"socket":	5,
					"start":	4.000006,
					"end":	5.000017,
					"seconds":	1.0000109672546387,
					"bytes":	484205232,
					"bits_per_second":	3873599373.2493052,
					"retransmits":	0,
					"snd_cwnd":	8388480,
					"rtt":	8,
					"rttvar":	0,
					"pmtu":	-1,
					"omitted":	false,
					"sender":	true
				}],
			"sum":	{
				"start":	4.000006,
				"end":	5.000017,
				"seconds":	1.0000109672546387,
				"bytes":	484205232,
				"bits_per_second":	3873599373.2493052,
				"retransmits":	0,
				"omitted":	false,
				"sender":	true
			}
		}, {
			"streams":	[{
					"socket":	5,
					"start":	5.000017,
					"end":	6.00001,
					"seconds":	0.99999302625656128,
					"bytes":	500870536,
					"bits_per_second":	4006992231.735785,
					"retransmits":	0,
					"snd_cwnd":	8388480,
					"rtt":	10,
					"rttvar":	0,
					"pmtu":	-1,
					"omitted":	false,
					"sender":	true
				}],
			"sum":	{
				"start":	5.000017,
				"end":	6.00001,
				"seconds":	0.99999302625656128,
				"bytes":	500870536,
				"bits_per_second":	4006992231.735785,
				"retransmits":	0,
				"omitted":	false,
				"sender":	true
			}
		}, {
			"streams":	[{
					"socket":	5,
					"start":	6.00001,
					"end":	7.000007,
					"seconds":	0.99999701976776123,
					"bytes":	487724016,
					"bits_per_second":	3901803756.2813439,
					"retransmits":	0,
					"snd_cwnd":	8388480,
					"rtt":	8,
					"rttvar":	0,
					"pmtu":	-1,
					"omitted":	false,
					"sender":	true
				}],
			"sum":	{
				"start":	6.00001,
				"end":	7.000007,
				"seconds":	0.99999701976776123,
				"bytes":	487724016,
				"bits_per_second":	3901803756.2813439,
				"retransmits":	0,
				"omitted":	false,
				"sender":	true
			}
		}, {
			"streams":	[{
					"socket":	5,
					"start":	7.000007,
					"end":	8.000019,
					"seconds":	1.0000120401382446,
					"bytes":	494069176,
					"bits_per_second":	3952505819.2835231,
					"retransmits":	0,
					"snd_cwnd":	8388480,
					"rtt":	10,
					"rttvar":	0,
					"pmtu":	-1,
					"omitted":	false,
					"sender":	true
				}],
			"sum":	{
				"start":	7.000007,
				"end":	8.000019,
				"seconds":	1.0000120401382446,
				"bytes":	494069176,
				"bits_per_second":	3952505819.2835231,
				"retransmits":	0,
				"omitted":	false,
				"sender":	true
			}
		}, {
			"streams":	[{
					"socket":	5,
					"start":	8.000019,
					"end":	9.000038,
					"seconds":	1.0000189542770386,
					"bytes":	493974592,
					"bits_per_second":	3951721833.96958,
					"retransmits":	0,
					"snd_cwnd":	8388480,
					"rtt":	8,
					"rttvar":	0,
					"pmtu":	-1,
					"omitted":	false,
					"sender":	true
				}],
			"sum":	{
				"start":	8.000019,
				"end":	9.000038,
				"seconds":	1.0000189542770386,
				"bytes":	493974592,
				"bits_per_second":	3951721833.96958,
				"retransmits":	0,
				"omitted":	false,
				"sender":	true
			}
		}, {
			"streams":	[{
					"socket":	5,
					"start":	9.000038,
					"end":	10.000062,
					"seconds":	1.0000239610672,
					"bytes":	510118480,
					"bits_per_second":	4080850058.4775171,
					"retransmits":	0,
					"snd_cwnd":	8388480,
					"rtt":	9,
					"rttvar":	0,
					"pmtu":	-1,
					"omitted":	false,
					"sender":	true
				}],
			"sum":	{
				"start":	9.000038,
				"end":	10.000062,
				"seconds":	1.0000239610672,
				"bytes":	510118480,
				"bits_per_second":	4080850058.4775171,
				"retransmits":	0,
				"omitted":	false,
				"sender":	true
			}
		}, {
			"streams":	[{
					"socket":	5,
					"start":	10.000062,
					"end":	11.000026,
					"seconds":	0.99996399879455566,
					"bytes":	495088080,
					"bits_per_second":	3960847235.27505,
					"retransmits":	0,
					"snd_cwnd":	8388480,
					"rtt":	9,
					"rttvar":	0,
					"pmtu":	-1,
					"omitted":	false,
					"sender":	true
				}],
			"sum":	{
				"start":	10.000062,
				"end":	11.000026,
				"seconds":	0.99996399879455566,
				"bytes":	495088080,
				"bits_per_second":	3960847235.27505,
				"retransmits":	0,
				"omitted":	false,
				"sender":	true
			}
		}, {
			"streams":	[{
					"socket":	5,
					"start":	11.000026,
					"end":	12.000045,
					"seconds":	1.0000189542770386,
					"bytes":	490809472,
					"bits_per_second":	3926401353.9009733,
					"retransmits":	0,
					"snd_cwnd":	8388480,
					"rtt":	9,
					"rttvar":	0,
					"pmtu":	-1,
					"omitted":	false,
					"sender":	true
				}],
			"sum":	{
				"start":	11.000026,
				"end":	12.000045,
				"seconds":	1.0000189542770386,
				"bytes":	490809472,
				"bits_per_second":	3926401353.9009733,
				"retransmits":	0,
				"omitted":	false,
				"sender":	true
			}
		}, {
			"streams":	[{
					"socket":	5,
					"start":	12.000045,
					"end":	13.000012,
					"seconds":	0.99996697902679443,
					"bytes":	484444056,
					"bits_per_second":	3875680426.7395248,
					"retransmits":	0,
					"snd_cwnd":	8388480,
					"rtt":	8,
					"rttvar":	0,