{
	"start":	{
		"connected":	[{
				"socket":	5,
				"local_host":	"192.168.105.1",
				"local_port":	49377,
				"remote_host":	"192.168.105.2",
				"remote_port":	5201
			}],
		"version":	"iperf 3.18",
		"system_info":	"Darwin space-gray.local 24.3.0 Darwin Kernel Version 24.3.0: Thu Jan  2 20:24:23 PST 2025; root:xnu-11215.81.4~3/RELEASE_ARM64_T6020 arm64",
		"timestamp":	{
			"time":	"Sat, 22 Feb 2025 14:22:39 UTC",
			"timesecs":	1740234159
		},
		"connecting_to":	{
			"host":	"192.168.105.2",
			"port":	5201
		},
		"cookie":	"f3a6srbbfmin77hf4w7sj6fatzjy3qhi45ir",
		"tcp_mss_default":	1448,
		"target_bitrate":	0,
		"fq_rate":	0,
		"sock_bufsize":	0,
		"sndbuf_actual":	131072,
		"rcvbuf_actual":	131072,
		"test_start":	{
			"protocol":	"TCP",
			"num_streams":	1,
			"blksize":	131072,
			"omit":	0,
			"duration":	30,
			"bytes":	0,
			"blocks":	0,
			"reverse":	0,
			"tos":	0,
			"target_bitrate":	0,
			"bidir":	0,
			"fqrate":	0,
			"interval":	1
		}
	},
	"intervals":	[{
			"streams":	[{
					"socket":	5,
					"start":	0,
					"end":	1.001407,
					"seconds":	1.0014070272445679,
					"bytes":	164495360,
					"bits_per_second":	1314113885.9599893,
					"omitted":	false,
					"sender":	true
				}],
			"sum":	{
				"start":	0,
				"end":	1.001407,
				"seconds":	1.0014070272445679,
				"bytes":	164495360,
				"bits_per_second":	1314113885.9599893,
				"omitted":	false,
				"sender":	true
			}
		}, {
			"streams":	[{
					"socket":	5,
					"start":	1.001407,
					"end":	2.005011,
					"seconds":	1.0036040544509888,
					"bytes":	167772160,
					"bits_per_second":	1337357371.2137146,
					"omitted":	false,
					"sender":	true
				}],
			"sum":	{
				"start":	1.001407,
				"end":	2.005011,
				"seconds":	1.0036040544509888,
				"bytes":	167772160,
				"bits_per_second":	1337357371.2137146,
				"omitted":	false,
				"sender":	true
			}
		}, {
			"streams":	[{
					"socket":	5,
					"start":	2.005011,
					"end":	3.005003,
					"seconds":	0.9999920129776,
					"bytes":	166199296,
					"bits_per_second":	1329604987.5848188,
					"omitted":	false,
					"sender":	true
				}],
			"sum":	{
				"start":	2.005011,
				"end":	3.005003,
				"seconds":	0.9999920129776,
				"bytes":	166199296,
				"bits_per_second":	1329604987.5848188,
				"omitted":	false,
				"sender":	true
			}
		}, {
			"streams":	[{
					"socket":	5,
					"start":	3.005003,
					"end":	4.005015,
					"seconds":	1.0000120401382446,
					"bytes":	167641088,
					"bits_per_second":	1341112556.8194144,
					"omitted":	false,
					"sender":	true
				}],
			"sum":	{
				"start":	3.005003,
				"end":	4.005015,
				"seconds":	1.0000120401382446,
				"bytes":	167641088,
				"bits_per_second":	1341112556.8194144,
				"omitted":	false,
				"sender":	true
			}
		}, {
			"streams":	[{
					"socket":	5,
					"start":	4.005015,
					"end":	5.005,
					"seconds":	0.9999849796295166,
					"bytes":	166199296,
					"bits_per_second":	1329614339.2999763,
					"omitted":	false,
					"sender":	true
				}],
			"sum":	{
				"start":	4.005015,
				"end":	5.005,
				"seconds":	0.9999849796295166,
				"bytes":	166199296,
				"bits_per_second":	1329614339.2999763,
				"omitted":	false,
				"sender":	true
			}
		}, {
			"streams":	[{
					"socket":	5,
					"start":	5.005,
					"end":	6.005005,
					"seconds":	1.0000050067901611,
					"bytes":	166592512,
					"bits_per_second":	1332733423.2834089,
					"omitted":	false,
					"sender":	true
				}],
			"sum":	{
				"start":	5.005,
				"end":	6.005005,
				"seconds":	1.0000050067901611,
				"bytes":	166592512,
				"bits_per_second":	1332733423.2834089,
				"omitted":	false,
				"sender":	true
			}
		}, {
			"streams":	[{
					"socket":	5,
					"start":	6.005005,
					"end":	7.00501,
					"seconds":	1.0000050067901611,
					"bytes":	167510016,
					"bits_per_second":	1340073418.5335929,
					"omitted":	false,
					"sender":	true
				}],
			"sum":	{
				"start":	6.005005,
				"end":	7.00501,
				"seconds":	1.0000050067901611,
				"bytes":	167510016,
				"bits_per_second":	1340073418.5335929,
				"omitted":	false,
				"sender":	true
			}
		}, {
			"streams":	[{
					"socket":	5,
					"start":	7.00501,
					"end":	8.003752,
					"seconds":	0.99874198436737061,
					"bytes":	168427520,
					"bits_per_second":	1349117370.7426462,
					"omitted":	false,
					"sender":	true
				}],
			"sum":	{
				"start":	7.00501,
				"end":	8.003752,
				"seconds":	0.99874198436737061,
				"bytes":	168427520,
				"bits_per_second":	1349117370.7426462,
				"omitted":	false,
				"sender":	true
			}
		}, {
			"streams":	[{
					"socket":	5,
					"start":	8.003752,
					"end":	9.003642,
					"seconds":	0.9998900294303894,
					"bytes":	167378944,
					"bits_per_second":	1339178822.257894,
					"omitted":	false,
					"sender":	true
				}],
			"sum":	{
				"start":	8.003752,
				"end":	9.003642,
				"seconds":	0.9998900294303894,
				"bytes":	167378944,
				"bits_per_second":	1339178822.257894,
				"omitted":	false,
				"sender":	true
			}
		}, {
			"streams":	[{
					"socket":	5,
					"start":	9.003642,
					"end":	10.004039,
					"seconds":	1.0003969669342041,
					"bytes":	167378944,
					"bits_per_second":	1338500211.67454,
					"omitted":	false,
					"sender":	true
				}],
			"sum":	{
				"start":	9.003642,
				"end":	10.004039,
				"seconds":	1.0003969669342041,
				"bytes":	167378944,
				"bits_per_second":	1338500211.67454,
				"omitted":	false,
				"sender":	true
			}
		}, {
			"streams":	[{
					"socket":	5,
					"start":	10.004039,
					"end":	11.005006,
					"seconds":	1.0009670257568359,
					"bytes":	167510016,
					"bits_per_second":	1338785487.950274,
					"omitted":	false,
					"sender":	true
				}],
			"sum":	{
				"start":	10.004039,
				"end":	11.005006,
				"seconds":	1.0009670257568359,
				"bytes":	167510016,
				"bits_per_second":	1338785487.950274,
				"omitted":	false,
				"sender":	true
			}
		}, {
			"streams":	[{
					"socket":	5,
					"start":	11.005006,
					"end":	12.005011,
					"seconds":	1.0000050067901611,
					"bytes":	168689664,
					"bits_per_second":	1349510555.2838295,
					"omitted":	false,
					"sender":	true
				}],
			"sum":	{
				"start":	11.005006,
				"end":	12.005011,
				"seconds":	1.0000050067901611,
				"bytes":	168689664,
				"bits_per_second":	1349510555.2838295,
				"omitted":	false,
				"sender":	true
			}
		}, {
			"streams":	[{
					"socket":	5,
					"start":	12.005011,
					"end":	13.005007,
					"seconds":	0.9999960064888,
					"bytes":	167772160,
					"bits_per_second":	1342182640.0214052,
					"omitted":	false,
					"sender":	true
				}],
			"sum":	{
				"start":	12.005011,
				"end":	13.005007,
				"seconds":	0.9999960064888,
				"bytes":	167772160,
				"bits_per_second":	1342182640.0214052,
				"omitted":	false,
				"sender":	true
			}
		}, {
			"streams":	[{
					"socket":	5,
					"start":	13.005007,
					"end":	14.000711,
					"seconds":	0.99570399522781372,
					"bytes":	166592512,
					"bits_per_second":	1338490256.5295758,
					"omitted":	false,
					"sender":	true
				}],
			"sum":	{
				"start":	13.005007,
				"end":	14.000711,
				"seconds":	0.99570399522781372,
				"bytes":	166592512,
				"bits_per_second":	1338490256.5295758,
				"omitted":	false,
				"sender":	true
			}
		}, {
			"streams":	[{
					"socket":	5,
					"start":	14.000711,
					"end":	15.005006,
					"seconds":	1.0042949914932251,
					"bytes":	168689664,
					"bits_per_second":	1343745934.6416583,
					"omitted":	false,
					"sender":	true
				}],
			"sum":	{
				"start":	14.000711,
				"end":	15.005006,
				"seconds":	1.0042949914932251,
				"bytes":	168689664,
				"bits_per_second":	1343745934.6416583,
				"omitted":	false,
				"sender":	true
			}
		}, {
			"streams":	[{
					"socket":	5,
					"start":	15.005006,
					"end":	16.005009,
					"seconds":	1.0000029802322388,
					"bytes":	167116800,
					"bits_per_second":	1336930415.6368744,
					"omitted":	false,
					"sender":	true
				}],
			"sum":	{
				"start":	15.005006,
				"end":	16.005009,