{
	"start":	{
		"connected":	[{
				"socket":	5,
				"local_host":	"10.100.102.151",
				"local_port":	49704,
				"remote_host":	"10.100.102.179",
				"remote_port":	5201
			}],
		"version":	"iperf 3.8.1 -  -- Apple version iperf3-117",
		"system_info":	"Darwin space-gray.local 24.3.0 Darwin Kernel Version 24.3.0: Thu Jan  2 20:24:23 PST 2025; root:xnu-11215.81.4~3/RELEASE_ARM64_T6020 arm64",
		"timestamp":	{
			"time":	"Sat, 22 Feb 2025 15:12:03 UTC",
			"timesecs":	1740237123
		},
		"connecting_to":	{
			"host":	"10.100.102.179",
			"port":	5201
		},
		"cookie":	"3mhqrrfqevx34a4he7lkj4a6djflix6cocfb",
		"tcp_mss_default":	1448,
		"sock_bufsize":	0,
		"sndbuf_actual":	131072,
		"rcvbuf_actual":	131072,
		"test_start":	{
			"protocol":	"TCP",
			"num_streams":	1,
			"blksize":	131072,
			"omit":	0,
			"duration":	30,
			"bytes":	0,
			"blocks":	0,
			"reverse":	0,
			"tos":	0
		}
	},
	"intervals":	[{
			"streams":	[{
					"socket":	5,
					"start":	0,
					"end":	1.000014,
					"seconds":	1.0000139474868774,
					"bytes":	169260512,
					"bits_per_second":	1354065210.19325,
					"retransmits":	0,
					"snd_cwnd":	8085669,
					"rtt":	23,
					"rttvar":	0,
					"pmtu":	-1,
					"omitted":	false,
					"sender":	true
				}],
			"sum":	{
				"start":	0,
				"end":	1.000014,
				"seconds":	1.0000139474868774,
				"bytes":	169260512,
				"bits_per_second":	1354065210.19325,
				"retransmits":	0,
				"omitted":	false,
				"sender":	true
			}
		}, {
			"streams":	[{
					"socket":	5,
					"start":	1.000014,
					"end":	2.000032,
					"seconds":	1.0000180006027222,
					"bytes":	167294680,
					"bits_per_second":	1338333349.1930714,
					"retransmits":	0,
					"snd_cwnd":	8085669,
					"rtt":	23,
					"rttvar":	0,
					"pmtu":	-1,
					"omitted":	false,
					"sender":	true
				}],
			"sum":	{
				"start":	1.000014,
				"end":	2.000032,
				"seconds":	1.0000180006027222,
				"bytes":	167294680,
				"bits_per_second":	1338333349.1930714,
				"retransmits":	0,
				"omitted":	false,
				"sender":	true
			}
		}, {
			"streams":	[{
					"socket":	5,
					"start":	2.000032,
					"end":	3.000031,
					"seconds":	0.99999898672103882,
					"bytes":	167083472,
					"bits_per_second":	1336669130.4187078,
					"retransmits":	0,
					"snd_cwnd":	8100149,
					"rtt":	24,
					"rttvar":	0,
					"pmtu":	-1,
					"omitted":	false,
					"sender":	true
				}],
			"sum":	{
				"start":	2.000032,
				"end":	3.000031,
				"seconds":	0.99999898672103882,
				"bytes":	167083472,
				"bits_per_second":	1336669130.4187078,
				"retransmits":	0,
				"omitted":	false,
				"sender":	true
			}
		}, {
			"streams":	[{
					"socket":	5,
					"start":	3.000031,
					"end":	4.000032,
					"seconds":	1.0000009536743164,
					"bytes":	166977568,
					"bits_per_second":	1335819270.0634708,
					"retransmits":	0,
					"snd_cwnd":	8100149,
					"rtt":	24,
					"rttvar":	0,
					"pmtu":	-1,
					"omitted":	false,
					"sender":	true
				}],
			"sum":	{
				"start":	3.000031,
				"end":	4.000032,
				"seconds":	1.0000009536743164,
				"bytes":	166977568,
				"bits_per_second":	1335819270.0634708,
				"retransmits":	0,
				"omitted":	false,
				"sender":	true
			}
		}, {
			"streams":	[{
					"socket":	5,
					"start":	4.000032,
					"end":	5.000014,
					"seconds":	0.99998199939727783,
					"bytes":	165851024,
					"bits_per_second":	1326832075.7770751,
					"retransmits":	0,
					"snd_cwnd":	8100149,
					"rtt":	24,
					"rttvar":	0,
					"pmtu":	-1,
					"omitted":	false,
					"sender":	true
				}],
			"sum":	{
				"start":	4.000032,
				"end":	5.000014,
				"seconds":	0.99998199939727783,
				"bytes":	165851024,
				"bits_per_second":	1326832075.7770751,
				"retransmits":	0,
				"omitted":	false,
				"sender":	true
			}
		}, {
			"streams":	[{
					"socket":	5,
					"start":	5.000014,
					"end":	6.00002,
					"seconds":	1.0000059604644775,
					"bytes":	167870984,
					"bits_per_second":	1342959867.3354161,
					"retransmits":	0,
					"snd_cwnd":	8100149,
					"rtt":	23,
					"rttvar":	0,
					"pmtu":	-1,
					"omitted":	false,
					"sender":	true
				}],
			"sum":	{
				"start":	5.000014,
				"end":	6.00002,
				"seconds":	1.0000059604644775,
				"bytes":	167870984,
				"bits_per_second":	1342959867.3354161,
				"retransmits":	0,
				"omitted":	false,
				"sender":	true
			}
		}, {
			"streams":	[{
					"socket":	5,
					"start":	6.00002,
					"end":	7.000045,
					"seconds":	1.0000250339508057,
					"bytes":	169385592,
					"bits_per_second":	1355050813.72459,
					"retransmits":	0,
					"snd_cwnd":	8100149,
					"rtt":	23,
					"rttvar":	0,
					"pmtu":	-1,
					"omitted":	false,
					"sender":	true
				}],
			"sum":	{
				"start":	6.00002,
				"end":	7.000045,
				"seconds":	1.0000250339508057,
				"bytes":	169385592,
				"bits_per_second":	1355050813.72459,
				"retransmits":	0,
				"omitted":	false,
				"sender":	true
			}
		}, {
			"streams":	[{
					"socket":	5,
					"start":	7.000045,
					"end":	8.000005,
					"seconds":	0.99996000528335571,
					"bytes":	168842592,
					"bits_per_second":	1350794760.653697,
					"retransmits":	0,
					"snd_cwnd":	8100149,
					"rtt":	23,
					"rttvar":	0,
					"pmtu":	-1,
					"omitted":	false,
					"sender":	true
				}],
			"sum":	{
				"start":	7.000045,
				"end":	8.000005,
				"seconds":	0.99996000528335571,
				"bytes":	168842592,
				"bits_per_second":	1350794760.653697,
				"retransmits":	0,
				"omitted":	false,
				"sender":	true
			}
		}, {
			"streams":	[{
					"socket":	5,
					"start":	8.000005,
					"end":	9.000021,
					"seconds":	1.0000159740448,
					"bytes":	168364752,
					"bits_per_second":	1346896500.6149585,
					"retransmits":	0,
					"snd_cwnd":	8100149,
					"rtt":	23,
					"rttvar":	0,
					"pmtu":	-1,
					"omitted":	false,
					"sender":	true
				}],
			"sum":	{
				"start":	8.000005,
				"end":	9.000021,
				"seconds":	1.0000159740448,
				"bytes":	168364752,
				"bits_per_second":	1346896500.6149585,
				"retransmits":	0,
				"omitted":	false,
				"sender":	true
			}
		}, {
			"streams":	[{
					"socket":	5,
					"start":	9.000021,
					"end":	10.000034,
					"seconds":	1.000012993812561,
					"bytes":	168363304,
					"bits_per_second":	1346888930.777693,
					"retransmits":	0,
					"snd_cwnd":	8100149,
					"rtt":	24,
					"rttvar":	0,
					"pmtu":	-1,
					"omitted":	false,
					"sender":	true
				}],
			"sum":	{
				"start":	9.000021,
				"end":	10.000034,
				"seconds":	1.000012993812561,
				"bytes":	168363304,
				"bits_per_second":	1346888930.777693,
				"retransmits":	0,
				"omitted":	false,
				"sender":	true
			}
		}, {
			"streams":	[{
					"socket":	5,
					"start":	10.000034,
					"end":	11.00003,
					"seconds":	0.9999960064888,
					"bytes":	167532152,
					"bits_per_second":	1340262568.3535776,
					"retransmits":	0,
					"snd_cwnd":	8100149,
					"rtt":	24,
					"rttvar":	0,
					"pmtu":	-1,
					"omitted":	false,
					"sender":	true
				}],
			"sum":	{
				"start":	10.000034,
				"end":	11.00003,
				"seconds":	0.9999960064888,
				"bytes":	167532152,
				"bits_per_second":	1340262568.3535776,
				"retransmits":	0,
				"omitted":	false,
				"sender":	true
			}
		}, {
			"streams":	[{
					"socket":	5,
					"start":	11.00003,
					"end":	12.000029,
					"seconds":	0.99999898672103882,
					"bytes":	168632632,
					"bits_per_second":	1349062422.9765706,
					"retransmits":	0,
					"snd_cwnd":	8100149,
					"rtt":	22,
					"rttvar":	0,
					"pmtu":	-1,
					"omitted":	false,
					"sender":	true
				}],
			"sum":	{
				"start":	11.00003,
				"end":	12.000029,
				"seconds":	0.99999898672103882,
				"bytes":	168632632,
				"bits_per_second":	1349062422.9765706,
				"retransmits":	0,
				"omitted":	false,
				"sender":	true
			}
		}, {
			"streams":	[{
					"socket":	5,
					"start":	12.000029,
					"end":	13.000018,
					"seconds":	0.99998897314071655,
					"bytes":	167630616,
					"bits_per_second":	1341059715.6767755,
					"retransmits":	0,
					"snd_cwnd":	8100149,
					"rtt":	24,
					"rttvar":	0,