{
	"start":	{
		"connected":	[{
				"socket":	5,
				"local_host":	"10.100.102.149",
				"local_port":	50353,
				"remote_host":	"10.100.102.161",
				"remote_port":	5201
			}],
		"version":	"iperf 3.19.1",
		"system_info":	"Darwin mimi-2.local 24.6.0 Darwin Kernel Version 24.6.0: Mon Jul 14 11:29:54 PDT 2025; root:xnu-11417.140.69~1/RELEASE_ARM64_T8122 arm64",
		"timestamp":	{
			"time":	"Sat, 30 Aug 2025 21:31:36 UTC",
			"timesecs":	1756589496
		},
		"connecting_to":	{
			"host":	"10.100.102.161",
			"port":	5201
		},
		"cookie":	"tc433ueigu4u6ahxo56rcscfhjskdgaepyc5",
		"tcp_mss_default":	1448,
		"target_bitrate":	0,
		"fq_rate":	0,
		"sock_bufsize":	0,
		"sndbuf_actual":	131072,
		"rcvbuf_actual":	131072,
		"test_start":	{
			"protocol":	"TCP",
			"num_streams":	1,
			"blksize":	131072,
			"omit":	0,
			"duration":	30,
			"bytes":	0,
			"blocks":	0,
			"reverse":	0,
			"tos":	0,
			"target_bitrate":	0,
			"bidir":	0,
			"fqrate":	0,
			"interval":	1
		}
	},
	"intervals":	[{
			"streams":	[{
					"socket":	5,
					"start":	0,
					"end":	1.005017,
					"seconds":	1.0050170421600342,
					"bytes":	201457664,
					"bits_per_second":	1603615903.40412,
					"omitted":	false,
					"sender":	true
				}],
			"sum":	{
				"start":	0,
				"end":	1.005017,
				"seconds":	1.0050170421600342,
				"bytes":	201457664,
				"bits_per_second":	1603615903.40412,
				"omitted":	false,
				"sender":	true
			}
		}, {
			"streams":	[{
					"socket":	5,
					"start":	1.005017,
					"end":	2.005021,
					"seconds":	1.0000040531158447,
					"bytes":	203423744,
					"bits_per_second":	1627383356.0267344,
					"omitted":	false,
					"sender":	true
				}],
			"sum":	{
				"start":	1.005017,
				"end":	2.005021,
				"seconds":	1.0000040531158447,
				"bytes":	203423744,
				"bits_per_second":	1627383356.0267344,
				"omitted":	false,
				"sender":	true
			}
		}, {
			"streams":	[{
					"socket":	5,
					"start":	2.005021,
					"end":	3.002345,
					"seconds":	0.997323989868164,
					"bytes":	203292672,
					"bits_per_second":	1630705159.5289366,
					"omitted":	false,
					"sender":	true
				}],
			"sum":	{
				"start":	2.005021,
				"end":	3.002345,
				"seconds":	0.997323989868164,
				"bytes":	203292672,
				"bits_per_second":	1630705159.5289366,
				"omitted":	false,
				"sender":	true
			}
		}, {
			"streams":	[{
					"socket":	5,
					"start":	3.002345,
					"end":	4.005018,
					"seconds":	1.0026730298995972,
					"bytes":	203948032,
					"bits_per_second":	1627234609.2358532,
					"omitted":	false,
					"sender":	true
				}],
			"sum":	{
				"start":	3.002345,
				"end":	4.005018,
				"seconds":	1.0026730298995972,
				"bytes":	203948032,
				"bits_per_second":	1627234609.2358532,
				"omitted":	false,
				"sender":	true
			}
		}, {
			"streams":	[{
					"socket":	5,
					"start":	4.005018,
					"end":	5.005021,
					"seconds":	1.0000029802322388,
					"bytes":	204210176,
					"bits_per_second":	1633676539.26451,
					"omitted":	false,
					"sender":	true
				}],
			"sum":	{
				"start":	4.005018,
				"end":	5.005021,
				"seconds":	1.0000029802322388,
				"bytes":	204210176,
				"bits_per_second":	1633676539.26451,
				"omitted":	false,
				"sender":	true
			}
		}, {
			"streams":	[{
					"socket":	5,
					"start":	5.005021,
					"end":	6.005017,
					"seconds":	0.9999960064888,
					"bytes":	203292672,
					"bits_per_second":	1626347870.8384373,
					"omitted":	false,
					"sender":	true
				}],
			"sum":	{
				"start":	5.005021,
				"end":	6.005017,
				"seconds":	0.9999960064888,
				"bytes":	203292672,
				"bits_per_second":	1626347870.8384373,
				"omitted":	false,
				"sender":	true
			}
		}, {
			"streams":	[{
					"socket":	5,
					"start":	6.005017,
					"end":	7.005021,
					"seconds":	1.0000040531158447,
					"bytes":	201719808,
					"bits_per_second":	1613751923.27651,
					"omitted":	false,
					"sender":	true
				}],
			"sum":	{
				"start":	6.005017,
				"end":	7.005021,
				"seconds":	1.0000040531158447,
				"bytes":	201719808,
				"bits_per_second":	1613751923.27651,
				"omitted":	false,
				"sender":	true
			}
		}, {
			"streams":	[{
					"socket":	5,
					"start":	7.005021,
					"end":	8.005023,
					"seconds":	1.0000020265579224,
					"bytes":	202899456,
					"bits_per_second":	1623192358.5066664,
					"omitted":	false,
					"sender":	true
				}],
			"sum":	{
				"start":	7.005021,
				"end":	8.005023,
				"seconds":	1.0000020265579224,
				"bytes":	202899456,
				"bits_per_second":	1623192358.5066664,
				"omitted":	false,
				"sender":	true
			}
		}, {
			"streams":	[{
					"socket":	5,
					"start":	8.005023,
					"end":	9.00502,
					"seconds":	0.99999701976776123,
					"bytes":	201064448,
					"bits_per_second":	1608520377.7642865,
					"omitted":	false,
					"sender":	true
				}],
			"sum":	{
				"start":	8.005023,
				"end":	9.00502,
				"seconds":	0.99999701976776123,
				"bytes":	201064448,
				"bits_per_second":	1608520377.7642865,
				"omitted":	false,
				"sender":	true
			}
		}, {
			"streams":	[{
					"socket":	5,
					"start":	9.00502,
					"end":	10.005021,
					"seconds":	1.0000009536743164,
					"bytes":	202899456,
					"bits_per_second":	1623194100.0014763,
					"omitted":	false,
					"sender":	true
				}],
			"sum":	{
				"start":	9.00502,
				"end":	10.005021,
				"seconds":	1.0000009536743164,
				"bytes":	202899456,
				"bits_per_second":	1623194100.0014763,
				"omitted":	false,
				"sender":	true
			}
		}, {
			"streams":	[{
					"socket":	5,
					"start":	10.005021,
					"end":	11.005017,
					"seconds":	0.9999960064888,
					"bytes":	203030528,
					"bits_per_second":	1624250710.4634037,
					"omitted":	false,
					"sender":	true
				}],
			"sum":	{
				"start":	10.005021,
				"end":	11.005017,
				"seconds":	0.9999960064888,
				"bytes":	203030528,
				"bits_per_second":	1624250710.4634037,
				"omitted":	false,
				"sender":	true
			}
		}, {
			"streams":	[{
					"socket":	5,
					"start":	11.005017,
					"end":	12.003437,
					"seconds":	0.998420000076294,
					"bytes":	203816960,
					"bits_per_second":	1633116003.1603966,
					"omitted":	false,
					"sender":	true
				}],
			"sum":	{
				"start":	11.005017,
				"end":	12.003437,
				"seconds":	0.998420000076294,
				"bytes":	203816960,
				"bits_per_second":	1633116003.1603966,
				"omitted":	false,
				"sender":	true
			}
		}, {
			"streams":	[{
					"socket":	5,
					"start":	12.003437,
					"end":	13.005018,
					"seconds":	1.0015809535980225,
					"bytes":	204996608,
					"bits_per_second":	1637384235.5015385,
					"omitted":	false,
					"sender":	true
				}],
			"sum":	{
				"start":	12.003437,
				"end":	13.005018,
				"seconds":	1.0015809535980225,
				"bytes":	204996608,
				"bits_per_second":	1637384235.5015385,
				"omitted":	false,
				"sender":	true
			}
		}, {
			"streams":	[{
					"socket":	5,
					"start":	13.005018,
					"end":	14.004454,
					"seconds":	0.99943602085113525,
					"bytes":	202768384,
					"bits_per_second":	1623062445.3764977,
					"omitted":	false,
					"sender":	true
				}],
			"sum":	{
				"start":	13.005018,
				"end":	14.004454,
				"seconds":	0.99943602085113525,
				"bytes":	202768384,
				"bits_per_second":	1623062445.3764977,
				"omitted":	false,
				"sender":	true
			}
		}, {
			"streams":	[{
					"socket":	5,
					"start":	14.004454,
					"end":	15.00502,
					"seconds":	1.0005660057067871,
					"bytes":	203554816,
					"bits_per_second":	1627517343.89546,
					"omitted":	false,
					"sender":	true
				}],
			"sum":	{
				"start":	14.004454,
				"end":	15.00502,
				"seconds":	1.0005660057067871,
				"bytes":	203554816,
				"bits_per_second":	1627517343.89546,
				"omitted":	false,
				"sender":	true
			}
		}, {
			"streams":	[{
					"socket":	5,
					"start":	15.00502,
					"end":	16.005018,
					"seconds":	0.99999797344207764,
					"bytes":	203292672,
					"bits_per_second":	1626344671.8816793,
					"omitted":	false,
					"sender":	true
				}],
			"sum":	{
				"start":	15.00502,
				"end":	16.005018,