{
	"start":	{
		"connected":	[{
				"socket":	5,
				"local_host":	"10.100.102.149",
				"local_port":	50357,
				"remote_host":	"10.100.102.161",
				"remote_port":	5201
			}],
		"version":	"iperf 3.19.1",
		"system_info":	"Darwin mimi-2.local 24.6.0 Darwin Kernel Version 24.6.0: Mon Jul 14 11:29:54 PDT 2025; root:xnu-11417.140.69~1/RELEASE_ARM64_T8122 arm64",
		"timestamp":	{
			"time":	"Sat, 30 Aug 2025 21:32:06 UTC",
			"timesecs":	1756589526
		},
		"connecting_to":	{
			"host":	"10.100.102.161",
			"port":	5201
		},
		"cookie":	"jcfmace3a5b53kewwygni377uv4mjmtcg5s2",
		"tcp_mss_default":	1448,
		"target_bitrate":	0,
		"fq_rate":	0,
		"sock_bufsize":	0,
		"sndbuf_actual":	131072,
		"rcvbuf_actual":	131072,
		"test_start":	{
			"protocol":	"TCP",
			"num_streams":	1,
			"blksize":	131072,
			"omit":	0,
			"duration":	30,
			"bytes":	0,
			"blocks":	0,
			"reverse":	1,
			"tos":	0,
			"target_bitrate":	0,
			"bidir":	0,
			"fqrate":	0,
			"interval":	1
		}
	},
	"intervals":	[{
			"streams":	[{
					"socket":	5,
					"start":	0,
					"end":	1.004821,
					"seconds":	1.0048209428787231,
					"bytes":	8865185792,
					"bits_per_second":	70581218314.196564,
					"omitted":	false,
					"sender":	false
				}],
			"sum":	{
				"start":	0,
				"end":	1.004821,
				"seconds":	1.0048209428787231,
				"bytes":	8865185792,
				"bits_per_second":	70581218314.196564,
				"omitted":	false,
				"sender":	false
			}
		}, {
			"streams":	[{
					"socket":	5,
					"start":	1.004821,
					"end":	2.002912,
					"seconds":	0.99809098243713379,
					"bytes":	8867282944,
					"bits_per_second":	71073944961.1931,
					"omitted":	false,
					"sender":	false
				}],
			"sum":	{
				"start":	1.004821,
				"end":	2.002912,
				"seconds":	0.99809098243713379,
				"bytes":	8867282944,
				"bits_per_second":	71073944961.1931,
				"omitted":	false,
				"sender":	false
			}
		}, {
			"streams":	[{
					"socket":	5,
					"start":	2.002912,
					"end":	3.002031,
					"seconds":	0.999118983745575,
					"bytes":	8871608320,
					"bits_per_second":	71035449946.042862,
					"omitted":	false,
					"sender":	false
				}],
			"sum":	{
				"start":	2.002912,
				"end":	3.002031,
				"seconds":	0.999118983745575,
				"bytes":	8871608320,
				"bits_per_second":	71035449946.042862,
				"omitted":	false,
				"sender":	false
			}
		}, {
			"streams":	[{
					"socket":	5,
					"start":	3.002031,
					"end":	4.001698,
					"seconds":	0.99966698884964,
					"bytes":	8869117952,
					"bits_per_second":	70976579608.424026,
					"omitted":	false,
					"sender":	false
				}],
			"sum":	{
				"start":	3.002031,
				"end":	4.001698,
				"seconds":	0.99966698884964,
				"bytes":	8869117952,
				"bits_per_second":	70976579608.424026,
				"omitted":	false,
				"sender":	false
			}
		}, {
			"streams":	[{
					"socket":	5,
					"start":	4.001698,
					"end":	5.003828,
					"seconds":	1.0021300315856934,
					"bytes":	8964800512,
					"bits_per_second":	71565966327.262268,
					"omitted":	false,
					"sender":	false
				}],
			"sum":	{
				"start":	4.001698,
				"end":	5.003828,
				"seconds":	1.0021300315856934,
				"bytes":	8964800512,
				"bits_per_second":	71565966327.262268,
				"omitted":	false,
				"sender":	false
			}
		}, {
			"streams":	[{
					"socket":	5,
					"start":	5.003828,
					"end":	6.002951,
					"seconds":	0.999122977256775,
					"bytes":	8882749440,
					"bits_per_second":	71124373212.90535,
					"omitted":	false,
					"sender":	false
				}],
			"sum":	{
				"start":	5.003828,
				"end":	6.002951,
				"seconds":	0.999122977256775,
				"bytes":	8882749440,
				"bits_per_second":	71124373212.90535,
				"omitted":	false,
				"sender":	false
			}
		}, {
			"streams":	[{
					"socket":	5,
					"start":	6.002951,
					"end":	7.004587,
					"seconds":	1.0016360282897949,
					"bytes":	8960475136,
					"bits_per_second":	71566715916.153458,
					"omitted":	false,
					"sender":	false
				}],
			"sum":	{
				"start":	6.002951,
				"end":	7.004587,
				"seconds":	1.0016360282897949,
				"bytes":	8960475136,
				"bits_per_second":	71566715916.153458,
				"omitted":	false,
				"sender":	false
			}
		}, {
			"streams":	[{
					"socket":	5,
					"start":	7.004587,
					"end":	8.003133,
					"seconds":	0.998546004295349,
					"bytes":	8904900608,
					"bits_per_second":	71342937188.228867,
					"omitted":	false,
					"sender":	false
				}],
			"sum":	{
				"start":	7.004587,
				"end":	8.003133,
				"seconds":	0.998546004295349,
				"bytes":	8904900608,
				"bits_per_second":	71342937188.228867,
				"omitted":	false,
				"sender":	false
			}
		}, {
			"streams":	[{
					"socket":	5,
					"start":	8.003133,
					"end":	9.002215,
					"seconds":	0.99908202886581421,
					"bytes":	8865972224,
					"bits_per_second":	70992947268.3231,
					"omitted":	false,
					"sender":	false
				}],
			"sum":	{
				"start":	8.003133,
				"end":	9.002215,
				"seconds":	0.99908202886581421,
				"bytes":	8865972224,
				"bits_per_second":	70992947268.3231,
				"omitted":	false,
				"sender":	false
			}
		}, {
			"streams":	[{
					"socket":	5,
					"start":	9.002215,
					"end":	10.00431,
					"seconds":	1.0020949840545654,
					"bytes":	8872263680,
					"bits_per_second":	70829722301.1897,
					"omitted":	false,
					"sender":	false
				}],
			"sum":	{
				"start":	9.002215,
				"end":	10.00431,
				"seconds":	1.0020949840545654,
				"bytes":	8872263680,
				"bits_per_second":	70829722301.1897,
				"omitted":	false,
				"sender":	false
			}
		}, {
			"streams":	[{
					"socket":	5,
					"start":	10.00431,
					"end":	11.003896,
					"seconds":	0.99958598613739,
					"bytes":	9088794624,
					"bits_per_second":	72740472556.011,
					"omitted":	false,
					"sender":	false
				}],
			"sum":	{
				"start":	10.00431,
				"end":	11.003896,
				"seconds":	0.99958598613739,
				"bytes":	9088794624,
				"bits_per_second":	72740472556.011,
				"omitted":	false,
				"sender":	false
			}
		}, {
			"streams":	[{
					"socket":	5,
					"start":	11.003896,
					"end":	12.000072,
					"seconds":	0.99617600440979,
					"bytes":	9245818880,
					"bits_per_second":	74250484565.5496,
					"omitted":	false,
					"sender":	false
				}],
			"sum":	{
				"start":	11.003896,
				"end":	12.000072,
				"seconds":	0.99617600440979,
				"bytes":	9245818880,
				"bits_per_second":	74250484565.5496,
				"omitted":	false,
				"sender":	false
			}
		}, {
			"streams":	[{
					"socket":	5,
					"start":	12.000072,
					"end":	13.003714,
					"seconds":	1.0036419630050659,
					"bytes":	9237299200,
					"bits_per_second":	73630235008.0464,
					"omitted":	false,
					"sender":	false
				}],
			"sum":	{
				"start":	12.000072,
				"end":	13.003714,
				"seconds":	1.0036419630050659,
				"bytes":	9237299200,
				"bits_per_second":	73630235008.0464,
				"omitted":	false,
				"sender":	false
			}
		}, {
			"streams":	[{
					"socket":	5,
					"start":	13.003714,
					"end":	14.003829,
					"seconds":	1.0001150369644165,
					"bytes":	9217245184,
					"bits_per_second":	73729479856.4493,
					"omitted":	false,
					"sender":	false
				}],
			"sum":	{
				"start":	13.003714,
				"end":	14.003829,
				"seconds":	1.0001150369644165,
				"bytes":	9217245184,
				"bits_per_second":	73729479856.4493,
				"omitted":	false,
				"sender":	false
			}
		}, {
			"streams":	[{
					"socket":	5,
					"start":	14.003829,
					"end":	15.003036,
					"seconds":	0.9992070198059082,
					"bytes":	9095217152,
					"bits_per_second":	72819481622.6708,
					"omitted":	false,
					"sender":	false
				}],
			"sum":	{
				"start":	14.003829,
				"end":	15.003036,
				"seconds":	0.9992070198059082,
				"bytes":	9095217152,
				"bits_per_second":	72819481622.6708,
				"omitted":	false,
				"sender":	false
			}
		}, {
			"streams":	[{
					"socket":	5,
					"start":	15.003036,
					"end":	16.000934,
					"seconds":	0.997897982597351,
					"bytes":	9199943680,
					"bits_per_second":	73754582856.6899,
					"omitted":	false,
					"sender":	false
				}],