{
	"start":	{
		"connected":	[{
				"socket":	5,
				"local_host":	"10.100.102.151",
				"local_port":	49706,
				"remote_host":	"10.100.102.179",
				"remote_port":	5201
			}],
		"version":	"iperf 3.8.1 -  -- Apple version iperf3-117",
		"system_info":	"Darwin space-gray.local 24.3.0 Darwin Kernel Version 24.3.0: Thu Jan  2 20:24:23 PST 2025; root:xnu-11215.81.4~3/RELEASE_ARM64_T6020 arm64",
		"timestamp":	{
			"time":	"Sat, 22 Feb 2025 15:12:33 UTC",
			"timesecs":	1740237153
		},
		"connecting_to":	{
			"host":	"10.100.102.179",
			"port":	5201
		},
		"cookie":	"ov3s6ufwccdkeaezwlbzlltp3xu2b2y25p4k",
		"tcp_mss_default":	1448,
		"sock_bufsize":	0,
		"sndbuf_actual":	131072,
		"rcvbuf_actual":	131072,
		"test_start":	{
			"protocol":	"TCP",
			"num_streams":	1,
			"blksize":	131072,
			"omit":	0,
			"duration":	30,
			"bytes":	0,
			"blocks":	0,
			"reverse":	1,
			"tos":	0
		}
	},
	"intervals":	[{
			"streams":	[{
					"socket":	5,
					"start":	0,
					"end":	1.000009,
					"seconds":	1.0000089406967163,
					"bytes":	109092320,
					"bits_per_second":	872730757.178985,
					"omitted":	false,
					"sender":	false
				}],
			"sum":	{
				"start":	0,
				"end":	1.000009,
				"seconds":	1.0000089406967163,
				"bytes":	109092320,
				"bits_per_second":	872730757.178985,
				"omitted":	false,
				"sender":	false
			}
		}, {
			"streams":	[{
					"socket":	5,
					"start":	1.000009,
					"end":	2.00002,
					"seconds":	1.0000109672546387,
					"bytes":	109250152,
					"bits_per_second":	873991630.711234,
					"omitted":	false,
					"sender":	false
				}],
			"sum":	{
				"start":	1.000009,
				"end":	2.00002,
				"seconds":	1.0000109672546387,
				"bytes":	109250152,
				"bits_per_second":	873991630.711234,
				"omitted":	false,
				"sender":	false
			}
		}, {
			"streams":	[{
					"socket":	5,
					"start":	2.00002,
					"end":	3.000084,
					"seconds":	1.0000640153884888,
					"bytes":	108844712,
					"bits_per_second":	870701957.67592144,
					"omitted":	false,
					"sender":	false
				}],
			"sum":	{
				"start":	2.00002,
				"end":	3.000084,
				"seconds":	1.0000640153884888,
				"bytes":	108844712,
				"bits_per_second":	870701957.67592144,
				"omitted":	false,
				"sender":	false
			}
		}, {
			"streams":	[{
					"socket":	5,
					"start":	3.000084,
					"end":	4.000018,
					"seconds":	0.99993401765823364,
					"bytes":	108833128,
					"bits_per_second":	870722476.30801535,
					"omitted":	false,
					"sender":	false
				}],
			"sum":	{
				"start":	3.000084,
				"end":	4.000018,
				"seconds":	0.99993401765823364,
				"bytes":	108833128,
				"bits_per_second":	870722476.30801535,
				"omitted":	false,
				"sender":	false
			}
		}, {
			"streams":	[{
					"socket":	5,
					"start":	4.000018,
					"end":	5.00002,
					"seconds":	1.0000020265579224,
					"bytes":	108704256,
					"bits_per_second":	869632285.639802,
					"omitted":	false,
					"sender":	false
				}],
			"sum":	{
				"start":	4.000018,
				"end":	5.00002,
				"seconds":	1.0000020265579224,
				"bytes":	108704256,
				"bits_per_second":	869632285.639802,
				"omitted":	false,
				"sender":	false
			}
		}, {
			"streams":	[{
					"socket":	5,
					"start":	5.00002,
					"end":	6.000041,
					"seconds":	1.0000209808349609,
					"bytes":	109399296,
					"bits_per_second":	875176006.07665479,
					"omitted":	false,
					"sender":	false
				}],
			"sum":	{
				"start":	5.00002,
				"end":	6.000041,
				"seconds":	1.0000209808349609,
				"bytes":	109399296,
				"bits_per_second":	875176006.07665479,
				"omitted":	false,
				"sender":	false
			}
		}, {
			"streams":	[{
					"socket":	5,
					"start":	6.000041,
					"end":	7.000006,
					"seconds":	0.999965012073517,
					"bytes":	108697016,
					"bits_per_second":	869606553.7301712,
					"omitted":	false,
					"sender":	false
				}],
			"sum":	{
				"start":	6.000041,
				"end":	7.000006,
				"seconds":	0.999965012073517,
				"bytes":	108697016,
				"bits_per_second":	869606553.7301712,
				"omitted":	false,
				"sender":	false
			}
		}, {
			"streams":	[{
					"socket":	5,
					"start":	7.000006,
					"end":	8.000035,
					"seconds":	1.0000289678573608,
					"bytes":	108259720,
					"bits_per_second":	866052672.30972159,
					"omitted":	false,
					"sender":	false
				}],
			"sum":	{
				"start":	7.000006,
				"end":	8.000035,
				"seconds":	1.0000289678573608,
				"bytes":	108259720,
				"bits_per_second":	866052672.30972159,
				"omitted":	false,
				"sender":	false
			}
		}, {
			"streams":	[{
					"socket":	5,
					"start":	8.000035,
					"end":	9.000036,
					"seconds":	1.0000009536743164,
					"bytes":	108804168,
					"bits_per_second":	870432513.89086735,
					"omitted":	false,
					"sender":	false
				}],
			"sum":	{
				"start":	8.000035,
				"end":	9.000036,
				"seconds":	1.0000009536743164,
				"bytes":	108804168,
				"bits_per_second":	870432513.89086735,
				"omitted":	false,
				"sender":	false
			}
		}, {
			"streams":	[{
					"socket":	5,
					"start":	9.000036,
					"end":	10.000032,
					"seconds":	0.9999960064888,
					"bytes":	108460992,
					"bits_per_second":	867691401.13532853,
					"omitted":	false,
					"sender":	false
				}],
			"sum":	{
				"start":	9.000036,
				"end":	10.000032,
				"seconds":	0.9999960064888,
				"bytes":	108460992,
				"bits_per_second":	867691401.13532853,
				"omitted":	false,
				"sender":	false
			}
		}, {
			"streams":	[{
					"socket":	5,
					"start":	10.000032,
					"end":	11.000018,
					"seconds":	0.99998599290847778,
					"bytes":	109137208,
					"bits_per_second":	873109893.7301904,
					"omitted":	false,
					"sender":	false
				}],
			"sum":	{
				"start":	10.000032,
				"end":	11.000018,
				"seconds":	0.99998599290847778,
				"bytes":	109137208,
				"bits_per_second":	873109893.7301904,
				"omitted":	false,
				"sender":	false
			}
		}, {
			"streams":	[{
					"socket":	5,
					"start":	11.000018,
					"end":	12.000009,
					"seconds":	0.999990999698639,
					"bytes":	108268408,
					"bits_per_second":	866155059.65656233,
					"omitted":	false,
					"sender":	false
				}],
			"sum":	{
				"start":	11.000018,
				"end":	12.000009,
				"seconds":	0.999990999698639,
				"bytes":	108268408,
				"bits_per_second":	866155059.65656233,
				"omitted":	false,
				"sender":	false
			}
		}, {
			"streams":	[{
					"socket":	5,
					"start":	12.000009,
					"end":	13.00001,
					"seconds":	1.0000009536743164,
					"bytes":	108702808,
					"bits_per_second":	869621634.664182,
					"omitted":	false,
					"sender":	false
				}],
			"sum":	{
				"start":	12.000009,
				"end":	13.00001,
				"seconds":	1.0000009536743164,
				"bytes":	108702808,
				"bits_per_second":	869621634.664182,
				"omitted":	false,
				"sender":	false
			}
		}, {
			"streams":	[{
					"socket":	5,
					"start":	13.00001,
					"end":	14.000013,
					"seconds":	1.0000029802322388,
					"bytes":	108450856,
					"bits_per_second":	867604262.337807,
					"omitted":	false,
					"sender":	false
				}],
			"sum":	{
				"start":	13.00001,
				"end":	14.000013,
				"seconds":	1.0000029802322388,
				"bytes":	108450856,
				"bits_per_second":	867604262.337807,
				"omitted":	false,
				"sender":	false
			}
		}, {
			"streams":	[{
					"socket":	5,
					"start":	14.000013,
					"end":	15.000019,
					"seconds":	1.0000059604644775,
					"bytes":	109041640,
					"bits_per_second":	872327920.520417,
					"omitted":	false,
					"sender":	false
				}],
			"sum":	{
				"start":	14.000013,
				"end":	15.000019,
				"seconds":	1.0000059604644775,
				"bytes":	109041640,
				"bits_per_second":	872327920.520417,
				"omitted":	false,
				"sender":	false
			}
		}, {
			"streams":	[{
					"socket":	5,
					"start":	15.000019,
					"end":	16.000018,
					"seconds":	0.99999898672103882,
					"bytes":	108491400,
					"bits_per_second":	867932079.4573158,
					"omitted":	false,
					"sender":	false
				}],
			"sum":	{
				"start":	15.000019,
				"end":	16.000018,
				"seconds":	0.99999898672103882,
				"bytes":	108491400,