{
	"start":	{
		"connected":	[{
				"socket":	5,
				"local_host":	"192.168.105.1",
				"local_port":	49688,
				"remote_host":	"192.168.105.4",
				"remote_port":	5201
			}],
		"version":	"iperf 3.8.1 -  -- Apple version iperf3-117",
		"system_info":	"Darwin space-gray.local 24.3.0 Darwin Kernel Version 24.3.0: Thu Jan  2 20:24:23 PST 2025; root:xnu-11215.81.4~3/RELEASE_ARM64_T6020 arm64",
		"timestamp":	{
			"time":	"Sat, 22 Feb 2025 15:10:20 UTC",
			"timesecs":	1740237020
		},
		"connecting_to":	{
			"host":	"192.168.105.4",
			"port":	5201
		},
		"cookie":	"fqrj6yluborx3b7itv36jfpmgmsoqpa3irk2",
		"tcp_mss_default":	1448,
		"sock_bufsize":	0,
		"sndbuf_actual":	131072,
		"rcvbuf_actual":	131072,
		"test_start":	{
			"protocol":	"TCP",
			"num_streams":	1,
			"blksize":	131072,
			"omit":	0,
			"duration":	30,
			"bytes":	0,
			"blocks":	0,
			"reverse":	0,
			"tos":	0
		}
	},
	"intervals":	[{
			"streams":	[{
					"socket":	5,
					"start":	0,
					"end":	1.000004,
					"seconds":	1.0000040531158447,
					"bytes":	174873936,
					"bits_per_second":	1398985817.7484155,
					"retransmits":	0,
					"snd_cwnd":	6494317,
					"rtt":	18,
					"rttvar":	0,
					"pmtu":	-1,
					"omitted":	false,
					"sender":	true
				}],
			"sum":	{
				"start":	0,
				"end":	1.000004,
				"seconds":	1.0000040531158447,
				"bytes":	174873936,
				"bits_per_second":	1398985817.7484155,
				"retransmits":	0,
				"omitted":	false,
				"sender":	true
			}
		}, {
			"streams":	[{
					"socket":	5,
					"start":	1.000004,
					"end":	2.000044,
					"seconds":	1.0000400543212891,
					"bytes":	173823712,
					"bits_per_second":	1390533999.1044364,
					"retransmits":	0,
					"snd_cwnd":	6508797,
					"rtt":	19,
					"rttvar":	0,
					"pmtu":	-1,
					"omitted":	false,
					"sender":	true
				}],
			"sum":	{
				"start":	1.000004,
				"end":	2.000044,
				"seconds":	1.0000400543212891,
				"bytes":	173823712,
				"bits_per_second":	1390533999.1044364,
				"retransmits":	0,
				"omitted":	false,
				"sender":	true
			}
		}, {
			"streams":	[{
					"socket":	5,
					"start":	2.000044,
					"end":	3.000026,
					"seconds":	0.99998199939727783,
					"bytes":	173942448,
					"bits_per_second":	1391564633.002121,
					"retransmits":	0,
					"snd_cwnd":	6953333,
					"rtt":	19,
					"rttvar":	0,
					"pmtu":	-1,
					"omitted":	false,
					"sender":	true
				}],
			"sum":	{
				"start":	2.000044,
				"end":	3.000026,
				"seconds":	0.99998199939727783,
				"bytes":	173942448,
				"bits_per_second":	1391564633.002121,
				"retransmits":	0,
				"omitted":	false,
				"sender":	true
			}
		}, {
			"streams":	[{
					"socket":	5,
					"start":	3.000026,
					"end":	4.000044,
					"seconds":	1.0000180006027222,
					"bytes":	173285056,
					"bits_per_second":	1386255494.5655708,
					"retransmits":	0,
					"snd_cwnd":	6953333,
					"rtt":	19,
					"rttvar":	0,
					"pmtu":	-1,
					"omitted":	false,
					"sender":	true
				}],
			"sum":	{
				"start":	3.000026,
				"end":	4.000044,
				"seconds":	1.0000180006027222,
				"bytes":	173285056,
				"bits_per_second":	1386255494.5655708,
				"retransmits":	0,
				"omitted":	false,
				"sender":	true
			}
		}, {
			"streams":	[{
					"socket":	5,
					"start":	4.000044,
					"end":	5.000043,
					"seconds":	0.99999898672103882,
					"bytes":	174135032,
					"bits_per_second":	1393081667.5803449,
					"retransmits":	0,
					"snd_cwnd":	6953333,
					"rtt":	19,
					"rttvar":	0,
					"pmtu":	-1,
					"omitted":	false,
					"sender":	true
				}],
			"sum":	{
				"start":	4.000044,
				"end":	5.000043,
				"seconds":	0.99999898672103882,
				"bytes":	174135032,
				"bits_per_second":	1393081667.5803449,
				"retransmits":	0,
				"omitted":	false,
				"sender":	true
			}
		}, {
			"streams":	[{
					"socket":	5,
					"start":	5.000043,
					"end":	6.000037,
					"seconds":	0.99999397993087769,
					"bytes":	174585360,
					"bits_per_second":	1396691288.1780972,
					"retransmits":	0,
					"snd_cwnd":	6953333,
					"rtt":	19,
					"rttvar":	1,
					"pmtu":	-1,
					"omitted":	false,
					"sender":	true
				}],
			"sum":	{
				"start":	5.000043,
				"end":	6.000037,
				"seconds":	0.99999397993087769,
				"bytes":	174585360,
				"bits_per_second":	1396691288.1780972,
				"retransmits":	0,
				"omitted":	false,
				"sender":	true
			}
		}, {
			"streams":	[{
					"socket":	5,
					"start":	6.000037,
					"end":	7.000015,
					"seconds":	0.999978005886078,
					"bytes":	175032792,
					"bits_per_second":	1400293134.2067182,
					"retransmits":	0,
					"snd_cwnd":	6953333,
					"rtt":	18,
					"rttvar":	0,
					"pmtu":	-1,
					"omitted":	false,
					"sender":	true
				}],
			"sum":	{
				"start":	6.000037,
				"end":	7.000015,
				"seconds":	0.999978005886078,
				"bytes":	175032792,
				"bits_per_second":	1400293134.2067182,
				"retransmits":	0,
				"omitted":	false,
				"sender":	true
			}
		}, {
			"streams":	[{
					"socket":	5,
					"start":	7.000015,
					"end":	8.000028,
					"seconds":	1.000012993812561,
					"bytes":	175709008,
					"bits_per_second":	1405653799.1980076,
					"retransmits":	0,
					"snd_cwnd":	6953333,
					"rtt":	18,
					"rttvar":	0,
					"pmtu":	-1,
					"omitted":	false,
					"sender":	true
				}],
			"sum":	{
				"start":	7.000015,
				"end":	8.000028,
				"seconds":	1.000012993812561,
				"bytes":	175709008,
				"bits_per_second":	1405653799.1980076,
				"retransmits":	0,
				"omitted":	false,
				"sender":	true
			}
		}, {
			"streams":	[{
					"socket":	5,
					"start":	8.000028,
					"end":	9.000037,
					"seconds":	1.0000089406967163,
					"bytes":	173719456,
					"bits_per_second":	1389743222.7273321,
					"retransmits":	0,
					"snd_cwnd":	6953333,
					"rtt":	19,
					"rttvar":	0,
					"pmtu":	-1,
					"omitted":	false,
					"sender":	true
				}],
			"sum":	{
				"start":	8.000028,
				"end":	9.000037,
				"seconds":	1.0000089406967163,
				"bytes":	173719456,
				"bits_per_second":	1389743222.7273321,
				"retransmits":	0,
				"omitted":	false,
				"sender":	true
			}
		}, {
			"streams":	[{
					"socket":	5,
					"start":	9.000037,
					"end":	10.000023,
					"seconds":	0.99998599290847778,
					"bytes":	172320688,
					"bits_per_second":	1378584813.96366,
					"retransmits":	0,
					"snd_cwnd":	6953333,
					"rtt":	19,
					"rttvar":	0,
					"pmtu":	-1,
					"omitted":	false,
					"sender":	true
				}],
			"sum":	{
				"start":	9.000037,
				"end":	10.000023,
				"seconds":	0.99998599290847778,
				"bytes":	172320688,
				"bits_per_second":	1378584813.96366,
				"retransmits":	0,
				"omitted":	false,
				"sender":	true
			}
		}, {
			"streams":	[{
					"socket":	5,
					"start":	10.000023,
					"end":	11.000087,
					"seconds":	1.0000640153884888,
					"bytes":	171210072,
					"bits_per_second":	1369592900.9783723,
					"retransmits":	0,
					"snd_cwnd":	6953333,
					"rtt":	19,
					"rttvar":	0,
					"pmtu":	-1,
					"omitted":	false,
					"sender":	true
				}],
			"sum":	{
				"start":	10.000023,
				"end":	11.000087,
				"seconds":	1.0000640153884888,
				"bytes":	171210072,
				"bits_per_second":	1369592900.9783723,
				"retransmits":	0,
				"omitted":	false,
				"sender":	true
			}
		}, {
			"streams":	[{
					"socket":	5,
					"start":	11.000087,
					"end":	12.000016,
					"seconds":	0.99992901086807251,
					"bytes":	170683000,
					"bits_per_second":	1365560939.9857237,
					"retransmits":	0,
					"snd_cwnd":	6953333,
					"rtt":	19,
					"rttvar":	0,
					"pmtu":	-1,
					"omitted":	false,
					"sender":	true
				}],
			"sum":	{
				"start":	11.000087,
				"end":	12.000016,
				"seconds":	0.99992901086807251,
				"bytes":	170683000,
				"bits_per_second":	1365560939.9857237,
				"retransmits":	0,
				"omitted":	false,
				"sender":	true
			}
		}, {
			"streams":	[{
					"socket":	5,
					"start":	12.000016,
					"end":	13.000073,
					"seconds":	1.0000569820404053,
					"bytes":	171482296,
					"bits_per_second":	1371780201.16515,
					"retransmits":	0,
					"snd_cwnd":	6953333,
					"rtt":	18,