{
	"start":	{
		"connected":	[{
				"socket":	5,
				"local_host":	"192.168.105.1",
				"local_port":	50736,
				"remote_host":	"192.168.105.3",
				"remote_port":	5201
			}],
		"version":	"iperf 3.19.1",
		"system_info":	"Darwin space-gray.local 24.6.0 Darwin Kernel Version 24.6.0: Mon Jul 14 11:30:30 PDT 2025; root:xnu-11417.140.69~1/RELEASE_ARM64_T6020 arm64",
		"timestamp":	{
			"time":	"Sun, 31 Aug 2025 07:08:41 UTC",
			"timesecs":	1756624121
		},
		"connecting_to":	{
			"host":	"192.168.105.3",
			"port":	5201
		},
		"cookie":	"jlcjumjao5543k7obrrr24omsf3r54ledowi",
		"tcp_mss_default":	1448,
		"target_bitrate":	0,
		"fq_rate":	0,
		"sock_bufsize":	0,
		"sndbuf_actual":	131072,
		"rcvbuf_actual":	131072,
		"test_start":	{
			"protocol":	"TCP",
			"num_streams":	1,
			"blksize":	131072,
			"omit":	0,
			"duration":	30,
			"bytes":	0,
			"blocks":	0,
			"reverse":	0,
			"tos":	0,
			"target_bitrate":	0,
			"bidir":	0,
			"fqrate":	0,
			"interval":	1
		}
	},
	"intervals":	[{
			"streams":	[{
					"socket":	5,
					"start":	0,
					"end":	1.005013,
					"seconds":	1.0050129890441895,
					"bytes":	171704320,
					"bits_per_second":	1366782892.3349395,
					"omitted":	false,
					"sender":	true
				}],
			"sum":	{
				"start":	0,
				"end":	1.005013,
				"seconds":	1.0050129890441895,
				"bytes":	171704320,
				"bits_per_second":	1366782892.3349395,
				"omitted":	false,
				"sender":	true
			}
		}, {
			"streams":	[{
					"socket":	5,
					"start":	1.005013,
					"end":	2.003955,
					"seconds":	0.99894201755523682,
					"bytes":	173408256,
					"bits_per_second":	1388735305.57372,
					"omitted":	false,
					"sender":	true
				}],
			"sum":	{
				"start":	1.005013,
				"end":	2.003955,
				"seconds":	0.99894201755523682,
				"bytes":	173408256,
				"bits_per_second":	1388735305.57372,
				"omitted":	false,
				"sender":	true
			}
		}, {
			"streams":	[{
					"socket":	5,
					"start":	2.003955,
					"end":	3.00488,
					"seconds":	1.0009249448776245,
					"bytes":	172359680,
					"bits_per_second":	1377603232.9462874,
					"omitted":	false,
					"sender":	true
				}],
			"sum":	{
				"start":	2.003955,
				"end":	3.00488,
				"seconds":	1.0009249448776245,
				"bytes":	172359680,
				"bits_per_second":	1377603232.9462874,
				"omitted":	false,
				"sender":	true
			}
		}, {
			"streams":	[{
					"socket":	5,
					"start":	3.00488,
					"end":	4.005011,
					"seconds":	1.0001310110092163,
					"bytes":	173015040,
					"bits_per_second":	1383939008.7537694,
					"omitted":	false,
					"sender":	true
				}],
			"sum":	{
				"start":	3.00488,
				"end":	4.005011,
				"seconds":	1.0001310110092163,
				"bytes":	173015040,
				"bits_per_second":	1383939008.7537694,
				"omitted":	false,
				"sender":	true
			}
		}, {
			"streams":	[{
					"socket":	5,
					"start":	4.005011,
					"end":	5.005006,
					"seconds":	0.999994993209839,
					"bytes":	173670400,
					"bits_per_second":	1389370156.2848287,
					"omitted":	false,
					"sender":	true
				}],
			"sum":	{
				"start":	4.005011,
				"end":	5.005006,
				"seconds":	0.999994993209839,
				"bytes":	173670400,
				"bits_per_second":	1389370156.2848287,
				"omitted":	false,
				"sender":	true
			}
		}, {
			"streams":	[{
					"socket":	5,
					"start":	5.005006,
					"end":	6.005013,
					"seconds":	1.0000070333480835,
					"bytes":	172883968,
					"bits_per_second":	1383062016.4434173,
					"omitted":	false,
					"sender":	true
				}],
			"sum":	{
				"start":	5.005006,
				"end":	6.005013,
				"seconds":	1.0000070333480835,
				"bytes":	172883968,
				"bits_per_second":	1383062016.4434173,
				"omitted":	false,
				"sender":	true
			}
		}, {
			"streams":	[{
					"socket":	5,
					"start":	6.005013,
					"end":	7.004856,
					"seconds":	0.99984300136566162,
					"bytes":	172228608,
					"bits_per_second":	1378045215.2168455,
					"omitted":	false,
					"sender":	true
				}],
			"sum":	{
				"start":	6.005013,
				"end":	7.004856,
				"seconds":	0.99984300136566162,
				"bytes":	172228608,
				"bits_per_second":	1378045215.2168455,
				"omitted":	false,
				"sender":	true
			}
		}, {
			"streams":	[{
					"socket":	5,
					"start":	7.004856,
					"end":	8.005008,
					"seconds":	1.0001519918441772,
					"bytes":	171311104,
					"bits_per_second":	1370280560.5305648,
					"omitted":	false,
					"sender":	true
				}],
			"sum":	{
				"start":	7.004856,
				"end":	8.005008,
				"seconds":	1.0001519918441772,
				"bytes":	171311104,
				"bits_per_second":	1370280560.5305648,
				"omitted":	false,
				"sender":	true
			}
		}, {
			"streams":	[{
					"socket":	5,
					"start":	8.005008,
					"end":	9.003184,
					"seconds":	0.9981759786605835,
					"bytes":	170524672,
					"bits_per_second":	1366690248.1770475,
					"omitted":	false,
					"sender":	true
				}],
			"sum":	{
				"start":	8.005008,
				"end":	9.003184,
				"seconds":	0.9981759786605835,
				"bytes":	170524672,
				"bits_per_second":	1366690248.1770475,
				"omitted":	false,
				"sender":	true
			}
		}, {
			"streams":	[{
					"socket":	5,
					"start":	9.003184,
					"end":	10.005006,
					"seconds":	1.0018219947814941,
					"bytes":	172621824,
					"bits_per_second":	1378463039.5354838,
					"omitted":	false,
					"sender":	true
				}],
			"sum":	{
				"start":	9.003184,
				"end":	10.005006,
				"seconds":	1.0018219947814941,
				"bytes":	172621824,
				"bits_per_second":	1378463039.5354838,
				"omitted":	false,
				"sender":	true
			}
		}, {
			"streams":	[{
					"socket":	5,
					"start":	10.005006,
					"end":	11.005013,
					"seconds":	1.0000070333480835,
					"bytes":	172621824,
					"bits_per_second":	1380964879.1933136,
					"omitted":	false,
					"sender":	true
				}],
			"sum":	{
				"start":	10.005006,
				"end":	11.005013,
				"seconds":	1.0000070333480835,
				"bytes":	172621824,
				"bits_per_second":	1380964879.1933136,
				"omitted":	false,
				"sender":	true
			}
		}, {
			"streams":	[{
					"socket":	5,
					"start":	11.005013,
					"end":	12.005011,
					"seconds":	0.99999797344207764,
					"bytes":	173408256,
					"bits_per_second":	1387268859.3806975,
					"omitted":	false,
					"sender":	true
				}],
			"sum":	{
				"start":	11.005013,
				"end":	12.005011,
				"seconds":	0.99999797344207764,
				"bytes":	173408256,
				"bits_per_second":	1387268859.3806975,
				"omitted":	false,
				"sender":	true
			}
		}, {
			"streams":	[{
					"socket":	5,
					"start":	12.005011,
					"end":	13.005008,
					"seconds":	0.99999701976776123,
					"bytes":	173539328,
					"bits_per_second":	1388318761.5123308,
					"omitted":	false,
					"sender":	true
				}],
			"sum":	{
				"start":	12.005011,
				"end":	13.005008,
				"seconds":	0.99999701976776123,
				"bytes":	173539328,
				"bits_per_second":	1388318761.5123308,
				"omitted":	false,
				"sender":	true
			}
		}, {
			"streams":	[{
					"socket":	5,
					"start":	13.005008,
					"end":	14.00501,
					"seconds":	1.0000020265579224,
					"bytes":	174194688,
					"bits_per_second":	1393554679.8807232,
					"omitted":	false,
					"sender":	true
				}],
			"sum":	{
				"start":	13.005008,
				"end":	14.00501,
				"seconds":	1.0000020265579224,
				"bytes":	174194688,
				"bits_per_second":	1393554679.8807232,
				"omitted":	false,
				"sender":	true
			}
		}, {
			"streams":	[{
					"socket":	5,
					"start":	14.00501,
					"end":	15.005004,
					"seconds":	0.99999397993087769,
					"bytes":	175243264,
					"bits_per_second":	1401954551.8633087,
					"omitted":	false,
					"sender":	true
				}],
			"sum":	{
				"start":	14.00501,
				"end":	15.005004,
				"seconds":	0.99999397993087769,
				"bytes":	175243264,
				"bits_per_second":	1401954551.8633087,
				"omitted":	false,
				"sender":	true
			}
		}, {
			"streams":	[{
					"socket":	5,
					"start":	15.005004,
					"end":	16.005008,
					"seconds":	1.0000040531158447,
					"bytes":	173277184,
					"bits_per_second":	1386211853.5227723,
					"omitted":	false,
					"sender":	true
				}],
			"sum":	{
				"start":	15.005004,