{
	"start":	{
		"connected":	[{
				"socket":	5,
				"local_host":	"192.168.105.1",
				"local_port":	50696,
				"remote_host":	"192.168.105.3",
				"remote_port":	5201
			}],
		"version":	"iperf 3.19.1",
		"system_info":	"Darwin space-gray.local 24.6.0 Darwin Kernel Version 24.6.0: Mon Jul 14 11:30:30 PDT 2025; root:xnu-11417.140.69~1/RELEASE_ARM64_T6020 arm64",
		"timestamp":	{
			"time":	"Sun, 31 Aug 2025 06:57:00 UTC",
			"timesecs":	1756623420
		},
		"connecting_to":	{
			"host":	"192.168.105.3",
			"port":	5201
		},
		"cookie":	"7oqqivjzqanawgggotd6koji7kxwv57pwuuk",
		"tcp_mss_default":	1448,
		"target_bitrate":	0,
		"fq_rate":	0,
		"sock_bufsize":	0,
		"sndbuf_actual":	131072,
		"rcvbuf_actual":	131072,
		"test_start":	{
			"protocol":	"TCP",
			"num_streams":	1,
			"blksize":	131072,
			"omit":	0,
			"duration":	30,
			"bytes":	0,
			"blocks":	0,
			"reverse":	1,
			"tos":	0,
			"target_bitrate":	0,
			"bidir":	0,
			"fqrate":	0,
			"interval":	1
		}
	},
	"intervals":	[{
			"streams":	[{
					"socket":	5,
					"start":	0,
					"end":	1.002201,
					"seconds":	1.0022009611129761,
					"bytes":	1087373312,
					"bits_per_second":	8679882412.34522,
					"omitted":	false,
					"sender":	false
				}],
			"sum":	{
				"start":	0,
				"end":	1.002201,
				"seconds":	1.0022009611129761,
				"bytes":	1087373312,
				"bits_per_second":	8679882412.34522,
				"omitted":	false,
				"sender":	false
			}
		}, {
			"streams":	[{
					"socket":	5,
					"start":	1.002201,
					"end":	2.005012,
					"seconds":	1.0028109550476074,
					"bytes":	1092222976,
					"bits_per_second":	8713291138.29354,
					"omitted":	false,
					"sender":	false
				}],
			"sum":	{
				"start":	1.002201,
				"end":	2.005012,
				"seconds":	1.0028109550476074,
				"bytes":	1092222976,
				"bits_per_second":	8713291138.29354,
				"omitted":	false,
				"sender":	false
			}
		}, {
			"streams":	[{
					"socket":	5,
					"start":	2.005012,
					"end":	3.004345,
					"seconds":	0.99933302402496338,
					"bytes":	1089601536,
					"bits_per_second":	8722630072.69762,
					"omitted":	false,
					"sender":	false
				}],
			"sum":	{
				"start":	2.005012,
				"end":	3.004345,
				"seconds":	0.99933302402496338,
				"bytes":	1089601536,
				"bits_per_second":	8722630072.69762,
				"omitted":	false,
				"sender":	false
			}
		}, {
			"streams":	[{
					"socket":	5,
					"start":	3.004345,
					"end":	4.000251,
					"seconds":	0.99590599536895752,
					"bytes":	1082261504,
					"bits_per_second":	8693684014.61666,
					"omitted":	false,
					"sender":	false
				}],
			"sum":	{
				"start":	3.004345,
				"end":	4.000251,
				"seconds":	0.99590599536895752,
				"bytes":	1082261504,
				"bits_per_second":	8693684014.61666,
				"omitted":	false,
				"sender":	false
			}
		}, {
			"streams":	[{
					"socket":	5,
					"start":	4.000251,
					"end":	5.000271,
					"seconds":	1.0000200271606445,
					"bytes":	1086586880,
					"bits_per_second":	8692520953.48646,
					"omitted":	false,
					"sender":	false
				}],
			"sum":	{
				"start":	4.000251,
				"end":	5.000271,
				"seconds":	1.0000200271606445,
				"bytes":	1086586880,
				"bits_per_second":	8692520953.48646,
				"omitted":	false,
				"sender":	false
			}
		}, {
			"streams":	[{
					"socket":	5,
					"start":	5.000271,
					"end":	6.005008,
					"seconds":	1.0047370195388794,
					"bytes":	1093664768,
					"bits_per_second":	8708067856.41826,
					"omitted":	false,
					"sender":	false
				}],
			"sum":	{
				"start":	5.000271,
				"end":	6.005008,
				"seconds":	1.0047370195388794,
				"bytes":	1093664768,
				"bits_per_second":	8708067856.41826,
				"omitted":	false,
				"sender":	false
			}
		}, {
			"streams":	[{
					"socket":	5,
					"start":	6.005008,
					"end":	7.004624,
					"seconds":	0.999616026878357,
					"bytes":	1083965440,
					"bits_per_second":	8675054507.75977,
					"omitted":	false,
					"sender":	false
				}],
			"sum":	{
				"start":	6.005008,
				"end":	7.004624,
				"seconds":	0.999616026878357,
				"bytes":	1083965440,
				"bits_per_second":	8675054507.75977,
				"omitted":	false,
				"sender":	false
			}
		}, {
			"streams":	[{
					"socket":	5,
					"start":	7.004624,
					"end":	8.005014,
					"seconds":	1.00039005279541,
					"bytes":	1082392576,
					"bits_per_second":	8655764402.89824,
					"omitted":	false,
					"sender":	false
				}],
			"sum":	{
				"start":	7.004624,
				"end":	8.005014,
				"seconds":	1.00039005279541,
				"bytes":	1082392576,
				"bits_per_second":	8655764402.89824,
				"omitted":	false,
				"sender":	false
			}
		}, {
			"streams":	[{
					"socket":	5,
					"start":	8.005014,
					"end":	9.001681,
					"seconds":	0.99666702747344971,
					"bytes":	1081081856,
					"bits_per_second":	8677576973.6502,
					"omitted":	false,
					"sender":	false
				}],
			"sum":	{
				"start":	8.005014,
				"end":	9.001681,
				"seconds":	0.99666702747344971,
				"bytes":	1081081856,
				"bits_per_second":	8677576973.6502,
				"omitted":	false,
				"sender":	false
			}
		}, {
			"streams":	[{
					"socket":	5,
					"start":	9.001681,
					"end":	10.005003,
					"seconds":	1.0033220052719116,
					"bytes":	1087242240,
					"bits_per_second":	8669138994.5571461,
					"omitted":	false,
					"sender":	false
				}],
			"sum":	{
				"start":	9.001681,
				"end":	10.005003,
				"seconds":	1.0033220052719116,
				"bytes":	1087242240,
				"bits_per_second":	8669138994.5571461,
				"omitted":	false,
				"sender":	false
			}
		}, {
			"streams":	[{
					"socket":	5,
					"start":	10.005003,
					"end":	11.005008,
					"seconds":	1.0000050067901611,
					"bytes":	1086849024,
					"bits_per_second":	8694748659.21796,
					"omitted":	false,
					"sender":	false
				}],
			"sum":	{
				"start":	10.005003,
				"end":	11.005008,
				"seconds":	1.0000050067901611,
				"bytes":	1086849024,
				"bits_per_second":	8694748659.21796,
				"omitted":	false,
				"sender":	false
			}
		}, {
			"streams":	[{
					"socket":	5,
					"start":	11.005008,
					"end":	12.005009,
					"seconds":	1.0000009536743164,
					"bytes":	1090387968,
					"bits_per_second":	8723095425.00793,
					"omitted":	false,
					"sender":	false
				}],
			"sum":	{
				"start":	11.005008,
				"end":	12.005009,
				"seconds":	1.0000009536743164,
				"bytes":	1090387968,
				"bits_per_second":	8723095425.00793,
				"omitted":	false,
				"sender":	false
			}
		}, {
			"streams":	[{
					"socket":	5,
					"start":	12.005009,
					"end":	13.00493,
					"seconds":	0.99992102384567261,
					"bytes":	1091567616,
					"bits_per_second":	8733230644.9711933,
					"omitted":	false,
					"sender":	false
				}],
			"sum":	{
				"start":	12.005009,
				"end":	13.00493,
				"seconds":	0.99992102384567261,
				"bytes":	1091567616,
				"bits_per_second":	8733230644.9711933,
				"omitted":	false,
				"sender":	false
			}
		}, {
			"streams":	[{
					"socket":	5,
					"start":	13.00493,
					"end":	14.003653,
					"seconds":	0.99872297048568726,
					"bytes":	1086062592,
					"bits_per_second":	8699610395.23774,
					"omitted":	false,
					"sender":	false
				}],
			"sum":	{
				"start":	13.00493,
				"end":	14.003653,
				"seconds":	0.99872297048568726,
				"bytes":	1086062592,
				"bits_per_second":	8699610395.23774,
				"omitted":	false,
				"sender":	false
			}
		}, {
			"streams":	[{
					"socket":	5,
					"start":	14.003653,
					"end":	15.000767,
					"seconds":	0.99711400270462036,
					"bytes":	1083965440,
					"bits_per_second":	8696822526.28927,
					"omitted":	false,
					"sender":	false
				}],
			"sum":	{
				"start":	14.003653,
				"end":	15.000767,
				"seconds":	0.99711400270462036,
				"bytes":	1083965440,
				"bits_per_second":	8696822526.28927,
				"omitted":	false,
				"sender":	false
			}
		}, {
			"streams":	[{
					"socket":	5,
					"start":	15.000767,
					"end":	16.004236,
					"seconds":	1.0034689903259277,
					"bytes":	1094713344,
					"bits_per_second":	8727431376.98305,
					"omitted":	false,
					"sender":	false
				}],