{
	"start":	{
		"connected":	[{
				"socket":	5,
				"local_host":	"10.100.102.3",
				"local_port":	52221,
				"remote_host":	"10.100.102.6",
				"remote_port":	5201
			}],
		"version":	"iperf 3.20",
		"system_info":	"Darwin space-gray 25.3.0 Darwin Kernel Version 25.3.0: Wed Jan 28 20:53:05 PST 2026; root:xnu-12377.81.4~5/RELEASE_ARM64_T6020 arm64",
		"timestamp":	{
			"time":	"Fri, 27 Feb 2026 18:14:06 UTC",
			"timesecs":	1772216046,
			"timemillisecs":	1772216046636
		},
		"connecting_to":	{
			"host":	"10.100.102.6",
			"port":	5201
		},
		"cookie":	"mcqzwqvfqbs2ejoi3epdgisngb7fdpe3ta7c",
		"tcp_mss_default":	1448,
		"target_bitrate":	0,
		"fq_rate":	0,
		"sock_bufsize":	0,
		"sndbuf_actual":	131072,
		"rcvbuf_actual":	131072,
		"test_start":	{
			"protocol":	"TCP",
			"num_streams":	1,
			"blksize":	131072,
			"omit":	0,
			"duration":	30,
			"bytes":	0,
			"blocks":	0,
			"reverse":	0,
			"tos":	0,
			"target_bitrate":	0,
			"bidir":	0,
			"fqrate":	0,
			"interval":	1
		}
	},
	"intervals":	[{
			"streams":	[{
					"socket":	5,
					"start":	0,
					"end":	1.002465,
					"seconds":	1.0024650096893311,
					"bytes":	1225523200,
					"bits_per_second":	9780077613.91928,
					"omitted":	false,
					"sender":	true
				}],
			"sum":	{
				"start":	0,
				"end":	1.002465,
				"seconds":	1.0024650096893311,
				"bytes":	1225523200,
				"bits_per_second":	9780077613.91928,
				"omitted":	false,
				"sender":	true
			}
		}, {
			"streams":	[{
					"socket":	5,
					"start":	1.002465,
					"end":	2.000535,
					"seconds":	0.998070001602173,
					"bytes":	1207304192,
					"bits_per_second":	9677110343.45847,
					"omitted":	false,
					"sender":	true
				}],
			"sum":	{
				"start":	1.002465,
				"end":	2.000535,
				"seconds":	0.998070001602173,
				"bytes":	1207304192,
				"bits_per_second":	9677110343.45847,
				"omitted":	false,
				"sender":	true
			}
		}, {
			"streams":	[{
					"socket":	5,
					"start":	2.000535,
					"end":	3.000586,
					"seconds":	1.0000510215759277,
					"bytes":	1232338944,
					"bits_per_second":	9858208570.6629,
					"omitted":	false,
					"sender":	true
				}],
			"sum":	{
				"start":	2.000535,
				"end":	3.000586,
				"seconds":	1.0000510215759277,
				"bytes":	1232338944,
				"bits_per_second":	9858208570.6629,
				"omitted":	false,
				"sender":	true
			}
		}, {
			"streams":	[{
					"socket":	5,
					"start":	3.000586,
					"end":	4.005008,
					"seconds":	1.0044219493865967,
					"bytes":	1239810048,
					"bits_per_second":	9874814454.2811356,
					"omitted":	false,
					"sender":	true
				}],
			"sum":	{
				"start":	3.000586,
				"end":	4.005008,
				"seconds":	1.0044219493865967,
				"bytes":	1239810048,
				"bits_per_second":	9874814454.2811356,
				"omitted":	false,
				"sender":	true
			}
		}, {
			"streams":	[{
					"socket":	5,
					"start":	4.005008,
					"end":	5.005011,
					"seconds":	1.0000029802322388,
					"bytes":	1251606528,
					"bits_per_second":	10012822383.463932,
					"omitted":	false,
					"sender":	true
				}],
			"sum":	{
				"start":	4.005008,
				"end":	5.005011,
				"seconds":	1.0000029802322388,
				"bytes":	1251606528,
				"bits_per_second":	10012822383.463932,
				"omitted":	false,
				"sender":	true
			}
		}, {
			"streams":	[{
					"socket":	5,
					"start":	5.005011,
					"end":	6.005014,
					"seconds":	1.0000029802322388,
					"bytes":	1265893376,
					"bits_per_second":	10127116826.839947,
					"omitted":	false,
					"sender":	true
				}],
			"sum":	{
				"start":	5.005011,
				"end":	6.005014,
				"seconds":	1.0000029802322388,
				"bytes":	1265893376,
				"bits_per_second":	10127116826.839947,
				"omitted":	false,
				"sender":	true
			}
		}, {
			"streams":	[{
					"socket":	5,
					"start":	6.005014,
					"end":	7.005016,
					"seconds":	1.0000020265579224,
					"bytes":	1255800832,
					"bits_per_second":	10046386296.41626,
					"omitted":	false,
					"sender":	true
				}],
			"sum":	{
				"start":	6.005014,
				"end":	7.005016,
				"seconds":	1.0000020265579224,
				"bytes":	1255800832,
				"bits_per_second":	10046386296.41626,
				"omitted":	false,
				"sender":	true
			}
		}, {
			"streams":	[{
					"socket":	5,
					"start":	7.005016,
					"end":	8.005015,
					"seconds":	0.99999898672103882,
					"bytes":	1244004352,
					"bits_per_second":	9952044900.19772,
					"omitted":	false,
					"sender":	true
				}],
			"sum":	{
				"start":	7.005016,
				"end":	8.005015,
				"seconds":	0.99999898672103882,
				"bytes":	1244004352,
				"bits_per_second":	9952044900.19772,
				"omitted":	false,
				"sender":	true
			}
		}, {
			"streams":	[{
					"socket":	5,
					"start":	8.005015,
					"end":	9.005007,
					"seconds":	0.9999920129776,
					"bytes":	1231159296,
					"bits_per_second":	9849353035.003315,
					"omitted":	false,
					"sender":	true
				}],
			"sum":	{
				"start":	8.005015,
				"end":	9.005007,
				"seconds":	0.9999920129776,
				"bytes":	1231159296,
				"bits_per_second":	9849353035.003315,
				"omitted":	false,
				"sender":	true
			}
		}, {
			"streams":	[{
					"socket":	5,
					"start":	9.005007,
					"end":	10.005013,
					"seconds":	1.0000059604644775,
					"bytes":	1222246400,
					"bits_per_second":	9777912919.09738,
					"omitted":	false,
					"sender":	true
				}],
			"sum":	{
				"start":	9.005007,
				"end":	10.005013,
				"seconds":	1.0000059604644775,
				"bytes":	1222246400,
				"bits_per_second":	9777912919.09738,
				"omitted":	false,
				"sender":	true
			}
		}, {
			"streams":	[{
					"socket":	5,
					"start":	10.005013,
					"end":	11.001584,
					"seconds":	0.99657100439071655,
					"bytes":	1227096064,
					"bits_per_second":	9850545990.95202,
					"omitted":	false,
					"sender":	true
				}],
			"sum":	{
				"start":	10.005013,
				"end":	11.001584,
				"seconds":	0.99657100439071655,
				"bytes":	1227096064,
				"bits_per_second":	9850545990.95202,
				"omitted":	false,
				"sender":	true
			}
		}, {
			"streams":	[{
					"socket":	5,
					"start":	11.001584,
					"end":	12.005013,
					"seconds":	1.0034290552139282,
					"bytes":	1238106112,
					"bits_per_second":	9871000689.6185741,
					"omitted":	false,
					"sender":	true
				}],
			"sum":	{
				"start":	11.001584,
				"end":	12.005013,
				"seconds":	1.0034290552139282,
				"bytes":	1238106112,
				"bits_per_second":	9871000689.6185741,
				"omitted":	false,
				"sender":	true
			}
		}, {
			"streams":	[{
					"socket":	5,
					"start":	12.005013,
					"end":	13.005026,
					"seconds":	1.000012993812561,
					"bytes":	1249378304,
					"bits_per_second":	9994896560.18753,
					"omitted":	false,
					"sender":	true
				}],
			"sum":	{
				"start":	12.005013,
				"end":	13.005026,
				"seconds":	1.000012993812561,
				"bytes":	1249378304,
				"bits_per_second":	9994896560.18753,
				"omitted":	false,
				"sender":	true
			}
		}, {
			"streams":	[{
					"socket":	5,
					"start":	13.005026,
					"end":	14.005015,
					"seconds":	0.99998897314071655,
					"bytes":	1241776128,
					"bits_per_second":	9934318568.33293,
					"omitted":	false,
					"sender":	true
				}],
			"sum":	{
				"start":	13.005026,
				"end":	14.005015,
				"seconds":	0.99998897314071655,
				"bytes":	1241776128,
				"bits_per_second":	9934318568.33293,
				"omitted":	false,
				"sender":	true
			}
		}, {
			"streams":	[{
					"socket":	5,
					"start":	14.005015,
					"end":	15.001271,
					"seconds":	0.99625599384307861,
					"bytes":	1226309632,
					"bits_per_second":	9847345578.4751434,
					"omitted":	false,
					"sender":	true
				}],
			"sum":	{
				"start":	14.005015,
				"end":	15.001271,
				"seconds":	0.99625599384307861,
				"bytes":	1226309632,
				"bits_per_second":	9847345578.4751434,
				"omitted":	false,
				"sender":	true
			}
		}, {
			"streams":	[{
					"socket":	5,
					"start":	15.001271,
					"end":	16.001629,
					"seconds":	1.000357985496521,
					"bytes":	1249771520,
					"bits_per_second":	9994594240.21839,
					"omitted":	false,
					"sender":	true
				}],