{
	"start":	{
		"connected":	[{
				"socket":	5,
				"local_host":	"10.100.102.3",
				"local_port":	52185,
				"remote_host":	"10.100.102.6",
				"remote_port":	5201
			}],
		"version":	"iperf 3.20",
		"system_info":	"Darwin space-gray 25.3.0 Darwin Kernel Version 25.3.0: Wed Jan 28 20:53:05 PST 2026; root:xnu-12377.81.4~5/RELEASE_ARM64_T6020 arm64",
		"timestamp":	{
			"time":	"Fri, 27 Feb 2026 18:10:31 UTC",
			"timesecs":	1772215831,
			"timemillisecs":	1772215831336
		},
		"connecting_to":	{
			"host":	"10.100.102.6",
			"port":	5201
		},
		"cookie":	"txzagxa4bwvljwle32ikus2ib6cwh7zm7e36",
		"tcp_mss_default":	1448,
		"target_bitrate":	0,
		"fq_rate":	0,
		"sock_bufsize":	0,
		"sndbuf_actual":	131072,
		"rcvbuf_actual":	131072,
		"test_start":	{
			"protocol":	"TCP",
			"num_streams":	1,
			"blksize":	131072,
			"omit":	0,
			"duration":	30,
			"bytes":	0,
			"blocks":	0,
			"reverse":	0,
			"tos":	0,
			"target_bitrate":	0,
			"bidir":	0,
			"fqrate":	0,
			"interval":	1
		}
	},
	"intervals":	[{
			"streams":	[{
					"socket":	5,
					"start":	0,
					"end":	1.002254,
					"seconds":	1.0022540092468262,
					"bytes":	1396965376,
					"bits_per_second":	11150589476.213053,
					"omitted":	false,
					"sender":	true
				}],
			"sum":	{
				"start":	0,
				"end":	1.002254,
				"seconds":	1.0022540092468262,
				"bytes":	1396965376,
				"bits_per_second":	11150589476.213053,
				"omitted":	false,
				"sender":	true
			}
		}, {
			"streams":	[{
					"socket":	5,
					"start":	1.002254,
					"end":	2.005004,
					"seconds":	1.002750039100647,
					"bytes":	1392902144,
					"bits_per_second":	11112656910.982723,
					"omitted":	false,
					"sender":	true
				}],
			"sum":	{
				"start":	1.002254,
				"end":	2.005004,
				"seconds":	1.002750039100647,
				"bytes":	1392902144,
				"bits_per_second":	11112656910.982723,
				"omitted":	false,
				"sender":	true
			}
		}, {
			"streams":	[{
					"socket":	5,
					"start":	2.005004,
					"end":	3.005012,
					"seconds":	1.0000079870224,
					"bytes":	1413480448,
					"bits_per_second":	11307753268.72135,
					"omitted":	false,
					"sender":	true
				}],
			"sum":	{
				"start":	2.005004,
				"end":	3.005012,
				"seconds":	1.0000079870224,
				"bytes":	1413480448,
				"bits_per_second":	11307753268.72135,
				"omitted":	false,
				"sender":	true
			}
		}, {
			"streams":	[{
					"socket":	5,
					"start":	3.005012,
					"end":	4.005008,
					"seconds":	0.9999960064888,
					"bytes":	1388969984,
					"bits_per_second":	11111804247.114712,
					"omitted":	false,
					"sender":	true
				}],
			"sum":	{
				"start":	3.005012,
				"end":	4.005008,
				"seconds":	0.9999960064888,
				"bytes":	1388969984,
				"bits_per_second":	11111804247.114712,
				"omitted":	false,
				"sender":	true
			}
		}, {
			"streams":	[{
					"socket":	5,
					"start":	4.005008,
					"end":	5.005011,
					"seconds":	1.0000029802322388,
					"bytes":	1382809600,
					"bits_per_second":	11062443831.348255,
					"omitted":	false,
					"sender":	true
				}],
			"sum":	{
				"start":	4.005008,
				"end":	5.005011,
				"seconds":	1.0000029802322388,
				"bytes":	1382809600,
				"bits_per_second":	11062443831.348255,
				"omitted":	false,
				"sender":	true
			}
		}, {
			"streams":	[{
					"socket":	5,
					"start":	5.005011,
					"end":	6.005005,
					"seconds":	0.99999397993087769,
					"bytes":	1379401728,
					"bits_per_second":	11035280257.149933,
					"omitted":	false,
					"sender":	true
				}],
			"sum":	{
				"start":	5.005011,
				"end":	6.005005,
				"seconds":	0.99999397993087769,
				"bytes":	1379401728,
				"bits_per_second":	11035280257.149933,
				"omitted":	false,
				"sender":	true
			}
		}, {
			"streams":	[{
					"socket":	5,
					"start":	6.005005,
					"end":	7.001415,
					"seconds":	0.99641001224517822,
					"bytes":	1401815040,
					"bits_per_second":	11254925364.239052,
					"omitted":	false,
					"sender":	true
				}],
			"sum":	{
				"start":	6.005005,
				"end":	7.001415,
				"seconds":	0.99641001224517822,
				"bytes":	1401815040,
				"bits_per_second":	11254925364.239052,
				"omitted":	false,
				"sender":	true
			}
		}, {
			"streams":	[{
					"socket":	5,
					"start":	7.001415,
					"end":	8.001948,
					"seconds":	1.0005329847335815,
					"bytes":	1398931456,
					"bits_per_second":	11185489952.617624,
					"omitted":	false,
					"sender":	true
				}],
			"sum":	{
				"start":	7.001415,
				"end":	8.001948,
				"seconds":	1.0005329847335815,
				"bytes":	1398931456,
				"bits_per_second":	11185489952.617624,
				"omitted":	false,
				"sender":	true
			}
		}, {
			"streams":	[{
					"socket":	5,
					"start":	8.001948,
					"end":	9.005004,
					"seconds":	1.0030560493469238,
					"bytes":	1406402560,
					"bits_per_second":	11216940954.920233,
					"omitted":	false,
					"sender":	true
				}],
			"sum":	{
				"start":	8.001948,
				"end":	9.005004,
				"seconds":	1.0030560493469238,
				"bytes":	1406402560,
				"bits_per_second":	11216940954.920233,
				"omitted":	false,
				"sender":	true
			}
		}, {
			"streams":	[{
					"socket":	5,
					"start":	9.005004,
					"end":	10.005011,
					"seconds":	1.0000070333480835,
					"bytes":	1387921408,
					"bits_per_second":	11103293170.674257,
					"omitted":	false,
					"sender":	true
				}],
			"sum":	{
				"start":	9.005004,
				"end":	10.005011,
				"seconds":	1.0000070333480835,
				"bytes":	1387921408,
				"bits_per_second":	11103293170.674257,
				"omitted":	false,
				"sender":	true
			}
		}, {
			"streams":	[{
					"socket":	5,
					"start":	10.005011,
					"end":	11.005009,
					"seconds":	0.99999797344207764,
					"bytes":	1399324672,
					"bits_per_second":	11194620062.545975,
					"omitted":	false,
					"sender":	true
				}],
			"sum":	{
				"start":	10.005011,
				"end":	11.005009,
				"seconds":	0.99999797344207764,
				"bytes":	1399324672,
				"bits_per_second":	11194620062.545975,
				"omitted":	false,
				"sender":	true
			}
		}, {
			"streams":	[{
					"socket":	5,
					"start":	11.005009,
					"end":	12.005011,
					"seconds":	1.0000020265579224,
					"bytes":	1393426432,
					"bits_per_second":	11147388865.170782,
					"omitted":	false,
					"sender":	true
				}],
			"sum":	{
				"start":	11.005009,
				"end":	12.005011,
				"seconds":	1.0000020265579224,
				"bytes":	1393426432,
				"bits_per_second":	11147388865.170782,
				"omitted":	false,
				"sender":	true
			}
		}, {
			"streams":	[{
					"socket":	5,
					"start":	12.005011,
					"end":	13.005007,
					"seconds":	0.9999960064888,
					"bytes":	1406009344,
					"bits_per_second":	11248119671.491886,
					"omitted":	false,
					"sender":	true
				}],
			"sum":	{
				"start":	12.005011,
				"end":	13.005007,
				"seconds":	0.9999960064888,
				"bytes":	1406009344,
				"bits_per_second":	11248119671.491886,
				"omitted":	false,
				"sender":	true
			}
		}, {
			"streams":	[{
					"socket":	5,
					"start":	13.005007,
					"end":	14.005005,
					"seconds":	0.99999797344207764,
					"bytes":	1423441920,
					"bits_per_second":	11387558437.546768,
					"omitted":	false,
					"sender":	true
				}],
			"sum":	{
				"start":	13.005007,
				"end":	14.005005,
				"seconds":	0.99999797344207764,
				"bytes":	1423441920,
				"bits_per_second":	11387558437.546768,
				"omitted":	false,
				"sender":	true
			}
		}, {
			"streams":	[{
					"socket":	5,
					"start":	14.005005,
					"end":	15.001967,
					"seconds":	0.996962010860443,
					"bytes":	1427374080,
					"bits_per_second":	11453789126.974524,
					"omitted":	false,
					"sender":	true
				}],
			"sum":	{
				"start":	14.005005,
				"end":	15.001967,
				"seconds":	0.996962010860443,
				"bytes":	1427374080,
				"bits_per_second":	11453789126.974524,
				"omitted":	false,
				"sender":	true
			}
		}, {
			"streams":	[{
					"socket":	5,
					"start":	15.001967,
					"end":	16.005008,
					"seconds":	1.0030410289764404,
					"bytes":	1420296192,
					"bits_per_second":	11327920999.996183,
					"omitted":	false,
					"sender":	true
				}],