{
	"start":	{
		"connected":	[{
				"socket":	5,
				"local_host":	"10.100.102.149",
				"local_port":	50342,
				"remote_host":	"10.100.102.161",
				"remote_port":	5201
			}],
		"version":	"iperf 3.19.1",
		"system_info":	"Darwin mimi-2.local 24.6.0 Darwin Kernel Version 24.6.0: Mon Jul 14 11:29:54 PDT 2025; root:xnu-11417.140.69~1/RELEASE_ARM64_T8122 arm64",
		"timestamp":	{
			"time":	"Sat, 30 Aug 2025 21:25:39 UTC",
			"timesecs":	1756589139
		},
		"connecting_to":	{
			"host":	"10.100.102.161",
			"port":	5201
		},
		"cookie":	"bdql2mrjjrzk6ev4mkordpqdqg2q64rnzkdn",
		"tcp_mss_default":	1448,
		"target_bitrate":	0,
		"fq_rate":	0,
		"sock_bufsize":	0,
		"sndbuf_actual":	131072,
		"rcvbuf_actual":	131072,
		"test_start":	{
			"protocol":	"TCP",
			"num_streams":	1,
			"blksize":	131072,
			"omit":	0,
			"duration":	30,
			"bytes":	0,
			"blocks":	0,
			"reverse":	0,
			"tos":	0,
			"target_bitrate":	0,
			"bidir":	0,
			"fqrate":	0,
			"interval":	1
		}
	},
	"intervals":	[{
			"streams":	[{
					"socket":	5,
					"start":	0,
					"end":	1.004083,
					"seconds":	1.0040830373764038,
					"bytes":	503971840,
					"bits_per_second":	4015379774.3010726,
					"omitted":	false,
					"sender":	true
				}],
			"sum":	{
				"start":	0,
				"end":	1.004083,
				"seconds":	1.0040830373764038,
				"bytes":	503971840,
				"bits_per_second":	4015379774.3010726,
				"omitted":	false,
				"sender":	true
			}
		}, {
			"streams":	[{
					"socket":	5,
					"start":	1.004083,
					"end":	2.005024,
					"seconds":	1.0009410381317139,
					"bytes":	512884736,
					"bits_per_second":	4099220365.32593,
					"omitted":	false,
					"sender":	true
				}],
			"sum":	{
				"start":	1.004083,
				"end":	2.005024,
				"seconds":	1.0009410381317139,
				"bytes":	512884736,
				"bits_per_second":	4099220365.32593,
				"omitted":	false,
				"sender":	true
			}
		}, {
			"streams":	[{
					"socket":	5,
					"start":	2.005024,
					"end":	3.005024,
					"seconds":	1,
					"bytes":	515244032,
					"bits_per_second":	4121952256,
					"omitted":	false,
					"sender":	true
				}],
			"sum":	{
				"start":	2.005024,
				"end":	3.005024,
				"seconds":	1,
				"bytes":	515244032,
				"bits_per_second":	4121952256,
				"omitted":	false,
				"sender":	true
			}
		}, {
			"streams":	[{
					"socket":	5,
					"start":	3.005024,
					"end":	4.005023,
					"seconds":	0.99999898672103882,
					"bytes":	514981888,
					"bits_per_second":	4119859278.56673,
					"omitted":	false,
					"sender":	true
				}],
			"sum":	{
				"start":	3.005024,
				"end":	4.005023,
				"seconds":	0.99999898672103882,
				"bytes":	514981888,
				"bits_per_second":	4119859278.56673,
				"omitted":	false,
				"sender":	true
			}
		}, {
			"streams":	[{
					"socket":	5,
					"start":	4.005023,
					"end":	5.005021,
					"seconds":	0.99999797344207764,
					"bytes":	517341184,
					"bits_per_second":	4138737859.3919973,
					"omitted":	false,
					"sender":	true
				}],
			"sum":	{
				"start":	4.005023,
				"end":	5.005021,
				"seconds":	0.99999797344207764,
				"bytes":	517341184,
				"bits_per_second":	4138737859.3919973,
				"omitted":	false,
				"sender":	true
			}
		}, {
			"streams":	[{
					"socket":	5,
					"start":	5.005021,
					"end":	6.005044,
					"seconds":	1.0000230073928833,
					"bytes":	512753664,
					"bits_per_second":	4101934937.1713185,
					"omitted":	false,
					"sender":	true
				}],
			"sum":	{
				"start":	5.005021,
				"end":	6.005044,
				"seconds":	1.0000230073928833,
				"bytes":	512753664,
				"bits_per_second":	4101934937.1713185,
				"omitted":	false,
				"sender":	true
			}
		}, {
			"streams":	[{
					"socket":	5,
					"start":	6.005044,
					"end":	7.005021,
					"seconds":	0.9999769926071167,
					"bytes":	515375104,
					"bits_per_second":	4123095693.68252,
					"omitted":	false,
					"sender":	true
				}],
			"sum":	{
				"start":	6.005044,
				"end":	7.005021,
				"seconds":	0.9999769926071167,
				"bytes":	515375104,
				"bits_per_second":	4123095693.68252,
				"omitted":	false,
				"sender":	true
			}
		}, {
			"streams":	[{
					"socket":	5,
					"start":	7.005021,
					"end":	8.001097,
					"seconds":	0.996075987815857,
					"bytes":	514981888,
					"bits_per_second":	4136085152.5331936,
					"omitted":	false,
					"sender":	true
				}],
			"sum":	{
				"start":	7.005021,
				"end":	8.001097,
				"seconds":	0.996075987815857,
				"bytes":	514981888,
				"bits_per_second":	4136085152.5331936,
				"omitted":	false,
				"sender":	true
			}
		}, {
			"streams":	[{
					"socket":	5,
					"start":	8.001097,
					"end":	9.005022,
					"seconds":	1.0039249658584595,
					"bytes":	515112960,
					"bits_per_second":	4104792509.54398,
					"omitted":	false,
					"sender":	true
				}],
			"sum":	{
				"start":	8.001097,
				"end":	9.005022,
				"seconds":	1.0039249658584595,
				"bytes":	515112960,
				"bits_per_second":	4104792509.54398,
				"omitted":	false,
				"sender":	true
			}
		}, {
			"streams":	[{
					"socket":	5,
					"start":	9.005022,
					"end":	10.005019,
					"seconds":	0.99999701976776123,
					"bytes":	513146880,
					"bits_per_second":	4105187274.4114614,
					"omitted":	false,
					"sender":	true
				}],
			"sum":	{
				"start":	9.005022,
				"end":	10.005019,
				"seconds":	0.99999701976776123,
				"bytes":	513146880,
				"bits_per_second":	4105187274.4114614,
				"omitted":	false,
				"sender":	true
			}
		}, {
			"streams":	[{
					"socket":	5,
					"start":	10.005019,
					"end":	11.005018,
					"seconds":	0.99999898672103882,
					"bytes":	509476864,
					"bits_per_second":	4075819041.9416847,
					"omitted":	false,
					"sender":	true
				}],
			"sum":	{
				"start":	10.005019,
				"end":	11.005018,
				"seconds":	0.99999898672103882,
				"bytes":	509476864,
				"bits_per_second":	4075819041.9416847,
				"omitted":	false,
				"sender":	true
			}
		}, {
			"streams":	[{
					"socket":	5,
					"start":	11.005018,
					"end":	12.000136,
					"seconds":	0.995118021965027,
					"bytes":	510525440,
					"bits_per_second":	4104240331.14691,
					"omitted":	false,
					"sender":	true
				}],
			"sum":	{
				"start":	11.005018,
				"end":	12.000136,
				"seconds":	0.995118021965027,
				"bytes":	510525440,
				"bits_per_second":	4104240331.14691,
				"omitted":	false,
				"sender":	true
			}
		}, {
			"streams":	[{
					"socket":	5,
					"start":	12.000136,
					"end":	13.005018,
					"seconds":	1.0048819780349731,
					"bytes":	515506176,
					"bits_per_second":	4104013703.2455263,
					"omitted":	false,
					"sender":	true
				}],
			"sum":	{
				"start":	12.000136,
				"end":	13.005018,
				"seconds":	1.0048819780349731,
				"bytes":	515506176,
				"bits_per_second":	4104013703.2455263,
				"omitted":	false,
				"sender":	true
			}
		}, {
			"streams":	[{
					"socket":	5,
					"start":	13.005018,
					"end":	14.005021,
					"seconds":	1.0000029802322388,
					"bytes":	509607936,
					"bits_per_second":	4076851338.03621,
					"omitted":	false,
					"sender":	true
				}],
			"sum":	{
				"start":	13.005018,
				"end":	14.005021,
				"seconds":	1.0000029802322388,
				"bytes":	509607936,
				"bits_per_second":	4076851338.03621,
				"omitted":	false,
				"sender":	true
			}
		}, {
			"streams":	[{
					"socket":	5,
					"start":	14.005021,
					"end":	15.005019,
					"seconds":	0.99999797344207764,
					"bytes":	508690432,
					"bits_per_second":	4069531703.1417131,
					"omitted":	false,
					"sender":	true
				}],
			"sum":	{
				"start":	14.005021,
				"end":	15.005019,
				"seconds":	0.99999797344207764,
				"bytes":	508690432,
				"bits_per_second":	4069531703.1417131,
				"omitted":	false,
				"sender":	true
			}
		}, {
			"streams":	[{
					"socket":	5,
					"start":	15.005019,
					"end":	16.000187,
					"seconds":	0.99516797065734863,
					"bytes":	513409024,
					"bits_per_second":	4127215016.0610385,
					"omitted":	false,
					"sender":	true
				}],
			"sum":	{
				"start":	15.005019,
				"end":	16.000187,
				"seconds":	0.99516797065734863,