{
	"start":	{
		"connected":	[{
				"socket":	5,
				"local_host":	"10.100.102.4",
				"local_port":	49461,
				"remote_host":	"10.100.102.6",
				"remote_port":	5201
			}],
		"version":	"iperf 3.20",
		"system_info":	"Darwin mimi-2.local 25.3.0 Darwin Kernel Version 25.3.0: Wed Jan 28 20:53:31 PST 2026; root:xnu-12377.81.4~5/RELEASE_ARM64_T8122 arm64",
		"timestamp":	{
			"time":	"Fri, 27 Feb 2026 20:15:47 UTC",
			"timesecs":	1772223347,
			"timemillisecs":	1772223347232
		},
		"connecting_to":	{
			"host":	"10.100.102.6",
			"port":	5201
		},
		"cookie":	"llldsaz272qhi6adoejghc3iuegkegs6neco",
		"tcp_mss_default":	1448,
		"target_bitrate":	0,
		"fq_rate":	0,
		"sock_bufsize":	0,
		"sndbuf_actual":	131072,
		"rcvbuf_actual":	131072,
		"test_start":	{
			"protocol":	"TCP",
			"num_streams":	1,
			"blksize":	131072,
			"omit":	0,
			"duration":	30,
			"bytes":	0,
			"blocks":	0,
			"reverse":	0,
			"tos":	0,
			"target_bitrate":	0,
			"bidir":	0,
			"fqrate":	0,
			"interval":	1
		}
	},
	"intervals":	[{
			"streams":	[{
					"socket":	5,
					"start":	0,
					"end":	1.009909,
					"seconds":	1.0099090337753296,
					"bytes":	1368522752,
					"bits_per_second":	10840760553.524862,
					"omitted":	false,
					"sender":	true
				}],
			"sum":	{
				"start":	0,
				"end":	1.009909,
				"seconds":	1.0099090337753296,
				"bytes":	1368522752,
				"bits_per_second":	10840760553.524862,
				"omitted":	false,
				"sender":	true
			}
		}, {
			"streams":	[{
					"socket":	5,
					"start":	1.009909,
					"end":	2.010018,
					"seconds":	1.0001089572906494,
					"bytes":	1315569664,
					"bits_per_second":	10523410709.680681,
					"omitted":	false,
					"sender":	true
				}],
			"sum":	{
				"start":	1.009909,
				"end":	2.010018,
				"seconds":	1.0001089572906494,
				"bytes":	1315569664,
				"bits_per_second":	10523410709.680681,
				"omitted":	false,
				"sender":	true
			}
		}, {
			"streams":	[{
					"socket":	5,
					"start":	2.010018,
					"end":	3.010054,
					"seconds":	1.0000360012054443,
					"bytes":	1788608512,
					"bits_per_second":	14308352978.044867,
					"omitted":	false,
					"sender":	true
				}],
			"sum":	{
				"start":	2.010018,
				"end":	3.010054,
				"seconds":	1.0000360012054443,
				"bytes":	1788608512,
				"bits_per_second":	14308352978.044867,
				"omitted":	false,
				"sender":	true
			}
		}, {
			"streams":	[{
					"socket":	5,
					"start":	3.010054,
					"end":	4.009967,
					"seconds":	0.999912977218628,
					"bytes":	1755316224,
					"bits_per_second":	14043751918.352835,
					"omitted":	false,
					"sender":	true
				}],
			"sum":	{
				"start":	3.010054,
				"end":	4.009967,
				"seconds":	0.999912977218628,
				"bytes":	1755316224,
				"bits_per_second":	14043751918.352835,
				"omitted":	false,
				"sender":	true
			}
		}, {
			"streams":	[{
					"socket":	5,
					"start":	4.009967,
					"end":	5.01008,
					"seconds":	1.0001130104064941,
					"bytes":	1760428032,
					"bits_per_second":	14081832862.344044,
					"omitted":	false,
					"sender":	true
				}],
			"sum":	{
				"start":	4.009967,
				"end":	5.01008,
				"seconds":	1.0001130104064941,
				"bytes":	1760428032,
				"bits_per_second":	14081832862.344044,
				"omitted":	false,
				"sender":	true
			}
		}, {
			"streams":	[{
					"socket":	5,
					"start":	5.01008,
					"end":	6.006414,
					"seconds":	0.9963340163230896,
					"bytes":	1707999232,
					"bits_per_second":	13714270146.4978,
					"omitted":	false,
					"sender":	true
				}],
			"sum":	{
				"start":	5.01008,
				"end":	6.006414,
				"seconds":	0.9963340163230896,
				"bytes":	1707999232,
				"bits_per_second":	13714270146.4978,
				"omitted":	false,
				"sender":	true
			}
		}, {
			"streams":	[{
					"socket":	5,
					"start":	6.006414,
					"end":	7.010033,
					"seconds":	1.0036189556121826,
					"bytes":	1736572928,
					"bits_per_second":	13842488074.097673,
					"omitted":	false,
					"sender":	true
				}],
			"sum":	{
				"start":	6.006414,
				"end":	7.010033,
				"seconds":	1.0036189556121826,
				"bytes":	1736572928,
				"bits_per_second":	13842488074.097673,
				"omitted":	false,
				"sender":	true
			}
		}, {
			"streams":	[{
					"socket":	5,
					"start":	7.010033,
					"end":	8.010026,
					"seconds":	0.99999302625656128,
					"bytes":	1721892864,
					"bits_per_second":	13775238976.982433,
					"omitted":	false,
					"sender":	true
				}],
			"sum":	{
				"start":	7.010033,
				"end":	8.010026,
				"seconds":	0.99999302625656128,
				"bytes":	1721892864,
				"bits_per_second":	13775238976.982433,
				"omitted":	false,
				"sender":	true
			}
		}, {
			"streams":	[{
					"socket":	5,
					"start":	8.010026,
					"end":	9.010002,
					"seconds":	0.99997597932815552,
					"bytes":	1695940608,
					"bits_per_second":	13567850772.89105,
					"omitted":	false,
					"sender":	true
				}],
			"sum":	{
				"start":	8.010026,
				"end":	9.010002,
				"seconds":	0.99997597932815552,
				"bytes":	1695940608,
				"bits_per_second":	13567850772.89105,
				"omitted":	false,
				"sender":	true
			}
		}, {
			"streams":	[{
					"socket":	5,
					"start":	9.010002,
					"end":	10.009214,
					"seconds":	0.99921202659606934,
					"bytes":	1691353088,
					"bits_per_second":	13541495041.942509,
					"omitted":	false,
					"sender":	true
				}],
			"sum":	{
				"start":	9.010002,
				"end":	10.009214,
				"seconds":	0.99921202659606934,
				"bytes":	1691353088,
				"bits_per_second":	13541495041.942509,
				"omitted":	false,
				"sender":	true
			}
		}, {
			"streams":	[{
					"socket":	5,
					"start":	10.009214,
					"end":	11.005214,
					"seconds":	0.99599999189376831,
					"bytes":	1670381568,
					"bits_per_second":	13416719530.882566,
					"omitted":	false,
					"sender":	true
				}],
			"sum":	{
				"start":	10.009214,
				"end":	11.005214,
				"seconds":	0.99599999189376831,
				"bytes":	1670381568,
				"bits_per_second":	13416719530.882566,
				"omitted":	false,
				"sender":	true
			}
		}, {
			"streams":	[{
					"socket":	5,
					"start":	11.005214,
					"end":	12.010025,
					"seconds":	1.0048110485076904,
					"bytes":	1696071680,
					"bits_per_second":	13503606932.021261,
					"omitted":	false,
					"sender":	true
				}],
			"sum":	{
				"start":	11.005214,
				"end":	12.010025,
				"seconds":	1.0048110485076904,
				"bytes":	1696071680,
				"bits_per_second":	13503606932.021261,
				"omitted":	false,
				"sender":	true
			}
		}, {
			"streams":	[{
					"socket":	5,
					"start":	12.010025,
					"end":	13.010033,
					"seconds":	1.0000079870224,
					"bytes":	1648361472,
					"bits_per_second":	13186786452.841219,
					"omitted":	false,
					"sender":	true
				}],
			"sum":	{
				"start":	12.010025,
				"end":	13.010033,
				"seconds":	1.0000079870224,
				"bytes":	1648361472,
				"bits_per_second":	13186786452.841219,
				"omitted":	false,
				"sender":	true
			}
		}, {
			"streams":	[{
					"socket":	5,
					"start":	13.010033,
					"end":	14.009015,
					"seconds":	0.998982012271881,
					"bytes":	1663434752,
					"bits_per_second":	13321038669.891747,
					"omitted":	false,
					"sender":	true
				}],
			"sum":	{
				"start":	13.010033,
				"end":	14.009015,
				"seconds":	0.998982012271881,
				"bytes":	1663434752,
				"bits_per_second":	13321038669.891747,
				"omitted":	false,
				"sender":	true
			}
		}, {
			"streams":	[{
					"socket":	5,
					"start":	14.009015,
					"end":	15.006514,
					"seconds":	0.99749898910522461,
					"bytes":	1589248000,
					"bits_per_second":	12745861538.571266,
					"omitted":	false,
					"sender":	true
				}],
			"sum":	{
				"start":	14.009015,
				"end":	15.006514,
				"seconds":	0.99749898910522461,
				"bytes":	1589248000,
				"bits_per_second":	12745861538.571266,
				"omitted":	false,
				"sender":	true
			}
		}, {
			"streams":	[{
					"socket":	5,
					"start":	15.006514,
					"end":	16.001365,
					"seconds":	0.994850993156433,
					"bytes":	1636564992,
					"bits_per_second":	13160282319.727551,
					"omitted":	false,