{
	"start":	{
		"connected":	[{
				"socket":	5,
				"local_host":	"192.168.105.1",
				"local_port":	49612,
				"remote_host":	"192.168.105.6",
				"remote_port":	5201
			}],
		"version":	"iperf 3.8.1 -  -- Apple version iperf3-117",
		"system_info":	"Darwin mimi-2.local 24.3.0 Darwin Kernel Version 24.3.0: Thu Jan  2 20:24:23 PST 2025; root:xnu-11215.81.4~3/RELEASE_ARM64_T8122 arm64",
		"timestamp":	{
			"time":	"Sat, 22 Feb 2025 17:33:35 UTC",
			"timesecs":	1740245615
		},
		"connecting_to":	{
			"host":	"192.168.105.6",
			"port":	5201
		},
		"cookie":	"xejkai2vv4i33sm4cmqhwp4vb6ueacapmcsv",
		"tcp_mss_default":	1448,
		"sock_bufsize":	0,
		"sndbuf_actual":	131072,
		"rcvbuf_actual":	131072,
		"test_start":	{
			"protocol":	"TCP",
			"num_streams":	1,
			"blksize":	131072,
			"omit":	0,
			"duration":	30,
			"bytes":	0,
			"blocks":	0,
			"reverse":	1,
			"tos":	0
		}
	},
	"intervals":	[{
			"streams":	[{
					"socket":	5,
					"start":	0,
					"end":	1.000067,
					"seconds":	1.0000669956207275,
					"bytes":	258598320,
					"bits_per_second":	2068647969.6452069,
					"omitted":	false,
					"sender":	false
				}],
			"sum":	{
				"start":	0,
				"end":	1.000067,
				"seconds":	1.0000669956207275,
				"bytes":	258598320,
				"bits_per_second":	2068647969.6452069,
				"omitted":	false,
				"sender":	false
			}
		}, {
			"streams":	[{
					"socket":	5,
					"start":	1.000067,
					"end":	2.000008,
					"seconds":	0.99994099140167236,
					"bytes":	268353496,
					"bits_per_second":	2146954656.78497,
					"omitted":	false,
					"sender":	false
				}],
			"sum":	{
				"start":	1.000067,
				"end":	2.000008,
				"seconds":	0.99994099140167236,
				"bytes":	268353496,
				"bits_per_second":	2146954656.78497,
				"omitted":	false,
				"sender":	false
			}
		}, {
			"streams":	[{
					"socket":	5,
					"start":	2.000008,
					"end":	3.000034,
					"seconds":	1.0000259876251221,
					"bytes":	262008360,
					"bits_per_second":	2096012409.6152477,
					"omitted":	false,
					"sender":	false
				}],
			"sum":	{
				"start":	2.000008,
				"end":	3.000034,
				"seconds":	1.0000259876251221,
				"bytes":	262008360,
				"bits_per_second":	2096012409.6152477,
				"omitted":	false,
				"sender":	false
			}
		}, {
			"streams":	[{
					"socket":	5,
					"start":	3.000034,
					"end":	4.000046,
					"seconds":	1.0000120401382446,
					"bytes":	259183312,
					"bits_per_second":	2073441531.4773188,
					"omitted":	false,
					"sender":	false
				}],
			"sum":	{
				"start":	3.000034,
				"end":	4.000046,
				"seconds":	1.0000120401382446,
				"bytes":	259183312,
				"bits_per_second":	2073441531.4773188,
				"omitted":	false,
				"sender":	false
			}
		}, {
			"streams":	[{
					"socket":	5,
					"start":	4.000046,
					"end":	5.000001,
					"seconds":	0.99995499849319458,
					"bytes":	226988480,
					"bits_per_second":	1815989562.266645,
					"omitted":	false,
					"sender":	false
				}],
			"sum":	{
				"start":	4.000046,
				"end":	5.000001,
				"seconds":	0.99995499849319458,
				"bytes":	226988480,
				"bits_per_second":	1815989562.266645,
				"omitted":	false,
				"sender":	false
			}
		}, {
			"streams":	[{
					"socket":	5,
					"start":	5.000001,
					"end":	6.000008,
					"seconds":	1.0000070333480835,
					"bytes":	260105688,
					"bits_per_second":	2080830868.792197,
					"omitted":	false,
					"sender":	false
				}],
			"sum":	{
				"start":	5.000001,
				"end":	6.000008,
				"seconds":	1.0000070333480835,
				"bytes":	260105688,
				"bits_per_second":	2080830868.792197,
				"omitted":	false,
				"sender":	false
			}
		}, {
			"streams":	[{
					"socket":	5,
					"start":	6.000008,
					"end":	7.000002,
					"seconds":	0.99999397993087769,
					"bytes":	252035984,
					"bits_per_second":	2016300010.2654331,
					"omitted":	false,
					"sender":	false
				}],
			"sum":	{
				"start":	6.000008,
				"end":	7.000002,
				"seconds":	0.99999397993087769,
				"bytes":	252035984,
				"bits_per_second":	2016300010.2654331,
				"omitted":	false,
				"sender":	false
			}
		}, {
			"streams":	[{
					"socket":	5,
					"start":	7.000002,
					"end":	8.000017,
					"seconds":	1.0000150203704834,
					"bytes":	253678016,
					"bits_per_second":	2029393645.755584,
					"omitted":	false,
					"sender":	false
				}],
			"sum":	{
				"start":	7.000002,
				"end":	8.000017,
				"seconds":	1.0000150203704834,
				"bytes":	253678016,
				"bits_per_second":	2029393645.755584,
				"omitted":	false,
				"sender":	false
			}
		}, {
			"streams":	[{
					"socket":	5,
					"start":	8.000017,
					"end":	9.000038,
					"seconds":	1.0000209808349609,
					"bytes":	269391712,
					"bits_per_second":	2155088480.4442654,
					"omitted":	false,
					"sender":	false
				}],
			"sum":	{
				"start":	8.000017,
				"end":	9.000038,
				"seconds":	1.0000209808349609,
				"bytes":	269391712,
				"bits_per_second":	2155088480.4442654,
				"omitted":	false,
				"sender":	false
			}
		}, {
			"streams":	[{
					"socket":	5,
					"start":	9.000038,
					"end":	10.000008,
					"seconds":	0.999970018863678,
					"bytes":	270912112,
					"bits_per_second":	2167361875.9718628,
					"omitted":	false,
					"sender":	false
				}],
			"sum":	{
				"start":	9.000038,
				"end":	10.000008,
				"seconds":	0.999970018863678,
				"bytes":	270912112,
				"bits_per_second":	2167361875.9718628,
				"omitted":	false,
				"sender":	false
			}
		}, {
			"streams":	[{
					"socket":	5,
					"start":	10.000008,
					"end":	11.000198,
					"seconds":	1.0001900196075439,
					"bytes":	253135016,
					"bits_per_second":	2024695396.1754227,
					"omitted":	false,
					"sender":	false
				}],
			"sum":	{
				"start":	10.000008,
				"end":	11.000198,
				"seconds":	1.0001900196075439,
				"bytes":	253135016,
				"bits_per_second":	2024695396.1754227,
				"omitted":	false,
				"sender":	false
			}
		}, {
			"streams":	[{
					"socket":	5,
					"start":	11.000198,
					"end":	12.000002,
					"seconds":	0.99980401992797852,
					"bytes":	217838568,
					"bits_per_second":	1743050147.0933645,
					"omitted":	false,
					"sender":	false
				}],
			"sum":	{
				"start":	11.000198,
				"end":	12.000002,
				"seconds":	0.99980401992797852,
				"bytes":	217838568,
				"bits_per_second":	1743050147.0933645,
				"omitted":	false,
				"sender":	false
			}
		}, {
			"streams":	[{
					"socket":	5,
					"start":	12.000002,
					"end":	13.000011,
					"seconds":	1.0000089406967163,
					"bytes":	216520888,
					"bits_per_second":	1732151617.3577225,
					"omitted":	false,
					"sender":	false
				}],
			"sum":	{
				"start":	12.000002,
				"end":	13.000011,
				"seconds":	1.0000089406967163,
				"bytes":	216520888,
				"bits_per_second":	1732151617.3577225,
				"omitted":	false,
				"sender":	false
			}
		}, {
			"streams":	[{
					"socket":	5,
					"start":	13.000011,
					"end":	14.000044,
					"seconds":	1.0000330209732056,
					"bytes":	212928400,
					"bits_per_second":	1703370953.0334008,
					"omitted":	false,
					"sender":	false
				}],
			"sum":	{
				"start":	13.000011,
				"end":	14.000044,
				"seconds":	1.0000330209732056,
				"bytes":	212928400,
				"bits_per_second":	1703370953.0334008,
				"omitted":	false,
				"sender":	false
			}
		}, {
			"streams":	[{
					"socket":	5,
					"start":	14.000044,
					"end":	15.000332,
					"seconds":	1.0002880096435547,
					"bytes":	214401016,
					"bits_per_second":	1714714273.7532182,
					"omitted":	false,
					"sender":	false
				}],
			"sum":	{
				"start":	14.000044,
				"end":	15.000332,
				"seconds":	1.0002880096435547,
				"bytes":	214401016,
				"bits_per_second":	1714714273.7532182,
				"omitted":	false,
				"sender":	false
			}
		}, {
			"streams":	[{
					"socket":	5,
					"start":	15.000332,
					"end":	16.000006,
					"seconds":	0.99967402219772339,
					"bytes":	212793736,
					"bits_per_second":	1702904997.2284825,
					"omitted":	false,
					"sender":	false
				}],
			"sum":	{
				"start":	15.000332,
				"end":	16.000006,
				"seconds":	0.99967402219772339,