{
	"start":	{
		"connected":	[{
				"socket":	5,
				"local_host":	"192.168.64.1",
				"local_port":	52318,
				"remote_host":	"192.168.64.7",
				"remote_port":	5201
			}],
		"version":	"iperf 3.20",
		"system_info":	"Darwin space-gray 25.3.0 Darwin Kernel Version 25.3.0: Wed Jan 28 20:53:05 PST 2026; root:xnu-12377.81.4~5/RELEASE_ARM64_T6020 arm64",
		"timestamp":	{
			"time":	"Fri, 27 Feb 2026 22:14:06 UTC",
			"timesecs":	1772230446,
			"timemillisecs":	1772230446130
		},
		"connecting_to":	{
			"host":	"192.168.64.7",
			"port":	5201
		},
		"cookie":	"cniy2pfrd6fxrkhtbovrlnlhvovokxssoaxc",
		"tcp_mss_default":	1448,
		"target_bitrate":	0,
		"fq_rate":	0,
		"sock_bufsize":	0,
		"sndbuf_actual":	131072,
		"rcvbuf_actual":	131072,
		"test_start":	{
			"protocol":	"TCP",
			"num_streams":	1,
			"blksize":	131072,
			"omit":	0,
			"duration":	30,
			"bytes":	0,
			"blocks":	0,
			"reverse":	0,
			"tos":	0,
			"target_bitrate":	0,
			"bidir":	0,
			"fqrate":	0,
			"interval":	1
		}
	},
	"intervals":	[{
			"streams":	[{
					"socket":	5,
					"start":	0,
					"end":	1.005009,
					"seconds":	1.0050090551376343,
					"bytes":	4189061120,
					"bits_per_second":	33345459713.704292,
					"omitted":	false,
					"sender":	true
				}],
			"sum":	{
				"start":	0,
				"end":	1.005009,
				"seconds":	1.0050090551376343,
				"bytes":	4189061120,
				"bits_per_second":	33345459713.704292,
				"omitted":	false,
				"sender":	true
			}
		}, {
			"streams":	[{
					"socket":	5,
					"start":	1.005009,
					"end":	2.001991,
					"seconds":	0.996981978416443,
					"bytes":	3810525184,
					"bits_per_second":	30576481954.487888,
					"omitted":	false,
					"sender":	true
				}],
			"sum":	{
				"start":	1.005009,
				"end":	2.001991,
				"seconds":	0.996981978416443,
				"bytes":	3810525184,
				"bits_per_second":	30576481954.487888,
				"omitted":	false,
				"sender":	true
			}
		}, {
			"streams":	[{
					"socket":	5,
					"start":	2.001991,
					"end":	3.001927,
					"seconds":	0.99993598461151123,
					"bytes":	3841458176,
					"bits_per_second":	30733632833.4455,
					"omitted":	false,
					"sender":	true
				}],
			"sum":	{
				"start":	2.001991,
				"end":	3.001927,
				"seconds":	0.99993598461151123,
				"bytes":	3841458176,
				"bits_per_second":	30733632833.4455,
				"omitted":	false,
				"sender":	true
			}
		}, {
			"streams":	[{
					"socket":	5,
					"start":	3.001927,
					"end":	4.005007,
					"seconds":	1.0030800104141235,
					"bytes":	3840802816,
					"bits_per_second":	30632075416.710316,
					"omitted":	false,
					"sender":	true
				}],
			"sum":	{
				"start":	3.001927,
				"end":	4.005007,
				"seconds":	1.0030800104141235,
				"bytes":	3840802816,
				"bits_per_second":	30632075416.710316,
				"omitted":	false,
				"sender":	true
			}
		}, {
			"streams":	[{
					"socket":	5,
					"start":	4.005007,
					"end":	5.001737,
					"seconds":	0.99673002958297729,
					"bytes":	3743285248,
					"bits_per_second":	30044526697.494255,
					"omitted":	false,
					"sender":	true
				}],
			"sum":	{
				"start":	4.005007,
				"end":	5.001737,
				"seconds":	0.99673002958297729,
				"bytes":	3743285248,
				"bits_per_second":	30044526697.494255,
				"omitted":	false,
				"sender":	true
			}
		}, {
			"streams":	[{
					"socket":	5,
					"start":	5.001737,
					"end":	6.005013,
					"seconds":	1.003275990486145,
					"bytes":	3856269312,
					"bits_per_second":	30749419689.64225,
					"omitted":	false,
					"sender":	true
				}],
			"sum":	{
				"start":	5.001737,
				"end":	6.005013,
				"seconds":	1.003275990486145,
				"bytes":	3856269312,
				"bits_per_second":	30749419689.64225,
				"omitted":	false,
				"sender":	true
			}
		}, {
			"streams":	[{
					"socket":	5,
					"start":	6.005013,
					"end":	7.002671,
					"seconds":	0.99765801429748535,
					"bytes":	3809869824,
					"bits_per_second":	30550507443.637566,
					"omitted":	false,
					"sender":	true
				}],
			"sum":	{
				"start":	6.005013,
				"end":	7.002671,
				"seconds":	0.99765801429748535,
				"bytes":	3809869824,
				"bits_per_second":	30550507443.637566,
				"omitted":	false,
				"sender":	true
			}
		}, {
			"streams":	[{
					"socket":	5,
					"start":	7.002671,
					"end":	8.005193,
					"seconds":	1.0025219917297363,
					"bytes":	3837657088,
					"bits_per_second":	30624023170.831909,
					"omitted":	false,
					"sender":	true
				}],
			"sum":	{
				"start":	7.002671,
				"end":	8.005193,
				"seconds":	1.0025219917297363,
				"bytes":	3837657088,
				"bits_per_second":	30624023170.831909,
				"omitted":	false,
				"sender":	true
			}
		}, {
			"streams":	[{
					"socket":	5,
					"start":	8.005193,
					"end":	9.005008,
					"seconds":	0.99981498718261719,
					"bytes":	3822321664,
					"bits_per_second":	30584231786.890381,
					"omitted":	false,
					"sender":	true
				}],
			"sum":	{
				"start":	8.005193,
				"end":	9.005008,
				"seconds":	0.99981498718261719,
				"bytes":	3822321664,
				"bits_per_second":	30584231786.890381,
				"omitted":	false,
				"sender":	true
			}
		}, {
			"streams":	[{
					"socket":	5,
					"start":	9.005008,
					"end":	10.005007,
					"seconds":	0.99999898672103882,
					"bytes":	3775660032,
					"bits_per_second":	30205310862.406013,
					"omitted":	false,
					"sender":	true
				}],
			"sum":	{
				"start":	9.005008,
				"end":	10.005007,
				"seconds":	0.99999898672103882,
				"bytes":	3775660032,
				"bits_per_second":	30205310862.406013,
				"omitted":	false,
				"sender":	true
			}
		}, {
			"streams":	[{
					"socket":	5,
					"start":	10.005007,
					"end":	11.000359,
					"seconds":	0.995352029800415,
					"bytes":	3857317888,
					"bits_per_second":	31002642462.273033,
					"omitted":	false,
					"sender":	true
				}],
			"sum":	{
				"start":	10.005007,
				"end":	11.000359,
				"seconds":	0.995352029800415,
				"bytes":	3857317888,
				"bits_per_second":	31002642462.273033,
				"omitted":	false,
				"sender":	true
			}
		}, {
			"streams":	[{
					"socket":	5,
					"start":	11.000359,
					"end":	12.005009,
					"seconds":	1.0046499967575073,
					"bytes":	3975544832,
					"bits_per_second":	31657152997.211056,
					"omitted":	false,
					"sender":	true
				}],
			"sum":	{
				"start":	11.000359,
				"end":	12.005009,
				"seconds":	1.0046499967575073,
				"bytes":	3975544832,
				"bits_per_second":	31657152997.211056,
				"omitted":	false,
				"sender":	true
			}
		}, {
			"streams":	[{
					"socket":	5,
					"start":	12.005009,
					"end":	13.003035,
					"seconds":	0.99802601337432861,
					"bytes":	3905814528,
					"bits_per_second":	31308318425.844879,
					"omitted":	false,
					"sender":	true
				}],
			"sum":	{
				"start":	12.005009,
				"end":	13.003035,
				"seconds":	0.99802601337432861,
				"bytes":	3905814528,
				"bits_per_second":	31308318425.844879,
				"omitted":	false,
				"sender":	true
			}
		}, {
			"streams":	[{
					"socket":	5,
					"start":	13.003035,
					"end":	14.005013,
					"seconds":	1.0019780397415161,
					"bytes":	3927965696,
					"bits_per_second":	31361690897.0445,
					"omitted":	false,
					"sender":	true
				}],
			"sum":	{
				"start":	13.003035,
				"end":	14.005013,
				"seconds":	1.0019780397415161,
				"bytes":	3927965696,
				"bits_per_second":	31361690897.0445,
				"omitted":	false,
				"sender":	true
			}
		}, {
			"streams":	[{
					"socket":	5,
					"start":	14.005013,
					"end":	15.002564,
					"seconds":	0.99755102396011353,
					"bytes":	3848142848,
					"bits_per_second":	30860719947.725628,
					"omitted":	false,
					"sender":	true
				}],
			"sum":	{
				"start":	14.005013,
				"end":	15.002564,
				"seconds":	0.99755102396011353,
				"bytes":	3848142848,
				"bits_per_second":	30860719947.725628,
				"omitted":	false,
				"sender":	true
			}
		}, {
			"streams":	[{
					"socket":	5,
					"start":	15.002564,
					"end":	16.003721,
					"seconds":	1.00115704536438,
					"bytes":	3930193920,
					"bits_per_second":	31405214102.605225,
					"omitted":	false,