{
	"start":	{
		"connected":	[{
				"socket":	5,
				"local_host":	"192.168.105.1",
				"local_port":	49753,
				"remote_host":	"192.168.105.2",
				"remote_port":	5201
			}],
		"version":	"iperf 3.18",
		"system_info":	"Darwin mimi-2.local 24.3.0 Darwin Kernel Version 24.3.0: Thu Jan  2 20:24:23 PST 2025; root:xnu-11215.81.4~3/RELEASE_ARM64_T8122 arm64",
		"timestamp":	{
			"time":	"Sat, 22 Feb 2025 15:57:44 UTC",
			"timesecs":	1740239864
		},
		"connecting_to":	{
			"host":	"192.168.105.2",
			"port":	5201
		},
		"cookie":	"hsoketwberahcb4zjbrri4tw7tjmeynxihdw",
		"tcp_mss_default":	1448,
		"target_bitrate":	0,
		"fq_rate":	0,
		"sock_bufsize":	0,
		"sndbuf_actual":	131072,
		"rcvbuf_actual":	131072,
		"test_start":	{
			"protocol":	"TCP",
			"num_streams":	1,
			"blksize":	131072,
			"omit":	0,
			"duration":	30,
			"bytes":	0,
			"blocks":	0,
			"reverse":	1,
			"tos":	0,
			"target_bitrate":	0,
			"bidir":	0,
			"fqrate":	0,
			"interval":	1
		}
	},
	"intervals":	[{
			"streams":	[{
					"socket":	5,
					"start":	0,
					"end":	1.004631,
					"seconds":	1.0046310424804688,
					"bytes":	1955463168,
					"bits_per_second":	15571592637.009455,
					"omitted":	false,
					"sender":	false
				}],
			"sum":	{
				"start":	0,
				"end":	1.004631,
				"seconds":	1.0046310424804688,
				"bytes":	1955463168,
				"bits_per_second":	15571592637.009455,
				"omitted":	false,
				"sender":	false
			}
		}, {
			"streams":	[{
					"socket":	5,
					"start":	1.004631,
					"end":	2.004406,
					"seconds":	0.999774992465973,
					"bytes":	1942618112,
					"bits_per_second":	15544442512.6776,
					"omitted":	false,
					"sender":	false
				}],
			"sum":	{
				"start":	1.004631,
				"end":	2.004406,
				"seconds":	0.999774992465973,
				"bytes":	1942618112,
				"bits_per_second":	15544442512.6776,
				"omitted":	false,
				"sender":	false
			}
		}, {
			"streams":	[{
					"socket":	5,
					"start":	2.004406,
					"end":	3.005022,
					"seconds":	1.0006159543991089,
					"bytes":	1959657472,
					"bits_per_second":	15667609243.163155,
					"omitted":	false,
					"sender":	false
				}],
			"sum":	{
				"start":	2.004406,
				"end":	3.005022,
				"seconds":	1.0006159543991089,
				"bytes":	1959657472,
				"bits_per_second":	15667609243.163155,
				"omitted":	false,
				"sender":	false
			}
		}, {
			"streams":	[{
					"socket":	5,
					"start":	3.005022,
					"end":	4.003362,
					"seconds":	0.99834001064300537,
					"bytes":	1945501696,
					"bits_per_second":	15589892623.832251,
					"omitted":	false,
					"sender":	false
				}],
			"sum":	{
				"start":	3.005022,
				"end":	4.003362,
				"seconds":	0.99834001064300537,
				"bytes":	1945501696,
				"bits_per_second":	15589892623.832251,
				"omitted":	false,
				"sender":	false
			}
		}, {
			"streams":	[{
					"socket":	5,
					"start":	4.003362,
					"end":	5.003537,
					"seconds":	1.0001749992370605,
					"bytes":	1961099264,
					"bits_per_second":	15686049065.381063,
					"omitted":	false,
					"sender":	false
				}],
			"sum":	{
				"start":	4.003362,
				"end":	5.003537,
				"seconds":	1.0001749992370605,
				"bytes":	1961099264,
				"bits_per_second":	15686049065.381063,
				"omitted":	false,
				"sender":	false
			}
		}, {
			"streams":	[{
					"socket":	5,
					"start":	5.003537,
					"end":	6.00501,
					"seconds":	1.0014729499816895,
					"bytes":	1959788544,
					"bits_per_second":	15655248953.340834,
					"omitted":	false,
					"sender":	false
				}],
			"sum":	{
				"start":	5.003537,
				"end":	6.00501,
				"seconds":	1.0014729499816895,
				"bytes":	1959788544,
				"bits_per_second":	15655248953.340834,
				"omitted":	false,
				"sender":	false
			}
		}, {
			"streams":	[{
					"socket":	5,
					"start":	6.00501,
					"end":	7.004514,
					"seconds":	0.999504029750824,
					"bytes":	1965948928,
					"bits_per_second":	15735395712.132229,
					"omitted":	false,
					"sender":	false
				}],
			"sum":	{
				"start":	6.00501,
				"end":	7.004514,
				"seconds":	0.999504029750824,
				"bytes":	1965948928,
				"bits_per_second":	15735395712.132229,
				"omitted":	false,
				"sender":	false
			}
		}, {
			"streams":	[{
					"socket":	5,
					"start":	7.004514,
					"end":	8.005033,
					"seconds":	1.0005190372467041,
					"bytes":	1957560320,
					"bits_per_second":	15652358402.990086,
					"omitted":	false,
					"sender":	false
				}],
			"sum":	{
				"start":	7.004514,
				"end":	8.005033,
				"seconds":	1.0005190372467041,
				"bytes":	1957560320,
				"bits_per_second":	15652358402.990086,
				"omitted":	false,
				"sender":	false
			}
		}, {
			"streams":	[{
					"socket":	5,
					"start":	8.005033,
					"end":	9.003045,
					"seconds":	0.9980120062828064,
					"bytes":	1951399936,
					"bits_per_second":	15642296274.716618,
					"omitted":	false,
					"sender":	false
				}],
			"sum":	{
				"start":	8.005033,
				"end":	9.003045,
				"seconds":	0.9980120062828064,
				"bytes":	1951399936,
				"bits_per_second":	15642296274.716618,
				"omitted":	false,
				"sender":	false
			}
		}, {
			"streams":	[{
					"socket":	5,
					"start":	9.003045,
					"end":	10.004329,
					"seconds":	1.0012840032577515,
					"bytes":	1957036032,
					"bits_per_second":	15636211309.739405,
					"omitted":	false,
					"sender":	false
				}],
			"sum":	{
				"start":	9.003045,
				"end":	10.004329,
				"seconds":	1.0012840032577515,
				"bytes":	1957036032,
				"bits_per_second":	15636211309.739405,
				"omitted":	false,
				"sender":	false
			}
		}, {
			"streams":	[{
					"socket":	5,
					"start":	10.004329,
					"end":	11.001453,
					"seconds":	0.99712401628494263,
					"bytes":	1937244160,
					"bits_per_second":	15542653698.926889,
					"omitted":	false,
					"sender":	false
				}],
			"sum":	{
				"start":	10.004329,
				"end":	11.001453,
				"seconds":	0.99712401628494263,
				"bytes":	1937244160,
				"bits_per_second":	15542653698.926889,
				"omitted":	false,
				"sender":	false
			}
		}, {
			"streams":	[{
					"socket":	5,
					"start":	11.001453,
					"end":	12.004662,
					"seconds":	1.0032089948654175,
					"bytes":	1965031424,
					"bits_per_second":	15669966549.800426,
					"omitted":	false,
					"sender":	false
				}],
			"sum":	{
				"start":	11.001453,
				"end":	12.004662,
				"seconds":	1.0032089948654175,
				"bytes":	1965031424,
				"bits_per_second":	15669966549.800426,
				"omitted":	false,
				"sender":	false
			}
		}, {
			"streams":	[{
					"socket":	5,
					"start":	12.004662,
					"end":	13.005032,
					"seconds":	1.0003700256347656,
					"bytes":	1943928832,
					"bits_per_second":	15545678356.498274,
					"omitted":	false,
					"sender":	false
				}],
			"sum":	{
				"start":	12.004662,
				"end":	13.005032,
				"seconds":	1.0003700256347656,
				"bytes":	1943928832,
				"bits_per_second":	15545678356.498274,
				"omitted":	false,
				"sender":	false
			}
		}, {
			"streams":	[{
					"socket":	5,
					"start":	13.005032,
					"end":	14.001448,
					"seconds":	0.99641597270965576,
					"bytes":	1952579584,
					"bits_per_second":	15676822832.858858,
					"omitted":	false,
					"sender":	false
				}],
			"sum":	{
				"start":	13.005032,
				"end":	14.001448,
				"seconds":	0.99641597270965576,
				"bytes":	1952579584,
				"bits_per_second":	15676822832.858858,
				"omitted":	false,
				"sender":	false
			}
		}, {
			"streams":	[{
					"socket":	5,
					"start":	14.001448,
					"end":	15.005036,
					"seconds":	1.0035879611968994,
					"bytes":	1960706048,
					"bits_per_second":	15629570092.982161,
					"omitted":	false,
					"sender":	false
				}],
			"sum":	{
				"start":	14.001448,
				"end":	15.005036,
				"seconds":	1.0035879611968994,
				"bytes":	1960706048,
				"bits_per_second":	15629570092.982161,
				"omitted":	false,
				"sender":	false
			}
		}, {
			"streams":	[{
					"socket":	5,
					"start":	15.005036,
					"end":	16.000911,
					"seconds":	0.99587500095367432,
					"bytes":	1941176320,
					"bits_per_second":	15593734700.769329,
					"omitted":	false,