{
	"start":	{
		"connected":	[{
				"socket":	5,
				"local_host":	"192.168.105.1",
				"local_port":	52180,
				"remote_host":	"192.168.105.11",
				"remote_port":	5201
			}],
		"version":	"iperf 3.20",
		"system_info":	"Darwin space-gray 25.3.0 Darwin Kernel Version 25.3.0: Wed Jan 28 20:53:05 PST 2026; root:xnu-12377.81.4~5/RELEASE_ARM64_T6020 arm64",
		"timestamp":	{
			"time":	"Fri, 27 Feb 2026 18:09:16 UTC",
			"timesecs":	1772215756,
			"timemillisecs":	1772215756783
		},
		"connecting_to":	{
			"host":	"192.168.105.11",
			"port":	5201
		},
		"cookie":	"lsfhuqctlg6hxedemm3d42wppsqea5zcumbg",
		"tcp_mss_default":	1448,
		"target_bitrate":	0,
		"fq_rate":	0,
		"sock_bufsize":	0,
		"sndbuf_actual":	131072,
		"rcvbuf_actual":	131072,
		"test_start":	{
			"protocol":	"TCP",
			"num_streams":	1,
			"blksize":	131072,
			"omit":	0,
			"duration":	30,
			"bytes":	0,
			"blocks":	0,
			"reverse":	1,
			"tos":	0,
			"target_bitrate":	0,
			"bidir":	0,
			"fqrate":	0,
			"interval":	1
		}
	},
	"intervals":	[{
			"streams":	[{
					"socket":	5,
					"start":	0,
					"end":	1.005003,
					"seconds":	1.0050029754638672,
					"bytes":	6067978240,
					"bits_per_second":	48302171341.924843,
					"omitted":	false,
					"sender":	false
				}],
			"sum":	{
				"start":	0,
				"end":	1.005003,
				"seconds":	1.0050029754638672,
				"bytes":	6067978240,
				"bits_per_second":	48302171341.924843,
				"omitted":	false,
				"sender":	false
			}
		}, {
			"streams":	[{
					"socket":	5,
					"start":	1.005003,
					"end":	2.002362,
					"seconds":	0.99735897779464722,
					"bytes":	6170476544,
					"bits_per_second":	49494528500.814117,
					"omitted":	false,
					"sender":	false
				}],
			"sum":	{
				"start":	1.005003,
				"end":	2.002362,
				"seconds":	0.99735897779464722,
				"bytes":	6170476544,
				"bits_per_second":	49494528500.814117,
				"omitted":	false,
				"sender":	false
			}
		}, {
			"streams":	[{
					"socket":	5,
					"start":	2.002362,
					"end":	3.005005,
					"seconds":	1.0026429891586304,
					"bytes":	6146883584,
					"bits_per_second":	49045442100.2488,
					"omitted":	false,
					"sender":	false
				}],
			"sum":	{
				"start":	2.002362,
				"end":	3.005005,
				"seconds":	1.0026429891586304,
				"bytes":	6146883584,
				"bits_per_second":	49045442100.2488,
				"omitted":	false,
				"sender":	false
			}
		}, {
			"streams":	[{
					"socket":	5,
					"start":	3.005005,
					"end":	4.005011,
					"seconds":	1.0000059604644775,
					"bytes":	6182928384,
					"bits_per_second":	49463132248.757286,
					"omitted":	false,
					"sender":	false
				}],
			"sum":	{
				"start":	3.005005,
				"end":	4.005011,
				"seconds":	1.0000059604644775,
				"bytes":	6182928384,
				"bits_per_second":	49463132248.757286,
				"omitted":	false,
				"sender":	false
			}
		}, {
			"streams":	[{
					"socket":	5,
					"start":	4.005011,
					"end":	5.004412,
					"seconds":	0.99940097332000732,
					"bytes":	6138757120,
					"bits_per_second":	49139492827.244827,
					"omitted":	false,
					"sender":	false
				}],
			"sum":	{
				"start":	4.005011,
				"end":	5.004412,
				"seconds":	0.99940097332000732,
				"bytes":	6138757120,
				"bits_per_second":	49139492827.244827,
				"omitted":	false,
				"sender":	false
			}
		}, {
			"streams":	[{
					"socket":	5,
					"start":	5.004412,
					"end":	6.002206,
					"seconds":	0.997793972492218,
					"bytes":	5945163776,
					"bits_per_second":	47666463738.20517,
					"omitted":	false,
					"sender":	false
				}],
			"sum":	{
				"start":	5.004412,
				"end":	6.002206,
				"seconds":	0.997793972492218,
				"bytes":	5945163776,
				"bits_per_second":	47666463738.20517,
				"omitted":	false,
				"sender":	false
			}
		}, {
			"streams":	[{
					"socket":	5,
					"start":	6.002206,
					"end":	7.004576,
					"seconds":	1.0023699998855591,
					"bytes":	5960892416,
					"bits_per_second":	47574388033.804337,
					"omitted":	false,
					"sender":	false
				}],
			"sum":	{
				"start":	6.002206,
				"end":	7.004576,
				"seconds":	1.0023699998855591,
				"bytes":	5960892416,
				"bits_per_second":	47574388033.804337,
				"omitted":	false,
				"sender":	false
			}
		}, {
			"streams":	[{
					"socket":	5,
					"start":	7.004576,
					"end":	8.005007,
					"seconds":	1.0004309415817261,
					"bytes":	5931663360,
					"bits_per_second":	47432866085.663246,
					"omitted":	false,
					"sender":	false
				}],
			"sum":	{
				"start":	7.004576,
				"end":	8.005007,
				"seconds":	1.0004309415817261,
				"bytes":	5931663360,
				"bits_per_second":	47432866085.663246,
				"omitted":	false,
				"sender":	false
			}
		}, {
			"streams":	[{
					"socket":	5,
					"start":	8.005007,
					"end":	9.005005,
					"seconds":	0.99999797344207764,
					"bytes":	5922619392,
					"bits_per_second":	47381051156.444588,
					"omitted":	false,
					"sender":	false
				}],
			"sum":	{
				"start":	8.005007,
				"end":	9.005005,
				"seconds":	0.99999797344207764,
				"bytes":	5922619392,
				"bits_per_second":	47381051156.444588,
				"omitted":	false,
				"sender":	false
			}
		}, {
			"streams":	[{
					"socket":	5,
					"start":	9.005005,
					"end":	10.000133,
					"seconds":	0.99512797594070435,
					"bytes":	5926682624,
					"bits_per_second":	47645591459.912064,
					"omitted":	false,
					"sender":	false
				}],
			"sum":	{
				"start":	9.005005,
				"end":	10.000133,
				"seconds":	0.99512797594070435,
				"bytes":	5926682624,
				"bits_per_second":	47645591459.912064,
				"omitted":	false,
				"sender":	false
			}
		}, {
			"streams":	[{
					"socket":	5,
					"start":	10.000133,
					"end":	11.003835,
					"seconds":	1.0037020444869995,
					"bytes":	5947916288,
					"bits_per_second":	47407824428.932228,
					"omitted":	false,
					"sender":	false
				}],
			"sum":	{
				"start":	10.000133,
				"end":	11.003835,
				"seconds":	1.0037020444869995,
				"bytes":	5947916288,
				"bits_per_second":	47407824428.932228,
				"omitted":	false,
				"sender":	false
			}
		}, {
			"streams":	[{
					"socket":	5,
					"start":	11.003835,
					"end":	12.001535,
					"seconds":	0.99769997596740723,
					"bytes":	5954994176,
					"bits_per_second":	47749779047.359924,
					"omitted":	false,
					"sender":	false
				}],
			"sum":	{
				"start":	11.003835,
				"end":	12.001535,
				"seconds":	0.99769997596740723,
				"bytes":	5954994176,
				"bits_per_second":	47749779047.359924,
				"omitted":	false,
				"sender":	false
			}
		}, {
			"streams":	[{
					"socket":	5,
					"start":	12.001535,
					"end":	13.005014,
					"seconds":	1.00347900390625,
					"bytes":	5998772224,
					"bits_per_second":	47823798609.8247,
					"omitted":	false,
					"sender":	false
				}],
			"sum":	{
				"start":	12.001535,
				"end":	13.005014,
				"seconds":	1.00347900390625,
				"bytes":	5998772224,
				"bits_per_second":	47823798609.8247,
				"omitted":	false,
				"sender":	false
			}
		}, {
			"streams":	[{
					"socket":	5,
					"start":	13.005014,
					"end":	14.004466,
					"seconds":	0.999451994895935,
					"bytes":	5993398272,
					"bits_per_second":	47973475885.645073,
					"omitted":	false,
					"sender":	false
				}],
			"sum":	{
				"start":	13.005014,
				"end":	14.004466,
				"seconds":	0.999451994895935,
				"bytes":	5993398272,
				"bits_per_second":	47973475885.645073,
				"omitted":	false,
				"sender":	false
			}
		}, {
			"streams":	[{
					"socket":	5,
					"start":	14.004466,
					"end":	15.004893,
					"seconds":	1.0004270076751709,
					"bytes":	5971116032,
					"bits_per_second":	47748539263.2564,
					"omitted":	false,
					"sender":	false
				}],
			"sum":	{
				"start":	14.004466,
				"end":	15.004893,
				"seconds":	1.0004270076751709,
				"bytes":	5971116032,
				"bits_per_second":	47748539263.2564,
				"omitted":	false,
				"sender":	false
			}
		}, {
			"streams":	[{
					"socket":	5,
					"start":	15.004893,
					"end":	16.000162,
					"seconds":	0.995269000530243,
					"bytes":	5917376512,
					"bits_per_second":	47564037532.345032,