{
	"start":	{
		"connected":	[{
				"socket":	5,
				"local_host":	"10.37.130.1",
				"local_port":	49426,
				"remote_host":	"10.37.130.3",
				"remote_port":	5201
			}],
		"version":	"iperf 3.18",
		"system_info":	"Darwin space-gray.local 24.3.0 Darwin Kernel Version 24.3.0: Thu Jan  2 20:24:23 PST 2025; root:xnu-11215.81.4~3/RELEASE_ARM64_T6020 arm64",
		"timestamp":	{
			"time":	"Sat, 22 Feb 2025 14:34:35 UTC",
			"timesecs":	1740234875
		},
		"connecting_to":	{
			"host":	"10.37.130.3",
			"port":	5201
		},
		"cookie":	"ytesgax2qb2z7eisnaq7c6vihxg5nlpuw3wb",
		"tcp_mss_default":	1448,
		"target_bitrate":	0,
		"fq_rate":	0,
		"sock_bufsize":	0,
		"sndbuf_actual":	131072,
		"rcvbuf_actual":	131072,
		"test_start":	{
			"protocol":	"TCP",
			"num_streams":	1,
			"blksize":	131072,
			"omit":	0,
			"duration":	30,
			"bytes":	0,
			"blocks":	0,
			"reverse":	1,
			"tos":	0,
			"target_bitrate":	0,
			"bidir":	0,
			"fqrate":	0,
			"interval":	1
		}
	},
	"intervals":	[{
			"streams":	[{
					"socket":	5,
					"start":	0,
					"end":	1.004321,
					"seconds":	1.0043209791183472,
					"bytes":	4864344064,
					"bits_per_second":	38747326124.922424,
					"omitted":	false,
					"sender":	false
				}],
			"sum":	{
				"start":	0,
				"end":	1.004321,
				"seconds":	1.0043209791183472,
				"bytes":	4864344064,
				"bits_per_second":	38747326124.922424,
				"omitted":	false,
				"sender":	false
			}
		}, {
			"streams":	[{
					"socket":	5,
					"start":	1.004321,
					"end":	2.005271,
					"seconds":	1.00094997882843,
					"bytes":	4890427392,
					"bits_per_second":	39086287989.927643,
					"omitted":	false,
					"sender":	false
				}],
			"sum":	{
				"start":	1.004321,
				"end":	2.005271,
				"seconds":	1.00094997882843,
				"bytes":	4890427392,
				"bits_per_second":	39086287989.927643,
				"omitted":	false,
				"sender":	false
			}
		}, {
			"streams":	[{
					"socket":	5,
					"start":	2.005271,
					"end":	3.008151,
					"seconds":	1.0028799772262573,
					"bytes":	4893573120,
					"bits_per_second":	39036161703.294014,
					"omitted":	false,
					"sender":	false
				}],
			"sum":	{
				"start":	2.005271,
				"end":	3.008151,
				"seconds":	1.0028799772262573,
				"bytes":	4893573120,
				"bits_per_second":	39036161703.294014,
				"omitted":	false,
				"sender":	false
			}
		}, {
			"streams":	[{
					"socket":	5,
					"start":	3.008151,
					"end":	4.010008,
					"seconds":	1.0018570423126221,
					"bytes":	4926341120,
					"bits_per_second":	39337677228.905655,
					"omitted":	false,
					"sender":	false
				}],
			"sum":	{
				"start":	3.008151,
				"end":	4.010008,
				"seconds":	1.0018570423126221,
				"bytes":	4926341120,
				"bits_per_second":	39337677228.905655,
				"omitted":	false,
				"sender":	false
			}
		}, {
			"streams":	[{
					"socket":	5,
					"start":	4.010008,
					"end":	5.003086,
					"seconds":	0.99307799339294434,
					"bytes":	4886364160,
					"bits_per_second":	39363386904.22715,
					"omitted":	false,
					"sender":	false
				}],
			"sum":	{
				"start":	4.010008,
				"end":	5.003086,
				"seconds":	0.99307799339294434,
				"bytes":	4886364160,
				"bits_per_second":	39363386904.22715,
				"omitted":	false,
				"sender":	false
			}
		}, {
			"streams":	[{
					"socket":	5,
					"start":	5.003086,
					"end":	6.006147,
					"seconds":	1.003061056137085,
					"bytes":	4915331072,
					"bits_per_second":	39202647072.588478,
					"omitted":	false,
					"sender":	false
				}],
			"sum":	{
				"start":	5.003086,
				"end":	6.006147,
				"seconds":	1.003061056137085,
				"bytes":	4915331072,
				"bits_per_second":	39202647072.588478,
				"omitted":	false,
				"sender":	false
			}
		}, {
			"streams":	[{
					"socket":	5,
					"start":	6.006147,
					"end":	7.004124,
					"seconds":	0.99797701835632324,
					"bytes":	4916117504,
					"bits_per_second":	39408663033.919464,
					"omitted":	false,
					"sender":	false
				}],
			"sum":	{
				"start":	6.006147,
				"end":	7.004124,
				"seconds":	0.99797701835632324,
				"bytes":	4916117504,
				"bits_per_second":	39408663033.919464,
				"omitted":	false,
				"sender":	false
			}
		}, {
			"streams":	[{
					"socket":	5,
					"start":	7.004124,
					"end":	8.001149,
					"seconds":	0.9970250129699707,
					"bytes":	4897112064,
					"bits_per_second":	39293795042.6124,
					"omitted":	false,
					"sender":	false
				}],
			"sum":	{
				"start":	7.004124,
				"end":	8.001149,
				"seconds":	0.9970250129699707,
				"bytes":	4897112064,
				"bits_per_second":	39293795042.6124,
				"omitted":	false,
				"sender":	false
			}
		}, {
			"streams":	[{
					"socket":	5,
					"start":	8.001149,
					"end":	9.008437,
					"seconds":	1.0072879791259766,
					"bytes":	4993712128,
					"bits_per_second":	39660651027.1912,
					"omitted":	false,
					"sender":	false
				}],
			"sum":	{
				"start":	8.001149,
				"end":	9.008437,
				"seconds":	1.0072879791259766,
				"bytes":	4993712128,
				"bits_per_second":	39660651027.1912,
				"omitted":	false,
				"sender":	false
			}
		}, {
			"streams":	[{
					"socket":	5,
					"start":	9.008437,
					"end":	10.003192,
					"seconds":	0.99475502967834473,
					"bytes":	4853071872,
					"bits_per_second":	39029282403.883873,
					"omitted":	false,
					"sender":	false
				}],
			"sum":	{
				"start":	9.008437,
				"end":	10.003192,
				"seconds":	0.99475502967834473,
				"bytes":	4853071872,
				"bits_per_second":	39029282403.883873,
				"omitted":	false,
				"sender":	false
			}
		}, {
			"streams":	[{
					"socket":	5,
					"start":	10.003192,
					"end":	11.01001,
					"seconds":	1.0068180561065674,
					"bytes":	4918476800,
					"bits_per_second":	39081355525.307747,
					"omitted":	false,
					"sender":	false
				}],
			"sum":	{
				"start":	10.003192,
				"end":	11.01001,
				"seconds":	1.0068180561065674,
				"bytes":	4918476800,
				"bits_per_second":	39081355525.307747,
				"omitted":	false,
				"sender":	false
			}
		}, {
			"streams":	[{
					"socket":	5,
					"start":	11.01001,
					"end":	12.010013,
					"seconds":	1.0000029802322388,
					"bytes":	4921229312,
					"bits_per_second":	39369717165.09967,
					"omitted":	false,
					"sender":	false
				}],
			"sum":	{
				"start":	11.01001,
				"end":	12.010013,
				"seconds":	1.0000029802322388,
				"bytes":	4921229312,
				"bits_per_second":	39369717165.09967,
				"omitted":	false,
				"sender":	false
			}
		}, {
			"streams":	[{
					"socket":	5,
					"start":	12.010013,
					"end":	13.009401,
					"seconds":	0.99938797950744629,
					"bytes":	4927127552,
					"bits_per_second":	39441159213.68885,
					"omitted":	false,
					"sender":	false
				}],
			"sum":	{
				"start":	12.010013,
				"end":	13.009401,
				"seconds":	0.99938797950744629,
				"bytes":	4927127552,
				"bits_per_second":	39441159213.68885,
				"omitted":	false,
				"sender":	false
			}
		}, {
			"streams":	[{
					"socket":	5,
					"start":	13.009401,
					"end":	14.00312,
					"seconds":	0.993718981742859,
					"bytes":	4834328576,
					"bits_per_second":	38919080060.410576,
					"omitted":	false,
					"sender":	false
				}],
			"sum":	{
				"start":	13.009401,
				"end":	14.00312,
				"seconds":	0.993718981742859,
				"bytes":	4834328576,
				"bits_per_second":	38919080060.410576,
				"omitted":	false,
				"sender":	false
			}
		}, {
			"streams":	[{
					"socket":	5,
					"start":	14.00312,
					"end":	15.004042,
					"seconds":	1.0009219646453857,
					"bytes":	4883480576,
					"bits_per_second":	39031858614.3139,
					"omitted":	false,
					"sender":	false
				}],
			"sum":	{
				"start":	14.00312,
				"end":	15.004042,
				"seconds":	1.0009219646453857,
				"bytes":	4883480576,
				"bits_per_second":	39031858614.3139,
				"omitted":	false,
				"sender":	false
			}
		}, {
			"streams":	[{
					"socket":	5,
					"start":	15.004042,
					"end":	16.010015,
					"seconds":	1.0059729814529419,
					"bytes":	4932501504,
					"bits_per_second":	39225717548.603851,
					"omitted":	false,
					"sender":	false
				}],