{
	"start":	{
		"connected":	[{
				"socket":	5,
				"local_host":	"192.168.105.1",
				"local_port":	49464,
				"remote_host":	"192.168.105.2",
				"remote_port":	5201
			}],
		"version":	"iperf 3.18",
		"system_info":	"Darwin mimi-2.local 24.3.0 Darwin Kernel Version 24.3.0: Thu Jan  2 20:24:23 PST 2025; root:xnu-11215.81.4~3/RELEASE_ARM64_T8122 arm64",
		"timestamp":	{
			"time":	"Sat, 22 Feb 2025 17:09:05 UTC",
			"timesecs":	1740244145
		},
		"connecting_to":	{
			"host":	"192.168.105.2",
			"port":	5201
		},
		"cookie":	"lgt6i3e7zqmrdbiax5vc6qhx7jhywmm25lzd",
		"tcp_mss_default":	1448,
		"target_bitrate":	0,
		"fq_rate":	0,
		"sock_bufsize":	0,
		"sndbuf_actual":	131072,
		"rcvbuf_actual":	131072,
		"test_start":	{
			"protocol":	"TCP",
			"num_streams":	1,
			"blksize":	131072,
			"omit":	0,
			"duration":	30,
			"bytes":	0,
			"blocks":	0,
			"reverse":	0,
			"tos":	0,
			"target_bitrate":	0,
			"bidir":	0,
			"fqrate":	0,
			"interval":	1
		}
	},
	"intervals":	[{
			"streams":	[{
					"socket":	5,
					"start":	0,
					"end":	1.000068,
					"seconds":	1.0000679492950439,
					"bytes":	429522944,
					"bits_per_second":	3435950081.6141481,
					"omitted":	false,
					"sender":	true
				}],
			"sum":	{
				"start":	0,
				"end":	1.000068,
				"seconds":	1.0000679492950439,
				"bytes":	429522944,
				"bits_per_second":	3435950081.6141481,
				"omitted":	false,
				"sender":	true
			}
		}, {
			"streams":	[{
					"socket":	5,
					"start":	1.000068,
					"end":	2.003333,
					"seconds":	1.0032650232315063,
					"bytes":	429391872,
					"bits_per_second":	3423955681.157373,
					"omitted":	false,
					"sender":	true
				}],
			"sum":	{
				"start":	1.000068,
				"end":	2.003333,
				"seconds":	1.0032650232315063,
				"bytes":	429391872,
				"bits_per_second":	3423955681.157373,
				"omitted":	false,
				"sender":	true
			}
		}, {
			"streams":	[{
					"socket":	5,
					"start":	2.003333,
					"end":	3.000116,
					"seconds":	0.99678301811218262,
					"bytes":	430047232,
					"bits_per_second":	3451481208.5339961,
					"omitted":	false,
					"sender":	true
				}],
			"sum":	{
				"start":	2.003333,
				"end":	3.000116,
				"seconds":	0.99678301811218262,
				"bytes":	430047232,
				"bits_per_second":	3451481208.5339961,
				"omitted":	false,
				"sender":	true
			}
		}, {
			"streams":	[{
					"socket":	5,
					"start":	3.000116,
					"end":	4.000051,
					"seconds":	0.99993497133255,
					"bytes":	426508288,
					"bits_per_second":	3412288200.5546374,
					"omitted":	false,
					"sender":	true
				}],
			"sum":	{
				"start":	3.000116,
				"end":	4.000051,
				"seconds":	0.99993497133255,
				"bytes":	426508288,
				"bits_per_second":	3412288200.5546374,
				"omitted":	false,
				"sender":	true
			}
		}, {
			"streams":	[{
					"socket":	5,
					"start":	4.000051,
					"end":	5.005005,
					"seconds":	1.0049539804458618,
					"bytes":	433192960,
					"bits_per_second":	3448460076.2141,
					"omitted":	false,
					"sender":	true
				}],
			"sum":	{
				"start":	4.000051,
				"end":	5.005005,
				"seconds":	1.0049539804458618,
				"bytes":	433192960,
				"bits_per_second":	3448460076.2141,
				"omitted":	false,
				"sender":	true
			}
		}, {
			"streams":	[{
					"socket":	5,
					"start":	5.005005,
					"end":	6.00158,
					"seconds":	0.9965749979019165,
					"bytes":	427556864,
					"bits_per_second":	3432210239.2705655,
					"omitted":	false,
					"sender":	true
				}],
			"sum":	{
				"start":	5.005005,
				"end":	6.00158,
				"seconds":	0.9965749979019165,
				"bytes":	427556864,
				"bits_per_second":	3432210239.2705655,
				"omitted":	false,
				"sender":	true
			}
		}, {
			"streams":	[{
					"socket":	5,
					"start":	6.00158,
					"end":	7.005001,
					"seconds":	1.0034209489822388,
					"bytes":	430833664,
					"bits_per_second":	3434918630.6065536,
					"omitted":	false,
					"sender":	true
				}],
			"sum":	{
				"start":	6.00158,
				"end":	7.005001,
				"seconds":	1.0034209489822388,
				"bytes":	430833664,
				"bits_per_second":	3434918630.6065536,
				"omitted":	false,
				"sender":	true
			}
		}, {
			"streams":	[{
					"socket":	5,
					"start":	7.005001,
					"end":	8.005002,
					"seconds":	1.0000009536743164,
					"bytes":	429654016,
					"bits_per_second":	3437228850.0031261,
					"omitted":	false,
					"sender":	true
				}],
			"sum":	{
				"start":	7.005001,
				"end":	8.005002,
				"seconds":	1.0000009536743164,
				"bytes":	429654016,
				"bits_per_second":	3437228850.0031261,
				"omitted":	false,
				"sender":	true
			}
		}, {
			"streams":	[{
					"socket":	5,
					"start":	8.005002,
					"end":	9.000158,
					"seconds":	0.99515599012374878,
					"bytes":	429654016,
					"bits_per_second":	3453963159.65759,
					"omitted":	false,
					"sender":	true
				}],
			"sum":	{
				"start":	8.005002,
				"end":	9.000158,
				"seconds":	0.99515599012374878,
				"bytes":	429654016,
				"bits_per_second":	3453963159.65759,
				"omitted":	false,
				"sender":	true
			}
		}, {
			"streams":	[{
					"socket":	5,
					"start":	9.000158,
					"end":	10.001557,
					"seconds":	1.001399040222168,
					"bytes":	430964736,
					"bits_per_second":	3442901130.8370113,
					"omitted":	false,
					"sender":	true
				}],
			"sum":	{
				"start":	9.000158,
				"end":	10.001557,
				"seconds":	1.001399040222168,
				"bytes":	430964736,
				"bits_per_second":	3442901130.8370113,
				"omitted":	false,
				"sender":	true
			}
		}, {
			"streams":	[{
					"socket":	5,
					"start":	10.001557,
					"end":	11.000138,
					"seconds":	0.99858099222183228,
					"bytes":	420610048,
					"bits_per_second":	3369661960.5317907,
					"omitted":	false,
					"sender":	true
				}],
			"sum":	{
				"start":	10.001557,
				"end":	11.000138,
				"seconds":	0.99858099222183228,
				"bytes":	420610048,
				"bits_per_second":	3369661960.5317907,
				"omitted":	false,
				"sender":	true
			}
		}, {
			"streams":	[{
					"socket":	5,
					"start":	11.000138,
					"end":	12.005005,
					"seconds":	1.00486695766449,
					"bytes":	411435008,
					"bits_per_second":	3275538158.4543819,
					"omitted":	false,
					"sender":	true
				}],
			"sum":	{
				"start":	11.000138,
				"end":	12.005005,
				"seconds":	1.00486695766449,
				"bytes":	411435008,
				"bits_per_second":	3275538158.4543819,
				"omitted":	false,
				"sender":	true
			}
		}, {
			"streams":	[{
					"socket":	5,
					"start":	12.005005,
					"end":	13.001461,
					"seconds":	0.99645602703094482,
					"bytes":	409206784,
					"bits_per_second":	3285297276.7440915,
					"omitted":	false,
					"sender":	true
				}],
			"sum":	{
				"start":	12.005005,
				"end":	13.001461,
				"seconds":	0.99645602703094482,
				"bytes":	409206784,
				"bits_per_second":	3285297276.7440915,
				"omitted":	false,
				"sender":	true
			}
		}, {
			"streams":	[{
					"socket":	5,
					"start":	13.001461,
					"end":	14.001121,
					"seconds":	0.99966001510620117,
					"bytes":	410386432,
					"bits_per_second":	3284208037.1207137,
					"omitted":	false,
					"sender":	true
				}],
			"sum":	{
				"start":	13.001461,
				"end":	14.001121,
				"seconds":	0.99966001510620117,
				"bytes":	410386432,
				"bits_per_second":	3284208037.1207137,
				"omitted":	false,
				"sender":	true
			}
		}, {
			"streams":	[{
					"socket":	5,
					"start":	14.001121,
					"end":	15.003054,
					"seconds":	1.0019329786300659,
					"bytes":	410648576,
					"bits_per_second":	3278850659.7435384,
					"omitted":	false,
					"sender":	true
				}],
			"sum":	{
				"start":	14.001121,
				"end":	15.003054,
				"seconds":	1.0019329786300659,
				"bytes":	410648576,
				"bits_per_second":	3278850659.7435384,
				"omitted":	false,
				"sender":	true
			}
		}, {
			"streams":	[{
					"socket":	5,
					"start":	15.003054,
					"end":	16.000017,
					"seconds":	0.9969630241394043,
					"bytes":	410517504,
					"bits_per_second":	3294144268.625134,
					"omitted":	false,
					"sender":	true
				}],
			"sum":	{
				"start":	15.003054,
				"end":	16.000017,