{
	"start":	{
		"connected":	[{
				"socket":	5,
				"local_host":	"192.168.128.1",
				"local_port":	49282,
				"remote_host":	"192.168.128.4",
				"remote_port":	5201
			}],
		"version":	"iperf 3.18",
		"system_info":	"Darwin mimi-2.local 24.3.0 Darwin Kernel Version 24.3.0: Thu Jan  2 20:24:23 PST 2025; root:xnu-11215.81.4~3/RELEASE_ARM64_T8122 arm64",
		"timestamp":	{
			"time":	"Sat, 22 Feb 2025 16:31:05 UTC",
			"timesecs":	1740241865
		},
		"connecting_to":	{
			"host":	"192.168.128.4",
			"port":	5201
		},
		"cookie":	"5tv2zoclt5idzfxkg7pj2yaridqol7ugoaxq",
		"tcp_mss_default":	1448,
		"target_bitrate":	0,
		"fq_rate":	0,
		"sock_bufsize":	0,
		"sndbuf_actual":	131072,
		"rcvbuf_actual":	131072,
		"test_start":	{
			"protocol":	"TCP",
			"num_streams":	1,
			"blksize":	131072,
			"omit":	0,
			"duration":	30,
			"bytes":	0,
			"blocks":	0,
			"reverse":	0,
			"tos":	0,
			"target_bitrate":	0,
			"bidir":	0,
			"fqrate":	0,
			"interval":	1
		}
	},
	"intervals":	[{
			"streams":	[{
					"socket":	5,
					"start":	0,
					"end":	1.005009,
					"seconds":	1.0050090551376343,
					"bytes":	382205952,
					"bits_per_second":	3042408026.44436,
					"omitted":	false,
					"sender":	true
				}],
			"sum":	{
				"start":	0,
				"end":	1.005009,
				"seconds":	1.0050090551376343,
				"bytes":	382205952,
				"bits_per_second":	3042408026.44436,
				"omitted":	false,
				"sender":	true
			}
		}, {
			"streams":	[{
					"socket":	5,
					"start":	1.005009,
					"end":	2.005009,
					"seconds":	1,
					"bytes":	380633088,
					"bits_per_second":	3045064704,
					"omitted":	false,
					"sender":	true
				}],
			"sum":	{
				"start":	1.005009,
				"end":	2.005009,
				"seconds":	1,
				"bytes":	380633088,
				"bits_per_second":	3045064704,
				"omitted":	false,
				"sender":	true
			}
		}, {
			"streams":	[{
					"socket":	5,
					"start":	2.005009,
					"end":	3.005007,
					"seconds":	0.99999797344207764,
					"bytes":	378404864,
					"bits_per_second":	3027245046.8874326,
					"omitted":	false,
					"sender":	true
				}],
			"sum":	{
				"start":	2.005009,
				"end":	3.005007,
				"seconds":	0.99999797344207764,
				"bytes":	378404864,
				"bits_per_second":	3027245046.8874326,
				"omitted":	false,
				"sender":	true
			}
		}, {
			"streams":	[{
					"socket":	5,
					"start":	3.005007,
					"end":	4.005008,
					"seconds":	1.0000009536743164,
					"bytes":	379453440,
					"bits_per_second":	3035624625.0027609,
					"omitted":	false,
					"sender":	true
				}],
			"sum":	{
				"start":	3.005007,
				"end":	4.005008,
				"seconds":	1.0000009536743164,
				"bytes":	379453440,
				"bits_per_second":	3035624625.0027609,
				"omitted":	false,
				"sender":	true
			}
		}, {
			"streams":	[{
					"socket":	5,
					"start":	4.005008,
					"end":	5.005008,
					"seconds":	1,
					"bytes":	381681664,
					"bits_per_second":	3053453312,
					"omitted":	false,
					"sender":	true
				}],
			"sum":	{
				"start":	4.005008,
				"end":	5.005008,
				"seconds":	1,
				"bytes":	381681664,
				"bits_per_second":	3053453312,
				"omitted":	false,
				"sender":	true
			}
		}, {
			"streams":	[{
					"socket":	5,
					"start":	5.005008,
					"end":	6.005006,
					"seconds":	0.99999797344207764,
					"bytes":	382730240,
					"bits_per_second":	3061848125.0125747,
					"omitted":	false,
					"sender":	true
				}],
			"sum":	{
				"start":	5.005008,
				"end":	6.005006,
				"seconds":	0.99999797344207764,
				"bytes":	382730240,
				"bits_per_second":	3061848125.0125747,
				"omitted":	false,
				"sender":	true
			}
		}, {
			"streams":	[{
					"socket":	5,
					"start":	6.005006,
					"end":	7.00501,
					"seconds":	1.0000040531158447,
					"bytes":	380370944,
					"bits_per_second":	3042955218.5499887,
					"omitted":	false,
					"sender":	true
				}],
			"sum":	{
				"start":	6.005006,
				"end":	7.00501,
				"seconds":	1.0000040531158447,
				"bytes":	380370944,
				"bits_per_second":	3042955218.5499887,
				"omitted":	false,
				"sender":	true
			}
		}, {
			"streams":	[{
					"socket":	5,
					"start":	7.00501,
					"end":	8.005009,
					"seconds":	0.99999898672103882,
					"bytes":	380502016,
					"bits_per_second":	3044019212.4406252,
					"omitted":	false,
					"sender":	true
				}],
			"sum":	{
				"start":	7.00501,
				"end":	8.005009,
				"seconds":	0.99999898672103882,
				"bytes":	380502016,
				"bits_per_second":	3044019212.4406252,
				"omitted":	false,
				"sender":	true
			}
		}, {
			"streams":	[{
					"socket":	5,
					"start":	8.005009,
					"end":	9.005007,
					"seconds":	0.99999797344207764,
					"bytes":	382992384,
					"bits_per_second":	3063945281.2625833,
					"omitted":	false,
					"sender":	true
				}],
			"sum":	{
				"start":	8.005009,
				"end":	9.005007,
				"seconds":	0.99999797344207764,
				"bytes":	382992384,
				"bits_per_second":	3063945281.2625833,
				"omitted":	false,
				"sender":	true
			}
		}, {
			"streams":	[{
					"socket":	5,
					"start":	9.005007,
					"end":	10.00501,
					"seconds":	1.0000029802322388,
					"bytes":	382337024,
					"bits_per_second":	3058687076.4021664,
					"omitted":	false,
					"sender":	true
				}],
			"sum":	{
				"start":	9.005007,
				"end":	10.00501,
				"seconds":	1.0000029802322388,
				"bytes":	382337024,
				"bits_per_second":	3058687076.4021664,
				"omitted":	false,
				"sender":	true
			}
		}, {
			"streams":	[{
					"socket":	5,
					"start":	10.00501,
					"end":	11.005009,
					"seconds":	0.99999898672103882,
					"bytes":	381026304,
					"bits_per_second":	3048213520.69063,
					"omitted":	false,
					"sender":	true
				}],
			"sum":	{
				"start":	10.00501,
				"end":	11.005009,
				"seconds":	0.99999898672103882,
				"bytes":	381026304,
				"bits_per_second":	3048213520.69063,
				"omitted":	false,
				"sender":	true
			}
		}, {
			"streams":	[{
					"socket":	5,
					"start":	11.005009,
					"end":	12.005007,
					"seconds":	0.99999797344207764,
					"bytes":	378667008,
					"bits_per_second":	3029342203.1374412,
					"omitted":	false,
					"sender":	true
				}],
			"sum":	{
				"start":	11.005009,
				"end":	12.005007,
				"seconds":	0.99999797344207764,
				"bytes":	378667008,
				"bits_per_second":	3029342203.1374412,
				"omitted":	false,
				"sender":	true
			}
		}, {
			"streams":	[{
					"socket":	5,
					"start":	12.005007,
					"end":	13.005006,
					"seconds":	0.99999898672103882,
					"bytes":	379846656,
					"bits_per_second":	3038776327.12812,
					"omitted":	false,
					"sender":	true
				}],
			"sum":	{
				"start":	12.005007,
				"end":	13.005006,
				"seconds":	0.99999898672103882,
				"bytes":	379846656,
				"bits_per_second":	3038776327.12812,
				"omitted":	false,
				"sender":	true
			}
		}, {
			"streams":	[{
					"socket":	5,
					"start":	13.005006,
					"end":	14.005005,
					"seconds":	0.99999898672103882,
					"bytes":	378798080,
					"bits_per_second":	3030387710.6281114,
					"omitted":	false,
					"sender":	true
				}],
			"sum":	{
				"start":	13.005006,
				"end":	14.005005,
				"seconds":	0.99999898672103882,
				"bytes":	378798080,
				"bits_per_second":	3030387710.6281114,
				"omitted":	false,
				"sender":	true
			}
		}, {
			"streams":	[{
					"socket":	5,
					"start":	14.005005,
					"end":	15.005006,
					"seconds":	1.0000009536743164,
					"bytes":	379191296,
					"bits_per_second":	3033527475.002759,
					"omitted":	false,
					"sender":	true
				}],
			"sum":	{
				"start":	14.005005,
				"end":	15.005006,
				"seconds":	1.0000009536743164,
				"bytes":	379191296,
				"bits_per_second":	3033527475.002759,
				"omitted":	false,
				"sender":	true
			}
		}, {
			"streams":	[{
					"socket":	5,
					"start":	15.005006,
					"end":	16.00501,
					"seconds":	1.0000040531158447,
					"bytes":	379060224,
					"bits_per_second":	3032469501.0498166,
					"omitted":	false,
					"sender":	true
				}],
			"sum":	{
				"start":	15.005006,
				"end":	16.00501,
				"seconds":	1.0000040531158447,
				"bytes":	379060224,