{
	"start":	{
		"connected":	[{
				"socket":	5,
				"local_host":	"192.168.105.1",
				"local_port":	49758,
				"remote_host":	"192.168.105.2",
				"remote_port":	5201
			}],
		"version":	"iperf 3.18",
		"system_info":	"Darwin mimi-2.local 24.3.0 Darwin Kernel Version 24.3.0: Thu Jan  2 20:24:23 PST 2025; root:xnu-11215.81.4~3/RELEASE_ARM64_T8122 arm64",
		"timestamp":	{
			"time":	"Sat, 22 Feb 2025 15:59:30 UTC",
			"timesecs":	1740239970
		},
		"connecting_to":	{
			"host":	"192.168.105.2",
			"port":	5201
		},
		"cookie":	"zsr3yhfz5k3sqaocul452yzzjis3clvi7wbt",
		"tcp_mss_default":	1448,
		"target_bitrate":	0,
		"fq_rate":	0,
		"sock_bufsize":	0,
		"sndbuf_actual":	131072,
		"rcvbuf_actual":	131072,
		"test_start":	{
			"protocol":	"TCP",
			"num_streams":	1,
			"blksize":	131072,
			"omit":	0,
			"duration":	30,
			"bytes":	0,
			"blocks":	0,
			"reverse":	1,
			"tos":	0,
			"target_bitrate":	0,
			"bidir":	0,
			"fqrate":	0,
			"interval":	1
		}
	},
	"intervals":	[{
			"streams":	[{
					"socket":	5,
					"start":	0,
					"end":	1.002709,
					"seconds":	1.0027090311050415,
					"bytes":	8101560320,
					"bits_per_second":	64637377892.740242,
					"omitted":	false,
					"sender":	false
				}],
			"sum":	{
				"start":	0,
				"end":	1.002709,
				"seconds":	1.0027090311050415,
				"bytes":	8101560320,
				"bits_per_second":	64637377892.740242,
				"omitted":	false,
				"sender":	false
			}
		}, {
			"streams":	[{
					"socket":	5,
					"start":	1.002709,
					"end":	2.003024,
					"seconds":	1.0003149509429932,
					"bytes":	8095137792,
					"bits_per_second":	64740712187.646454,
					"omitted":	false,
					"sender":	false
				}],
			"sum":	{
				"start":	1.002709,
				"end":	2.003024,
				"seconds":	1.0003149509429932,
				"bytes":	8095137792,
				"bits_per_second":	64740712187.646454,
				"omitted":	false,
				"sender":	false
			}
		}, {
			"streams":	[{
					"socket":	5,
					"start":	2.003024,
					"end":	3.000569,
					"seconds":	0.99754500389099121,
					"bytes":	8125808640,
					"bits_per_second":	65166452507.343437,
					"omitted":	false,
					"sender":	false
				}],
			"sum":	{
				"start":	2.003024,
				"end":	3.000569,
				"seconds":	0.99754500389099121,
				"bytes":	8125808640,
				"bits_per_second":	65166452507.343437,
				"omitted":	false,
				"sender":	false
			}
		}, {
			"streams":	[{
					"socket":	5,
					"start":	3.000569,
					"end":	4.003658,
					"seconds":	1.00308895111084,
					"bytes":	8108244992,
					"bits_per_second":	64666209177.327888,
					"omitted":	false,
					"sender":	false
				}],
			"sum":	{
				"start":	3.000569,
				"end":	4.003658,
				"seconds":	1.00308895111084,
				"bytes":	8108244992,
				"bits_per_second":	64666209177.327888,
				"omitted":	false,
				"sender":	false
			}
		}, {
			"streams":	[{
					"socket":	5,
					"start":	4.003658,
					"end":	5.00432,
					"seconds":	1.0006619691848755,
					"bytes":	8152023040,
					"bits_per_second":	65173041774.660568,
					"omitted":	false,
					"sender":	false
				}],
			"sum":	{
				"start":	4.003658,
				"end":	5.00432,
				"seconds":	1.0006619691848755,
				"bytes":	8152023040,
				"bits_per_second":	65173041774.660568,
				"omitted":	false,
				"sender":	false
			}
		}, {
			"streams":	[{
					"socket":	5,
					"start":	5.00432,
					"end":	6.001106,
					"seconds":	0.99678599834442139,
					"bytes":	8111915008,
					"bits_per_second":	65104566247.705856,
					"omitted":	false,
					"sender":	false
				}],
			"sum":	{
				"start":	5.00432,
				"end":	6.001106,
				"seconds":	0.99678599834442139,
				"bytes":	8111915008,
				"bits_per_second":	65104566247.705856,
				"omitted":	false,
				"sender":	false
			}
		}, {
			"streams":	[{
					"socket":	5,
					"start":	6.001106,
					"end":	7.00501,
					"seconds":	1.0039039850234985,
					"bytes":	8200912896,
					"bits_per_second":	65352169277.886,
					"omitted":	false,
					"sender":	false
				}],
			"sum":	{
				"start":	6.001106,
				"end":	7.00501,
				"seconds":	1.0039039850234985,
				"bytes":	8200912896,
				"bits_per_second":	65352169277.886,
				"omitted":	false,
				"sender":	false
			}
		}, {
			"streams":	[{
					"socket":	5,
					"start":	7.00501,
					"end":	8.004714,
					"seconds":	0.99970400333404541,
					"bytes":	8145207296,
					"bits_per_second":	65180951712.390617,
					"omitted":	false,
					"sender":	false
				}],
			"sum":	{
				"start":	7.00501,
				"end":	8.004714,
				"seconds":	0.99970400333404541,
				"bytes":	8145207296,
				"bits_per_second":	65180951712.390617,
				"omitted":	false,
				"sender":	false
			}
		}, {
			"streams":	[{
					"socket":	5,
					"start":	8.004714,
					"end":	9.000499,
					"seconds":	0.99578499794006348,
					"bytes":	8099332096,
					"bits_per_second":	65068922409.995979,
					"omitted":	false,
					"sender":	false
				}],
			"sum":	{
				"start":	8.004714,
				"end":	9.000499,
				"seconds":	0.99578499794006348,
				"bytes":	8099332096,
				"bits_per_second":	65068922409.995979,
				"omitted":	false,
				"sender":	false
			}
		}, {
			"streams":	[{
					"socket":	5,
					"start":	9.000499,
					"end":	10.005011,
					"seconds":	1.0045119524002075,
					"bytes":	8217296896,
					"bits_per_second":	65443099020.298347,
					"omitted":	false,
					"sender":	false
				}],
			"sum":	{
				"start":	9.000499,
				"end":	10.005011,
				"seconds":	1.0045119524002075,
				"bytes":	8217296896,
				"bits_per_second":	65443099020.298347,
				"omitted":	false,
				"sender":	false
			}
		}, {
			"streams":	[{
					"socket":	5,
					"start":	10.005011,
					"end":	11.003775,
					"seconds":	0.99876397848129272,
					"bytes":	8063942656,
					"bits_per_second":	64591377580.612587,
					"omitted":	false,
					"sender":	false
				}],
			"sum":	{
				"start":	10.005011,
				"end":	11.003775,
				"seconds":	0.99876397848129272,
				"bytes":	8063942656,
				"bits_per_second":	64591377580.612587,
				"omitted":	false,
				"sender":	false
			}
		}, {
			"streams":	[{
					"socket":	5,
					"start":	11.003775,
					"end":	12.002478,
					"seconds":	0.9987030029296875,
					"bytes":	8127643648,
					"bits_per_second":	65105590944.716263,
					"omitted":	false,
					"sender":	false
				}],
			"sum":	{
				"start":	11.003775,
				"end":	12.002478,
				"seconds":	0.9987030029296875,
				"bytes":	8127643648,
				"bits_per_second":	65105590944.716263,
				"omitted":	false,
				"sender":	false
			}
		}, {
			"streams":	[{
					"socket":	5,
					"start":	12.002478,
					"end":	13.004789,
					"seconds":	1.0023109912872314,
					"bytes":	8076394496,
					"bits_per_second":	64462184421.446129,
					"omitted":	false,
					"sender":	false
				}],
			"sum":	{
				"start":	12.002478,
				"end":	13.004789,
				"seconds":	1.0023109912872314,
				"bytes":	8076394496,
				"bits_per_second":	64462184421.446129,
				"omitted":	false,
				"sender":	false
			}
		}, {
			"streams":	[{
					"socket":	5,
					"start":	13.004789,
					"end":	14.003703,
					"seconds":	0.99891400337219238,
					"bytes":	8123580416,
					"bits_per_second":	65059297505.698723,
					"omitted":	false,
					"sender":	false
				}],
			"sum":	{
				"start":	13.004789,
				"end":	14.003703,
				"seconds":	0.99891400337219238,
				"bytes":	8123580416,
				"bits_per_second":	65059297505.698723,
				"omitted":	false,
				"sender":	false
			}
		}, {
			"streams":	[{
					"socket":	5,
					"start":	14.003703,
					"end":	15.000335,
					"seconds":	0.99663197994232178,
					"bytes":	8078884864,
					"bits_per_second":	64849493306.1855,
					"omitted":	false,
					"sender":	false
				}],
			"sum":	{
				"start":	14.003703,
				"end":	15.000335,
				"seconds":	0.99663197994232178,
				"bytes":	8078884864,
				"bits_per_second":	64849493306.1855,
				"omitted":	false,
				"sender":	false
			}
		}, {
			"streams":	[{
					"socket":	5,
					"start":	15.000335,
					"end":	16.000538,
					"seconds":	1.000203013420105,
					"bytes":	8068530176,
					"bits_per_second":	64535139908.530212,
					"omitted":	false,