{
	"start":	{
		"connected":	[{
				"socket":	5,
				"local_host":	"10.100.102.149",
				"local_port":	49648,
				"remote_host":	"10.100.102.182",
				"remote_port":	5201
			}],
		"version":	"iperf 3.8.1 -  -- Apple version iperf3-117",
		"system_info":	"Darwin mimi-2.local 24.3.0 Darwin Kernel Version 24.3.0: Thu Jan  2 20:24:23 PST 2025; root:xnu-11215.81.4~3/RELEASE_ARM64_T8122 arm64",
		"timestamp":	{
			"time":	"Sat, 22 Feb 2025 17:38:13 UTC",
			"timesecs":	1740245893
		},
		"connecting_to":	{
			"host":	"10.100.102.182",
			"port":	5201
		},
		"cookie":	"nt4qiy7pmqxdgk2llrzznf32nxkzq2cgpfsg",
		"tcp_mss_default":	1448,
		"sock_bufsize":	0,
		"sndbuf_actual":	131072,
		"rcvbuf_actual":	131072,
		"test_start":	{
			"protocol":	"TCP",
			"num_streams":	1,
			"blksize":	131072,
			"omit":	0,
			"duration":	30,
			"bytes":	0,
			"blocks":	0,
			"reverse":	0,
			"tos":	0
		}
	},
	"intervals":	[{
			"streams":	[{
					"socket":	5,
					"start":	0,
					"end":	1.000006,
					"seconds":	1.0000059604644775,
					"bytes":	192097896,
					"bits_per_second":	1536774008.1131146,
					"retransmits":	0,
					"snd_cwnd":	6568165,
					"rtt":	16,
					"rttvar":	0,
					"pmtu":	-1,
					"omitted":	false,
					"sender":	true
				}],
			"sum":	{
				"start":	0,
				"end":	1.000006,
				"seconds":	1.0000059604644775,
				"bytes":	192097896,
				"bits_per_second":	1536774008.1131146,
				"retransmits":	0,
				"omitted":	false,
				"sender":	true
			}
		}, {
			"streams":	[{
					"socket":	5,
					"start":	1.000006,
					"end":	2.000027,
					"seconds":	1.0000209808349609,
					"bytes":	199579288,
					"bits_per_second":	1596600805.9819913,
					"retransmits":	0,
					"snd_cwnd":	6698485,
					"rtt":	15,
					"rttvar":	0,
					"pmtu":	-1,
					"omitted":	false,
					"sender":	true
				}],
			"sum":	{
				"start":	1.000006,
				"end":	2.000027,
				"seconds":	1.0000209808349609,
				"bytes":	199579288,
				"bits_per_second":	1596600805.9819913,
				"retransmits":	0,
				"omitted":	false,
				"sender":	true
			}
		}, {
			"streams":	[{
					"socket":	5,
					"start":	2.000027,
					"end":	3.000044,
					"seconds":	1.0000170469284058,
					"bytes":	207806824,
					"bits_per_second":	1662426252.73869,
					"retransmits":	0,
					"snd_cwnd":	6698485,
					"rtt":	13,
					"rttvar":	0,
					"pmtu":	-1,
					"omitted":	false,
					"sender":	true
				}],
			"sum":	{
				"start":	2.000027,
				"end":	3.000044,
				"seconds":	1.0000170469284058,
				"bytes":	207806824,
				"bits_per_second":	1662426252.73869,
				"retransmits":	0,
				"omitted":	false,
				"sender":	true
			}
		}, {
			"streams":	[{
					"socket":	5,
					"start":	3.000044,
					"end":	4.000011,
					"seconds":	0.99996697902679443,
					"bytes":	216875648,
					"bits_per_second":	1735062477.4515779,
					"retransmits":	0,
					"snd_cwnd":	6698485,
					"rtt":	15,
					"rttvar":	0,
					"pmtu":	-1,
					"omitted":	false,
					"sender":	true
				}],
			"sum":	{
				"start":	3.000044,
				"end":	4.000011,
				"seconds":	0.99996697902679443,
				"bytes":	216875648,
				"bits_per_second":	1735062477.4515779,
				"retransmits":	0,
				"omitted":	false,
				"sender":	true
			}
		}, {
			"streams":	[{
					"socket":	5,
					"start":	4.000011,
					"end":	5.000066,
					"seconds":	1.0000549554824829,
					"bytes":	203196392,
					"bits_per_second":	1625481806.8630366,
					"retransmits":	0,
					"snd_cwnd":	6698485,
					"rtt":	16,
					"rttvar":	0,
					"pmtu":	-1,
					"omitted":	false,
					"sender":	true
				}],
			"sum":	{
				"start":	4.000011,
				"end":	5.000066,
				"seconds":	1.0000549554824829,
				"bytes":	203196392,
				"bits_per_second":	1625481806.8630366,
				"retransmits":	0,
				"omitted":	false,
				"sender":	true
			}
		}, {
			"streams":	[{
					"socket":	5,
					"start":	5.000066,
					"end":	6.000011,
					"seconds":	0.99994498491287231,
					"bytes":	206101080,
					"bits_per_second":	1648899354.3416438,
					"retransmits":	0,
					"snd_cwnd":	6698485,
					"rtt":	14,
					"rttvar":	0,
					"pmtu":	-1,
					"omitted":	false,
					"sender":	true
				}],
			"sum":	{
				"start":	5.000066,
				"end":	6.000011,
				"seconds":	0.99994498491287231,
				"bytes":	206101080,
				"bits_per_second":	1648899354.3416438,
				"retransmits":	0,
				"omitted":	false,
				"sender":	true
			}
		}, {
			"streams":	[{
					"socket":	5,
					"start":	6.000011,
					"end":	7.000046,
					"seconds":	1.0000350475311279,
					"bytes":	227461976,
					"bits_per_second":	1819632034.3896334,
					"retransmits":	0,
					"snd_cwnd":	6698485,
					"rtt":	16,
					"rttvar":	0,
					"pmtu":	-1,
					"omitted":	false,
					"sender":	true
				}],
			"sum":	{
				"start":	6.000011,
				"end":	7.000046,
				"seconds":	1.0000350475311279,
				"bytes":	227461976,
				"bits_per_second":	1819632034.3896334,
				"retransmits":	0,
				"omitted":	false,
				"sender":	true
			}
		}, {
			"streams":	[{
					"socket":	5,
					"start":	7.000046,
					"end":	8.000053,
					"seconds":	1.0000070333480835,
					"bytes":	211932176,
					"bits_per_second":	1695445483.341759,
					"retransmits":	0,
					"snd_cwnd":	6698485,
					"rtt":	13,
					"rttvar":	0,
					"pmtu":	-1,
					"omitted":	false,
					"sender":	true
				}],
			"sum":	{
				"start":	7.000046,
				"end":	8.000053,
				"seconds":	1.0000070333480835,
				"bytes":	211932176,
				"bits_per_second":	1695445483.341759,
				"retransmits":	0,
				"omitted":	false,
				"sender":	true
			}
		}, {
			"streams":	[{
					"socket":	5,
					"start":	8.000053,
					"end":	9.00006,
					"seconds":	1.0000070333480835,
					"bytes":	225200200,
					"bits_per_second":	1801588928.79796,
					"retransmits":	0,
					"snd_cwnd":	6698485,
					"rtt":	17,
					"rttvar":	0,
					"pmtu":	-1,
					"omitted":	false,
					"sender":	true
				}],
			"sum":	{
				"start":	8.000053,
				"end":	9.00006,
				"seconds":	1.0000070333480835,
				"bytes":	225200200,
				"bits_per_second":	1801588928.79796,
				"retransmits":	0,
				"omitted":	false,
				"sender":	true
			}
		}, {
			"streams":	[{
					"socket":	5,
					"start":	9.00006,
					"end":	10.000011,
					"seconds":	0.99995100498199463,
					"bytes":	216845240,
					"bits_per_second":	1734846918.8560259,
					"retransmits":	0,
					"snd_cwnd":	6698485,
					"rtt":	16,
					"rttvar":	0,
					"pmtu":	-1,
					"omitted":	false,
					"sender":	true
				}],
			"sum":	{
				"start":	9.00006,
				"end":	10.000011,
				"seconds":	0.99995100498199463,
				"bytes":	216845240,
				"bits_per_second":	1734846918.8560259,
				"retransmits":	0,
				"omitted":	false,
				"sender":	true
			}
		}, {
			"streams":	[{
					"socket":	5,
					"start":	10.000011,
					"end":	11.000031,
					"seconds":	1.0000200271606445,
					"bytes":	214993248,
					"bits_per_second":	1719911539.0553129,
					"retransmits":	0,
					"snd_cwnd":	6698485,
					"rtt":	14,
					"rttvar":	0,
					"pmtu":	-1,
					"omitted":	false,
					"sender":	true
				}],
			"sum":	{
				"start":	10.000011,
				"end":	11.000031,
				"seconds":	1.0000200271606445,
				"bytes":	214993248,
				"bits_per_second":	1719911539.0553129,
				"retransmits":	0,
				"omitted":	false,
				"sender":	true
			}
		}, {
			"streams":	[{
					"socket":	5,
					"start":	11.000031,
					"end":	12.000014,
					"seconds":	0.999983012676239,
					"bytes":	217777752,
					"bits_per_second":	1742251612.1922095,
					"retransmits":	0,
					"snd_cwnd":	6698485,
					"rtt":	15,
					"rttvar":	0,
					"pmtu":	-1,
					"omitted":	false,
					"sender":	true
				}],
			"sum":	{
				"start":	11.000031,
				"end":	12.000014,
				"seconds":	0.999983012676239,
				"bytes":	217777752,
				"bits_per_second":	1742251612.1922095,
				"retransmits":	0,
				"omitted":	false,
				"sender":	true
			}
		}, {
			"streams":	[{
					"socket":	5,
					"start":	12.000014,
					"end":	13.000013,
					"seconds":	0.99999898672103882,
					"bytes":	230171184,
					"bits_per_second":	1841371337.8228364,
					"retransmits":	0,
					"snd_cwnd":	6698485,
					"rtt":	15,