{
	"start":	{
		"connected":	[{
				"socket":	5,
				"local_host":	"192.168.105.1",
				"local_port":	49528,
				"remote_host":	"192.168.105.6",
				"remote_port":	5201
			}],
		"version":	"iperf 3.8.1 -  -- Apple version iperf3-117",
		"system_info":	"Darwin mimi-2.local 24.3.0 Darwin Kernel Version 24.3.0: Thu Jan  2 20:24:23 PST 2025; root:xnu-11215.81.4~3/RELEASE_ARM64_T8122 arm64",
		"timestamp":	{
			"time":	"Sat, 22 Feb 2025 17:23:48 UTC",
			"timesecs":	1740245028
		},
		"connecting_to":	{
			"host":	"192.168.105.6",
			"port":	5201
		},
		"cookie":	"4vnfkufow6s6djmmywr3ihy7d6esin4nxjen",
		"tcp_mss_default":	1448,
		"sock_bufsize":	0,
		"sndbuf_actual":	131072,
		"rcvbuf_actual":	131072,
		"test_start":	{
			"protocol":	"TCP",
			"num_streams":	1,
			"blksize":	131072,
			"omit":	0,
			"duration":	30,
			"bytes":	0,
			"blocks":	0,
			"reverse":	0,
			"tos":	0
		}
	},
	"intervals":	[{
			"streams":	[{
					"socket":	5,
					"start":	0,
					"end":	1.000007,
					"seconds":	1.0000070333480835,
					"bytes":	261326536,
					"bits_per_second":	2090597584.0994885,
					"retransmits":	0,
					"snd_cwnd":	8388480,
					"rtt":	16,
					"rttvar":	0,
					"pmtu":	-1,
					"omitted":	false,
					"sender":	true
				}],
			"sum":	{
				"start":	0,
				"end":	1.000007,
				"seconds":	1.0000070333480835,
				"bytes":	261326536,
				"bits_per_second":	2090597584.0994885,
				"retransmits":	0,
				"omitted":	false,
				"sender":	true
			}
		}, {
			"streams":	[{
					"socket":	5,
					"start":	1.000007,
					"end":	2.000023,
					"seconds":	1.0000159740448,
					"bytes":	257556840,
					"bits_per_second":	2060421806.7297528,
					"retransmits":	0,
					"snd_cwnd":	8388480,
					"rtt":	16,
					"rttvar":	0,
					"pmtu":	-1,
					"omitted":	false,
					"sender":	true
				}],
			"sum":	{
				"start":	1.000007,
				"end":	2.000023,
				"seconds":	1.0000159740448,
				"bytes":	257556840,
				"bits_per_second":	2060421806.7297528,
				"retransmits":	0,
				"omitted":	false,
				"sender":	true
			}
		}, {
			"streams":	[{
					"socket":	5,
					"start":	2.000023,
					"end":	3.000009,
					"seconds":	0.99998599290847778,
					"bytes":	257941864,
					"bits_per_second":	2063563816.52724,
					"retransmits":	0,
					"snd_cwnd":	8388480,
					"rtt":	16,
					"rttvar":	0,
					"pmtu":	-1,
					"omitted":	false,
					"sender":	true
				}],
			"sum":	{
				"start":	2.000023,
				"end":	3.000009,
				"seconds":	0.99998599290847778,
				"bytes":	257941864,
				"bits_per_second":	2063563816.52724,
				"retransmits":	0,
				"omitted":	false,
				"sender":	true
			}
		}, {
			"streams":	[{
					"socket":	5,
					"start":	3.000009,
					"end":	4.000019,
					"seconds":	1.0000100135803223,
					"bytes":	255969080,
					"bits_per_second":	2047732134.8697889,
					"retransmits":	0,
					"snd_cwnd":	8388480,
					"rtt":	15,
					"rttvar":	0,
					"pmtu":	-1,
					"omitted":	false,
					"sender":	true
				}],
			"sum":	{
				"start":	3.000009,
				"end":	4.000019,
				"seconds":	1.0000100135803223,
				"bytes":	255969080,
				"bits_per_second":	2047732134.8697889,
				"retransmits":	0,
				"omitted":	false,
				"sender":	true
			}
		}, {
			"streams":	[{
					"socket":	5,
					"start":	4.000019,
					"end":	5.000027,
					"seconds":	1.0000079870224,
					"bytes":	260066224,
					"bits_per_second":	2080513174.8946688,
					"retransmits":	0,
					"snd_cwnd":	8388480,
					"rtt":	17,
					"rttvar":	0,
					"pmtu":	-1,
					"omitted":	false,
					"sender":	true
				}],
			"sum":	{
				"start":	4.000019,
				"end":	5.000027,
				"seconds":	1.0000079870224,
				"bytes":	260066224,
				"bits_per_second":	2080513174.8946688,
				"retransmits":	0,
				"omitted":	false,
				"sender":	true
			}
		}, {
			"streams":	[{
					"socket":	5,
					"start":	5.000027,
					"end":	6.000084,
					"seconds":	1.0000569820404053,
					"bytes":	255276904,
					"bits_per_second":	2042098869.0397329,
					"retransmits":	0,
					"snd_cwnd":	8388480,
					"rtt":	17,
					"rttvar":	0,
					"pmtu":	-1,
					"omitted":	false,
					"sender":	true
				}],
			"sum":	{
				"start":	5.000027,
				"end":	6.000084,
				"seconds":	1.0000569820404053,
				"bytes":	255276904,
				"bits_per_second":	2042098869.0397329,
				"retransmits":	0,
				"omitted":	false,
				"sender":	true
			}
		}, {
			"streams":	[{
					"socket":	5,
					"start":	6.000084,
					"end":	7.000004,
					"seconds":	0.99992001056671143,
					"bytes":	260211808,
					"bits_per_second":	2081860990.8808463,
					"retransmits":	0,
					"snd_cwnd":	8388480,
					"rtt":	15,
					"rttvar":	0,
					"pmtu":	-1,
					"omitted":	false,
					"sender":	true
				}],
			"sum":	{
				"start":	6.000084,
				"end":	7.000004,
				"seconds":	0.99992001056671143,
				"bytes":	260211808,
				"bits_per_second":	2081860990.8808463,
				"retransmits":	0,
				"omitted":	false,
				"sender":	true
			}
		}, {
			"streams":	[{
					"socket":	5,
					"start":	7.000004,
					"end":	8.000026,
					"seconds":	1.0000220537185669,
					"bytes":	263359984,
					"bits_per_second":	2106833408.4889419,
					"retransmits":	0,
					"snd_cwnd":	8388480,
					"rtt":	16,
					"rttvar":	0,
					"pmtu":	-1,
					"omitted":	false,
					"sender":	true
				}],
			"sum":	{
				"start":	7.000004,
				"end":	8.000026,
				"seconds":	1.0000220537185669,
				"bytes":	263359984,
				"bits_per_second":	2106833408.4889419,
				"retransmits":	0,
				"omitted":	false,
				"sender":	true
			}
		}, {
			"streams":	[{
					"socket":	5,
					"start":	8.000026,
					"end":	9.000012,
					"seconds":	0.99998599290847778,
					"bytes":	261900288,
					"bits_per_second":	2095231652.1015112,
					"retransmits":	0,
					"snd_cwnd":	8388480,
					"rtt":	15,
					"rttvar":	0,
					"pmtu":	-1,
					"omitted":	false,
					"sender":	true
				}],
			"sum":	{
				"start":	8.000026,
				"end":	9.000012,
				"seconds":	0.99998599290847778,
				"bytes":	261900288,
				"bits_per_second":	2095231652.1015112,
				"retransmits":	0,
				"omitted":	false,
				"sender":	true
			}
		}, {
			"streams":	[{
					"socket":	5,
					"start":	9.000012,
					"end":	10.000031,
					"seconds":	1.0000189542770386,
					"bytes":	261818504,
					"bits_per_second":	2094508332.1088135,
					"retransmits":	0,
					"snd_cwnd":	8388480,
					"rtt":	16,
					"rttvar":	0,
					"pmtu":	-1,
					"omitted":	false,
					"sender":	true
				}],
			"sum":	{
				"start":	9.000012,
				"end":	10.000031,
				"seconds":	1.0000189542770386,
				"bytes":	261818504,
				"bits_per_second":	2094508332.1088135,
				"retransmits":	0,
				"omitted":	false,
				"sender":	true
			}
		}, {
			"streams":	[{
					"socket":	5,
					"start":	10.000031,
					"end":	11.000012,
					"seconds":	0.99998098611831665,
					"bytes":	257303240,
					"bits_per_second":	2058465059.4110889,
					"retransmits":	0,
					"snd_cwnd":	8388480,
					"rtt":	17,
					"rttvar":	0,
					"pmtu":	-1,
					"omitted":	false,
					"sender":	true
				}],
			"sum":	{
				"start":	10.000031,
				"end":	11.000012,
				"seconds":	0.99998098611831665,
				"bytes":	257303240,
				"bits_per_second":	2058465059.4110889,
				"retransmits":	0,
				"omitted":	false,
				"sender":	true
			}
		}, {
			"streams":	[{
					"socket":	5,
					"start":	11.000012,
					"end":	12.000039,
					"seconds":	1.0000269412994385,
					"bytes":	256310168,
					"bits_per_second":	2050426102.8563864,
					"retransmits":	0,
					"snd_cwnd":	8388480,
					"rtt":	17,
					"rttvar":	0,
					"pmtu":	-1,
					"omitted":	false,
					"sender":	true
				}],
			"sum":	{
				"start":	11.000012,
				"end":	12.000039,
				"seconds":	1.0000269412994385,
				"bytes":	256310168,
				"bits_per_second":	2050426102.8563864,
				"retransmits":	0,
				"omitted":	false,
				"sender":	true
			}
		}, {
			"streams":	[{
					"socket":	5,
					"start":	12.000039,
					"end":	13.000018,
					"seconds":	0.999979019165039,
					"bytes":	256998408,
					"bits_per_second":	2056030401.2345231,
					"retransmits":	0,
					"snd_cwnd":	8388480,
					"rtt":	18,