{
	"start":	{
		"connected":	[{
				"socket":	5,
				"local_host":	"192.168.105.1",
				"local_port":	49530,
				"remote_host":	"192.168.105.6",
				"remote_port":	5201
			}],
		"version":	"iperf 3.8.1 -  -- Apple version iperf3-117",
		"system_info":	"Darwin mimi-2.local 24.3.0 Darwin Kernel Version 24.3.0: Thu Jan  2 20:24:23 PST 2025; root:xnu-11215.81.4~3/RELEASE_ARM64_T8122 arm64",
		"timestamp":	{
			"time":	"Sat, 22 Feb 2025 17:24:18 UTC",
			"timesecs":	1740245058
		},
		"connecting_to":	{
			"host":	"192.168.105.6",
			"port":	5201
		},
		"cookie":	"ydjxyeff46q6jb76z5xiug23g4hd5fjczqwl",
		"tcp_mss_default":	1448,
		"sock_bufsize":	0,
		"sndbuf_actual":	131072,
		"rcvbuf_actual":	131072,
		"test_start":	{
			"protocol":	"TCP",
			"num_streams":	1,
			"blksize":	131072,
			"omit":	0,
			"duration":	30,
			"bytes":	0,
			"blocks":	0,
			"reverse":	1,
			"tos":	0
		}
	},
	"intervals":	[{
			"streams":	[{
					"socket":	5,
					"start":	0,
					"end":	1.000059,
					"seconds":	1.0000590085983276,
					"bytes":	213098928,
					"bits_per_second":	1704690832.5833874,
					"omitted":	false,
					"sender":	false
				}],
			"sum":	{
				"start":	0,
				"end":	1.000059,
				"seconds":	1.0000590085983276,
				"bytes":	213098928,
				"bits_per_second":	1704690832.5833874,
				"omitted":	false,
				"sender":	false
			}
		}, {
			"streams":	[{
					"socket":	5,
					"start":	1.000059,
					"end":	2.000012,
					"seconds":	0.99995297193527222,
					"bytes":	213757520,
					"bits_per_second":	1710140584.6021063,
					"omitted":	false,
					"sender":	false
				}],
			"sum":	{
				"start":	1.000059,
				"end":	2.000012,
				"seconds":	0.99995297193527222,
				"bytes":	213757520,
				"bits_per_second":	1710140584.6021063,
				"omitted":	false,
				"sender":	false
			}
		}, {
			"streams":	[{
					"socket":	5,
					"start":	2.000012,
					"end":	3.000008,
					"seconds":	0.9999960064888,
					"bytes":	211675864,
					"bits_per_second":	1693413674.666476,
					"omitted":	false,
					"sender":	false
				}],
			"sum":	{
				"start":	2.000012,
				"end":	3.000008,
				"seconds":	0.9999960064888,
				"bytes":	211675864,
				"bits_per_second":	1693413674.666476,
				"omitted":	false,
				"sender":	false
			}
		}, {
			"streams":	[{
					"socket":	5,
					"start":	3.000008,
					"end":	4.00003,
					"seconds":	1.0000220537185669,
					"bytes":	214138968,
					"bits_per_second":	1713073964.348906,
					"omitted":	false,
					"sender":	false
				}],
			"sum":	{
				"start":	3.000008,
				"end":	4.00003,
				"seconds":	1.0000220537185669,
				"bytes":	214138968,
				"bits_per_second":	1713073964.348906,
				"omitted":	false,
				"sender":	false
			}
		}, {
			"streams":	[{
					"socket":	5,
					"start":	4.00003,
					"end":	5.000015,
					"seconds":	0.9999849796295166,
					"bytes":	213183944,
					"bits_per_second":	1705497169.19934,
					"omitted":	false,
					"sender":	false
				}],
			"sum":	{
				"start":	4.00003,
				"end":	5.000015,
				"seconds":	0.9999849796295166,
				"bytes":	213183944,
				"bits_per_second":	1705497169.19934,
				"omitted":	false,
				"sender":	false
			}
		}, {
			"streams":	[{
					"socket":	5,
					"start":	5.000015,
					"end":	6.000002,
					"seconds":	0.999987006187439,
					"bytes":	210758376,
					"bits_per_second":	1686088916.723345,
					"omitted":	false,
					"sender":	false
				}],
			"sum":	{
				"start":	5.000015,
				"end":	6.000002,
				"seconds":	0.999987006187439,
				"bytes":	210758376,
				"bits_per_second":	1686088916.723345,
				"omitted":	false,
				"sender":	false
			}
		}, {
			"streams":	[{
					"socket":	5,
					"start":	6.000002,
					"end":	7.000012,
					"seconds":	1.0000100135803223,
					"bytes":	210546296,
					"bits_per_second":	1684353501.5909207,
					"omitted":	false,
					"sender":	false
				}],
			"sum":	{
				"start":	6.000002,
				"end":	7.000012,
				"seconds":	1.0000100135803223,
				"bytes":	210546296,
				"bits_per_second":	1684353501.5909207,
				"omitted":	false,
				"sender":	false
			}
		}, {
			"streams":	[{
					"socket":	5,
					"start":	7.000012,
					"end":	8.000013,
					"seconds":	1.0000009536743164,
					"bytes":	215026072,
					"bits_per_second":	1720206935.4828267,
					"omitted":	false,
					"sender":	false
				}],
			"sum":	{
				"start":	7.000012,
				"end":	8.000013,
				"seconds":	1.0000009536743164,
				"bytes":	215026072,
				"bits_per_second":	1720206935.4828267,
				"omitted":	false,
				"sender":	false
			}
		}, {
			"streams":	[{
					"socket":	5,
					"start":	8.000013,
					"end":	9.000009,
					"seconds":	0.9999960064888,
					"bytes":	205959760,
					"bits_per_second":	1647684660.0471439,
					"omitted":	false,
					"sender":	false
				}],
			"sum":	{
				"start":	8.000013,
				"end":	9.000009,
				"seconds":	0.9999960064888,
				"bytes":	205959760,
				"bits_per_second":	1647684660.0471439,
				"omitted":	false,
				"sender":	false
			}
		}, {
			"streams":	[{
					"socket":	5,
					"start":	9.000009,
					"end":	10.000006,
					"seconds":	0.99999701976776123,
					"bytes":	196175328,
					"bits_per_second":	1569407301.1982348,
					"omitted":	false,
					"sender":	false
				}],
			"sum":	{
				"start":	9.000009,
				"end":	10.000006,
				"seconds":	0.99999701976776123,
				"bytes":	196175328,
				"bits_per_second":	1569407301.1982348,
				"omitted":	false,
				"sender":	false
			}
		}, {
			"streams":	[{
					"socket":	5,
					"start":	10.000006,
					"end":	11.000012,
					"seconds":	1.0000059604644775,
					"bytes":	199542456,
					"bits_per_second":	1596330133.1309471,
					"omitted":	false,
					"sender":	false
				}],
			"sum":	{
				"start":	10.000006,
				"end":	11.000012,
				"seconds":	1.0000059604644775,
				"bytes":	199542456,
				"bits_per_second":	1596330133.1309471,
				"omitted":	false,
				"sender":	false
			}
		}, {
			"streams":	[{
					"socket":	5,
					"start":	11.000012,
					"end":	12.000008,
					"seconds":	0.9999960064888,
					"bytes":	203564704,
					"bits_per_second":	1628524135.5293746,
					"omitted":	false,
					"sender":	false
				}],
			"sum":	{
				"start":	11.000012,
				"end":	12.000008,
				"seconds":	0.9999960064888,
				"bytes":	203564704,
				"bits_per_second":	1628524135.5293746,
				"omitted":	false,
				"sender":	false
			}
		}, {
			"streams":	[{
					"socket":	5,
					"start":	12.000008,
					"end":	13.000008,
					"seconds":	1,
					"bytes":	211748888,
					"bits_per_second":	1693991104,
					"omitted":	false,
					"sender":	false
				}],
			"sum":	{
				"start":	12.000008,
				"end":	13.000008,
				"seconds":	1,
				"bytes":	211748888,
				"bits_per_second":	1693991104,
				"omitted":	false,
				"sender":	false
			}
		}, {
			"streams":	[{
					"socket":	5,
					"start":	13.000008,
					"end":	14.000012,
					"seconds":	1.0000040531158447,
					"bytes":	212817352,
					"bits_per_second":	1702531915.4409175,
					"omitted":	false,
					"sender":	false
				}],
			"sum":	{
				"start":	13.000008,
				"end":	14.000012,
				"seconds":	1.0000040531158447,
				"bytes":	212817352,
				"bits_per_second":	1702531915.4409175,
				"omitted":	false,
				"sender":	false
			}
		}, {
			"streams":	[{
					"socket":	5,
					"start":	14.000012,
					"end":	15.000012,
					"seconds":	1,
					"bytes":	209491400,
					"bits_per_second":	1675931200,
					"omitted":	false,
					"sender":	false
				}],
			"sum":	{
				"start":	14.000012,
				"end":	15.000012,
				"seconds":	1,
				"bytes":	209491400,
				"bits_per_second":	1675931200,
				"omitted":	false,
				"sender":	false
			}
		}, {
			"streams":	[{
					"socket":	5,
					"start":	15.000012,
					"end":	16.000012,
					"seconds":	1,
					"bytes":	211450544,
					"bits_per_second":	1691604352,
					"omitted":	false,
					"sender":	false
				}],
			"sum":	{
				"start":	15.000012,
				"end":	16.000012,
				"seconds":	1,
				"bytes":	211450544,
				"bits_per_second":	1691604352,
				"omitted":	false,
				"sender":	false
			}
		}, {
			"streams":	[{
					"socket":	5,
					"start":	16.000012,