{
	"start":	{
		"connected":	[{
				"socket":	5,
				"local_host":	"192.168.105.1",
				"local_port":	50828,
				"remote_host":	"192.168.105.3",
				"remote_port":	5201
			}],
		"version":	"iperf 3.8.1 -  -- Apple version iperf3-117.100.3",
		"system_info":	"Darwin space-gray.local 24.6.0 Darwin Kernel Version 24.6.0: Mon Jul 14 11:30:30 PDT 2025; root:xnu-11417.140.69~1/RELEASE_ARM64_T6020 arm64",
		"timestamp":	{
			"time":	"Sun, 31 Aug 2025 07:31:14 UTC",
			"timesecs":	1756625474
		},
		"connecting_to":	{
			"host":	"192.168.105.3",
			"port":	5201
		},
		"cookie":	"vklsmlfuotk4em6orgebha6lk6blopn34cmg",
		"tcp_mss_default":	1448,
		"sock_bufsize":	0,
		"sndbuf_actual":	131072,
		"rcvbuf_actual":	131072,
		"test_start":	{
			"protocol":	"TCP",
			"num_streams":	1,
			"blksize":	131072,
			"omit":	0,
			"duration":	30,
			"bytes":	0,
			"blocks":	0,
			"reverse":	0,
			"tos":	0
		}
	},
	"intervals":	[{
			"streams":	[{
					"socket":	5,
					"start":	0,
					"end":	1.000012,
					"seconds":	1.0000120401382446,
					"bytes":	268507408,
					"bits_per_second":	2148033401.3808932,
					"retransmits":	0,
					"snd_cwnd":	6659389,
					"rtt":	13,
					"rttvar":	1,
					"pmtu":	-1,
					"omitted":	false,
					"sender":	true
				}],
			"sum":	{
				"start":	0,
				"end":	1.000012,
				"seconds":	1.0000120401382446,
				"bytes":	268507408,
				"bits_per_second":	2148033401.3808932,
				"retransmits":	0,
				"omitted":	false,
				"sender":	true
			}
		}, {
			"streams":	[{
					"socket":	5,
					"start":	1.000012,
					"end":	2.000024,
					"seconds":	1.0000120401382446,
					"bytes":	270424136,
					"bits_per_second":	2163367040.7617555,
					"retransmits":	0,
					"snd_cwnd":	7858333,
					"rtt":	13,
					"rttvar":	0,
					"pmtu":	-1,
					"omitted":	false,
					"sender":	true
				}],
			"sum":	{
				"start":	1.000012,
				"end":	2.000024,
				"seconds":	1.0000120401382446,
				"bytes":	270424136,
				"bits_per_second":	2163367040.7617555,
				"retransmits":	0,
				"omitted":	false,
				"sender":	true
			}
		}, {
			"streams":	[{
					"socket":	5,
					"start":	2.000024,
					"end":	3.000083,
					"seconds":	1.0000590085983276,
					"bytes":	270247480,
					"bits_per_second":	2161852272.12763,
					"retransmits":	0,
					"snd_cwnd":	7858333,
					"rtt":	12,
					"rttvar":	0,
					"pmtu":	-1,
					"omitted":	false,
					"sender":	true
				}],
			"sum":	{
				"start":	2.000024,
				"end":	3.000083,
				"seconds":	1.0000590085983276,
				"bytes":	270247480,
				"bits_per_second":	2161852272.12763,
				"retransmits":	0,
				"omitted":	false,
				"sender":	true
			}
		}, {
			"streams":	[{
					"socket":	5,
					"start":	3.000083,
					"end":	4.000022,
					"seconds":	0.99993902444839478,
					"bytes":	270322776,
					"bits_per_second":	2162714080.6840339,
					"retransmits":	0,
					"snd_cwnd":	7858333,
					"rtt":	13,
					"rttvar":	0,
					"pmtu":	-1,
					"omitted":	false,
					"sender":	true
				}],
			"sum":	{
				"start":	3.000083,
				"end":	4.000022,
				"seconds":	0.99993902444839478,
				"bytes":	270322776,
				"bits_per_second":	2162714080.6840339,
				"retransmits":	0,
				"omitted":	false,
				"sender":	true
			}
		}, {
			"streams":	[{
					"socket":	5,
					"start":	4.000022,
					"end":	5.000012,
					"seconds":	0.99998998641967773,
					"bytes":	267788776,
					"bits_per_second":	2142331660.4101584,
					"retransmits":	0,
					"snd_cwnd":	7858333,
					"rtt":	12,
					"rttvar":	0,
					"pmtu":	-1,
					"omitted":	false,
					"sender":	true
				}],
			"sum":	{
				"start":	4.000022,
				"end":	5.000012,
				"seconds":	0.99998998641967773,
				"bytes":	267788776,
				"bits_per_second":	2142331660.4101584,
				"retransmits":	0,
				"omitted":	false,
				"sender":	true
			}
		}, {
			"streams":	[{
					"socket":	5,
					"start":	5.000012,
					"end":	6.000024,
					"seconds":	1.0000120401382446,
					"bytes":	270692016,
					"bits_per_second":	2165510054.959568,
					"retransmits":	0,
					"snd_cwnd":	7858333,
					"rtt":	11,
					"rttvar":	0,
					"pmtu":	-1,
					"omitted":	false,
					"sender":	true
				}],
			"sum":	{
				"start":	5.000012,
				"end":	6.000024,
				"seconds":	1.0000120401382446,
				"bytes":	270692016,
				"bits_per_second":	2165510054.959568,
				"retransmits":	0,
				"omitted":	false,
				"sender":	true
			}
		}, {
			"streams":	[{
					"socket":	5,
					"start":	6.000024,
					"end":	7.000089,
					"seconds":	1.0000649690628052,
					"bytes":	271250944,
					"bits_per_second":	2169866577.8020277,
					"retransmits":	0,
					"snd_cwnd":	7858333,
					"rtt":	12,
					"rttvar":	0,
					"pmtu":	-1,
					"omitted":	false,
					"sender":	true
				}],
			"sum":	{
				"start":	6.000024,
				"end":	7.000089,
				"seconds":	1.0000649690628052,
				"bytes":	271250944,
				"bits_per_second":	2169866577.8020277,
				"retransmits":	0,
				"omitted":	false,
				"sender":	true
			}
		}, {
			"streams":	[{
					"socket":	5,
					"start":	7.000089,
					"end":	8.000028,
					"seconds":	0.99993902444839478,
					"bytes":	274749312,
					"bits_per_second":	2198128528.0995,
					"retransmits":	0,
					"snd_cwnd":	7858333,
					"rtt":	13,
					"rttvar":	0,
					"pmtu":	-1,
					"omitted":	false,
					"sender":	true
				}],
			"sum":	{
				"start":	7.000089,
				"end":	8.000028,
				"seconds":	0.99993902444839478,
				"bytes":	274749312,
				"bits_per_second":	2198128528.0995,
				"retransmits":	0,
				"omitted":	false,
				"sender":	true
			}
		}, {
			"streams":	[{
					"socket":	5,
					"start":	8.000028,
					"end":	9.000052,
					"seconds":	1.0000239610672,
					"bytes":	274798544,
					"bits_per_second":	2198335677.5311031,
					"retransmits":	0,
					"snd_cwnd":	7858333,
					"rtt":	12,
					"rttvar":	0,
					"pmtu":	-1,
					"omitted":	false,
					"sender":	true
				}],
			"sum":	{
				"start":	8.000028,
				"end":	9.000052,
				"seconds":	1.0000239610672,
				"bytes":	274798544,
				"bits_per_second":	2198335677.5311031,
				"retransmits":	0,
				"omitted":	false,
				"sender":	true
			}
		}, {
			"streams":	[{
					"socket":	5,
					"start":	9.000052,
					"end":	10.00001,
					"seconds":	0.99995797872543335,
					"bytes":	275366160,
					"bits_per_second":	2203021853.7861943,
					"retransmits":	0,
					"snd_cwnd":	7858333,
					"rtt":	12,
					"rttvar":	0,
					"pmtu":	-1,
					"omitted":	false,
					"sender":	true
				}],
			"sum":	{
				"start":	9.000052,
				"end":	10.00001,
				"seconds":	0.99995797872543335,
				"bytes":	275366160,
				"bits_per_second":	2203021853.7861943,
				"retransmits":	0,
				"omitted":	false,
				"sender":	true
			}
		}, {
			"streams":	[{
					"socket":	5,
					"start":	10.00001,
					"end":	11.000022,
					"seconds":	1.0000120401382446,
					"bytes":	275221360,
					"bits_per_second":	2201744370.6933975,
					"retransmits":	0,
					"snd_cwnd":	7858333,
					"rtt":	11,
					"rttvar":	0,
					"pmtu":	-1,
					"omitted":	false,
					"sender":	true
				}],
			"sum":	{
				"start":	10.00001,
				"end":	11.000022,
				"seconds":	1.0000120401382446,
				"bytes":	275221360,
				"bits_per_second":	2201744370.6933975,
				"retransmits":	0,
				"omitted":	false,
				"sender":	true
			}
		}, {
			"streams":	[{
					"socket":	5,
					"start":	11.000022,
					"end":	12.000023,
					"seconds":	1.0000009536743164,
					"bytes":	273909472,
					"bits_per_second":	2191273686.2385654,
					"retransmits":	0,
					"snd_cwnd":	7858333,
					"rtt":	11,
					"rttvar":	0,
					"pmtu":	-1,
					"omitted":	false,
					"sender":	true
				}],
			"sum":	{
				"start":	11.000022,
				"end":	12.000023,
				"seconds":	1.0000009536743164,
				"bytes":	273909472,
				"bits_per_second":	2191273686.2385654,
				"retransmits":	0,
				"omitted":	false,
				"sender":	true
			}
		}, {
			"streams":	[{
					"socket":	5,
					"start":	12.000023,
					"end":	13.000042,
					"seconds":	1.0000189542770386,
					"bytes":	273301312,
					"bits_per_second":	2186369054.955224,
					"retransmits":	0,
					"snd_cwnd":	7858333,
					"rtt":	12,