{
	"start":	{
		"connected":	[{
				"socket":	5,
				"local_host":	"192.168.105.1",
				"local_port":	50832,
				"remote_host":	"192.168.105.3",
				"remote_port":	5201
			}],
		"version":	"iperf 3.8.1 -  -- Apple version iperf3-117.100.3",
		"system_info":	"Darwin space-gray.local 24.6.0 Darwin Kernel Version 24.6.0: Mon Jul 14 11:30:30 PDT 2025; root:xnu-11417.140.69~1/RELEASE_ARM64_T6020 arm64",
		"timestamp":	{
			"time":	"Sun, 31 Aug 2025 07:31:44 UTC",
			"timesecs":	1756625504
		},
		"connecting_to":	{
			"host":	"192.168.105.3",
			"port":	5201
		},
		"cookie":	"qmvtiolac2xgeufxpe6s3fuv3b5nxr23pfri",
		"tcp_mss_default":	1448,
		"sock_bufsize":	0,
		"sndbuf_actual":	131072,
		"rcvbuf_actual":	131072,
		"test_start":	{
			"protocol":	"TCP",
			"num_streams":	1,
			"blksize":	131072,
			"omit":	0,
			"duration":	30,
			"bytes":	0,
			"blocks":	0,
			"reverse":	1,
			"tos":	0
		}
	},
	"intervals":	[{
			"streams":	[{
					"socket":	5,
					"start":	0,
					"end":	1.000003,
					"seconds":	1.0000029802322388,
					"bytes":	157352712,
					"bits_per_second":	1258817944.4301794,
					"omitted":	false,
					"sender":	false
				}],
			"sum":	{
				"start":	0,
				"end":	1.000003,
				"seconds":	1.0000029802322388,
				"bytes":	157352712,
				"bits_per_second":	1258817944.4301794,
				"omitted":	false,
				"sender":	false
			}
		}, {
			"streams":	[{
					"socket":	5,
					"start":	1.000003,
					"end":	2.000012,
					"seconds":	1.0000089406967163,
					"bytes":	158577720,
					"bits_per_second":	1268610417.7390039,
					"omitted":	false,
					"sender":	false
				}],
			"sum":	{
				"start":	1.000003,
				"end":	2.000012,
				"seconds":	1.0000089406967163,
				"bytes":	158577720,
				"bits_per_second":	1268610417.7390039,
				"omitted":	false,
				"sender":	false
			}
		}, {
			"streams":	[{
					"socket":	5,
					"start":	2.000012,
					"end":	3.000011,
					"seconds":	0.99999898672103882,
					"bytes":	158180968,
					"bits_per_second":	1265449026.2528749,
					"omitted":	false,
					"sender":	false
				}],
			"sum":	{
				"start":	2.000012,
				"end":	3.000011,
				"seconds":	0.99999898672103882,
				"bytes":	158180968,
				"bits_per_second":	1265449026.2528749,
				"omitted":	false,
				"sender":	false
			}
		}, {
			"streams":	[{
					"socket":	5,
					"start":	3.000011,
					"end":	4.00001,
					"seconds":	0.99999898672103882,
					"bytes":	158538624,
					"bits_per_second":	1268310277.15212,
					"omitted":	false,
					"sender":	false
				}],
			"sum":	{
				"start":	3.000011,
				"end":	4.00001,
				"seconds":	0.99999898672103882,
				"bytes":	158538624,
				"bits_per_second":	1268310277.15212,
				"omitted":	false,
				"sender":	false
			}
		}, {
			"streams":	[{
					"socket":	5,
					"start":	4.00001,
					"end":	5.000012,
					"seconds":	1.0000020265579224,
					"bytes":	157944944,
					"bits_per_second":	1263556991.3285689,
					"omitted":	false,
					"sender":	false
				}],
			"sum":	{
				"start":	4.00001,
				"end":	5.000012,
				"seconds":	1.0000020265579224,
				"bytes":	157944944,
				"bits_per_second":	1263556991.3285689,
				"omitted":	false,
				"sender":	false
			}
		}, {
			"streams":	[{
					"socket":	5,
					"start":	5.000012,
					"end":	6.000011,
					"seconds":	0.99999898672103882,
					"bytes":	157433800,
					"bits_per_second":	1259471676.1961517,
					"omitted":	false,
					"sender":	false
				}],
			"sum":	{
				"start":	5.000012,
				"end":	6.000011,
				"seconds":	0.99999898672103882,
				"bytes":	157433800,
				"bits_per_second":	1259471676.1961517,
				"omitted":	false,
				"sender":	false
			}
		}, {
			"streams":	[{
					"socket":	5,
					"start":	6.000011,
					"end":	7.000015,
					"seconds":	1.0000040531158447,
					"bytes":	157818968,
					"bits_per_second":	1262546626.7522624,
					"omitted":	false,
					"sender":	false
				}],
			"sum":	{
				"start":	6.000011,
				"end":	7.000015,
				"seconds":	1.0000040531158447,
				"bytes":	157818968,
				"bits_per_second":	1262546626.7522624,
				"omitted":	false,
				"sender":	false
			}
		}, {
			"streams":	[{
					"socket":	5,
					"start":	7.000015,
					"end":	8.000005,
					"seconds":	0.99998998641967773,
					"bytes":	157548192,
					"bits_per_second":	1260398157.0981841,
					"omitted":	false,
					"sender":	false
				}],
			"sum":	{
				"start":	7.000015,
				"end":	8.000005,
				"seconds":	0.99998998641967773,
				"bytes":	157548192,
				"bits_per_second":	1260398157.0981841,
				"omitted":	false,
				"sender":	false
			}
		}, {
			"streams":	[{
					"socket":	5,
					"start":	8.000005,
					"end":	9.000003,
					"seconds":	0.99999797344207764,
					"bytes":	158110016,
					"bits_per_second":	1264882691.3580391,
					"omitted":	false,
					"sender":	false
				}],
			"sum":	{
				"start":	8.000005,
				"end":	9.000003,
				"seconds":	0.99999797344207764,
				"bytes":	158110016,
				"bits_per_second":	1264882691.3580391,
				"omitted":	false,
				"sender":	false
			}
		}, {
			"streams":	[{
					"socket":	5,
					"start":	9.000003,
					"end":	10.000004,
					"seconds":	1.0000009536743164,
					"bytes":	157866752,
					"bits_per_second":	1262932811.5734143,
					"omitted":	false,
					"sender":	false
				}],
			"sum":	{
				"start":	9.000003,
				"end":	10.000004,
				"seconds":	1.0000009536743164,
				"bytes":	157866752,
				"bits_per_second":	1262932811.5734143,
				"omitted":	false,
				"sender":	false
			}
		}, {
			"streams":	[{
					"socket":	5,
					"start":	10.000004,
					"end":	11.00001,
					"seconds":	1.0000059604644775,
					"bytes":	157538056,
					"bits_per_second":	1260296936.0448816,
					"omitted":	false,
					"sender":	false
				}],
			"sum":	{
				"start":	10.000004,
				"end":	11.00001,
				"seconds":	1.0000059604644775,
				"bytes":	157538056,
				"bits_per_second":	1260296936.0448816,
				"omitted":	false,
				"sender":	false
			}
		}, {
			"streams":	[{
					"socket":	5,
					"start":	11.00001,
					"end":	12.00001,
					"seconds":	1,
					"bytes":	158479256,
					"bits_per_second":	1267834048,
					"omitted":	false,
					"sender":	false
				}],
			"sum":	{
				"start":	11.00001,
				"end":	12.00001,
				"seconds":	1,
				"bytes":	158479256,
				"bits_per_second":	1267834048,
				"omitted":	false,
				"sender":	false
			}
		}, {
			"streams":	[{
					"socket":	5,
					"start":	12.00001,
					"end":	13.000017,
					"seconds":	1.0000070333480835,
					"bytes":	157842136,
					"bits_per_second":	1262728206.7929869,
					"omitted":	false,
					"sender":	false
				}],
			"sum":	{
				"start":	12.00001,
				"end":	13.000017,
				"seconds":	1.0000070333480835,
				"bytes":	157842136,
				"bits_per_second":	1262728206.7929869,
				"omitted":	false,
				"sender":	false
			}
		}, {
			"streams":	[{
					"socket":	5,
					"start":	13.000017,
					"end":	14.000019,
					"seconds":	1.0000020265579224,
					"bytes":	158485048,
					"bits_per_second":	1267877814.57217,
					"omitted":	false,
					"sender":	false
				}],
			"sum":	{
				"start":	13.000017,
				"end":	14.000019,
				"seconds":	1.0000020265579224,
				"bytes":	158485048,
				"bits_per_second":	1267877814.57217,
				"omitted":	false,
				"sender":	false
			}
		}, {
			"streams":	[{
					"socket":	5,
					"start":	14.000019,
					"end":	15.000009,
					"seconds":	0.99998998641967773,
					"bytes":	157559776,
					"bits_per_second":	1260490830.0261719,
					"omitted":	false,
					"sender":	false
				}],
			"sum":	{
				"start":	14.000019,
				"end":	15.000009,
				"seconds":	0.99998998641967773,
				"bytes":	157559776,
				"bits_per_second":	1260490830.0261719,
				"omitted":	false,
				"sender":	false
			}
		}, {
			"streams":	[{
					"socket":	5,
					"start":	15.000009,
					"end":	16.000004,
					"seconds":	0.999994993209839,
					"bytes":	156951616,
					"bits_per_second":	1255619214.62193,
					"omitted":	false,
					"sender":	false
				}],
			"sum":	{
				"start":	15.000009,
				"end":	16.000004,
				"seconds":	0.999994993209839,
				"bytes":	156951616,