{
	"start":	{
		"connected":	[{
				"socket":	5,
				"local_host":	"192.168.105.1",
				"local_port":	50326,
				"remote_host":	"192.168.105.2",
				"remote_port":	5201
			}],
		"version":	"iperf 3.19.1",
		"system_info":	"Darwin mimi-2.local 24.6.0 Darwin Kernel Version 24.6.0: Mon Jul 14 11:29:54 PDT 2025; root:xnu-11417.140.69~1/RELEASE_ARM64_T8122 arm64",
		"timestamp":	{
			"time":	"Sat, 30 Aug 2025 21:20:17 UTC",
			"timesecs":	1756588817
		},
		"connecting_to":	{
			"host":	"192.168.105.2",
			"port":	5201
		},
		"cookie":	"umvxatqfdbpcwnq2xmfkgjjps5o7wnu7bvbj",
		"tcp_mss_default":	1448,
		"target_bitrate":	0,
		"fq_rate":	0,
		"sock_bufsize":	0,
		"sndbuf_actual":	131072,
		"rcvbuf_actual":	131072,
		"test_start":	{
			"protocol":	"TCP",
			"num_streams":	1,
			"blksize":	131072,
			"omit":	0,
			"duration":	30,
			"bytes":	0,
			"blocks":	0,
			"reverse":	0,
			"tos":	0,
			"target_bitrate":	0,
			"bidir":	0,
			"fqrate":	0,
			"interval":	1
		}
	},
	"intervals":	[{
			"streams":	[{
					"socket":	5,
					"start":	0,
					"end":	1.0008,
					"seconds":	1.0008000135421753,
					"bytes":	509083648,
					"bits_per_second":	4069413598.0128775,
					"omitted":	false,
					"sender":	true
				}],
			"sum":	{
				"start":	0,
				"end":	1.0008,
				"seconds":	1.0008000135421753,
				"bytes":	509083648,
				"bits_per_second":	4069413598.0128775,
				"omitted":	false,
				"sender":	true
			}
		}, {
			"streams":	[{
					"socket":	5,
					"start":	1.0008,
					"end":	2.005036,
					"seconds":	1.0042359828948975,
					"bytes":	535429120,
					"bits_per_second":	4265364947.0438271,
					"omitted":	false,
					"sender":	true
				}],
			"sum":	{
				"start":	1.0008,
				"end":	2.005036,
				"seconds":	1.0042359828948975,
				"bytes":	535429120,
				"bits_per_second":	4265364947.0438271,
				"omitted":	false,
				"sender":	true
			}
		}, {
			"streams":	[{
					"socket":	5,
					"start":	2.005036,
					"end":	3.005031,
					"seconds":	0.999994993209839,
					"bytes":	513802240,
					"bits_per_second":	4110438500.10304,
					"omitted":	false,
					"sender":	true
				}],
			"sum":	{
				"start":	2.005036,
				"end":	3.005031,
				"seconds":	0.999994993209839,
				"bytes":	513802240,
				"bits_per_second":	4110438500.10304,
				"omitted":	false,
				"sender":	true
			}
		}, {
			"streams":	[{
					"socket":	5,
					"start":	3.005031,
					"end":	4.005035,
					"seconds":	1.0000040531158447,
					"bytes":	518389760,
					"bits_per_second":	4147101271.3181276,
					"omitted":	false,
					"sender":	true
				}],
			"sum":	{
				"start":	3.005031,
				"end":	4.005035,
				"seconds":	1.0000040531158447,
				"bytes":	518389760,
				"bits_per_second":	4147101271.3181276,
				"omitted":	false,
				"sender":	true
			}
		}, {
			"streams":	[{
					"socket":	5,
					"start":	4.005035,
					"end":	5.005031,
					"seconds":	0.9999960064888,
					"bytes":	518389760,
					"bits_per_second":	4147134641.6286392,
					"omitted":	false,
					"sender":	true
				}],
			"sum":	{
				"start":	4.005035,
				"end":	5.005031,
				"seconds":	0.9999960064888,
				"bytes":	518389760,
				"bits_per_second":	4147134641.6286392,
				"omitted":	false,
				"sender":	true
			}
		}, {
			"streams":	[{
					"socket":	5,
					"start":	5.005031,
					"end":	6.005029,
					"seconds":	0.99999797344207764,
					"bytes":	516292608,
					"bits_per_second":	4130349234.391963,
					"omitted":	false,
					"sender":	true
				}],
			"sum":	{
				"start":	5.005031,
				"end":	6.005029,
				"seconds":	0.99999797344207764,
				"bytes":	516292608,
				"bits_per_second":	4130349234.391963,
				"omitted":	false,
				"sender":	true
			}
		}, {
			"streams":	[{
					"socket":	5,
					"start":	6.005029,
					"end":	7.005029,
					"seconds":	1,
					"bytes":	514064384,
					"bits_per_second":	4112515072,
					"omitted":	false,
					"sender":	true
				}],
			"sum":	{
				"start":	6.005029,
				"end":	7.005029,
				"seconds":	1,
				"bytes":	514064384,
				"bits_per_second":	4112515072,
				"omitted":	false,
				"sender":	true
			}
		}, {
			"streams":	[{
					"socket":	5,
					"start":	7.005029,
					"end":	8.005028,
					"seconds":	0.99999898672103882,
					"bytes":	513409024,
					"bits_per_second":	4107276353.8167171,
					"omitted":	false,
					"sender":	true
				}],
			"sum":	{
				"start":	7.005029,
				"end":	8.005028,
				"seconds":	0.99999898672103882,
				"bytes":	513409024,
				"bits_per_second":	4107276353.8167171,
				"omitted":	false,
				"sender":	true
			}
		}, {
			"streams":	[{
					"socket":	5,
					"start":	8.005028,
					"end":	9.005033,
					"seconds":	1.0000050067901611,
					"bytes":	508428288,
					"bits_per_second":	4067405939.3519616,
					"omitted":	false,
					"sender":	true
				}],
			"sum":	{
				"start":	8.005028,
				"end":	9.005033,
				"seconds":	1.0000050067901611,
				"bytes":	508428288,
				"bits_per_second":	4067405939.3519616,
				"omitted":	false,
				"sender":	true
			}
		}, {
			"streams":	[{
					"socket":	5,
					"start":	9.005033,
					"end":	10.005031,
					"seconds":	0.99999797344207764,
					"bytes":	513933312,
					"bits_per_second":	4111474828.1418858,
					"omitted":	false,
					"sender":	true
				}],
			"sum":	{
				"start":	9.005033,
				"end":	10.005031,
				"seconds":	0.99999797344207764,
				"bytes":	513933312,
				"bits_per_second":	4111474828.1418858,
				"omitted":	false,
				"sender":	true
			}
		}, {
			"streams":	[{
					"socket":	5,
					"start":	10.005031,
					"end":	11.005027,
					"seconds":	0.9999960064888,
					"bytes":	508428288,
					"bits_per_second":	4067442547.377368,
					"omitted":	false,
					"sender":	true
				}],
			"sum":	{
				"start":	10.005031,
				"end":	11.005027,
				"seconds":	0.9999960064888,
				"bytes":	508428288,
				"bits_per_second":	4067442547.377368,
				"omitted":	false,
				"sender":	true
			}
		}, {
			"streams":	[{
					"socket":	5,
					"start":	11.005027,
					"end":	12.001786,
					"seconds":	0.996758997440338,
					"bytes":	512098304,
					"bits_per_second":	4110107300.2806945,
					"omitted":	false,
					"sender":	true
				}],
			"sum":	{
				"start":	11.005027,
				"end":	12.001786,
				"seconds":	0.996758997440338,
				"bytes":	512098304,
				"bits_per_second":	4110107300.2806945,
				"omitted":	false,
				"sender":	true
			}
		}, {
			"streams":	[{
					"socket":	5,
					"start":	12.001786,
					"end":	13.005028,
					"seconds":	1.003242015838623,
					"bytes":	515112960,
					"bits_per_second":	4107586818.4759817,
					"omitted":	false,
					"sender":	true
				}],
			"sum":	{
				"start":	12.001786,
				"end":	13.005028,
				"seconds":	1.003242015838623,
				"bytes":	515112960,
				"bits_per_second":	4107586818.4759817,
				"omitted":	false,
				"sender":	true
			}
		}, {
			"streams":	[{
					"socket":	5,
					"start":	13.005028,
					"end":	14.002779,
					"seconds":	0.997750997543335,
					"bytes":	509739008,
					"bits_per_second":	4087103970.8711348,
					"omitted":	false,
					"sender":	true
				}],
			"sum":	{
				"start":	13.005028,
				"end":	14.002779,
				"seconds":	0.997750997543335,
				"bytes":	509739008,
				"bits_per_second":	4087103970.8711348,
				"omitted":	false,
				"sender":	true
			}
		}, {
			"streams":	[{
					"socket":	5,
					"start":	14.002779,
					"end":	15.005023,
					"seconds":	1.0022439956665039,
					"bytes":	513277952,
					"bits_per_second":	4097029898.6618657,
					"omitted":	false,
					"sender":	true
				}],
			"sum":	{
				"start":	14.002779,
				"end":	15.005023,
				"seconds":	1.0022439956665039,
				"bytes":	513277952,
				"bits_per_second":	4097029898.6618657,
				"omitted":	false,
				"sender":	true
			}
		}, {
			"streams":	[{
					"socket":	5,
					"start":	15.005023,
					"end":	16.005024,
					"seconds":	1.0000009536743164,
					"bytes":	514195456,
					"bits_per_second":	4113559725.0037413,
					"omitted":	false,
					"sender":	true
				}],
			"sum":	{
				"start":	15.005023,
				"end":	16.005024,
				"seconds":	1.0000009536743164,
				"bytes":	514195456,