{
	"start":	{
		"connected":	[{
				"socket":	5,
				"local_host":	"192.168.105.1",
				"local_port":	50329,
				"remote_host":	"192.168.105.2",
				"remote_port":	5201
			}],
		"version":	"iperf 3.19.1",
		"system_info":	"Darwin mimi-2.local 24.6.0 Darwin Kernel Version 24.6.0: Mon Jul 14 11:29:54 PDT 2025; root:xnu-11417.140.69~1/RELEASE_ARM64_T8122 arm64",
		"timestamp":	{
			"time":	"Sat, 30 Aug 2025 21:20:47 UTC",
			"timesecs":	1756588847
		},
		"connecting_to":	{
			"host":	"192.168.105.2",
			"port":	5201
		},
		"cookie":	"txrdekwsrinp7rku3hwdpjoqz7fxzm4dpc74",
		"tcp_mss_default":	1448,
		"target_bitrate":	0,
		"fq_rate":	0,
		"sock_bufsize":	0,
		"sndbuf_actual":	131072,
		"rcvbuf_actual":	131072,
		"test_start":	{
			"protocol":	"TCP",
			"num_streams":	1,
			"blksize":	131072,
			"omit":	0,
			"duration":	30,
			"bytes":	0,
			"blocks":	0,
			"reverse":	1,
			"tos":	0,
			"target_bitrate":	0,
			"bidir":	0,
			"fqrate":	0,
			"interval":	1
		}
	},
	"intervals":	[{
			"streams":	[{
					"socket":	5,
					"start":	0,
					"end":	1.00505,
					"seconds":	1.00504994392395,
					"bytes":	992739328,
					"bits_per_second":	7902009917.0324879,
					"omitted":	false,
					"sender":	false
				}],
			"sum":	{
				"start":	0,
				"end":	1.00505,
				"seconds":	1.00504994392395,
				"bytes":	992739328,
				"bits_per_second":	7902009917.0324879,
				"omitted":	false,
				"sender":	false
			}
		}, {
			"streams":	[{
					"socket":	5,
					"start":	1.00505,
					"end":	2.005026,
					"seconds":	0.99997597932815552,
					"bytes":	1012793344,
					"bits_per_second":	8102541380.487607,
					"omitted":	false,
					"sender":	false
				}],
			"sum":	{
				"start":	1.00505,
				"end":	2.005026,
				"seconds":	0.99997597932815552,
				"bytes":	1012793344,
				"bits_per_second":	8102541380.487607,
				"omitted":	false,
				"sender":	false
			}
		}, {
			"streams":	[{
					"socket":	5,
					"start":	2.005026,
					"end":	3.00502,
					"seconds":	0.99999397993087769,
					"bytes":	1016987648,
					"bits_per_second":	8135950162.982357,
					"omitted":	false,
					"sender":	false
				}],
			"sum":	{
				"start":	2.005026,
				"end":	3.00502,
				"seconds":	0.99999397993087769,
				"bytes":	1016987648,
				"bits_per_second":	8135950162.982357,
				"omitted":	false,
				"sender":	false
			}
		}, {
			"streams":	[{
					"socket":	5,
					"start":	3.00502,
					"end":	4.005023,
					"seconds":	1.0000029802322388,
					"bytes":	1016987648,
					"bits_per_second":	8135876937.19726,
					"omitted":	false,
					"sender":	false
				}],
			"sum":	{
				"start":	3.00502,
				"end":	4.005023,
				"seconds":	1.0000029802322388,
				"bytes":	1016987648,
				"bits_per_second":	8135876937.19726,
				"omitted":	false,
				"sender":	false
			}
		}, {
			"streams":	[{
					"socket":	5,
					"start":	4.005023,
					"end":	5.005083,
					"seconds":	1.000059962272644,
					"bytes":	1015545856,
					"bits_per_second":	8123879721.7092,
					"omitted":	false,
					"sender":	false
				}],
			"sum":	{
				"start":	4.005023,
				"end":	5.005083,
				"seconds":	1.000059962272644,
				"bytes":	1015545856,
				"bits_per_second":	8123879721.7092,
				"omitted":	false,
				"sender":	false
			}
		}, {
			"streams":	[{
					"socket":	5,
					"start":	5.005083,
					"end":	6.005019,
					"seconds":	0.99993598461151123,
					"bytes":	1018429440,
					"bits_per_second":	8147957114.6400833,
					"omitted":	false,
					"sender":	false
				}],
			"sum":	{
				"start":	5.005083,
				"end":	6.005019,
				"seconds":	0.99993598461151123,
				"bytes":	1018429440,
				"bits_per_second":	8147957114.6400833,
				"omitted":	false,
				"sender":	false
			}
		}, {
			"streams":	[{
					"socket":	5,
					"start":	6.005019,
					"end":	7.005026,
					"seconds":	1.0000070333480835,
					"bytes":	1027735552,
					"bits_per_second":	8221826589.0317173,
					"omitted":	false,
					"sender":	false
				}],
			"sum":	{
				"start":	6.005019,
				"end":	7.005026,
				"seconds":	1.0000070333480835,
				"bytes":	1027735552,
				"bits_per_second":	8221826589.0317173,
				"omitted":	false,
				"sender":	false
			}
		}, {
			"streams":	[{
					"socket":	5,
					"start":	7.005026,
					"end":	8.005021,
					"seconds":	0.999994993209839,
					"bytes":	1024458752,
					"bits_per_second":	8195711050.20545,
					"omitted":	false,
					"sender":	false
				}],
			"sum":	{
				"start":	7.005026,
				"end":	8.005021,
				"seconds":	0.999994993209839,
				"bytes":	1024458752,
				"bits_per_second":	8195711050.20545,
				"omitted":	false,
				"sender":	false
			}
		}, {
			"streams":	[{
					"socket":	5,
					"start":	8.005021,
					"end":	9.005022,
					"seconds":	1.0000009536743164,
					"bytes":	1011613696,
					"bits_per_second":	8092901850.00736,
					"omitted":	false,
					"sender":	false
				}],
			"sum":	{
				"start":	8.005021,
				"end":	9.005022,
				"seconds":	1.0000009536743164,
				"bytes":	1011613696,
				"bits_per_second":	8092901850.00736,
				"omitted":	false,
				"sender":	false
			}
		}, {
			"streams":	[{
					"socket":	5,
					"start":	9.005022,
					"end":	10.005021,
					"seconds":	0.99999898672103882,
					"bytes":	1025769472,
					"bits_per_second":	8206164091.1334257,
					"omitted":	false,
					"sender":	false
				}],
			"sum":	{
				"start":	9.005022,
				"end":	10.005021,
				"seconds":	0.99999898672103882,
				"bytes":	1025769472,
				"bits_per_second":	8206164091.1334257,
				"omitted":	false,
				"sender":	false
			}
		}, {
			"streams":	[{
					"socket":	5,
					"start":	10.005021,
					"end":	11.005018,
					"seconds":	0.99999701976776123,
					"bytes":	1013055488,
					"bits_per_second":	8104468057.1969824,
					"omitted":	false,
					"sender":	false
				}],
			"sum":	{
				"start":	10.005021,
				"end":	11.005018,
				"seconds":	0.99999701976776123,
				"bytes":	1013055488,
				"bits_per_second":	8104468057.1969824,
				"omitted":	false,
				"sender":	false
			}
		}, {
			"streams":	[{
					"socket":	5,
					"start":	11.005018,
					"end":	12.005025,
					"seconds":	1.0000070333480835,
					"bytes":	1010434048,
					"bits_per_second":	8083415530.52487,
					"omitted":	false,
					"sender":	false
				}],
			"sum":	{
				"start":	11.005018,
				"end":	12.005025,
				"seconds":	1.0000070333480835,
				"bytes":	1010434048,
				"bits_per_second":	8083415530.52487,
				"omitted":	false,
				"sender":	false
			}
		}, {
			"streams":	[{
					"socket":	5,
					"start":	12.005025,
					"end":	13.005017,
					"seconds":	0.9999920129776,
					"bytes":	1018298368,
					"bits_per_second":	8146452009.8946829,
					"omitted":	false,
					"sender":	false
				}],
			"sum":	{
				"start":	12.005025,
				"end":	13.005017,
				"seconds":	0.9999920129776,
				"bytes":	1018298368,
				"bits_per_second":	8146452009.8946829,
				"omitted":	false,
				"sender":	false
			}
		}, {
			"streams":	[{
					"socket":	5,
					"start":	13.005017,
					"end":	14.00502,
					"seconds":	1.0000029802322388,
					"bytes":	1031012352,
					"bits_per_second":	8248074234.8232574,
					"omitted":	false,
					"sender":	false
				}],
			"sum":	{
				"start":	13.005017,
				"end":	14.00502,
				"seconds":	1.0000029802322388,
				"bytes":	1031012352,
				"bits_per_second":	8248074234.8232574,
				"omitted":	false,
				"sender":	false
			}
		}, {
			"streams":	[{
					"socket":	5,
					"start":	14.00502,
					"end":	15.005023,
					"seconds":	1.0000029802322388,
					"bytes":	1046085632,
					"bits_per_second":	8368660115.4493284,
					"omitted":	false,
					"sender":	false
				}],
			"sum":	{
				"start":	14.00502,
				"end":	15.005023,
				"seconds":	1.0000029802322388,
				"bytes":	1046085632,
				"bits_per_second":	8368660115.4493284,
				"omitted":	false,
				"sender":	false
			}
		}, {
			"streams":	[{
					"socket":	5,
					"start":	15.005023,
					"end":	16.005024,
					"seconds":	1.0000009536743164,
					"bytes":	1031274496,
					"bits_per_second":	8250188100.0075035,
					"omitted":	false,
					"sender":	false
				}],