{
	"start":	{
		"connected":	[{
				"socket":	5,
				"local_host":	"10.100.102.3",
				"local_port":	52235,
				"remote_host":	"10.100.102.6",
				"remote_port":	5201
			}],
		"version":	"iperf 3.20",
		"system_info":	"Darwin space-gray 25.3.0 Darwin Kernel Version 25.3.0: Wed Jan 28 20:53:05 PST 2026; root:xnu-12377.81.4~5/RELEASE_ARM64_T6020 arm64",
		"timestamp":	{
			"time":	"Fri, 27 Feb 2026 18:16:17 UTC",
			"timesecs":	1772216177,
			"timemillisecs":	1772216177241
		},
		"connecting_to":	{
			"host":	"10.100.102.6",
			"port":	5201
		},
		"cookie":	"x6qidqspmbec33w4qfa2ua5mhqgldy5ew3p2",
		"tcp_mss_default":	1448,
		"target_bitrate":	0,
		"fq_rate":	0,
		"sock_bufsize":	0,
		"sndbuf_actual":	131072,
		"rcvbuf_actual":	131072,
		"test_start":	{
			"protocol":	"TCP",
			"num_streams":	1,
			"blksize":	131072,
			"omit":	0,
			"duration":	30,
			"bytes":	0,
			"blocks":	0,
			"reverse":	1,
			"tos":	0,
			"target_bitrate":	0,
			"bidir":	0,
			"fqrate":	0,
			"interval":	1
		}
	},
	"intervals":	[{
			"streams":	[{
					"socket":	5,
					"start":	0,
					"end":	1.008784,
					"seconds":	1.0087840557098389,
					"bytes":	5566103552,
					"bits_per_second":	44141090616.927856,
					"omitted":	false,
					"sender":	false
				}],
			"sum":	{
				"start":	0,
				"end":	1.008784,
				"seconds":	1.0087840557098389,
				"bytes":	5566103552,
				"bits_per_second":	44141090616.927856,
				"omitted":	false,
				"sender":	false
			}
		}, {
			"streams":	[{
					"socket":	5,
					"start":	1.008784,
					"end":	2.005466,
					"seconds":	0.99668198823928833,
					"bytes":	5515640832,
					"bits_per_second":	44272021744.8198,
					"omitted":	false,
					"sender":	false
				}],
			"sum":	{
				"start":	1.008784,
				"end":	2.005466,
				"seconds":	0.99668198823928833,
				"bytes":	5515640832,
				"bits_per_second":	44272021744.8198,
				"omitted":	false,
				"sender":	false
			}
		}, {
			"streams":	[{
					"socket":	5,
					"start":	2.005466,
					"end":	3.00661,
					"seconds":	1.0011440515518188,
					"bytes":	5565710336,
					"bits_per_second":	44474801222.6444,
					"omitted":	false,
					"sender":	false
				}],
			"sum":	{
				"start":	2.005466,
				"end":	3.00661,
				"seconds":	1.0011440515518188,
				"bytes":	5565710336,
				"bits_per_second":	44474801222.6444,
				"omitted":	false,
				"sender":	false
			}
		}, {
			"streams":	[{
					"socket":	5,
					"start":	3.00661,
					"end":	4.010007,
					"seconds":	1.0033969879150391,
					"bytes":	5535694848,
					"bits_per_second":	44135630580.2961,
					"omitted":	false,
					"sender":	false
				}],
			"sum":	{
				"start":	3.00661,
				"end":	4.010007,
				"seconds":	1.0033969879150391,
				"bytes":	5535694848,
				"bits_per_second":	44135630580.2961,
				"omitted":	false,
				"sender":	false
			}
		}, {
			"streams":	[{
					"socket":	5,
					"start":	4.010007,
					"end":	5.01001,
					"seconds":	1.0000029802322388,
					"bytes":	5538447360,
					"bits_per_second":	44307446833.518532,
					"omitted":	false,
					"sender":	false
				}],
			"sum":	{
				"start":	4.010007,
				"end":	5.01001,
				"seconds":	1.0000029802322388,
				"bytes":	5538447360,
				"bits_per_second":	44307446833.518532,
				"omitted":	false,
				"sender":	false
			}
		}, {
			"streams":	[{
					"socket":	5,
					"start":	5.01001,
					"end":	6.004236,
					"seconds":	0.99422597885131836,
					"bytes":	5513019392,
					"bits_per_second":	44360292402.4937,
					"omitted":	false,
					"sender":	false
				}],
			"sum":	{
				"start":	5.01001,
				"end":	6.004236,
				"seconds":	0.99422597885131836,
				"bytes":	5513019392,
				"bits_per_second":	44360292402.4937,
				"omitted":	false,
				"sender":	false
			}
		}, {
			"streams":	[{
					"socket":	5,
					"start":	6.004236,
					"end":	7.009321,
					"seconds":	1.0050849914550781,
					"bytes":	5597167616,
					"bits_per_second":	44550800488.2006,
					"omitted":	false,
					"sender":	false
				}],
			"sum":	{
				"start":	6.004236,
				"end":	7.009321,
				"seconds":	1.0050849914550781,
				"bytes":	5597167616,
				"bits_per_second":	44550800488.2006,
				"omitted":	false,
				"sender":	false
			}
		}, {
			"streams":	[{
					"socket":	5,
					"start":	7.009321,
					"end":	8.010014,
					"seconds":	1.0006929636001587,
					"bytes":	5555748864,
					"bits_per_second":	44415212786.245827,
					"omitted":	false,
					"sender":	false
				}],
			"sum":	{
				"start":	7.009321,
				"end":	8.010014,
				"seconds":	1.0006929636001587,
				"bytes":	5555748864,
				"bits_per_second":	44415212786.245827,
				"omitted":	false,
				"sender":	false
			}
		}, {
			"streams":	[{
					"socket":	5,
					"start":	8.010014,
					"end":	9.006409,
					"seconds":	0.99639499187469482,
					"bytes":	5533073408,
					"bits_per_second":	44424738808.368729,
					"omitted":	false,
					"sender":	false
				}],
			"sum":	{
				"start":	8.010014,
				"end":	9.006409,
				"seconds":	0.99639499187469482,
				"bytes":	5533073408,
				"bits_per_second":	44424738808.368729,
				"omitted":	false,
				"sender":	false
			}
		}, {
			"streams":	[{
					"socket":	5,
					"start":	9.006409,
					"end":	10.00894,
					"seconds":	1.0025310516357422,
					"bytes":	5555748864,
					"bits_per_second":	44333779826.052635,
					"omitted":	false,
					"sender":	false
				}],
			"sum":	{
				"start":	9.006409,
				"end":	10.00894,
				"seconds":	1.0025310516357422,
				"bytes":	5555748864,
				"bits_per_second":	44333779826.052635,
				"omitted":	false,
				"sender":	false
			}
		}, {
			"streams":	[{
					"socket":	5,
					"start":	10.00894,
					"end":	11.001785,
					"seconds":	0.99284499883651733,
					"bytes":	5509873664,
					"bits_per_second":	44396647375.627342,
					"omitted":	false,
					"sender":	false
				}],
			"sum":	{
				"start":	10.00894,
				"end":	11.001785,
				"seconds":	0.99284499883651733,
				"bytes":	5509873664,
				"bits_per_second":	44396647375.627342,
				"omitted":	false,
				"sender":	false
			}
		}, {
			"streams":	[{
					"socket":	5,
					"start":	11.001785,
					"end":	12.006744,
					"seconds":	1.0049589872360229,
					"bytes":	5590876160,
					"bits_per_second":	44506303091.04892,
					"omitted":	false,
					"sender":	false
				}],
			"sum":	{
				"start":	11.001785,
				"end":	12.006744,
				"seconds":	1.0049589872360229,
				"bytes":	5590876160,
				"bits_per_second":	44506303091.04892,
				"omitted":	false,
				"sender":	false
			}
		}, {
			"streams":	[{
					"socket":	5,
					"start":	12.006744,
					"end":	13.005757,
					"seconds":	0.99901300668716431,
					"bytes":	5550374912,
					"bits_per_second":	44446868057.5493,
					"omitted":	false,
					"sender":	false
				}],
			"sum":	{
				"start":	12.006744,
				"end":	13.005757,
				"seconds":	0.99901300668716431,
				"bytes":	5550374912,
				"bits_per_second":	44446868057.5493,
				"omitted":	false,
				"sender":	false
			}
		}, {
			"streams":	[{
					"socket":	5,
					"start":	13.005757,
					"end":	14.000657,
					"seconds":	0.99489998817443848,
					"bytes":	5495848960,
					"bits_per_second":	44192172281.231529,
					"omitted":	false,
					"sender":	false
				}],
			"sum":	{
				"start":	13.005757,
				"end":	14.000657,
				"seconds":	0.99489998817443848,
				"bytes":	5495848960,
				"bits_per_second":	44192172281.231529,
				"omitted":	false,
				"sender":	false
			}
		}, {
			"streams":	[{
					"socket":	5,
					"start":	14.000657,
					"end":	15.01001,
					"seconds":	1.0093530416488647,
					"bytes":	5613027328,
					"bits_per_second":	44488119390.461349,
					"omitted":	false,
					"sender":	false
				}],
			"sum":	{
				"start":	14.000657,
				"end":	15.01001,
				"seconds":	1.0093530416488647,
				"bytes":	5613027328,
				"bits_per_second":	44488119390.461349,
				"omitted":	false,
				"sender":	false
			}
		}, {
			"streams":	[{
					"socket":	5,
					"start":	15.01001,
					"end":	16.008786,
					"seconds":	0.99877601861953735,
					"bytes":	5539102720,
					"bits_per_second":	44367126296.491539,
					"omitted":	false,