{
	"start":	{
		"connected":	[{
				"socket":	5,
				"local_host":	"10.100.102.151",
				"local_port":	49637,
				"remote_host":	"10.100.102.179",
				"remote_port":	5201
			}],
		"version":	"iperf 3.8.1 -  -- Apple version iperf3-117",
		"system_info":	"Darwin space-gray.local 24.3.0 Darwin Kernel Version 24.3.0: Thu Jan  2 20:24:23 PST 2025; root:xnu-11215.81.4~3/RELEASE_ARM64_T6020 arm64",
		"timestamp":	{
			"time":	"Sat, 22 Feb 2025 15:05:44 UTC",
			"timesecs":	1740236744
		},
		"connecting_to":	{
			"host":	"10.100.102.179",
			"port":	5201
		},
		"cookie":	"os2tqmeye2kwcjrbgoo4gxvpaviyzajq2rfa",
		"tcp_mss_default":	1448,
		"sock_bufsize":	0,
		"sndbuf_actual":	131072,
		"rcvbuf_actual":	131072,
		"test_start":	{
			"protocol":	"TCP",
			"num_streams":	1,
			"blksize":	131072,
			"omit":	0,
			"duration":	30,
			"bytes":	0,
			"blocks":	0,
			"reverse":	0,
			"tos":	0
		}
	},
	"intervals":	[{
			"streams":	[{
					"socket":	5,
					"start":	0,
					"end":	1.000134,
					"seconds":	1.0001339912414551,
					"bytes":	329116344,
					"bits_per_second":	2632578009.6042657,
					"retransmits":	0,
					"snd_cwnd":	6779573,
					"rtt":	10,
					"rttvar":	1,
					"pmtu":	-1,
					"omitted":	false,
					"sender":	true
				}],
			"sum":	{
				"start":	0,
				"end":	1.000134,
				"seconds":	1.0001339912414551,
				"bytes":	329116344,
				"bits_per_second":	2632578009.6042657,
				"retransmits":	0,
				"omitted":	false,
				"sender":	true
			}
		}, {
			"streams":	[{
					"socket":	5,
					"start":	1.000134,
					"end":	2.00001,
					"seconds":	0.99987602233886719,
					"bytes":	330928816,
					"bits_per_second":	2647758790.9421449,
					"retransmits":	0,
					"snd_cwnd":	7099581,
					"rtt":	8,
					"rttvar":	0,
					"pmtu":	-1,
					"omitted":	false,
					"sender":	true
				}],
			"sum":	{
				"start":	1.000134,
				"end":	2.00001,
				"seconds":	0.99987602233886719,
				"bytes":	330928816,
				"bits_per_second":	2647758790.9421449,
				"retransmits":	0,
				"omitted":	false,
				"sender":	true
			}
		}, {
			"streams":	[{
					"socket":	5,
					"start":	2.00001,
					"end":	3.000117,
					"seconds":	1.0001070499420166,
					"bytes":	330579848,
					"bits_per_second":	2644355705.8750148,
					"retransmits":	0,
					"snd_cwnd":	7099581,
					"rtt":	10,
					"rttvar":	0,
					"pmtu":	-1,
					"omitted":	false,
					"sender":	true
				}],
			"sum":	{
				"start":	2.00001,
				"end":	3.000117,
				"seconds":	1.0001070499420166,
				"bytes":	330579848,
				"bits_per_second":	2644355705.8750148,
				"retransmits":	0,
				"omitted":	false,
				"sender":	true
			}
		}, {
			"streams":	[{
					"socket":	5,
					"start":	3.000117,
					"end":	4.000028,
					"seconds":	0.99991101026535034,
					"bytes":	331089544,
					"bits_per_second":	2648952081.5428362,
					"retransmits":	0,
					"snd_cwnd":	7099581,
					"rtt":	11,
					"rttvar":	0,
					"pmtu":	-1,
					"omitted":	false,
					"sender":	true
				}],
			"sum":	{
				"start":	3.000117,
				"end":	4.000028,
				"seconds":	0.99991101026535034,
				"bytes":	331089544,
				"bits_per_second":	2648952081.5428362,
				"retransmits":	0,
				"omitted":	false,
				"sender":	true
			}
		}, {
			"streams":	[{
					"socket":	5,
					"start":	4.000028,
					"end":	5.000153,
					"seconds":	1.0001250505447388,
					"bytes":	331636616,
					"bits_per_second":	2652761198.7670321,
					"retransmits":	0,
					"snd_cwnd":	7345741,
					"rtt":	9,
					"rttvar":	0,
					"pmtu":	-1,
					"omitted":	false,
					"sender":	true
				}],
			"sum":	{
				"start":	4.000028,
				"end":	5.000153,
				"seconds":	1.0001250505447388,
				"bytes":	331636616,
				"bits_per_second":	2652761198.7670321,
				"retransmits":	0,
				"omitted":	false,
				"sender":	true
			}
		}, {
			"streams":	[{
					"socket":	5,
					"start":	5.000153,
					"end":	6.000056,
					"seconds":	0.99990302324295044,
					"bytes":	331254616,
					"bits_per_second":	2650293944.9120054,
					"retransmits":	0,
					"snd_cwnd":	7345741,
					"rtt":	10,
					"rttvar":	0,
					"pmtu":	-1,
					"omitted":	false,
					"sender":	true
				}],
			"sum":	{
				"start":	5.000153,
				"end":	6.000056,
				"seconds":	0.99990302324295044,
				"bytes":	331254616,
				"bits_per_second":	2650293944.9120054,
				"retransmits":	0,
				"omitted":	false,
				"sender":	true
			}
		}, {
			"streams":	[{
					"socket":	5,
					"start":	6.000056,
					"end":	7.000125,
					"seconds":	1.00006902217865,
					"bytes":	326522552,
					"bits_per_second":	2612000130.06039,
					"retransmits":	0,
					"snd_cwnd":	7345741,
					"rtt":	9,
					"rttvar":	0,
					"pmtu":	-1,
					"omitted":	false,
					"sender":	true
				}],
			"sum":	{
				"start":	6.000056,
				"end":	7.000125,
				"seconds":	1.00006902217865,
				"bytes":	326522552,
				"bits_per_second":	2612000130.06039,
				"retransmits":	0,
				"omitted":	false,
				"sender":	true
			}
		}, {
			"streams":	[{
					"socket":	5,
					"start":	7.000125,
					"end":	8.000173,
					"seconds":	1.000048041343689,
					"bytes":	328538168,
					"bits_per_second":	2628179082.74541,
					"retransmits":	0,
					"snd_cwnd":	7345741,
					"rtt":	11,
					"rttvar":	0,
					"pmtu":	-1,
					"omitted":	false,
					"sender":	true
				}],
			"sum":	{
				"start":	7.000125,
				"end":	8.000173,
				"seconds":	1.000048041343689,
				"bytes":	328538168,
				"bits_per_second":	2628179082.74541,
				"retransmits":	0,
				"omitted":	false,
				"sender":	true
			}
		}, {
			"streams":	[{
					"socket":	5,
					"start":	8.000173,
					"end":	9.000061,
					"seconds":	0.999888002872467,
					"bytes":	336833760,
					"bits_per_second":	2694971909.1126027,
					"retransmits":	0,
					"snd_cwnd":	7345741,
					"rtt":	10,
					"rttvar":	0,
					"pmtu":	-1,
					"omitted":	false,
					"sender":	true
				}],
			"sum":	{
				"start":	8.000173,
				"end":	9.000061,
				"seconds":	0.999888002872467,
				"bytes":	336833760,
				"bits_per_second":	2694971909.1126027,
				"retransmits":	0,
				"omitted":	false,
				"sender":	true
			}
		}, {
			"streams":	[{
					"socket":	5,
					"start":	9.000061,
					"end":	10.000155,
					"seconds":	1.0000940561294556,
					"bytes":	341548448,
					"bits_per_second":	2732130610.3696218,
					"retransmits":	0,
					"snd_cwnd":	7345741,
					"rtt":	9,
					"rttvar":	0,
					"pmtu":	-1,
					"omitted":	false,
					"sender":	true
				}],
			"sum":	{
				"start":	9.000061,
				"end":	10.000155,
				"seconds":	1.0000940561294556,
				"bytes":	341548448,
				"bits_per_second":	2732130610.3696218,
				"retransmits":	0,
				"omitted":	false,
				"sender":	true
			}
		}, {
			"streams":	[{
					"socket":	5,
					"start":	10.000155,
					"end":	11.000023,
					"seconds":	0.99986797571182251,
					"bytes":	340762184,
					"bits_per_second":	2726457430.6015215,
					"retransmits":	0,
					"snd_cwnd":	7345741,
					"rtt":	8,
					"rttvar":	1,
					"pmtu":	-1,
					"omitted":	false,
					"sender":	true
				}],
			"sum":	{
				"start":	10.000155,
				"end":	11.000023,
				"seconds":	0.99986797571182251,
				"bytes":	340762184,
				"bits_per_second":	2726457430.6015215,
				"retransmits":	0,
				"omitted":	false,
				"sender":	true
			}
		}, {
			"streams":	[{
					"socket":	5,
					"start":	11.000023,
					"end":	12.000023,
					"seconds":	1,
					"bytes":	341014136,
					"bits_per_second":	2728113088,
					"retransmits":	0,
					"snd_cwnd":	7345741,
					"rtt":	8,
					"rttvar":	1,
					"pmtu":	-1,
					"omitted":	false,
					"sender":	true
				}],
			"sum":	{
				"start":	11.000023,
				"end":	12.000023,
				"seconds":	1,
				"bytes":	341014136,
				"bits_per_second":	2728113088,
				"retransmits":	0,
				"omitted":	false,
				"sender":	true
			}
		}, {
			"streams":	[{
					"socket":	5,
					"start":	12.000023,
					"end":	13.000077,
					"seconds":	1.0000540018081665,
					"bytes":	342043664,
					"bits_per_second":	2736201552.1686749,
					"retransmits":	0,
					"snd_cwnd":	7345741,
					"rtt":	8,
					"rttvar":	1,
					"pmtu":	-1,
					"omitted":	false,