{
	"start":	{
		"connected":	[{
				"socket":	5,
				"local_host":	"10.100.102.151",
				"local_port":	49639,
				"remote_host":	"10.100.102.179",
				"remote_port":	5201
			}],
		"version":	"iperf 3.8.1 -  -- Apple version iperf3-117",
		"system_info":	"Darwin space-gray.local 24.3.0 Darwin Kernel Version 24.3.0: Thu Jan  2 20:24:23 PST 2025; root:xnu-11215.81.4~3/RELEASE_ARM64_T6020 arm64",
		"timestamp":	{
			"time":	"Sat, 22 Feb 2025 15:06:14 UTC",
			"timesecs":	1740236774
		},
		"connecting_to":	{
			"host":	"10.100.102.179",
			"port":	5201
		},
		"cookie":	"prn45n4c2om5tipfxzes555x7m3sydwridvc",
		"tcp_mss_default":	1448,
		"sock_bufsize":	0,
		"sndbuf_actual":	131072,
		"rcvbuf_actual":	131072,
		"test_start":	{
			"protocol":	"TCP",
			"num_streams":	1,
			"blksize":	131072,
			"omit":	0,
			"duration":	30,
			"bytes":	0,
			"blocks":	0,
			"reverse":	1,
			"tos":	0
		}
	},
	"intervals":	[{
			"streams":	[{
					"socket":	5,
					"start":	0,
					"end":	1.000001,
					"seconds":	1.0000009536743164,
					"bytes":	245658296,
					"bits_per_second":	1965264493.7777274,
					"omitted":	false,
					"sender":	false
				}],
			"sum":	{
				"start":	0,
				"end":	1.000001,
				"seconds":	1.0000009536743164,
				"bytes":	245658296,
				"bits_per_second":	1965264493.7777274,
				"omitted":	false,
				"sender":	false
			}
		}, {
			"streams":	[{
					"socket":	5,
					"start":	1.000001,
					"end":	2.00003,
					"seconds":	1.0000289678573608,
					"bytes":	248085840,
					"bits_per_second":	1984629229.5435643,
					"omitted":	false,
					"sender":	false
				}],
			"sum":	{
				"start":	1.000001,
				"end":	2.00003,
				"seconds":	1.0000289678573608,
				"bytes":	248085840,
				"bits_per_second":	1984629229.5435643,
				"omitted":	false,
				"sender":	false
			}
		}, {
			"streams":	[{
					"socket":	5,
					"start":	2.00003,
					"end":	3.000016,
					"seconds":	0.99998599290847778,
					"bytes":	248462320,
					"bits_per_second":	1987726402.2656376,
					"omitted":	false,
					"sender":	false
				}],
			"sum":	{
				"start":	2.00003,
				"end":	3.000016,
				"seconds":	0.99998599290847778,
				"bytes":	248462320,
				"bits_per_second":	1987726402.2656376,
				"omitted":	false,
				"sender":	false
			}
		}, {
			"streams":	[{
					"socket":	5,
					"start":	3.000016,
					"end":	4.000006,
					"seconds":	0.99998998641967773,
					"bytes":	248004752,
					"bits_per_second":	1984057883.5229807,
					"omitted":	false,
					"sender":	false
				}],
			"sum":	{
				"start":	3.000016,
				"end":	4.000006,
				"seconds":	0.99998998641967773,
				"bytes":	248004752,
				"bits_per_second":	1984057883.5229807,
				"omitted":	false,
				"sender":	false
			}
		}, {
			"streams":	[{
					"socket":	5,
					"start":	4.000006,
					"end":	5.000002,
					"seconds":	0.9999960064888,
					"bytes":	247602208,
					"bits_per_second":	1980825574.4491167,
					"omitted":	false,
					"sender":	false
				}],
			"sum":	{
				"start":	4.000006,
				"end":	5.000002,
				"seconds":	0.9999960064888,
				"bytes":	247602208,
				"bits_per_second":	1980825574.4491167,
				"omitted":	false,
				"sender":	false
			}
		}, {
			"streams":	[{
					"socket":	5,
					"start":	5.000002,
					"end":	6.000005,
					"seconds":	1.0000029802322388,
					"bytes":	247980136,
					"bits_per_second":	1983835175.710453,
					"omitted":	false,
					"sender":	false
				}],
			"sum":	{
				"start":	5.000002,
				"end":	6.000005,
				"seconds":	1.0000029802322388,
				"bytes":	247980136,
				"bits_per_second":	1983835175.710453,
				"omitted":	false,
				"sender":	false
			}
		}, {
			"streams":	[{
					"socket":	5,
					"start":	6.000005,
					"end":	7.000006,
					"seconds":	1.0000009536743164,
					"bytes":	247568904,
					"bits_per_second":	1980549343.200959,
					"omitted":	false,
					"sender":	false
				}],
			"sum":	{
				"start":	6.000005,
				"end":	7.000006,
				"seconds":	1.0000009536743164,
				"bytes":	247568904,
				"bits_per_second":	1980549343.200959,
				"omitted":	false,
				"sender":	false
			}
		}, {
			"streams":	[{
					"socket":	5,
					"start":	7.000006,
					"end":	8.00002,
					"seconds":	1.0000139474868774,
					"bytes":	248106112,
					"bits_per_second":	1984821212.7321813,
					"omitted":	false,
					"sender":	false
				}],
			"sum":	{
				"start":	7.000006,
				"end":	8.00002,
				"seconds":	1.0000139474868774,
				"bytes":	248106112,
				"bits_per_second":	1984821212.7321813,
				"omitted":	false,
				"sender":	false
			}
		}, {
			"streams":	[{
					"socket":	5,
					"start":	8.00002,
					"end":	9.000011,
					"seconds":	0.999990999698639,
					"bytes":	246262808,
					"bits_per_second":	1970120195.6754787,
					"omitted":	false,
					"sender":	false
				}],
			"sum":	{
				"start":	8.00002,
				"end":	9.000011,
				"seconds":	0.999990999698639,
				"bytes":	246262808,
				"bits_per_second":	1970120195.6754787,
				"omitted":	false,
				"sender":	false
			}
		}, {
			"streams":	[{
					"socket":	5,
					"start":	9.000011,
					"end":	10.000007,
					"seconds":	0.9999960064888,
					"bytes":	247780312,
					"bits_per_second":	1982250412.1392219,
					"omitted":	false,
					"sender":	false
				}],
			"sum":	{
				"start":	9.000011,
				"end":	10.000007,
				"seconds":	0.9999960064888,
				"bytes":	247780312,
				"bits_per_second":	1982250412.1392219,
				"omitted":	false,
				"sender":	false
			}
		}, {
			"streams":	[{
					"socket":	5,
					"start":	10.000007,
					"end":	11.000007,
					"seconds":	1,
					"bytes":	248947400,
					"bits_per_second":	1991579200,
					"omitted":	false,
					"sender":	false
				}],
			"sum":	{
				"start":	10.000007,
				"end":	11.000007,
				"seconds":	1,
				"bytes":	248947400,
				"bits_per_second":	1991579200,
				"omitted":	false,
				"sender":	false
			}
		}, {
			"streams":	[{
					"socket":	5,
					"start":	11.000007,
					"end":	12.000016,
					"seconds":	1.0000089406967163,
					"bytes":	248880792,
					"bits_per_second":	1991028534.8177166,
					"omitted":	false,
					"sender":	false
				}],
			"sum":	{
				"start":	11.000007,
				"end":	12.000016,
				"seconds":	1.0000089406967163,
				"bytes":	248880792,
				"bits_per_second":	1991028534.8177166,
				"omitted":	false,
				"sender":	false
			}
		}, {
			"streams":	[{
					"socket":	5,
					"start":	12.000016,
					"end":	13.00001,
					"seconds":	0.99999397993087769,
					"bytes":	249988512,
					"bits_per_second":	1999920135.6574557,
					"omitted":	false,
					"sender":	false
				}],
			"sum":	{
				"start":	12.000016,
				"end":	13.00001,
				"seconds":	0.99999397993087769,
				"bytes":	249988512,
				"bits_per_second":	1999920135.6574557,
				"omitted":	false,
				"sender":	false
			}
		}, {
			"streams":	[{
					"socket":	5,
					"start":	13.00001,
					"end":	14.000003,
					"seconds":	0.99999302625656128,
					"bytes":	248333448,
					"bits_per_second":	1986681438.6066473,
					"omitted":	false,
					"sender":	false
				}],
			"sum":	{
				"start":	13.00001,
				"end":	14.000003,
				"seconds":	0.99999302625656128,
				"bytes":	248333448,
				"bits_per_second":	1986681438.6066473,
				"omitted":	false,
				"sender":	false
			}
		}, {
			"streams":	[{
					"socket":	5,
					"start":	14.000003,
					"end":	15.000012,
					"seconds":	1.0000089406967163,
					"bytes":	248094528,
					"bits_per_second":	1984738479.0551975,
					"omitted":	false,
					"sender":	false
				}],
			"sum":	{
				"start":	14.000003,
				"end":	15.000012,
				"seconds":	1.0000089406967163,
				"bytes":	248094528,
				"bits_per_second":	1984738479.0551975,
				"omitted":	false,
				"sender":	false
			}
		}, {
			"streams":	[{
					"socket":	5,
					"start":	15.000012,
					"end":	16.000009,
					"seconds":	0.99999701976776123,
					"bytes":	248526032,
					"bits_per_second":	1988214181.3400009,
					"omitted":	false,
					"sender":	false
				}],
			"sum":	{
				"start":	15.000012,
				"end":	16.000009,
				"seconds":	0.99999701976776123,
				"bytes":	248526032,