{
	"start":	{
		"connected":	[{
				"socket":	5,
				"local_host":	"192.168.105.1",
				"local_port":	49763,
				"remote_host":	"192.168.105.2",
				"remote_port":	5201
			}],
		"version":	"iperf 3.18",
		"system_info":	"Darwin mimi-2.local 24.3.0 Darwin Kernel Version 24.3.0: Thu Jan  2 20:24:23 PST 2025; root:xnu-11215.81.4~3/RELEASE_ARM64_T8122 arm64",
		"timestamp":	{
			"time":	"Sat, 22 Feb 2025 16:01:27 UTC",
			"timesecs":	1740240087
		},
		"connecting_to":	{
			"host":	"192.168.105.2",
			"port":	5201
		},
		"cookie":	"jtrpwbo32d6hg3kuf2rv5nsbpjlgujw4dpek",
		"tcp_mss_default":	1448,
		"target_bitrate":	0,
		"fq_rate":	0,
		"sock_bufsize":	0,
		"sndbuf_actual":	131072,
		"rcvbuf_actual":	131072,
		"test_start":	{
			"protocol":	"TCP",
			"num_streams":	1,
			"blksize":	131072,
			"omit":	0,
			"duration":	30,
			"bytes":	0,
			"blocks":	0,
			"reverse":	1,
			"tos":	0,
			"target_bitrate":	0,
			"bidir":	0,
			"fqrate":	0,
			"interval":	1
		}
	},
	"intervals":	[{
			"streams":	[{
					"socket":	5,
					"start":	0,
					"end":	1.005011,
					"seconds":	1.0050109624862671,
					"bytes":	737017856,
					"bits_per_second":	5866744809.841383,
					"omitted":	false,
					"sender":	false
				}],
			"sum":	{
				"start":	0,
				"end":	1.005011,
				"seconds":	1.0050109624862671,
				"bytes":	737017856,
				"bits_per_second":	5866744809.841383,
				"omitted":	false,
				"sender":	false
			}
		}, {
			"streams":	[{
					"socket":	5,
					"start":	1.005011,
					"end":	2.003363,
					"seconds":	0.99835199117660522,
					"bytes":	745275392,
					"bits_per_second":	5972045119.0499058,
					"omitted":	false,
					"sender":	false
				}],
			"sum":	{
				"start":	1.005011,
				"end":	2.003363,
				"seconds":	0.99835199117660522,
				"bytes":	745275392,
				"bits_per_second":	5972045119.0499058,
				"omitted":	false,
				"sender":	false
			}
		}, {
			"streams":	[{
					"socket":	5,
					"start":	2.003363,
					"end":	3.005009,
					"seconds":	1.0016460418701172,
					"bytes":	747241472,
					"bits_per_second":	5968108020.3131819,
					"omitted":	false,
					"sender":	false
				}],
			"sum":	{
				"start":	2.003363,
				"end":	3.005009,
				"seconds":	1.0016460418701172,
				"bytes":	747241472,
				"bits_per_second":	5968108020.3131819,
				"omitted":	false,
				"sender":	false
			}
		}, {
			"streams":	[{
					"socket":	5,
					"start":	3.005009,
					"end":	4.003246,
					"seconds":	0.9982370138168335,
					"bytes":	747110400,
					"bits_per_second":	5987438972.1805067,
					"omitted":	false,
					"sender":	false
				}],
			"sum":	{
				"start":	3.005009,
				"end":	4.003246,
				"seconds":	0.9982370138168335,
				"bytes":	747110400,
				"bits_per_second":	5987438972.1805067,
				"omitted":	false,
				"sender":	false
			}
		}, {
			"streams":	[{
					"socket":	5,
					"start":	4.003246,
					"end":	5.003428,
					"seconds":	1.000182032585144,
					"bytes":	747110400,
					"bits_per_second":	5975795410.5131321,
					"omitted":	false,
					"sender":	false
				}],
			"sum":	{
				"start":	4.003246,
				"end":	5.003428,
				"seconds":	1.000182032585144,
				"bytes":	747110400,
				"bits_per_second":	5975795410.5131321,
				"omitted":	false,
				"sender":	false
			}
		}, {
			"streams":	[{
					"socket":	5,
					"start":	5.003428,
					"end":	6.00501,
					"seconds":	1.0015820264816284,
					"bytes":	748290048,
					"bits_per_second":	5976864825.5688362,
					"omitted":	false,
					"sender":	false
				}],
			"sum":	{
				"start":	5.003428,
				"end":	6.00501,
				"seconds":	1.0015820264816284,
				"bytes":	748290048,
				"bits_per_second":	5976864825.5688362,
				"omitted":	false,
				"sender":	false
			}
		}, {
			"streams":	[{
					"socket":	5,
					"start":	6.00501,
					"end":	7.005009,
					"seconds":	0.99999898672103882,
					"bytes":	744095744,
					"bits_per_second":	5952771983.8186121,
					"omitted":	false,
					"sender":	false
				}],
			"sum":	{
				"start":	6.00501,
				"end":	7.005009,
				"seconds":	0.99999898672103882,
				"bytes":	744095744,
				"bits_per_second":	5952771983.8186121,
				"omitted":	false,
				"sender":	false
			}
		}, {
			"streams":	[{
					"socket":	5,
					"start":	7.005009,
					"end":	8.003266,
					"seconds":	0.99825698137283325,
					"bytes":	746323968,
					"bits_per_second":	5981016767.6353855,
					"omitted":	false,
					"sender":	false
				}],
			"sum":	{
				"start":	7.005009,
				"end":	8.003266,
				"seconds":	0.99825698137283325,
				"bytes":	746323968,
				"bits_per_second":	5981016767.6353855,
				"omitted":	false,
				"sender":	false
			}
		}, {
			"streams":	[{
					"socket":	5,
					"start":	8.003266,
					"end":	9.00501,
					"seconds":	1.0017440319061279,
					"bytes":	750780416,
					"bits_per_second":	5995786485.06771,
					"omitted":	false,
					"sender":	false
				}],
			"sum":	{
				"start":	8.003266,
				"end":	9.00501,
				"seconds":	1.0017440319061279,
				"bytes":	750780416,
				"bits_per_second":	5995786485.06771,
				"omitted":	false,
				"sender":	false
			}
		}, {
			"streams":	[{
					"socket":	5,
					"start":	9.00501,
					"end":	10.005011,
					"seconds":	1.0000009536743164,
					"bytes":	744751104,
					"bits_per_second":	5958003150.00542,
					"omitted":	false,
					"sender":	false
				}],
			"sum":	{
				"start":	9.00501,
				"end":	10.005011,
				"seconds":	1.0000009536743164,
				"bytes":	744751104,
				"bits_per_second":	5958003150.00542,
				"omitted":	false,
				"sender":	false
			}
		}, {
			"streams":	[{
					"socket":	5,
					"start":	10.005011,
					"end":	11.005017,
					"seconds":	1.0000059604644775,
					"bytes":	743440384,
					"bits_per_second":	5947487622.211297,
					"omitted":	false,
					"sender":	false
				}],
			"sum":	{
				"start":	10.005011,
				"end":	11.005017,
				"seconds":	1.0000059604644775,
				"bytes":	743440384,
				"bits_per_second":	5947487622.211297,
				"omitted":	false,
				"sender":	false
			}
		}, {
			"streams":	[{
					"socket":	5,
					"start":	11.005017,
					"end":	12.003925,
					"seconds":	0.99890798330307,
					"bytes":	737017856,
					"bits_per_second":	5902588573.2771263,
					"omitted":	false,
					"sender":	false
				}],
			"sum":	{
				"start":	11.005017,
				"end":	12.003925,
				"seconds":	0.99890798330307,
				"bytes":	737017856,
				"bits_per_second":	5902588573.2771263,
				"omitted":	false,
				"sender":	false
			}
		}, {
			"streams":	[{
					"socket":	5,
					"start":	12.003925,
					"end":	13.005012,
					"seconds":	1.001086950302124,
					"bytes":	736231424,
					"bits_per_second":	5883456367.3240032,
					"omitted":	false,
					"sender":	false
				}],
			"sum":	{
				"start":	12.003925,
				"end":	13.005012,
				"seconds":	1.001086950302124,
				"bytes":	736231424,
				"bits_per_second":	5883456367.3240032,
				"omitted":	false,
				"sender":	false
			}
		}, {
			"streams":	[{
					"socket":	5,
					"start":	13.005012,
					"end":	14.005009,
					"seconds":	0.99999701976776123,
					"bytes":	736755712,
					"bits_per_second":	5894063261.67735,
					"omitted":	false,
					"sender":	false
				}],
			"sum":	{
				"start":	13.005012,
				"end":	14.005009,
				"seconds":	0.99999701976776123,
				"bytes":	736755712,
				"bits_per_second":	5894063261.67735,
				"omitted":	false,
				"sender":	false
			}
		}, {
			"streams":	[{
					"socket":	5,
					"start":	14.005009,
					"end":	15.005012,
					"seconds":	1.0000029802322388,
					"bytes":	735576064,
					"bits_per_second":	5884590974.5522661,
					"omitted":	false,
					"sender":	false
				}],
			"sum":	{
				"start":	14.005009,
				"end":	15.005012,
				"seconds":	1.0000029802322388,
				"bytes":	735576064,
				"bits_per_second":	5884590974.5522661,
				"omitted":	false,
				"sender":	false
			}
		}, {
			"streams":	[{
					"socket":	5,
					"start":	15.005012,
					"end":	16.005009,
					"seconds":	0.99999701976776123,
					"bytes":	736493568,
					"bits_per_second":	5891966103.42733,
					"omitted":	false,
					"sender":	false
				}],
			"sum":	{
				"start":	15.005012,