{
	"start":	{
		"connected":	[{
				"socket":	5,
				"local_host":	"192.168.105.1",
				"local_port":	49600,
				"remote_host":	"192.168.105.4",
				"remote_port":	5201
			}],
		"version":	"iperf 3.8.1 -  -- Apple version iperf3-117",
		"system_info":	"Darwin space-gray.local 24.3.0 Darwin Kernel Version 24.3.0: Thu Jan  2 20:24:23 PST 2025; root:xnu-11215.81.4~3/RELEASE_ARM64_T6020 arm64",
		"timestamp":	{
			"time":	"Sat, 22 Feb 2025 15:01:39 UTC",
			"timesecs":	1740236499
		},
		"connecting_to":	{
			"host":	"192.168.105.4",
			"port":	5201
		},
		"cookie":	"dz4e75nquoqxv7lsrgwawu4nydzxn4y7wklc",
		"tcp_mss_default":	1448,
		"sock_bufsize":	0,
		"sndbuf_actual":	131072,
		"rcvbuf_actual":	131072,
		"test_start":	{
			"protocol":	"TCP",
			"num_streams":	1,
			"blksize":	131072,
			"omit":	0,
			"duration":	30,
			"bytes":	0,
			"blocks":	0,
			"reverse":	1,
			"tos":	0
		}
	},
	"intervals":	[{
			"streams":	[{
					"socket":	5,
					"start":	0,
					"end":	1.000006,
					"seconds":	1.0000059604644775,
					"bytes":	106971040,
					"bits_per_second":	855763219.25373042,
					"omitted":	false,
					"sender":	false
				}],
			"sum":	{
				"start":	0,
				"end":	1.000006,
				"seconds":	1.0000059604644775,
				"bytes":	106971040,
				"bits_per_second":	855763219.25373042,
				"omitted":	false,
				"sender":	false
			}
		}, {
			"streams":	[{
					"socket":	5,
					"start":	1.000006,
					"end":	2.00002,
					"seconds":	1.0000139474868774,
					"bytes":	106743288,
					"bits_per_second":	853934393.761249,
					"omitted":	false,
					"sender":	false
				}],
			"sum":	{
				"start":	1.000006,
				"end":	2.00002,
				"seconds":	1.0000139474868774,
				"bytes":	106743288,
				"bits_per_second":	853934393.761249,
				"omitted":	false,
				"sender":	false
			}
		}, {
			"streams":	[{
					"socket":	5,
					"start":	2.00002,
					"end":	3.000024,
					"seconds":	1.0000040531158447,
					"bytes":	105644256,
					"bits_per_second":	845150622.50662076,
					"omitted":	false,
					"sender":	false
				}],
			"sum":	{
				"start":	2.00002,
				"end":	3.000024,
				"seconds":	1.0000040531158447,
				"bytes":	105644256,
				"bits_per_second":	845150622.50662076,
				"omitted":	false,
				"sender":	false
			}
		}, {
			"streams":	[{
					"socket":	5,
					"start":	3.000024,
					"end":	4.000013,
					"seconds":	0.99998897314071655,
					"bytes":	104437456,
					"bits_per_second":	835508861.03864074,
					"omitted":	false,
					"sender":	false
				}],
			"sum":	{
				"start":	3.000024,
				"end":	4.000013,
				"seconds":	0.99998897314071655,
				"bytes":	104437456,
				"bits_per_second":	835508861.03864074,
				"omitted":	false,
				"sender":	false
			}
		}, {
			"streams":	[{
					"socket":	5,
					"start":	4.000013,
					"end":	5.000111,
					"seconds":	1.0000979900360107,
					"bytes":	106029424,
					"bits_per_second":	848152281.52739048,
					"omitted":	false,
					"sender":	false
				}],
			"sum":	{
				"start":	4.000013,
				"end":	5.000111,
				"seconds":	1.0000979900360107,
				"bytes":	106029424,
				"bits_per_second":	848152281.52739048,
				"omitted":	false,
				"sender":	false
			}
		}, {
			"streams":	[{
					"socket":	5,
					"start":	5.000111,
					"end":	6.000006,
					"seconds":	0.99989497661590576,
					"bytes":	106510160,
					"bits_per_second":	852170777.858917,
					"omitted":	false,
					"sender":	false
				}],
			"sum":	{
				"start":	5.000111,
				"end":	6.000006,
				"seconds":	0.99989497661590576,
				"bytes":	106510160,
				"bits_per_second":	852170777.858917,
				"omitted":	false,
				"sender":	false
			}
		}, {
			"streams":	[{
					"socket":	5,
					"start":	6.000006,
					"end":	7.000014,
					"seconds":	1.0000079870224,
					"bytes":	106163472,
					"bits_per_second":	849300992.61394775,
					"omitted":	false,
					"sender":	false
				}],
			"sum":	{
				"start":	6.000006,
				"end":	7.000014,
				"seconds":	1.0000079870224,
				"bytes":	106163472,
				"bits_per_second":	849300992.61394775,
				"omitted":	false,
				"sender":	false
			}
		}, {
			"streams":	[{
					"socket":	5,
					"start":	7.000014,
					"end":	8.00002,
					"seconds":	1.0000059604644775,
					"bytes":	107815424,
					"bits_per_second":	862518250.99060369,
					"omitted":	false,
					"sender":	false
				}],
			"sum":	{
				"start":	7.000014,
				"end":	8.00002,
				"seconds":	1.0000059604644775,
				"bytes":	107815424,
				"bits_per_second":	862518250.99060369,
				"omitted":	false,
				"sender":	false
			}
		}, {
			"streams":	[{
					"socket":	5,
					"start":	8.00002,
					"end":	9.000022,
					"seconds":	1.0000020265579224,
					"bytes":	105791952,
					"bits_per_second":	846333900.8553282,
					"omitted":	false,
					"sender":	false
				}],
			"sum":	{
				"start":	8.00002,
				"end":	9.000022,
				"seconds":	1.0000020265579224,
				"bytes":	105791952,
				"bits_per_second":	846333900.8553282,
				"omitted":	false,
				"sender":	false
			}
		}, {
			"streams":	[{
					"socket":	5,
					"start":	9.000022,
					"end":	10.000018,
					"seconds":	0.9999960064888,
					"bytes":	105186072,
					"bits_per_second":	841491936.507473,
					"omitted":	false,
					"sender":	false
				}],
			"sum":	{
				"start":	9.000022,
				"end":	10.000018,
				"seconds":	0.9999960064888,
				"bytes":	105186072,
				"bits_per_second":	841491936.507473,
				"omitted":	false,
				"sender":	false
			}
		}, {
			"streams":	[{
					"socket":	5,
					"start":	10.000018,
					"end":	11.000034,
					"seconds":	1.0000159740448,
					"bytes":	105793400,
					"bits_per_second":	846333680.62787,
					"omitted":	false,
					"sender":	false
				}],
			"sum":	{
				"start":	10.000018,
				"end":	11.000034,
				"seconds":	1.0000159740448,
				"bytes":	105793400,
				"bits_per_second":	846333680.62787,
				"omitted":	false,
				"sender":	false
			}
		}, {
			"streams":	[{
					"socket":	5,
					"start":	11.000034,
					"end":	12.000009,
					"seconds":	0.999975025653839,
					"bytes":	109480624,
					"bits_per_second":	875866866.20230734,
					"omitted":	false,
					"sender":	false
				}],
			"sum":	{
				"start":	11.000034,
				"end":	12.000009,
				"seconds":	0.999975025653839,
				"bytes":	109480624,
				"bits_per_second":	875866866.20230734,
				"omitted":	false,
				"sender":	false
			}
		}, {
			"streams":	[{
					"socket":	5,
					"start":	12.000009,
					"end":	13.000028,
					"seconds":	1.0000189542770386,
					"bytes":	105002176,
					"bits_per_second":	840001486.37911439,
					"omitted":	false,
					"sender":	false
				}],
			"sum":	{
				"start":	12.000009,
				"end":	13.000028,
				"seconds":	1.0000189542770386,
				"bytes":	105002176,
				"bits_per_second":	840001486.37911439,
				"omitted":	false,
				"sender":	false
			}
		}, {
			"streams":	[{
					"socket":	5,
					"start":	13.000028,
					"end":	14.000024,
					"seconds":	0.9999960064888,
					"bytes":	105538552,
					"bits_per_second":	844311787.76858068,
					"omitted":	false,
					"sender":	false
				}],
			"sum":	{
				"start":	13.000028,
				"end":	14.000024,
				"seconds":	0.9999960064888,
				"bytes":	105538552,
				"bits_per_second":	844311787.76858068,
				"omitted":	false,
				"sender":	false
			}
		}, {
			"streams":	[{
					"socket":	5,
					"start":	14.000024,
					"end":	15.000011,
					"seconds":	0.999987006187439,
					"bytes":	105613232,
					"bits_per_second":	844916834.6909796,
					"omitted":	false,
					"sender":	false
				}],
			"sum":	{
				"start":	14.000024,
				"end":	15.000011,
				"seconds":	0.999987006187439,
				"bytes":	105613232,
				"bits_per_second":	844916834.6909796,
				"omitted":	false,
				"sender":	false
			}
		}, {
			"streams":	[{
					"socket":	5,
					"start":	15.000011,
					"end":	16.000019,
					"seconds":	1.0000079870224,
					"bytes":	106517400,
					"bits_per_second":	852132393.99948144,
					"omitted":	false,
					"sender":	false
				}],
			"sum":	{
				"start":	15.000011,
				"end":	16.000019,
				"seconds":	1.0000079870224,
				"bytes":	106517400,