{
	"start":	{
		"connected":	[{
				"socket":	5,
				"local_host":	"10.100.102.149",
				"local_port":	49771,
				"remote_host":	"10.100.102.189",
				"remote_port":	5201
			}],
		"version":	"iperf 3.18",
		"system_info":	"Darwin mimi-2.local 24.3.0 Darwin Kernel Version 24.3.0: Thu Jan  2 20:24:23 PST 2025; root:xnu-11215.81.4~3/RELEASE_ARM64_T8122 arm64",
		"timestamp":	{
			"time":	"Sat, 22 Feb 2025 16:10:39 UTC",
			"timesecs":	1740240639
		},
		"connecting_to":	{
			"host":	"10.100.102.189",
			"port":	5201
		},
		"cookie":	"imxmgzodlmj6ds5habn3mju4clbdt3gof3uv",
		"tcp_mss_default":	1448,
		"target_bitrate":	0,
		"fq_rate":	0,
		"sock_bufsize":	0,
		"sndbuf_actual":	131072,
		"rcvbuf_actual":	131072,
		"test_start":	{
			"protocol":	"TCP",
			"num_streams":	1,
			"blksize":	131072,
			"omit":	0,
			"duration":	30,
			"bytes":	0,
			"blocks":	0,
			"reverse":	0,
			"tos":	0,
			"target_bitrate":	0,
			"bidir":	0,
			"fqrate":	0,
			"interval":	1
		}
	},
	"intervals":	[{
			"streams":	[{
					"socket":	5,
					"start":	0,
					"end":	1.002502,
					"seconds":	1.0025019645690918,
					"bytes":	195952640,
					"bits_per_second":	1563708776.0459552,
					"omitted":	false,
					"sender":	true
				}],
			"sum":	{
				"start":	0,
				"end":	1.002502,
				"seconds":	1.0025019645690918,
				"bytes":	195952640,
				"bits_per_second":	1563708776.0459552,
				"omitted":	false,
				"sender":	true
			}
		}, {
			"streams":	[{
					"socket":	5,
					"start":	1.002502,
					"end":	2.005011,
					"seconds":	1.0025089979171753,
					"bytes":	198574080,
					"bits_per_second":	1584616839.6497977,
					"omitted":	false,
					"sender":	true
				}],
			"sum":	{
				"start":	1.002502,
				"end":	2.005011,
				"seconds":	1.0025089979171753,
				"bytes":	198574080,
				"bits_per_second":	1584616839.6497977,
				"omitted":	false,
				"sender":	true
			}
		}, {
			"streams":	[{
					"socket":	5,
					"start":	2.005011,
					"end":	3.000643,
					"seconds":	0.995631992816925,
					"bytes":	198705152,
					"bits_per_second":	1596615242.8493731,
					"omitted":	false,
					"sender":	true
				}],
			"sum":	{
				"start":	2.005011,
				"end":	3.000643,
				"seconds":	0.995631992816925,
				"bytes":	198705152,
				"bits_per_second":	1596615242.8493731,
				"omitted":	false,
				"sender":	true
			}
		}, {
			"streams":	[{
					"socket":	5,
					"start":	3.000643,
					"end":	4.005015,
					"seconds":	1.0043720006942749,
					"bytes":	199229440,
					"bits_per_second":	1586897602.579778,
					"omitted":	false,
					"sender":	true
				}],
			"sum":	{
				"start":	3.000643,
				"end":	4.005015,
				"seconds":	1.0043720006942749,
				"bytes":	199229440,
				"bits_per_second":	1586897602.579778,
				"omitted":	false,
				"sender":	true
			}
		}, {
			"streams":	[{
					"socket":	5,
					"start":	4.005015,
					"end":	5.005016,
					"seconds":	1.0000009536743164,
					"bytes":	198705152,
					"bits_per_second":	1589639700.0014458,
					"omitted":	false,
					"sender":	true
				}],
			"sum":	{
				"start":	4.005015,
				"end":	5.005016,
				"seconds":	1.0000009536743164,
				"bytes":	198705152,
				"bits_per_second":	1589639700.0014458,
				"omitted":	false,
				"sender":	true
			}
		}, {
			"streams":	[{
					"socket":	5,
					"start":	5.005016,
					"end":	6.002279,
					"seconds":	0.997263014316559,
					"bytes":	197525504,
					"bits_per_second":	1584540897.7519741,
					"omitted":	false,
					"sender":	true
				}],
			"sum":	{
				"start":	5.005016,
				"end":	6.002279,
				"seconds":	0.997263014316559,
				"bytes":	197525504,
				"bits_per_second":	1584540897.7519741,
				"omitted":	false,
				"sender":	true
			}
		}, {
			"streams":	[{
					"socket":	5,
					"start":	6.002279,
					"end":	7.005011,
					"seconds":	1.0027320384979248,
					"bytes":	199098368,
					"bits_per_second":	1588447244.9748063,
					"omitted":	false,
					"sender":	true
				}],
			"sum":	{
				"start":	6.002279,
				"end":	7.005011,
				"seconds":	1.0027320384979248,
				"bytes":	199098368,
				"bits_per_second":	1588447244.9748063,
				"omitted":	false,
				"sender":	true
			}
		}, {
			"streams":	[{
					"socket":	5,
					"start":	7.005011,
					"end":	8.004094,
					"seconds":	0.99908298254013062,
					"bytes":	198705152,
					"bits_per_second":	1591100282.7396753,
					"omitted":	false,
					"sender":	true
				}],
			"sum":	{
				"start":	7.005011,
				"end":	8.004094,
				"seconds":	0.99908298254013062,
				"bytes":	198705152,
				"bits_per_second":	1591100282.7396753,
				"omitted":	false,
				"sender":	true
			}
		}, {
			"streams":	[{
					"socket":	5,
					"start":	8.004094,
					"end":	9.005013,
					"seconds":	1.000918984413147,
					"bytes":	198311936,
					"bits_per_second":	1585038861.9915974,
					"omitted":	false,
					"sender":	true
				}],
			"sum":	{
				"start":	8.004094,
				"end":	9.005013,
				"seconds":	1.000918984413147,
				"bytes":	198311936,
				"bits_per_second":	1585038861.9915974,
				"omitted":	false,
				"sender":	true
			}
		}, {
			"streams":	[{
					"socket":	5,
					"start":	9.005013,
					"end":	10.005015,
					"seconds":	1.0000020265579224,
					"bytes":	198836224,
					"bits_per_second":	1590686568.3815329,
					"omitted":	false,
					"sender":	true
				}],
			"sum":	{
				"start":	9.005013,
				"end":	10.005015,
				"seconds":	1.0000020265579224,
				"bytes":	198836224,
				"bits_per_second":	1590686568.3815329,
				"omitted":	false,
				"sender":	true
			}
		}, {
			"streams":	[{
					"socket":	5,
					"start":	10.005015,
					"end":	11.005015,
					"seconds":	1,
					"bytes":	195428352,
					"bits_per_second":	1563426816,
					"omitted":	false,
					"sender":	true
				}],
			"sum":	{
				"start":	10.005015,
				"end":	11.005015,
				"seconds":	1,
				"bytes":	195428352,
				"bits_per_second":	1563426816,
				"omitted":	false,
				"sender":	true
			}
		}, {
			"streams":	[{
					"socket":	5,
					"start":	11.005015,
					"end":	12.00501,
					"seconds":	0.999994993209839,
					"bytes":	194117632,
					"bits_per_second":	1552948831.2889292,
					"omitted":	false,
					"sender":	true
				}],
			"sum":	{
				"start":	11.005015,
				"end":	12.00501,
				"seconds":	0.999994993209839,
				"bytes":	194117632,
				"bits_per_second":	1552948831.2889292,
				"omitted":	false,
				"sender":	true
			}
		}, {
			"streams":	[{
					"socket":	5,
					"start":	12.00501,
					"end":	13.005012,
					"seconds":	1.0000020265579224,
					"bytes":	194248704,
					"bits_per_second":	1553986482.7563822,
					"omitted":	false,
					"sender":	true
				}],
			"sum":	{
				"start":	12.00501,
				"end":	13.005012,
				"seconds":	1.0000020265579224,
				"bytes":	194248704,
				"bits_per_second":	1553986482.7563822,
				"omitted":	false,
				"sender":	true
			}
		}, {
			"streams":	[{
					"socket":	5,
					"start":	13.005012,
					"end":	14.003294,
					"seconds":	0.998282015323639,
					"bytes":	193855488,
					"bits_per_second":	1553512815.2110631,
					"omitted":	false,
					"sender":	true
				}],
			"sum":	{
				"start":	13.005012,
				"end":	14.003294,
				"seconds":	0.998282015323639,
				"bytes":	193855488,
				"bits_per_second":	1553512815.2110631,
				"omitted":	false,
				"sender":	true
			}
		}, {
			"streams":	[{
					"socket":	5,
					"start":	14.003294,
					"end":	15.005011,
					"seconds":	1.0017169713974,
					"bytes":	195297280,
					"bits_per_second":	1559700279.2320418,
					"omitted":	false,
					"sender":	true
				}],
			"sum":	{
				"start":	14.003294,
				"end":	15.005011,
				"seconds":	1.0017169713974,
				"bytes":	195297280,
				"bits_per_second":	1559700279.2320418,
				"omitted":	false,
				"sender":	true
			}
		}, {
			"streams":	[{
					"socket":	5,
					"start":	15.005011,
					"end":	16.005011,
					"seconds":	1,
					"bytes":	194248704,
					"bits_per_second":	1553989632,
					"omitted":	false,
					"sender":	true
				}],
			"sum":	{
				"start":	15.005011,
				"end":	16.005011,
				"seconds":	1,
				"bytes":	194248704,
				"bits_per_second":	1553989632,