{
	"start":	{
		"connected":	[{
				"socket":	5,
				"local_host":	"10.100.102.149",
				"local_port":	49773,
				"remote_host":	"10.100.102.189",
				"remote_port":	5201
			}],
		"version":	"iperf 3.18",
		"system_info":	"Darwin mimi-2.local 24.3.0 Darwin Kernel Version 24.3.0: Thu Jan  2 20:24:23 PST 2025; root:xnu-11215.81.4~3/RELEASE_ARM64_T8122 arm64",
		"timestamp":	{
			"time":	"Sat, 22 Feb 2025 16:11:09 UTC",
			"timesecs":	1740240669
		},
		"connecting_to":	{
			"host":	"10.100.102.189",
			"port":	5201
		},
		"cookie":	"cnkug2dt5silfdp6nlhqbbdrlbl55qsyk25s",
		"tcp_mss_default":	1448,
		"target_bitrate":	0,
		"fq_rate":	0,
		"sock_bufsize":	0,
		"sndbuf_actual":	131072,
		"rcvbuf_actual":	131072,
		"test_start":	{
			"protocol":	"TCP",
			"num_streams":	1,
			"blksize":	131072,
			"omit":	0,
			"duration":	30,
			"bytes":	0,
			"blocks":	0,
			"reverse":	1,
			"tos":	0,
			"target_bitrate":	0,
			"bidir":	0,
			"fqrate":	0,
			"interval":	1
		}
	},
	"intervals":	[{
			"streams":	[{
					"socket":	5,
					"start":	0,
					"end":	1.0018,
					"seconds":	1.0017999410629272,
					"bytes":	7853178880,
					"bits_per_second":	62712552142.23822,
					"omitted":	false,
					"sender":	false
				}],
			"sum":	{
				"start":	0,
				"end":	1.0018,
				"seconds":	1.0017999410629272,
				"bytes":	7853178880,
				"bits_per_second":	62712552142.23822,
				"omitted":	false,
				"sender":	false
			}
		}, {
			"streams":	[{
					"socket":	5,
					"start":	1.0018,
					"end":	2.004093,
					"seconds":	1.0022929906845093,
					"bytes":	7852785664,
					"bits_per_second":	62678563948.7471,
					"omitted":	false,
					"sender":	false
				}],
			"sum":	{
				"start":	1.0018,
				"end":	2.004093,
				"seconds":	1.0022929906845093,
				"bytes":	7852785664,
				"bits_per_second":	62678563948.7471,
				"omitted":	false,
				"sender":	false
			}
		}, {
			"streams":	[{
					"socket":	5,
					"start":	2.004093,
					"end":	3.000944,
					"seconds":	0.99685102701187134,
					"bytes":	7854620672,
					"bits_per_second":	63035462344.216141,
					"omitted":	false,
					"sender":	false
				}],
			"sum":	{
				"start":	2.004093,
				"end":	3.000944,
				"seconds":	0.99685102701187134,
				"bytes":	7854620672,
				"bits_per_second":	63035462344.216141,
				"omitted":	false,
				"sender":	false
			}
		}, {
			"streams":	[{
					"socket":	5,
					"start":	3.000944,
					"end":	4.00069,
					"seconds":	0.999746024608612,
					"bytes":	7811235840,
					"bits_per_second":	62505761645.277863,
					"omitted":	false,
					"sender":	false
				}],
			"sum":	{
				"start":	3.000944,
				"end":	4.00069,
				"seconds":	0.999746024608612,
				"bytes":	7811235840,
				"bits_per_second":	62505761645.277863,
				"omitted":	false,
				"sender":	false
			}
		}, {
			"streams":	[{
					"socket":	5,
					"start":	4.00069,
					"end":	5.004286,
					"seconds":	1.0035959482192993,
					"bytes":	7930904576,
					"bits_per_second":	63219901117.1535,
					"omitted":	false,
					"sender":	false
				}],
			"sum":	{
				"start":	4.00069,
				"end":	5.004286,
				"seconds":	1.0035959482192993,
				"bytes":	7930904576,
				"bits_per_second":	63219901117.1535,
				"omitted":	false,
				"sender":	false
			}
		}, {
			"streams":	[{
					"socket":	5,
					"start":	5.004286,
					"end":	6.003482,
					"seconds":	0.99919599294662476,
					"bytes":	7839809536,
					"bits_per_second":	62768942960.873451,
					"omitted":	false,
					"sender":	false
				}],
			"sum":	{
				"start":	5.004286,
				"end":	6.003482,
				"seconds":	0.99919599294662476,
				"bytes":	7839809536,
				"bits_per_second":	62768942960.873451,
				"omitted":	false,
				"sender":	false
			}
		}, {
			"streams":	[{
					"socket":	5,
					"start":	6.003482,
					"end":	7.005014,
					"seconds":	1.0015319585800171,
					"bytes":	7894990848,
					"bits_per_second":	63063316395.3638,
					"omitted":	false,
					"sender":	false
				}],
			"sum":	{
				"start":	6.003482,
				"end":	7.005014,
				"seconds":	1.0015319585800171,
				"bytes":	7894990848,
				"bits_per_second":	63063316395.3638,
				"omitted":	false,
				"sender":	false
			}
		}, {
			"streams":	[{
					"socket":	5,
					"start":	7.005014,
					"end":	8.003623,
					"seconds":	0.99860900640487671,
					"bytes":	7864188928,
					"bits_per_second":	63001145614.034554,
					"omitted":	false,
					"sender":	false
				}],
			"sum":	{
				"start":	7.005014,
				"end":	8.003623,
				"seconds":	0.99860900640487671,
				"bytes":	7864188928,
				"bits_per_second":	63001145614.034554,
				"omitted":	false,
				"sender":	false
			}
		}, {
			"streams":	[{
					"socket":	5,
					"start":	8.003623,
					"end":	9.004554,
					"seconds":	1.0009310245513916,
					"bytes":	7826702336,
					"bits_per_second":	62555378095.171814,
					"omitted":	false,
					"sender":	false
				}],
			"sum":	{
				"start":	8.003623,
				"end":	9.004554,
				"seconds":	1.0009310245513916,
				"bytes":	7826702336,
				"bits_per_second":	62555378095.171814,
				"omitted":	false,
				"sender":	false
			}
		}, {
			"streams":	[{
					"socket":	5,
					"start":	9.004554,
					"end":	10.005014,
					"seconds":	1.0004600286483765,
					"bytes":	7662075904,
					"bits_per_second":	61268422002.63797,
					"omitted":	false,
					"sender":	false
				}],
			"sum":	{
				"start":	9.004554,
				"end":	10.005014,
				"seconds":	1.0004600286483765,
				"bytes":	7662075904,
				"bits_per_second":	61268422002.63797,
				"omitted":	false,
				"sender":	false
			}
		}, {
			"streams":	[{
					"socket":	5,
					"start":	10.005014,
					"end":	11.002981,
					"seconds":	0.997967004776001,
					"bytes":	7553548288,
					"bits_per_second":	60551487188.259773,
					"omitted":	false,
					"sender":	false
				}],
			"sum":	{
				"start":	10.005014,
				"end":	11.002981,
				"seconds":	0.997967004776001,
				"bytes":	7553548288,
				"bits_per_second":	60551487188.259773,
				"omitted":	false,
				"sender":	false
			}
		}, {
			"streams":	[{
					"socket":	5,
					"start":	11.002981,
					"end":	12.002577,
					"seconds":	0.9995959997177124,
					"bytes":	7618428928,
					"bits_per_second":	60972064155.130333,
					"omitted":	false,
					"sender":	false
				}],
			"sum":	{
				"start":	11.002981,
				"end":	12.002577,
				"seconds":	0.9995959997177124,
				"bytes":	7618428928,
				"bits_per_second":	60972064155.130333,
				"omitted":	false,
				"sender":	false
			}
		}, {
			"streams":	[{
					"socket":	5,
					"start":	12.002577,
					"end":	13.000122,
					"seconds":	0.99754500389099121,
					"bytes":	7615152128,
					"bits_per_second":	61071146450.9097,
					"omitted":	false,
					"sender":	false
				}],
			"sum":	{
				"start":	12.002577,
				"end":	13.000122,
				"seconds":	0.99754500389099121,
				"bytes":	7615152128,
				"bits_per_second":	61071146450.9097,
				"omitted":	false,
				"sender":	false
			}
		}, {
			"streams":	[{
					"socket":	5,
					"start":	13.000122,
					"end":	14.00355,
					"seconds":	1.0034279823303223,
					"bytes":	7657619456,
					"bits_per_second":	61051671596.530457,
					"omitted":	false,
					"sender":	false
				}],
			"sum":	{
				"start":	13.000122,
				"end":	14.00355,
				"seconds":	1.0034279823303223,
				"bytes":	7657619456,
				"bits_per_second":	61051671596.530457,
				"omitted":	false,
				"sender":	false
			}
		}, {
			"streams":	[{
					"socket":	5,
					"start":	14.00355,
					"end":	15.005015,
					"seconds":	1.0014649629592896,
					"bytes":	7654604800,
					"bits_per_second":	61147259929.141754,
					"omitted":	false,
					"sender":	false
				}],
			"sum":	{
				"start":	14.00355,
				"end":	15.005015,
				"seconds":	1.0014649629592896,
				"bytes":	7654604800,
				"bits_per_second":	61147259929.141754,
				"omitted":	false,
				"sender":	false
			}
		}, {
			"streams":	[{
					"socket":	5,
					"start":	15.005015,
					"end":	16.004368,
					"seconds":	0.999352991580963,
					"bytes":	7679508480,
					"bits_per_second":	61475843228.136,
					"omitted":	false,
					"sender":	false
				}],