{
	"start":	{
		"connected":	[{
				"socket":	5,
				"local_host":	"10.100.102.149",
				"local_port":	49650,
				"remote_host":	"10.100.102.182",
				"remote_port":	5201
			}],
		"version":	"iperf 3.8.1 -  -- Apple version iperf3-117",
		"system_info":	"Darwin mimi-2.local 24.3.0 Darwin Kernel Version 24.3.0: Thu Jan  2 20:24:23 PST 2025; root:xnu-11215.81.4~3/RELEASE_ARM64_T8122 arm64",
		"timestamp":	{
			"time":	"Sat, 22 Feb 2025 17:38:43 UTC",
			"timesecs":	1740245923
		},
		"connecting_to":	{
			"host":	"10.100.102.182",
			"port":	5201
		},
		"cookie":	"q72gfvfdgv5axauvpgv5tmeang3zjo6bfe65",
		"tcp_mss_default":	1448,
		"sock_bufsize":	0,
		"sndbuf_actual":	131072,
		"rcvbuf_actual":	131072,
		"test_start":	{
			"protocol":	"TCP",
			"num_streams":	1,
			"blksize":	131072,
			"omit":	0,
			"duration":	30,
			"bytes":	0,
			"blocks":	0,
			"reverse":	1,
			"tos":	0
		}
	},
	"intervals":	[{
			"streams":	[{
					"socket":	5,
					"start":	0,
					"end":	1.000045,
					"seconds":	1.0000449419021606,
					"bytes":	154160608,
					"bits_per_second":	1233229440.3231514,
					"omitted":	false,
					"sender":	false
				}],
			"sum":	{
				"start":	0,
				"end":	1.000045,
				"seconds":	1.0000449419021606,
				"bytes":	154160608,
				"bits_per_second":	1233229440.3231514,
				"omitted":	false,
				"sender":	false
			}
		}, {
			"streams":	[{
					"socket":	5,
					"start":	1.000045,
					"end":	2.000068,
					"seconds":	1.0000230073928833,
					"bytes":	149013680,
					"bits_per_second":	1192082013.3007708,
					"omitted":	false,
					"sender":	false
				}],
			"sum":	{
				"start":	1.000045,
				"end":	2.000068,
				"seconds":	1.0000230073928833,
				"bytes":	149013680,
				"bits_per_second":	1192082013.3007708,
				"omitted":	false,
				"sender":	false
			}
		}, {
			"streams":	[{
					"socket":	5,
					"start":	2.000068,
					"end":	3.000032,
					"seconds":	0.99996399879455566,
					"bytes":	146740320,
					"bits_per_second":	1173964824.1488185,
					"omitted":	false,
					"sender":	false
				}],
			"sum":	{
				"start":	2.000068,
				"end":	3.000032,
				"seconds":	0.99996399879455566,
				"bytes":	146740320,
				"bits_per_second":	1173964824.1488185,
				"omitted":	false,
				"sender":	false
			}
		}, {
			"streams":	[{
					"socket":	5,
					"start":	3.000032,
					"end":	4.000003,
					"seconds":	0.99997097253799438,
					"bytes":	147655456,
					"bits_per_second":	1181277937.5004489,
					"omitted":	false,
					"sender":	false
				}],
			"sum":	{
				"start":	3.000032,
				"end":	4.000003,
				"seconds":	0.99997097253799438,
				"bytes":	147655456,
				"bits_per_second":	1181277937.5004489,
				"omitted":	false,
				"sender":	false
			}
		}, {
			"streams":	[{
					"socket":	5,
					"start":	4.000003,
					"end":	5.000013,
					"seconds":	1.0000100135803223,
					"bytes":	147850936,
					"bits_per_second":	1182795643.9808142,
					"omitted":	false,
					"sender":	false
				}],
			"sum":	{
				"start":	4.000003,
				"end":	5.000013,
				"seconds":	1.0000100135803223,
				"bytes":	147850936,
				"bits_per_second":	1182795643.9808142,
				"omitted":	false,
				"sender":	false
			}
		}, {
			"streams":	[{
					"socket":	5,
					"start":	5.000013,
					"end":	6.000002,
					"seconds":	0.99998897314071655,
					"bytes":	148483712,
					"bits_per_second":	1187882794.6164215,
					"omitted":	false,
					"sender":	false
				}],
			"sum":	{
				"start":	5.000013,
				"end":	6.000002,
				"seconds":	0.99998897314071655,
				"bytes":	148483712,
				"bits_per_second":	1187882794.6164215,
				"omitted":	false,
				"sender":	false
			}
		}, {
			"streams":	[{
					"socket":	5,
					"start":	6.000002,
					"end":	7.000045,
					"seconds":	1.0000430345535278,
					"bytes":	148757384,
					"bits_per_second":	1190007860.5430269,
					"omitted":	false,
					"sender":	false
				}],
			"sum":	{
				"start":	6.000002,
				"end":	7.000045,
				"seconds":	1.0000430345535278,
				"bytes":	148757384,
				"bits_per_second":	1190007860.5430269,
				"omitted":	false,
				"sender":	false
			}
		}, {
			"streams":	[{
					"socket":	5,
					"start":	7.000045,
					"end":	8.000002,
					"seconds":	0.999957025051117,
					"bytes":	149268528,
					"bits_per_second":	1194199544.6643882,
					"omitted":	false,
					"sender":	false
				}],
			"sum":	{
				"start":	7.000045,
				"end":	8.000002,
				"seconds":	0.999957025051117,
				"bytes":	149268528,
				"bits_per_second":	1194199544.6643882,
				"omitted":	false,
				"sender":	false
			}
		}, {
			"streams":	[{
					"socket":	5,
					"start":	8.000002,
					"end":	9.00001,
					"seconds":	1.0000079870224,
					"bytes":	146521672,
					"bits_per_second":	1172164013.8997645,
					"omitted":	false,
					"sender":	false
				}],
			"sum":	{
				"start":	8.000002,
				"end":	9.00001,
				"seconds":	1.0000079870224,
				"bytes":	146521672,
				"bits_per_second":	1172164013.8997645,
				"omitted":	false,
				"sender":	false
			}
		}, {
			"streams":	[{
					"socket":	5,
					"start":	9.00001,
					"end":	10.000031,
					"seconds":	1.0000209808349609,
					"bytes":	149165720,
					"bits_per_second":	1193300723.55446,
					"omitted":	false,
					"sender":	false
				}],
			"sum":	{
				"start":	9.00001,
				"end":	10.000031,
				"seconds":	1.0000209808349609,
				"bytes":	149165720,
				"bits_per_second":	1193300723.55446,
				"omitted":	false,
				"sender":	false
			}
		}, {
			"streams":	[{
					"socket":	5,
					"start":	10.000031,
					"end":	11.000002,
					"seconds":	0.99997097253799438,
					"bytes":	147923336,
					"bits_per_second":	1183421039.7092669,
					"omitted":	false,
					"sender":	false
				}],
			"sum":	{
				"start":	10.000031,
				"end":	11.000002,
				"seconds":	0.99997097253799438,
				"bytes":	147923336,
				"bits_per_second":	1183421039.7092669,
				"omitted":	false,
				"sender":	false
			}
		}, {
			"streams":	[{
					"socket":	5,
					"start":	11.000002,
					"end":	12.000011,
					"seconds":	1.0000089406967163,
					"bytes":	149200472,
					"bits_per_second":	1193593104.4460504,
					"omitted":	false,
					"sender":	false
				}],
			"sum":	{
				"start":	11.000002,
				"end":	12.000011,
				"seconds":	1.0000089406967163,
				"bytes":	149200472,
				"bits_per_second":	1193593104.4460504,
				"omitted":	false,
				"sender":	false
			}
		}, {
			"streams":	[{
					"socket":	5,
					"start":	12.000011,
					"end":	13.000054,
					"seconds":	1.0000430345535278,
					"bytes":	147764056,
					"bits_per_second":	1182061578.5077264,
					"omitted":	false,
					"sender":	false
				}],
			"sum":	{
				"start":	12.000011,
				"end":	13.000054,
				"seconds":	1.0000430345535278,
				"bytes":	147764056,
				"bits_per_second":	1182061578.5077264,
				"omitted":	false,
				"sender":	false
			}
		}, {
			"streams":	[{
					"socket":	5,
					"start":	13.000054,
					"end":	14.000009,
					"seconds":	0.99995499849319458,
					"bytes":	149320656,
					"bits_per_second":	1194619007.6554029,
					"omitted":	false,
					"sender":	false
				}],
			"sum":	{
				"start":	13.000054,
				"end":	14.000009,
				"seconds":	0.99995499849319458,
				"bytes":	149320656,
				"bits_per_second":	1194619007.6554029,
				"omitted":	false,
				"sender":	false
			}
		}, {
			"streams":	[{
					"socket":	5,
					"start":	14.000009,
					"end":	15.000034,
					"seconds":	1.0000250339508057,
					"bytes":	148008768,
					"bits_per_second":	1184040502.7883012,
					"omitted":	false,
					"sender":	false
				}],
			"sum":	{
				"start":	14.000009,
				"end":	15.000034,
				"seconds":	1.0000250339508057,
				"bytes":	148008768,
				"bits_per_second":	1184040502.7883012,
				"omitted":	false,
				"sender":	false
			}
		}, {
			"streams":	[{
					"socket":	5,
					"start":	15.000034,
					"end":	16.000006,
					"seconds":	0.99997198581695557,
					"bytes":	148349048,
					"bits_per_second":	1186825631.9504952,
					"omitted":	false,
					"sender":	false
				}],
			"sum":	{
				"start":	15.000034,
				"end":	16.000006,
				"seconds":	0.99997198581695557,