{
	"start":	{
		"connected":	[{
				"socket":	5,
				"local_host":	"192.168.105.1",
				"local_port":	49384,
				"remote_host":	"192.168.105.2",
				"remote_port":	5201
			}],
		"version":	"iperf 3.18",
		"system_info":	"Darwin space-gray.local 24.3.0 Darwin Kernel Version 24.3.0: Thu Jan  2 20:24:23 PST 2025; root:xnu-11215.81.4~3/RELEASE_ARM64_T6020 arm64",
		"timestamp":	{
			"time":	"Sat, 22 Feb 2025 14:25:06 UTC",
			"timesecs":	1740234306
		},
		"connecting_to":	{
			"host":	"192.168.105.2",
			"port":	5201
		},
		"cookie":	"kx5imcqevky7o47ggooyhwxssprioln5esot",
		"tcp_mss_default":	1448,
		"target_bitrate":	0,
		"fq_rate":	0,
		"sock_bufsize":	0,
		"sndbuf_actual":	131072,
		"rcvbuf_actual":	131072,
		"test_start":	{
			"protocol":	"TCP",
			"num_streams":	1,
			"blksize":	131072,
			"omit":	0,
			"duration":	30,
			"bytes":	0,
			"blocks":	0,
			"reverse":	1,
			"tos":	0,
			"target_bitrate":	0,
			"bidir":	0,
			"fqrate":	0,
			"interval":	1
		}
	},
	"intervals":	[{
			"streams":	[{
					"socket":	5,
					"start":	0,
					"end":	1.005002,
					"seconds":	1.0050020217895508,
					"bytes":	445775872,
					"bits_per_second":	3548457514.1947031,
					"omitted":	false,
					"sender":	false
				}],
			"sum":	{
				"start":	0,
				"end":	1.005002,
				"seconds":	1.0050020217895508,
				"bytes":	445775872,
				"bits_per_second":	3548457514.1947031,
				"omitted":	false,
				"sender":	false
			}
		}, {
			"streams":	[{
					"socket":	5,
					"start":	1.005002,
					"end":	2.005003,
					"seconds":	1.0000009536743164,
					"bytes":	445644800,
					"bits_per_second":	3565155000.0032425,
					"omitted":	false,
					"sender":	false
				}],
			"sum":	{
				"start":	1.005002,
				"end":	2.005003,
				"seconds":	1.0000009536743164,
				"bytes":	445644800,
				"bits_per_second":	3565155000.0032425,
				"omitted":	false,
				"sender":	false
			}
		}, {
			"streams":	[{
					"socket":	5,
					"start":	2.005003,
					"end":	3.005011,
					"seconds":	1.0000079870224,
					"bytes":	447479808,
					"bits_per_second":	3579809871.9783649,
					"omitted":	false,
					"sender":	false
				}],
			"sum":	{
				"start":	2.005003,
				"end":	3.005011,
				"seconds":	1.0000079870224,
				"bytes":	447479808,
				"bits_per_second":	3579809871.9783649,
				"omitted":	false,
				"sender":	false
			}
		}, {
			"streams":	[{
					"socket":	5,
					"start":	3.005011,
					"end":	4.005006,
					"seconds":	0.999994993209839,
					"bytes":	449183744,
					"bits_per_second":	3593487943.8400812,
					"omitted":	false,
					"sender":	false
				}],
			"sum":	{
				"start":	3.005011,
				"end":	4.005006,
				"seconds":	0.999994993209839,
				"bytes":	449183744,
				"bits_per_second":	3593487943.8400812,
				"omitted":	false,
				"sender":	false
			}
		}, {
			"streams":	[{
					"socket":	5,
					"start":	4.005006,
					"end":	5.005011,
					"seconds":	1.0000050067901611,
					"bytes":	446562304,
					"bits_per_second":	3572480545.3395548,
					"omitted":	false,
					"sender":	false
				}],
			"sum":	{
				"start":	4.005006,
				"end":	5.005011,
				"seconds":	1.0000050067901611,
				"bytes":	446562304,
				"bits_per_second":	3572480545.3395548,
				"omitted":	false,
				"sender":	false
			}
		}, {
			"streams":	[{
					"socket":	5,
					"start":	5.005011,
					"end":	6.005008,
					"seconds":	0.99999701976776123,
					"bytes":	447479808,
					"bits_per_second":	3579849132.7817955,
					"omitted":	false,
					"sender":	false
				}],
			"sum":	{
				"start":	5.005011,
				"end":	6.005008,
				"seconds":	0.99999701976776123,
				"bytes":	447479808,
				"bits_per_second":	3579849132.7817955,
				"omitted":	false,
				"sender":	false
			}
		}, {
			"streams":	[{
					"socket":	5,
					"start":	6.005008,
					"end":	7.005,
					"seconds":	0.9999920129776,
					"bytes":	446693376,
					"bits_per_second":	3573575550.2279673,
					"omitted":	false,
					"sender":	false
				}],
			"sum":	{
				"start":	6.005008,
				"end":	7.005,
				"seconds":	0.9999920129776,
				"bytes":	446693376,
				"bits_per_second":	3573575550.2279673,
				"omitted":	false,
				"sender":	false
			}
		}, {
			"streams":	[{
					"socket":	5,
					"start":	7.005,
					"end":	8.005008,
					"seconds":	1.0000079870224,
					"bytes":	446038016,
					"bits_per_second":	3568275628.1026292,
					"omitted":	false,
					"sender":	false
				}],
			"sum":	{
				"start":	7.005,
				"end":	8.005008,
				"seconds":	1.0000079870224,
				"bytes":	446038016,
				"bits_per_second":	3568275628.1026292,
				"omitted":	false,
				"sender":	false
			}
		}, {
			"streams":	[{
					"socket":	5,
					"start":	8.005008,
					"end":	9.005002,
					"seconds":	0.99999397993087769,
					"bytes":	446562304,
					"bits_per_second":	3572519938.8169727,
					"omitted":	false,
					"sender":	false
				}],
			"sum":	{
				"start":	8.005008,
				"end":	9.005002,
				"seconds":	0.99999397993087769,
				"bytes":	446562304,
				"bits_per_second":	3572519938.8169727,
				"omitted":	false,
				"sender":	false
			}
		}, {
			"streams":	[{
					"socket":	5,
					"start":	9.005002,
					"end":	10.005008,
					"seconds":	1.0000059604644775,
					"bytes":	445513728,
					"bits_per_second":	3564088580.3766217,
					"omitted":	false,
					"sender":	false
				}],
			"sum":	{
				"start":	9.005002,
				"end":	10.005008,
				"seconds":	1.0000059604644775,
				"bytes":	445513728,
				"bits_per_second":	3564088580.3766217,
				"omitted":	false,
				"sender":	false
			}
		}, {
			"streams":	[{
					"socket":	5,
					"start":	10.005008,
					"end":	11.005005,
					"seconds":	0.99999701976776123,
					"bytes":	445906944,
					"bits_per_second":	3567266183.2816839,
					"omitted":	false,
					"sender":	false
				}],
			"sum":	{
				"start":	10.005008,
				"end":	11.005005,
				"seconds":	0.99999701976776123,
				"bytes":	445906944,
				"bits_per_second":	3567266183.2816839,
				"omitted":	false,
				"sender":	false
			}
		}, {
			"streams":	[{
					"socket":	5,
					"start":	11.005005,
					"end":	12.005005,
					"seconds":	1,
					"bytes":	446693376,
					"bits_per_second":	3573547008,
					"omitted":	false,
					"sender":	false
				}],
			"sum":	{
				"start":	11.005005,
				"end":	12.005005,
				"seconds":	1,
				"bytes":	446693376,
				"bits_per_second":	3573547008,
				"omitted":	false,
				"sender":	false
			}
		}, {
			"streams":	[{
					"socket":	5,
					"start":	12.005005,
					"end":	13.005006,
					"seconds":	1.0000009536743164,
					"bytes":	447479808,
					"bits_per_second":	3579835050.0032558,
					"omitted":	false,
					"sender":	false
				}],
			"sum":	{
				"start":	12.005005,
				"end":	13.005006,
				"seconds":	1.0000009536743164,
				"bytes":	447479808,
				"bits_per_second":	3579835050.0032558,
				"omitted":	false,
				"sender":	false
			}
		}, {
			"streams":	[{
					"socket":	5,
					"start":	13.005006,
					"end":	14.005004,
					"seconds":	0.99999797344207764,
					"bytes":	447873024,
					"bits_per_second":	3582991453.1397152,
					"omitted":	false,
					"sender":	false
				}],
			"sum":	{
				"start":	13.005006,
				"end":	14.005004,
				"seconds":	0.99999797344207764,
				"bytes":	447873024,
				"bits_per_second":	3582991453.1397152,
				"omitted":	false,
				"sender":	false
			}
		}, {
			"streams":	[{
					"socket":	5,
					"start":	14.005004,
					"end":	15.005002,
					"seconds":	0.99999797344207764,
					"bytes":	443809792,
					"bits_per_second":	3550485531.2645817,
					"omitted":	false,
					"sender":	false
				}],
			"sum":	{
				"start":	14.005004,
				"end":	15.005002,
				"seconds":	0.99999797344207764,
				"bytes":	443809792,
				"bits_per_second":	3550485531.2645817,
				"omitted":	false,
				"sender":	false
			}
		}, {
			"streams":	[{
					"socket":	5,
					"start":	15.005002,
					"end":	16.005006,
					"seconds":	1.0000040531158447,
					"bytes":	448004096,
					"bits_per_second":	3584018241.5588775,
					"omitted":	false,
					"sender":	false
				}],
			"sum":	{
				"start":	15.005002,
				"end":	16.005006,