{
	"start":	{
		"connected":	[{
				"socket":	5,
				"local_host":	"10.100.102.151",
				"local_port":	49616,
				"remote_host":	"10.100.102.179",
				"remote_port":	5201
			}],
		"version":	"iperf 3.8.1 -  -- Apple version iperf3-117",
		"system_info":	"Darwin space-gray.local 24.3.0 Darwin Kernel Version 24.3.0: Thu Jan  2 20:24:23 PST 2025; root:xnu-11215.81.4~3/RELEASE_ARM64_T6020 arm64",
		"timestamp":	{
			"time":	"Sat, 22 Feb 2025 15:03:23 UTC",
			"timesecs":	1740236603
		},
		"connecting_to":	{
			"host":	"10.100.102.179",
			"port":	5201
		},
		"cookie":	"mtryuaallajkcch27kqsi2ne5l7n5yswrr3d",
		"tcp_mss_default":	1448,
		"sock_bufsize":	0,
		"sndbuf_actual":	131072,
		"rcvbuf_actual":	131072,
		"test_start":	{
			"protocol":	"TCP",
			"num_streams":	1,
			"blksize":	131072,
			"omit":	0,
			"duration":	30,
			"bytes":	0,
			"blocks":	0,
			"reverse":	1,
			"tos":	0
		}
	},
	"intervals":	[{
			"streams":	[{
					"socket":	5,
					"start":	0,
					"end":	1.000005,
					"seconds":	1.0000050067901611,
					"bytes":	107503544,
					"bits_per_second":	860024046.040068,
					"omitted":	false,
					"sender":	false
				}],
			"sum":	{
				"start":	0,
				"end":	1.000005,
				"seconds":	1.0000050067901611,
				"bytes":	107503544,
				"bits_per_second":	860024046.040068,
				"omitted":	false,
				"sender":	false
			}
		}, {
			"streams":	[{
					"socket":	5,
					"start":	1.000005,
					"end":	2.000021,
					"seconds":	1.0000159740448,
					"bytes":	107419504,
					"bits_per_second":	859342304.8275243,
					"omitted":	false,
					"sender":	false
				}],
			"sum":	{
				"start":	1.000005,
				"end":	2.000021,
				"seconds":	1.0000159740448,
				"bytes":	107419504,
				"bits_per_second":	859342304.8275243,
				"omitted":	false,
				"sender":	false
			}
		}, {
			"streams":	[{
					"socket":	5,
					"start":	2.000021,
					"end":	3.000033,
					"seconds":	1.0000120401382446,
					"bytes":	106728808,
					"bits_per_second":	853820183.88695,
					"omitted":	false,
					"sender":	false
				}],
			"sum":	{
				"start":	2.000021,
				"end":	3.000033,
				"seconds":	1.0000120401382446,
				"bytes":	106728808,
				"bits_per_second":	853820183.88695,
				"omitted":	false,
				"sender":	false
			}
		}, {
			"streams":	[{
					"socket":	5,
					"start":	3.000033,
					"end":	4.000018,
					"seconds":	0.9999849796295166,
					"bytes":	108304848,
					"bits_per_second":	866451798.4270184,
					"omitted":	false,
					"sender":	false
				}],
			"sum":	{
				"start":	3.000033,
				"end":	4.000018,
				"seconds":	0.9999849796295166,
				"bytes":	108304848,
				"bits_per_second":	866451798.4270184,
				"omitted":	false,
				"sender":	false
			}
		}, {
			"streams":	[{
					"socket":	5,
					"start":	4.000018,
					"end":	5.000014,
					"seconds":	0.9999960064888,
					"bytes":	107202304,
					"bits_per_second":	857621856.922491,
					"omitted":	false,
					"sender":	false
				}],
			"sum":	{
				"start":	4.000018,
				"end":	5.000014,
				"seconds":	0.9999960064888,
				"bytes":	107202304,
				"bits_per_second":	857621856.922491,
				"omitted":	false,
				"sender":	false
			}
		}, {
			"streams":	[{
					"socket":	5,
					"start":	5.000014,
					"end":	6.000006,
					"seconds":	0.9999920129776,
					"bytes":	108699536,
					"bits_per_second":	869603233.54050529,
					"omitted":	false,
					"sender":	false
				}],
			"sum":	{
				"start":	5.000014,
				"end":	6.000006,
				"seconds":	0.9999920129776,
				"bytes":	108699536,
				"bits_per_second":	869603233.54050529,
				"omitted":	false,
				"sender":	false
			}
		}, {
			"streams":	[{
					"socket":	5,
					"start":	6.000006,
					"end":	7.000017,
					"seconds":	1.0000109672546387,
					"bytes":	108019592,
					"bits_per_second":	864147258.67696881,
					"omitted":	false,
					"sender":	false
				}],
			"sum":	{
				"start":	6.000006,
				"end":	7.000017,
				"seconds":	1.0000109672546387,
				"bytes":	108019592,
				"bits_per_second":	864147258.67696881,
				"omitted":	false,
				"sender":	false
			}
		}, {
			"streams":	[{
					"socket":	5,
					"start":	7.000017,
					"end":	8.000002,
					"seconds":	0.9999849796295166,
					"bytes":	106584008,
					"bits_per_second":	852684871.64267766,
					"omitted":	false,
					"sender":	false
				}],
			"sum":	{
				"start":	7.000017,
				"end":	8.000002,
				"seconds":	0.9999849796295166,
				"bytes":	106584008,
				"bits_per_second":	852684871.64267766,
				"omitted":	false,
				"sender":	false
			}
		}, {
			"streams":	[{
					"socket":	5,
					"start":	8.000002,
					"end":	9.000003,
					"seconds":	1.0000009536743164,
					"bytes":	106831616,
					"bits_per_second":	854652112.94023037,
					"omitted":	false,
					"sender":	false
				}],
			"sum":	{
				"start":	8.000002,
				"end":	9.000003,
				"seconds":	1.0000009536743164,
				"bytes":	106831616,
				"bits_per_second":	854652112.94023037,
				"omitted":	false,
				"sender":	false
			}
		}, {
			"streams":	[{
					"socket":	5,
					"start":	9.000003,
					"end":	10.000038,
					"seconds":	1.0000350475311279,
					"bytes":	106676680,
					"bits_per_second":	853383531.01413274,
					"omitted":	false,
					"sender":	false
				}],
			"sum":	{
				"start":	9.000003,
				"end":	10.000038,
				"seconds":	1.0000350475311279,
				"bytes":	106676680,
				"bits_per_second":	853383531.01413274,
				"omitted":	false,
				"sender":	false
			}
		}, {
			"streams":	[{
					"socket":	5,
					"start":	10.000038,
					"end":	11.000013,
					"seconds":	0.999975025653839,
					"bytes":	107237056,
					"bits_per_second":	857917873.93796134,
					"omitted":	false,
					"sender":	false
				}],
			"sum":	{
				"start":	10.000038,
				"end":	11.000013,
				"seconds":	0.999975025653839,
				"bytes":	107237056,
				"bits_per_second":	857917873.93796134,
				"omitted":	false,
				"sender":	false
			}
		}, {
			"streams":	[{
					"socket":	5,
					"start":	11.000013,
					"end":	12.000042,
					"seconds":	1.0000289678573608,
					"bytes":	108280232,
					"bits_per_second":	866216763.55634975,
					"omitted":	false,
					"sender":	false
				}],
			"sum":	{
				"start":	11.000013,
				"end":	12.000042,
				"seconds":	1.0000289678573608,
				"bytes":	108280232,
				"bits_per_second":	866216763.55634975,
				"omitted":	false,
				"sender":	false
			}
		}, {
			"streams":	[{
					"socket":	5,
					"start":	12.000042,
					"end":	13.000019,
					"seconds":	0.9999769926071167,
					"bytes":	107455704,
					"bits_per_second":	859665410.65985119,
					"omitted":	false,
					"sender":	false
				}],
			"sum":	{
				"start":	12.000042,
				"end":	13.000019,
				"seconds":	0.9999769926071167,
				"bytes":	107455704,
				"bits_per_second":	859665410.65985119,
				"omitted":	false,
				"sender":	false
			}
		}, {
			"streams":	[{
					"socket":	5,
					"start":	13.000019,
					"end":	14.000038,
					"seconds":	1.0000189542770386,
					"bytes":	108808136,
					"bits_per_second":	870448589.276291,
					"omitted":	false,
					"sender":	false
				}],
			"sum":	{
				"start":	13.000019,
				"end":	14.000038,
				"seconds":	1.0000189542770386,
				"bytes":	108808136,
				"bits_per_second":	870448589.276291,
				"omitted":	false,
				"sender":	false
			}
		}, {
			"streams":	[{
					"socket":	5,
					"start":	14.000038,
					"end":	15.000021,
					"seconds":	0.999983012676239,
					"bytes":	107103008,
					"bits_per_second":	856838619.3950386,
					"omitted":	false,
					"sender":	false
				}],
			"sum":	{
				"start":	14.000038,
				"end":	15.000021,
				"seconds":	0.999983012676239,
				"bytes":	107103008,
				"bits_per_second":	856838619.3950386,
				"omitted":	false,
				"sender":	false
			}
		}, {
			"streams":	[{
					"socket":	5,
					"start":	15.000021,
					"end":	16.000007,
					"seconds":	0.99998599290847778,
					"bytes":	106595592,
					"bits_per_second":	852776680.92101765,
					"omitted":	false,
					"sender":	false
				}],
			"sum":	{
				"start":	15.000021,
				"end":	16.000007,
				"seconds":	0.99998599290847778,
				"bytes":	106595592,