{
	"start":	{
		"connected":	[{
				"socket":	5,
				"local_host":	"192.168.105.1",
				"local_port":	49598,
				"remote_host":	"192.168.105.4",
				"remote_port":	5201
			}],
		"version":	"iperf 3.8.1 -  -- Apple version iperf3-117",
		"system_info":	"Darwin space-gray.local 24.3.0 Darwin Kernel Version 24.3.0: Thu Jan  2 20:24:23 PST 2025; root:xnu-11215.81.4~3/RELEASE_ARM64_T6020 arm64",
		"timestamp":	{
			"time":	"Sat, 22 Feb 2025 15:01:09 UTC",
			"timesecs":	1740236469
		},
		"connecting_to":	{
			"host":	"192.168.105.4",
			"port":	5201
		},
		"cookie":	"oisxhpmedht6r6v6zlyb46awv3ruap3okrck",
		"tcp_mss_default":	1448,
		"sock_bufsize":	0,
		"sndbuf_actual":	131072,
		"rcvbuf_actual":	131072,
		"test_start":	{
			"protocol":	"TCP",
			"num_streams":	1,
			"blksize":	131072,
			"omit":	0,
			"duration":	30,
			"bytes":	0,
			"blocks":	0,
			"reverse":	0,
			"tos":	0
		}
	},
	"intervals":	[{
			"streams":	[{
					"socket":	5,
					"start":	0,
					"end":	1.000051,
					"seconds":	1.0000510215759277,
					"bytes":	145025816,
					"bits_per_second":	1160147335.4546368,
					"retransmits":	0,
					"snd_cwnd":	3051832,
					"rtt":	20,
					"rttvar":	0,
					"pmtu":	-1,
					"omitted":	false,
					"sender":	true
				}],
			"sum":	{
				"start":	0,
				"end":	1.000051,
				"seconds":	1.0000510215759277,
				"bytes":	145025816,
				"bits_per_second":	1160147335.4546368,
				"retransmits":	0,
				"omitted":	false,
				"sender":	true
			}
		}, {
			"streams":	[{
					"socket":	5,
					"start":	1.000051,
					"end":	2.000026,
					"seconds":	0.999975025653839,
					"bytes":	143131904,
					"bits_per_second":	1145083829.7199466,
					"retransmits":	0,
					"snd_cwnd":	3193736,
					"rtt":	22,
					"rttvar":	0,
					"pmtu":	-1,
					"omitted":	false,
					"sender":	true
				}],
			"sum":	{
				"start":	1.000051,
				"end":	2.000026,
				"seconds":	0.999975025653839,
				"bytes":	143131904,
				"bits_per_second":	1145083829.7199466,
				"retransmits":	0,
				"omitted":	false,
				"sender":	true
			}
		}, {
			"streams":	[{
					"socket":	5,
					"start":	2.000026,
					"end":	3.000045,
					"seconds":	1.0000189542770386,
					"bytes":	144685608,
					"bits_per_second":	1157462925.1270552,
					"retransmits":	0,
					"snd_cwnd":	3305232,
					"rtt":	24,
					"rttvar":	0,
					"pmtu":	-1,
					"omitted":	false,
					"sender":	true
				}],
			"sum":	{
				"start":	2.000026,
				"end":	3.000045,
				"seconds":	1.0000189542770386,
				"bytes":	144685608,
				"bits_per_second":	1157462925.1270552,
				"retransmits":	0,
				"omitted":	false,
				"sender":	true
			}
		}, {
			"streams":	[{
					"socket":	5,
					"start":	3.000045,
					"end":	4.000007,
					"seconds":	0.9999619722366333,
					"bytes":	142945112,
					"bits_per_second":	1143604384.7169271,
					"retransmits":	0,
					"snd_cwnd":	3390664,
					"rtt":	23,
					"rttvar":	0,
					"pmtu":	-1,
					"omitted":	false,
					"sender":	true
				}],
			"sum":	{
				"start":	3.000045,
				"end":	4.000007,
				"seconds":	0.9999619722366333,
				"bytes":	142945112,
				"bits_per_second":	1143604384.7169271,
				"retransmits":	0,
				"omitted":	false,
				"sender":	true
			}
		}, {
			"streams":	[{
					"socket":	5,
					"start":	4.000007,
					"end":	5.000034,
					"seconds":	1.0000269412994385,
					"bytes":	142609176,
					"bits_per_second":	1140842672.2159557,
					"retransmits":	0,
					"snd_cwnd":	3452928,
					"rtt":	24,
					"rttvar":	0,
					"pmtu":	-1,
					"omitted":	false,
					"sender":	true
				}],
			"sum":	{
				"start":	4.000007,
				"end":	5.000034,
				"seconds":	1.0000269412994385,
				"bytes":	142609176,
				"bits_per_second":	1140842672.2159557,
				"retransmits":	0,
				"omitted":	false,
				"sender":	true
			}
		}, {
			"streams":	[{
					"socket":	5,
					"start":	5.000034,
					"end":	6.000025,
					"seconds":	0.999990999698639,
					"bytes":	144478544,
					"bits_per_second":	1155838754.8971188,
					"retransmits":	0,
					"snd_cwnd":	3496368,
					"rtt":	25,
					"rttvar":	0,
					"pmtu":	-1,
					"omitted":	false,
					"sender":	true
				}],
			"sum":	{
				"start":	5.000034,
				"end":	6.000025,
				"seconds":	0.999990999698639,
				"bytes":	144478544,
				"bits_per_second":	1155838754.8971188,
				"retransmits":	0,
				"omitted":	false,
				"sender":	true
			}
		}, {
			"streams":	[{
					"socket":	5,
					"start":	6.000025,
					"end":	7.000013,
					"seconds":	0.9999880194664,
					"bytes":	142442656,
					"bits_per_second":	1139554900.475774,
					"retransmits":	0,
					"snd_cwnd":	3525328,
					"rtt":	23,
					"rttvar":	0,
					"pmtu":	-1,
					"omitted":	false,
					"sender":	true
				}],
			"sum":	{
				"start":	6.000025,
				"end":	7.000013,
				"seconds":	0.9999880194664,
				"bytes":	142442656,
				"bits_per_second":	1139554900.475774,
				"retransmits":	0,
				"omitted":	false,
				"sender":	true
			}
		}, {
			"streams":	[{
					"socket":	5,
					"start":	7.000013,
					"end":	8.000014,
					"seconds":	1.0000009536743164,
					"bytes":	143657528,
					"bits_per_second":	1149259127.9810867,
					"retransmits":	0,
					"snd_cwnd":	3541256,
					"rtt":	25,
					"rttvar":	0,
					"pmtu":	-1,
					"omitted":	false,
					"sender":	true
				}],
			"sum":	{
				"start":	7.000013,
				"end":	8.000014,
				"seconds":	1.0000009536743164,
				"bytes":	143657528,
				"bits_per_second":	1149259127.9810867,
				"retransmits":	0,
				"omitted":	false,
				"sender":	true
			}
		}, {
			"streams":	[{
					"socket":	5,
					"start":	8.000014,
					"end":	9.000003,
					"seconds":	0.99998897314071655,
					"bytes":	147877000,
					"bits_per_second":	1183029045.0948086,
					"retransmits":	0,
					"snd_cwnd":	3548496,
					"rtt":	24,
					"rttvar":	0,
					"pmtu":	-1,
					"omitted":	false,
					"sender":	true
				}],
			"sum":	{
				"start":	8.000014,
				"end":	9.000003,
				"seconds":	0.99998897314071655,
				"bytes":	147877000,
				"bits_per_second":	1183029045.0948086,
				"retransmits":	0,
				"omitted":	false,
				"sender":	true
			}
		}, {
			"streams":	[{
					"socket":	5,
					"start":	9.000003,
					"end":	10.000025,
					"seconds":	1.0000220537185669,
					"bytes":	142587456,
					"bits_per_second":	1140674491.8857796,
					"retransmits":	0,
					"snd_cwnd":	3549944,
					"rtt":	26,
					"rttvar":	0,
					"pmtu":	-1,
					"omitted":	false,
					"sender":	true
				}],
			"sum":	{
				"start":	9.000003,
				"end":	10.000025,
				"seconds":	1.0000220537185669,
				"bytes":	142587456,
				"bits_per_second":	1140674491.8857796,
				"retransmits":	0,
				"omitted":	false,
				"sender":	true
			}
		}, {
			"streams":	[{
					"socket":	5,
					"start":	10.000025,
					"end":	11.000059,
					"seconds":	1.000033974647522,
					"bytes":	144243968,
					"bits_per_second":	1153912540.2281744,
					"retransmits":	0,
					"snd_cwnd":	3549944,
					"rtt":	24,
					"rttvar":	0,
					"pmtu":	-1,
					"omitted":	false,
					"sender":	true
				}],
			"sum":	{
				"start":	10.000025,
				"end":	11.000059,
				"seconds":	1.000033974647522,
				"bytes":	144243968,
				"bits_per_second":	1153912540.2281744,
				"retransmits":	0,
				"omitted":	false,
				"sender":	true
			}
		}, {
			"streams":	[{
					"socket":	5,
					"start":	11.000059,
					"end":	12.000021,
					"seconds":	0.9999619722366333,
					"bytes":	143454808,
					"bits_per_second":	1147682107.7836149,
					"retransmits":	0,
					"snd_cwnd":	3551392,
					"rtt":	25,
					"rttvar":	0,
					"pmtu":	-1,
					"omitted":	false,
					"sender":	true
				}],
			"sum":	{
				"start":	11.000059,
				"end":	12.000021,
				"seconds":	0.9999619722366333,
				"bytes":	143454808,
				"bits_per_second":	1147682107.7836149,
				"retransmits":	0,
				"omitted":	false,
				"sender":	true
			}
		}, {
			"streams":	[{
					"socket":	5,
					"start":	12.000021,
					"end":	13.000013,
					"seconds":	0.9999920129776,
					"bytes":	144488680,
					"bits_per_second":	1155918672.3483286,
					"retransmits":	0,
					"snd_cwnd":	3558632,
					"rtt":	24,