{
	"start":	{
		"connected":	[{
				"socket":	5,
				"local_host":	"10.100.102.149",
				"local_port":	49779,
				"remote_host":	"10.100.102.189",
				"remote_port":	5201
			}],
		"version":	"iperf 3.18",
		"system_info":	"Darwin mimi-2.local 24.3.0 Darwin Kernel Version 24.3.0: Thu Jan  2 20:24:23 PST 2025; root:xnu-11215.81.4~3/RELEASE_ARM64_T8122 arm64",
		"timestamp":	{
			"time":	"Sat, 22 Feb 2025 16:13:06 UTC",
			"timesecs":	1740240786
		},
		"connecting_to":	{
			"host":	"10.100.102.189",
			"port":	5201
		},
		"cookie":	"y3ajchdagl7w6biu5jqsi7wlqsau3oxs2wxr",
		"tcp_mss_default":	1448,
		"target_bitrate":	0,
		"fq_rate":	0,
		"sock_bufsize":	0,
		"sndbuf_actual":	131072,
		"rcvbuf_actual":	131072,
		"test_start":	{
			"protocol":	"TCP",
			"num_streams":	1,
			"blksize":	131072,
			"omit":	0,
			"duration":	30,
			"bytes":	0,
			"blocks":	0,
			"reverse":	1,
			"tos":	0,
			"target_bitrate":	0,
			"bidir":	0,
			"fqrate":	0,
			"interval":	1
		}
	},
	"intervals":	[{
			"streams":	[{
					"socket":	5,
					"start":	0,
					"end":	1.005023,
					"seconds":	1.0050230026245117,
					"bytes":	732430336,
					"bits_per_second":	5830157790.1189156,
					"omitted":	false,
					"sender":	false
				}],
			"sum":	{
				"start":	0,
				"end":	1.005023,
				"seconds":	1.0050230026245117,
				"bytes":	732430336,
				"bits_per_second":	5830157790.1189156,
				"omitted":	false,
				"sender":	false
			}
		}, {
			"streams":	[{
					"socket":	5,
					"start":	1.005023,
					"end":	2.005012,
					"seconds":	0.99998897314071655,
					"bytes":	743178240,
					"bits_per_second":	5945491480.0979223,
					"omitted":	false,
					"sender":	false
				}],
			"sum":	{
				"start":	1.005023,
				"end":	2.005012,
				"seconds":	0.99998897314071655,
				"bytes":	743178240,
				"bits_per_second":	5945491480.0979223,
				"omitted":	false,
				"sender":	false
			}
		}, {
			"streams":	[{
					"socket":	5,
					"start":	2.005012,
					"end":	3.005012,
					"seconds":	1,
					"bytes":	744226816,
					"bits_per_second":	5953814528,
					"omitted":	false,
					"sender":	false
				}],
			"sum":	{
				"start":	2.005012,
				"end":	3.005012,
				"seconds":	1,
				"bytes":	744226816,
				"bits_per_second":	5953814528,
				"omitted":	false,
				"sender":	false
			}
		}, {
			"streams":	[{
					"socket":	5,
					"start":	3.005012,
					"end":	4.005022,
					"seconds":	1.0000100135803223,
					"bytes":	741998592,
					"bits_per_second":	5935929296.0952063,
					"omitted":	false,
					"sender":	false
				}],
			"sum":	{
				"start":	3.005012,
				"end":	4.005022,
				"seconds":	1.0000100135803223,
				"bytes":	741998592,
				"bits_per_second":	5935929296.0952063,
				"omitted":	false,
				"sender":	false
			}
		}, {
			"streams":	[{
					"socket":	5,
					"start":	4.005022,
					"end":	5.00501,
					"seconds":	0.9999880194664,
					"bytes":	744751104,
					"bits_per_second":	5958080212.9801826,
					"omitted":	false,
					"sender":	false
				}],
			"sum":	{
				"start":	4.005022,
				"end":	5.00501,
				"seconds":	0.9999880194664,
				"bytes":	744751104,
				"bits_per_second":	5958080212.9801826,
				"omitted":	false,
				"sender":	false
			}
		}, {
			"streams":	[{
					"socket":	5,
					"start":	5.00501,
					"end":	6.003709,
					"seconds":	0.99869900941848755,
					"bytes":	741474304,
					"bits_per_second":	5939521693.7823,
					"omitted":	false,
					"sender":	false
				}],
			"sum":	{
				"start":	5.00501,
				"end":	6.003709,
				"seconds":	0.99869900941848755,
				"bytes":	741474304,
				"bits_per_second":	5939521693.7823,
				"omitted":	false,
				"sender":	false
			}
		}, {
			"streams":	[{
					"socket":	5,
					"start":	6.003709,
					"end":	7.005013,
					"seconds":	1.001304030418396,
					"bytes":	742129664,
					"bits_per_second":	5929305317.5060148,
					"omitted":	false,
					"sender":	false
				}],
			"sum":	{
				"start":	6.003709,
				"end":	7.005013,
				"seconds":	1.001304030418396,
				"bytes":	742129664,
				"bits_per_second":	5929305317.5060148,
				"omitted":	false,
				"sender":	false
			}
		}, {
			"streams":	[{
					"socket":	5,
					"start":	7.005013,
					"end":	8.00503,
					"seconds":	1.0000170469284058,
					"bytes":	743964672,
					"bits_per_second":	5951615919.2295265,
					"omitted":	false,
					"sender":	false
				}],
			"sum":	{
				"start":	7.005013,
				"end":	8.00503,
				"seconds":	1.0000170469284058,
				"bytes":	743964672,
				"bits_per_second":	5951615919.2295265,
				"omitted":	false,
				"sender":	false
			}
		}, {
			"streams":	[{
					"socket":	5,
					"start":	8.00503,
					"end":	9.005012,
					"seconds":	0.99998199939727783,
					"bytes":	743702528,
					"bits_per_second":	5949727322.67784,
					"omitted":	false,
					"sender":	false
				}],
			"sum":	{
				"start":	8.00503,
				"end":	9.005012,
				"seconds":	0.99998199939727783,
				"bytes":	743702528,
				"bits_per_second":	5949727322.67784,
				"omitted":	false,
				"sender":	false
			}
		}, {
			"streams":	[{
					"socket":	5,
					"start":	9.005012,
					"end":	10.005013,
					"seconds":	1.0000009536743164,
					"bytes":	738459648,
					"bits_per_second":	5907671550.005373,
					"omitted":	false,
					"sender":	false
				}],
			"sum":	{
				"start":	9.005012,
				"end":	10.005013,
				"seconds":	1.0000009536743164,
				"bytes":	738459648,
				"bits_per_second":	5907671550.005373,
				"omitted":	false,
				"sender":	false
			}
		}, {
			"streams":	[{
					"socket":	5,
					"start":	10.005013,
					"end":	11.005012,
					"seconds":	0.99999898672103882,
					"bytes":	734396416,
					"bits_per_second":	5875177281.193532,
					"omitted":	false,
					"sender":	false
				}],
			"sum":	{
				"start":	10.005013,
				"end":	11.005012,
				"seconds":	0.99999898672103882,
				"bytes":	734396416,
				"bits_per_second":	5875177281.193532,
				"omitted":	false,
				"sender":	false
			}
		}, {
			"streams":	[{
					"socket":	5,
					"start":	11.005012,
					"end":	12.005014,
					"seconds":	1.0000020265579224,
					"bytes":	729153536,
					"bits_per_second":	5833216466.6489563,
					"omitted":	false,
					"sender":	false
				}],
			"sum":	{
				"start":	11.005012,
				"end":	12.005014,
				"seconds":	1.0000020265579224,
				"bytes":	729153536,
				"bits_per_second":	5833216466.6489563,
				"omitted":	false,
				"sender":	false
			}
		}, {
			"streams":	[{
					"socket":	5,
					"start":	12.005014,
					"end":	13.005014,
					"seconds":	1,
					"bytes":	727842816,
					"bits_per_second":	5822742528,
					"omitted":	false,
					"sender":	false
				}],
			"sum":	{
				"start":	12.005014,
				"end":	13.005014,
				"seconds":	1,
				"bytes":	727842816,
				"bits_per_second":	5822742528,
				"omitted":	false,
				"sender":	false
			}
		}, {
			"streams":	[{
					"socket":	5,
					"start":	13.005014,
					"end":	14.005016,
					"seconds":	1.0000020265579224,
					"bytes":	730988544,
					"bits_per_second":	5847896500.8990173,
					"omitted":	false,
					"sender":	false
				}],
			"sum":	{
				"start":	13.005014,
				"end":	14.005016,
				"seconds":	1.0000020265579224,
				"bytes":	730988544,
				"bits_per_second":	5847896500.8990173,
				"omitted":	false,
				"sender":	false
			}
		}, {
			"streams":	[{
					"socket":	5,
					"start":	14.005016,
					"end":	15.005025,
					"seconds":	1.0000089406967163,
					"bytes":	730726400,
					"bits_per_second":	5845758934.8422871,
					"omitted":	false,
					"sender":	false
				}],
			"sum":	{
				"start":	14.005016,
				"end":	15.005025,
				"seconds":	1.0000089406967163,
				"bytes":	730726400,
				"bits_per_second":	5845758934.8422871,
				"omitted":	false,
				"sender":	false
			}
		}, {
			"streams":	[{
					"socket":	5,
					"start":	15.005025,
					"end":	16.005015,
					"seconds":	0.99998998641967773,
					"bytes":	729546752,
					"bits_per_second":	5836432459.58523,
					"omitted":	false,
					"sender":	false
				}],
			"sum":	{
				"start":	15.005025,
				"end":	16.005015,
				"seconds":	0.99998998641967773,
				"bytes":	729546752,