{
	"start":	{
		"connected":	[{
				"socket":	5,
				"local_host":	"10.100.102.151",
				"local_port":	49393,
				"remote_host":	"10.100.102.161",
				"remote_port":	5201
			}],
		"version":	"iperf 3.18",
		"system_info":	"Darwin space-gray.local 24.3.0 Darwin Kernel Version 24.3.0: Thu Jan  2 20:24:23 PST 2025; root:xnu-11215.81.4~3/RELEASE_ARM64_T6020 arm64",
		"timestamp":	{
			"time":	"Sat, 22 Feb 2025 14:28:10 UTC",
			"timesecs":	1740234490
		},
		"connecting_to":	{
			"host":	"10.100.102.161",
			"port":	5201
		},
		"cookie":	"2gmkbnzlmzhty6m5ti2foocdesczcypficwj",
		"tcp_mss_default":	1448,
		"target_bitrate":	0,
		"fq_rate":	0,
		"sock_bufsize":	0,
		"sndbuf_actual":	131072,
		"rcvbuf_actual":	131072,
		"test_start":	{
			"protocol":	"TCP",
			"num_streams":	1,
			"blksize":	131072,
			"omit":	0,
			"duration":	30,
			"bytes":	0,
			"blocks":	0,
			"reverse":	0,
			"tos":	0,
			"target_bitrate":	0,
			"bidir":	0,
			"fqrate":	0,
			"interval":	1
		}
	},
	"intervals":	[{
			"streams":	[{
					"socket":	5,
					"start":	0,
					"end":	1.010004,
					"seconds":	1.0100040435791016,
					"bytes":	171704320,
					"bits_per_second":	1360028772.8872044,
					"omitted":	false,
					"sender":	true
				}],
			"sum":	{
				"start":	0,
				"end":	1.010004,
				"seconds":	1.0100040435791016,
				"bytes":	171704320,
				"bits_per_second":	1360028772.8872044,
				"omitted":	false,
				"sender":	true
			}
		}, {
			"streams":	[{
					"socket":	5,
					"start":	1.010004,
					"end":	2.001874,
					"seconds":	0.99186998605728149,
					"bytes":	171573248,
					"bits_per_second":	1383836594.8102515,
					"omitted":	false,
					"sender":	true
				}],
			"sum":	{
				"start":	1.010004,
				"end":	2.001874,
				"seconds":	0.99186998605728149,
				"bytes":	171573248,
				"bits_per_second":	1383836594.8102515,
				"omitted":	false,
				"sender":	true
			}
		}, {
			"streams":	[{
					"socket":	5,
					"start":	2.001874,
					"end":	3.010004,
					"seconds":	1.0081299543380737,
					"bytes":	174981120,
					"bits_per_second":	1388560030.3575191,
					"omitted":	false,
					"sender":	true
				}],
			"sum":	{
				"start":	2.001874,
				"end":	3.010004,
				"seconds":	1.0081299543380737,
				"bytes":	174981120,
				"bits_per_second":	1388560030.3575191,
				"omitted":	false,
				"sender":	true
			}
		}, {
			"streams":	[{
					"socket":	5,
					"start":	3.010004,
					"end":	4.010009,
					"seconds":	1.0000050067901611,
					"bytes":	175243264,
					"bits_per_second":	1401939092.7851439,
					"omitted":	false,
					"sender":	true
				}],
			"sum":	{
				"start":	3.010004,
				"end":	4.010009,
				"seconds":	1.0000050067901611,
				"bytes":	175243264,
				"bits_per_second":	1401939092.7851439,
				"omitted":	false,
				"sender":	true
			}
		}, {
			"streams":	[{
					"socket":	5,
					"start":	4.010009,
					"end":	5.003391,
					"seconds":	0.99338197708129883,
					"bytes":	169082880,
					"bits_per_second":	1361674633.9351971,
					"omitted":	false,
					"sender":	true
				}],
			"sum":	{
				"start":	4.010009,
				"end":	5.003391,
				"seconds":	0.99338197708129883,
				"bytes":	169082880,
				"bits_per_second":	1361674633.9351971,
				"omitted":	false,
				"sender":	true
			}
		}, {
			"streams":	[{
					"socket":	5,
					"start":	5.003391,
					"end":	6.010002,
					"seconds":	1.0066109895706177,
					"bytes":	173277184,
					"bits_per_second":	1377113389.742852,
					"omitted":	false,
					"sender":	true
				}],
			"sum":	{
				"start":	5.003391,
				"end":	6.010002,
				"seconds":	1.0066109895706177,
				"bytes":	173277184,
				"bits_per_second":	1377113389.742852,
				"omitted":	false,
				"sender":	true
			}
		}, {
			"streams":	[{
					"socket":	5,
					"start":	6.010002,
					"end":	7.010005,
					"seconds":	1.0000029802322388,
					"bytes":	170917888,
					"bits_per_second":	1367339029.0121443,
					"omitted":	false,
					"sender":	true
				}],
			"sum":	{
				"start":	6.010002,
				"end":	7.010005,
				"seconds":	1.0000029802322388,
				"bytes":	170917888,
				"bits_per_second":	1367339029.0121443,
				"omitted":	false,
				"sender":	true
			}
		}, {
			"streams":	[{
					"socket":	5,
					"start":	7.010005,
					"end":	8.010005,
					"seconds":	1,
					"bytes":	173015040,
					"bits_per_second":	1384120320,
					"omitted":	false,
					"sender":	true
				}],
			"sum":	{
				"start":	7.010005,
				"end":	8.010005,
				"seconds":	1,
				"bytes":	173015040,
				"bits_per_second":	1384120320,
				"omitted":	false,
				"sender":	true
			}
		}, {
			"streams":	[{
					"socket":	5,
					"start":	8.010005,
					"end":	9.010004,
					"seconds":	0.99999898672103882,
					"bytes":	172490752,
					"bits_per_second":	1379927414.2514169,
					"omitted":	false,
					"sender":	true
				}],
			"sum":	{
				"start":	8.010005,
				"end":	9.010004,
				"seconds":	0.99999898672103882,
				"bytes":	172490752,
				"bits_per_second":	1379927414.2514169,
				"omitted":	false,
				"sender":	true
			}
		}, {
			"streams":	[{
					"socket":	5,
					"start":	9.010004,
					"end":	10.010009,
					"seconds":	1.0000050067901611,
					"bytes":	172621824,
					"bits_per_second":	1380967677.7846181,
					"omitted":	false,
					"sender":	true
				}],
			"sum":	{
				"start":	9.010004,
				"end":	10.010009,
				"seconds":	1.0000050067901611,
				"bytes":	172621824,
				"bits_per_second":	1380967677.7846181,
				"omitted":	false,
				"sender":	true
			}
		}, {
			"streams":	[{
					"socket":	5,
					"start":	10.010009,
					"end":	11.010007,
					"seconds":	0.99999797344207764,
					"bytes":	173146112,
					"bits_per_second":	1385171703.1306889,
					"omitted":	false,
					"sender":	true
				}],
			"sum":	{
				"start":	10.010009,
				"end":	11.010007,
				"seconds":	0.99999797344207764,
				"bytes":	173146112,
				"bits_per_second":	1385171703.1306889,
				"omitted":	false,
				"sender":	true
			}
		}, {
			"streams":	[{
					"socket":	5,
					"start":	11.010007,
					"end":	12.010004,
					"seconds":	0.99999701976776123,
					"bytes":	175374336,
					"bits_per_second":	1402998869.2624612,
					"omitted":	false,
					"sender":	true
				}],
			"sum":	{
				"start":	11.010007,
				"end":	12.010004,
				"seconds":	0.99999701976776123,
				"bytes":	175374336,
				"bits_per_second":	1402998869.2624612,
				"omitted":	false,
				"sender":	true
			}
		}, {
			"streams":	[{
					"socket":	5,
					"start":	12.010004,
					"end":	13.010008,
					"seconds":	1.0000040531158447,
					"bytes":	174718976,
					"bits_per_second":	1397746142.7729619,
					"omitted":	false,
					"sender":	true
				}],
			"sum":	{
				"start":	12.010004,
				"end":	13.010008,
				"seconds":	1.0000040531158447,
				"bytes":	174718976,
				"bits_per_second":	1397746142.7729619,
				"omitted":	false,
				"sender":	true
			}
		}, {
			"streams":	[{
					"socket":	5,
					"start":	13.010008,
					"end":	14.010008,
					"seconds":	1,
					"bytes":	174587904,
					"bits_per_second":	1396703232,
					"omitted":	false,
					"sender":	true
				}],
			"sum":	{
				"start":	13.010008,
				"end":	14.010008,
				"seconds":	1,
				"bytes":	174587904,
				"bits_per_second":	1396703232,
				"omitted":	false,
				"sender":	true
			}
		}, {
			"streams":	[{
					"socket":	5,
					"start":	14.010008,
					"end":	15.010009,
					"seconds":	1.0000009536743164,
					"bytes":	172752896,
					"bits_per_second":	1382021850.0012569,
					"omitted":	false,
					"sender":	true
				}],
			"sum":	{
				"start":	14.010008,
				"end":	15.010009,
				"seconds":	1.0000009536743164,
				"bytes":	172752896,
				"bits_per_second":	1382021850.0012569,
				"omitted":	false,
				"sender":	true
			}
		}, {
			"streams":	[{
					"socket":	5,
					"start":	15.010009,
					"end":	16.006895,
					"seconds":	0.99688601493835449,
					"bytes":	170786816,
					"bits_per_second":	1370562438.9609768,
					"omitted":	false,
					"sender":	true
				}],
			"sum":	{
				"start":	15.010009,
				"end":	16.006895,
				"seconds":	0.99688601493835449,
				"bytes":	170786816,