{
	"start":	{
		"connected":	[{
				"socket":	5,
				"local_host":	"10.100.102.149",
				"local_port":	49777,
				"remote_host":	"10.100.102.189",
				"remote_port":	5201
			}],
		"version":	"iperf 3.18",
		"system_info":	"Darwin mimi-2.local 24.3.0 Darwin Kernel Version 24.3.0: Thu Jan  2 20:24:23 PST 2025; root:xnu-11215.81.4~3/RELEASE_ARM64_T8122 arm64",
		"timestamp":	{
			"time":	"Sat, 22 Feb 2025 16:12:36 UTC",
			"timesecs":	1740240756
		},
		"connecting_to":	{
			"host":	"10.100.102.189",
			"port":	5201
		},
		"cookie":	"fv4que3fvoiqwgyvanqwvxtswo24rnohzv6f",
		"tcp_mss_default":	1448,
		"target_bitrate":	0,
		"fq_rate":	0,
		"sock_bufsize":	0,
		"sndbuf_actual":	131072,
		"rcvbuf_actual":	131072,
		"test_start":	{
			"protocol":	"TCP",
			"num_streams":	1,
			"blksize":	131072,
			"omit":	0,
			"duration":	30,
			"bytes":	0,
			"blocks":	0,
			"reverse":	0,
			"tos":	0,
			"target_bitrate":	0,
			"bidir":	0,
			"fqrate":	0,
			"interval":	1
		}
	},
	"intervals":	[{
			"streams":	[{
					"socket":	5,
					"start":	0,
					"end":	1.005012,
					"seconds":	1.005012035369873,
					"bytes":	387317760,
					"bits_per_second":	3083089526.24597,
					"omitted":	false,
					"sender":	true
				}],
			"sum":	{
				"start":	0,
				"end":	1.005012,
				"seconds":	1.005012035369873,
				"bytes":	387317760,
				"bits_per_second":	3083089526.24597,
				"omitted":	false,
				"sender":	true
			}
		}, {
			"streams":	[{
					"socket":	5,
					"start":	1.005012,
					"end":	2.005011,
					"seconds":	0.99999898672103882,
					"bytes":	382205952,
					"bits_per_second":	3057650714.25314,
					"omitted":	false,
					"sender":	true
				}],
			"sum":	{
				"start":	1.005012,
				"end":	2.005011,
				"seconds":	0.99999898672103882,
				"bytes":	382205952,
				"bits_per_second":	3057650714.25314,
				"omitted":	false,
				"sender":	true
			}
		}, {
			"streams":	[{
					"socket":	5,
					"start":	2.005011,
					"end":	3.005014,
					"seconds":	1.0000029802322388,
					"bytes":	384434176,
					"bits_per_second":	3075464242.4023156,
					"omitted":	false,
					"sender":	true
				}],
			"sum":	{
				"start":	2.005011,
				"end":	3.005014,
				"seconds":	1.0000029802322388,
				"bytes":	384434176,
				"bits_per_second":	3075464242.4023156,
				"omitted":	false,
				"sender":	true
			}
		}, {
			"streams":	[{
					"socket":	5,
					"start":	3.005014,
					"end":	4.005013,
					"seconds":	0.99999898672103882,
					"bytes":	384958464,
					"bits_per_second":	3079670832.5656619,
					"omitted":	false,
					"sender":	true
				}],
			"sum":	{
				"start":	3.005014,
				"end":	4.005013,
				"seconds":	0.99999898672103882,
				"bytes":	384958464,
				"bits_per_second":	3079670832.5656619,
				"omitted":	false,
				"sender":	true
			}
		}, {
			"streams":	[{
					"socket":	5,
					"start":	4.005013,
					"end":	5.005012,
					"seconds":	0.99999898672103882,
					"bytes":	385351680,
					"bits_per_second":	3082816563.7531652,
					"omitted":	false,
					"sender":	true
				}],
			"sum":	{
				"start":	4.005013,
				"end":	5.005012,
				"seconds":	0.99999898672103882,
				"bytes":	385351680,
				"bits_per_second":	3082816563.7531652,
				"omitted":	false,
				"sender":	true
			}
		}, {
			"streams":	[{
					"socket":	5,
					"start":	5.005012,
					"end":	6.005015,
					"seconds":	1.0000029802322388,
					"bytes":	383123456,
					"bits_per_second":	3064978513.6522226,
					"omitted":	false,
					"sender":	true
				}],
			"sum":	{
				"start":	5.005012,
				"end":	6.005015,
				"seconds":	1.0000029802322388,
				"bytes":	383123456,
				"bits_per_second":	3064978513.6522226,
				"omitted":	false,
				"sender":	true
			}
		}, {
			"streams":	[{
					"socket":	5,
					"start":	6.005015,
					"end":	7.005011,
					"seconds":	0.9999960064888,
					"bytes":	383909888,
					"bits_per_second":	3071291369.2364812,
					"omitted":	false,
					"sender":	true
				}],
			"sum":	{
				"start":	6.005015,
				"end":	7.005011,
				"seconds":	0.9999960064888,
				"bytes":	383909888,
				"bits_per_second":	3071291369.2364812,
				"omitted":	false,
				"sender":	true
			}
		}, {
			"streams":	[{
					"socket":	5,
					"start":	7.005011,
					"end":	8.005012,
					"seconds":	1.0000009536743164,
					"bytes":	381943808,
					"bits_per_second":	3055547550.002779,
					"omitted":	false,
					"sender":	true
				}],
			"sum":	{
				"start":	7.005011,
				"end":	8.005012,
				"seconds":	1.0000009536743164,
				"bytes":	381943808,
				"bits_per_second":	3055547550.002779,
				"omitted":	false,
				"sender":	true
			}
		}, {
			"streams":	[{
					"socket":	5,
					"start":	8.005012,
					"end":	9.005011,
					"seconds":	0.99999898672103882,
					"bytes":	387055616,
					"bits_per_second":	3096448065.5656791,
					"omitted":	false,
					"sender":	true
				}],
			"sum":	{
				"start":	8.005012,
				"end":	9.005011,
				"seconds":	0.99999898672103882,
				"bytes":	387055616,
				"bits_per_second":	3096448065.5656791,
				"omitted":	false,
				"sender":	true
			}
		}, {
			"streams":	[{
					"socket":	5,
					"start":	9.005011,
					"end":	10.005013,
					"seconds":	1.0000020265579224,
					"bytes":	384696320,
					"bits_per_second":	3077564323.13764,
					"omitted":	false,
					"sender":	true
				}],
			"sum":	{
				"start":	9.005011,
				"end":	10.005013,
				"seconds":	1.0000020265579224,
				"bytes":	384696320,
				"bits_per_second":	3077564323.13764,
				"omitted":	false,
				"sender":	true
			}
		}, {
			"streams":	[{
					"socket":	5,
					"start":	10.005013,
					"end":	11.005014,
					"seconds":	1.0000009536743164,
					"bytes":	382205952,
					"bits_per_second":	3057644700.0027809,
					"omitted":	false,
					"sender":	true
				}],
			"sum":	{
				"start":	10.005013,
				"end":	11.005014,
				"seconds":	1.0000009536743164,
				"bytes":	382205952,
				"bits_per_second":	3057644700.0027809,
				"omitted":	false,
				"sender":	true
			}
		}, {
			"streams":	[{
					"socket":	5,
					"start":	11.005014,
					"end":	12.005013,
					"seconds":	0.99999898672103882,
					"bytes":	385744896,
					"bits_per_second":	3085962294.9406686,
					"omitted":	false,
					"sender":	true
				}],
			"sum":	{
				"start":	11.005014,
				"end":	12.005013,
				"seconds":	0.99999898672103882,
				"bytes":	385744896,
				"bits_per_second":	3085962294.9406686,
				"omitted":	false,
				"sender":	true
			}
		}, {
			"streams":	[{
					"socket":	5,
					"start":	12.005013,
					"end":	13.005011,
					"seconds":	0.99999797344207764,
					"bytes":	383516672,
					"bits_per_second":	3068139593.7626,
					"omitted":	false,
					"sender":	true
				}],
			"sum":	{
				"start":	12.005013,
				"end":	13.005011,
				"seconds":	0.99999797344207764,
				"bytes":	383516672,
				"bits_per_second":	3068139593.7626,
				"omitted":	false,
				"sender":	true
			}
		}, {
			"streams":	[{
					"socket":	5,
					"start":	13.005011,
					"end":	14.005016,
					"seconds":	1.0000050067901611,
					"bytes":	378929152,
					"bits_per_second":	3031418038.3259916,
					"omitted":	false,
					"sender":	true
				}],
			"sum":	{
				"start":	13.005011,
				"end":	14.005016,
				"seconds":	1.0000050067901611,
				"bytes":	378929152,
				"bits_per_second":	3031418038.3259916,
				"omitted":	false,
				"sender":	true
			}
		}, {
			"streams":	[{
					"socket":	5,
					"start":	14.005016,
					"end":	15.005011,
					"seconds":	0.999994993209839,
					"bytes":	382337024,
					"bits_per_second":	3058711506.3266754,
					"omitted":	false,
					"sender":	true
				}],
			"sum":	{
				"start":	14.005016,
				"end":	15.005011,
				"seconds":	0.999994993209839,
				"bytes":	382337024,
				"bits_per_second":	3058711506.3266754,
				"omitted":	false,
				"sender":	true
			}
		}, {
			"streams":	[{
					"socket":	5,
					"start":	15.005011,
					"end":	16.005015,
					"seconds":	1.0000040531158447,
					"bytes":	375914496,
					"bits_per_second":	3007303779.0494032,
					"omitted":	false,
					"sender":	true
				}],
			"sum":	{
				"start":	15.005011,
				"end":	16.005015,