{
	"start":	{
		"connected":	[{
				"socket":	5,
				"local_host":	"192.168.105.1",
				"local_port":	49459,
				"remote_host":	"192.168.105.2",
				"remote_port":	5201
			}],
		"version":	"iperf 3.18",
		"system_info":	"Darwin mimi-2.local 24.3.0 Darwin Kernel Version 24.3.0: Thu Jan  2 20:24:23 PST 2025; root:xnu-11215.81.4~3/RELEASE_ARM64_T8122 arm64",
		"timestamp":	{
			"time":	"Sat, 22 Feb 2025 17:07:19 UTC",
			"timesecs":	1740244039
		},
		"connecting_to":	{
			"host":	"192.168.105.2",
			"port":	5201
		},
		"cookie":	"ydynp3d64bpiougjhlzxuoly3237hm5wwyj6",
		"tcp_mss_default":	1448,
		"target_bitrate":	0,
		"fq_rate":	0,
		"sock_bufsize":	0,
		"sndbuf_actual":	131072,
		"rcvbuf_actual":	131072,
		"test_start":	{
			"protocol":	"TCP",
			"num_streams":	1,
			"blksize":	131072,
			"omit":	0,
			"duration":	30,
			"bytes":	0,
			"blocks":	0,
			"reverse":	0,
			"tos":	0,
			"target_bitrate":	0,
			"bidir":	0,
			"fqrate":	0,
			"interval":	1
		}
	},
	"intervals":	[{
			"streams":	[{
					"socket":	5,
					"start":	0,
					"end":	1.004102,
					"seconds":	1.0041019916534424,
					"bytes":	1576271872,
					"bits_per_second":	12558659459.717812,
					"omitted":	false,
					"sender":	true
				}],
			"sum":	{
				"start":	0,
				"end":	1.004102,
				"seconds":	1.0041019916534424,
				"bytes":	1576271872,
				"bits_per_second":	12558659459.717812,
				"omitted":	false,
				"sender":	true
			}
		}, {
			"streams":	[{
					"socket":	5,
					"start":	1.004102,
					"end":	2.004907,
					"seconds":	1.0008050203323364,
					"bytes":	1608515584,
					"bits_per_second":	12857773902.579838,
					"omitted":	false,
					"sender":	true
				}],
			"sum":	{
				"start":	1.004102,
				"end":	2.004907,
				"seconds":	1.0008050203323364,
				"bytes":	1608515584,
				"bits_per_second":	12857773902.579838,
				"omitted":	false,
				"sender":	true
			}
		}, {
			"streams":	[{
					"socket":	5,
					"start":	2.004907,
					"end":	3.004196,
					"seconds":	0.99928897619247437,
					"bytes":	1614544896,
					"bits_per_second":	12925549541.449322,
					"omitted":	false,
					"sender":	true
				}],
			"sum":	{
				"start":	2.004907,
				"end":	3.004196,
				"seconds":	0.99928897619247437,
				"bytes":	1614544896,
				"bits_per_second":	12925549541.449322,
				"omitted":	false,
				"sender":	true
			}
		}, {
			"streams":	[{
					"socket":	5,
					"start":	3.004196,
					"end":	4.005012,
					"seconds":	1.0008159875869751,
					"bytes":	1616117760,
					"bits_per_second":	12918400825.283,
					"omitted":	false,
					"sender":	true
				}],
			"sum":	{
				"start":	3.004196,
				"end":	4.005012,
				"seconds":	1.0008159875869751,
				"bytes":	1616117760,
				"bits_per_second":	12918400825.283,
				"omitted":	false,
				"sender":	true
			}
		}, {
			"streams":	[{
					"socket":	5,
					"start":	4.005012,
					"end":	5.005009,
					"seconds":	0.99999701976776123,
					"bytes":	1604583424,
					"bits_per_second":	12836705648.364014,
					"omitted":	false,
					"sender":	true
				}],
			"sum":	{
				"start":	4.005012,
				"end":	5.005009,
				"seconds":	0.99999701976776123,
				"bytes":	1604583424,
				"bits_per_second":	12836705648.364014,
				"omitted":	false,
				"sender":	true
			}
		}, {
			"streams":	[{
					"socket":	5,
					"start":	5.005009,
					"end":	6.000964,
					"seconds":	0.995954990386963,
					"bytes":	1611005952,
					"bits_per_second":	12940391624.517639,
					"omitted":	false,
					"sender":	true
				}],
			"sum":	{
				"start":	5.005009,
				"end":	6.000964,
				"seconds":	0.995954990386963,
				"bytes":	1611005952,
				"bits_per_second":	12940391624.517639,
				"omitted":	false,
				"sender":	true
			}
		}, {
			"streams":	[{
					"socket":	5,
					"start":	6.000964,
					"end":	7.00052,
					"seconds":	0.999556005001068,
					"bytes":	1623588864,
					"bits_per_second":	12994480396.309679,
					"omitted":	false,
					"sender":	true
				}],
			"sum":	{
				"start":	6.000964,
				"end":	7.00052,
				"seconds":	0.999556005001068,
				"bytes":	1623588864,
				"bits_per_second":	12994480396.309679,
				"omitted":	false,
				"sender":	true
			}
		}, {
			"streams":	[{
					"socket":	5,
					"start":	7.00052,
					"end":	8.005004,
					"seconds":	1.0044840574264526,
					"bytes":	1631715328,
					"bits_per_second":	12995450278.667843,
					"omitted":	false,
					"sender":	true
				}],
			"sum":	{
				"start":	7.00052,
				"end":	8.005004,
				"seconds":	1.0044840574264526,
				"bytes":	1631715328,
				"bits_per_second":	12995450278.667843,
				"omitted":	false,
				"sender":	true
			}
		}, {
			"streams":	[{
					"socket":	5,
					"start":	8.005004,
					"end":	9.004504,
					"seconds":	0.99949997663497925,
					"bytes":	1622147072,
					"bits_per_second":	12983668713.720549,
					"omitted":	false,
					"sender":	true
				}],
			"sum":	{
				"start":	8.005004,
				"end":	9.004504,
				"seconds":	0.99949997663497925,
				"bytes":	1622147072,
				"bits_per_second":	12983668713.720549,
				"omitted":	false,
				"sender":	true
			}
		}, {
			"streams":	[{
					"socket":	5,
					"start":	9.004504,
					"end":	10.003898,
					"seconds":	0.9993939995765686,
					"bytes":	1616379904,
					"bits_per_second":	12938880198.87925,
					"omitted":	false,
					"sender":	true
				}],
			"sum":	{
				"start":	9.004504,
				"end":	10.003898,
				"seconds":	0.9993939995765686,
				"bytes":	1616379904,
				"bits_per_second":	12938880198.87925,
				"omitted":	false,
				"sender":	true
			}
		}, {
			"streams":	[{
					"socket":	5,
					"start":	10.003898,
					"end":	11.005001,
					"seconds":	1.0011030435562134,
					"bytes":	1612709888,
					"bits_per_second":	12887463670.242605,
					"omitted":	false,
					"sender":	true
				}],
			"sum":	{
				"start":	10.003898,
				"end":	11.005001,
				"seconds":	1.0011030435562134,
				"bytes":	1612709888,
				"bits_per_second":	12887463670.242605,
				"omitted":	false,
				"sender":	true
			}
		}, {
			"streams":	[{
					"socket":	5,
					"start":	11.005001,
					"end":	12.000755,
					"seconds":	0.99575400352478027,
					"bytes":	1596194816,
					"bits_per_second":	12824009225.971661,
					"omitted":	false,
					"sender":	true
				}],
			"sum":	{
				"start":	11.005001,
				"end":	12.000755,
				"seconds":	0.99575400352478027,
				"bytes":	1596194816,
				"bits_per_second":	12824009225.971661,
				"omitted":	false,
				"sender":	true
			}
		}, {
			"streams":	[{
					"socket":	5,
					"start":	12.000755,
					"end":	13.00501,
					"seconds":	1.0042550563812256,
					"bytes":	1603928064,
					"bits_per_second":	12777057412.324404,
					"omitted":	false,
					"sender":	true
				}],
			"sum":	{
				"start":	12.000755,
				"end":	13.00501,
				"seconds":	1.0042550563812256,
				"bytes":	1603928064,
				"bits_per_second":	12777057412.324404,
				"omitted":	false,
				"sender":	true
			}
		}, {
			"streams":	[{
					"socket":	5,
					"start":	13.00501,
					"end":	14.005002,
					"seconds":	0.9999920129776,
					"bytes":	1591738368,
					"bits_per_second":	12734008650.812334,
					"omitted":	false,
					"sender":	true
				}],
			"sum":	{
				"start":	13.00501,
				"end":	14.005002,
				"seconds":	0.9999920129776,
				"bytes":	1591738368,
				"bits_per_second":	12734008650.812334,
				"omitted":	false,
				"sender":	true
			}
		}, {
			"streams":	[{
					"socket":	5,
					"start":	14.005002,
					"end":	15.004722,
					"seconds":	0.99971997737884521,
					"bytes":	1596850176,
					"bits_per_second":	12778379643.361845,
					"omitted":	false,
					"sender":	true
				}],
			"sum":	{
				"start":	14.005002,
				"end":	15.004722,
				"seconds":	0.99971997737884521,
				"bytes":	1596850176,
				"bits_per_second":	12778379643.361845,
				"omitted":	false,
				"sender":	true
			}
		}, {
			"streams":	[{
					"socket":	5,
					"start":	15.004722,
					"end":	16.005006,
					"seconds":	1.00028395652771,
					"bytes":	1592000512,
					"bits_per_second":	12732388651.129171,
					"omitted":	false,
					"sender":	true
				}],