{
	"start":	{
		"connected":	[{
				"socket":	5,
				"local_host":	"192.168.105.1",
				"local_port":	49454,
				"remote_host":	"192.168.105.2",
				"remote_port":	5201
			}],
		"version":	"iperf 3.20",
		"system_info":	"Darwin mimi-2.local 25.3.0 Darwin Kernel Version 25.3.0: Wed Jan 28 20:53:31 PST 2026; root:xnu-12377.81.4~5/RELEASE_ARM64_T8122 arm64",
		"timestamp":	{
			"time":	"Fri, 27 Feb 2026 20:14:02 UTC",
			"timesecs":	1772223242,
			"timemillisecs":	1772223242626
		},
		"connecting_to":	{
			"host":	"192.168.105.2",
			"port":	5201
		},
		"cookie":	"cqu7uplpbwlmfrdf33quffojaexk77piodos",
		"tcp_mss_default":	1448,
		"target_bitrate":	0,
		"fq_rate":	0,
		"sock_bufsize":	0,
		"sndbuf_actual":	131072,
		"rcvbuf_actual":	131072,
		"test_start":	{
			"protocol":	"TCP",
			"num_streams":	1,
			"blksize":	131072,
			"omit":	0,
			"duration":	30,
			"bytes":	0,
			"blocks":	0,
			"reverse":	0,
			"tos":	0,
			"target_bitrate":	0,
			"bidir":	0,
			"fqrate":	0,
			"interval":	1
		}
	},
	"intervals":	[{
			"streams":	[{
					"socket":	5,
					"start":	0,
					"end":	1.005028,
					"seconds":	1.0050280094146729,
					"bytes":	3828219904,
					"bits_per_second":	30472542998.912445,
					"omitted":	false,
					"sender":	true
				}],
			"sum":	{
				"start":	0,
				"end":	1.005028,
				"seconds":	1.0050280094146729,
				"bytes":	3828219904,
				"bits_per_second":	30472542998.912445,
				"omitted":	false,
				"sender":	true
			}
		}, {
			"streams":	[{
					"socket":	5,
					"start":	1.005028,
					"end":	2.002444,
					"seconds":	0.99741601943969727,
					"bytes":	3102605312,
					"bits_per_second":	24885145227.50819,
					"omitted":	false,
					"sender":	true
				}],
			"sum":	{
				"start":	1.005028,
				"end":	2.002444,
				"seconds":	0.99741601943969727,
				"bytes":	3102605312,
				"bits_per_second":	24885145227.50819,
				"omitted":	false,
				"sender":	true
			}
		}, {
			"streams":	[{
					"socket":	5,
					"start":	2.002444,
					"end":	3.003453,
					"seconds":	1.0010089874267578,
					"bytes":	3350462464,
					"bits_per_second":	26776682376.152176,
					"omitted":	false,
					"sender":	true
				}],
			"sum":	{
				"start":	2.002444,
				"end":	3.003453,
				"seconds":	1.0010089874267578,
				"bytes":	3350462464,
				"bits_per_second":	26776682376.152176,
				"omitted":	false,
				"sender":	true
			}
		}, {
			"streams":	[{
					"socket":	5,
					"start":	3.003453,
					"end":	4.002006,
					"seconds":	0.998552978038788,
					"bytes":	4543348736,
					"bits_per_second":	36399460707.019333,
					"omitted":	false,
					"sender":	true
				}],
			"sum":	{
				"start":	3.003453,
				"end":	4.002006,
				"seconds":	0.998552978038788,
				"bytes":	4543348736,
				"bits_per_second":	36399460707.019333,
				"omitted":	false,
				"sender":	true
			}
		}, {
			"streams":	[{
					"socket":	5,
					"start":	4.002006,
					"end":	5.005037,
					"seconds":	1.0030310153961182,
					"bytes":	4743102464,
					"bits_per_second":	37830155926.947868,
					"omitted":	false,
					"sender":	true
				}],
			"sum":	{
				"start":	4.002006,
				"end":	5.005037,
				"seconds":	1.0030310153961182,
				"bytes":	4743102464,
				"bits_per_second":	37830155926.947868,
				"omitted":	false,
				"sender":	true
			}
		}, {
			"streams":	[{
					"socket":	5,
					"start":	5.005037,
					"end":	6.005024,
					"seconds":	0.999987006187439,
					"bytes":	4800905216,
					"bits_per_second":	38407740790.984734,
					"omitted":	false,
					"sender":	true
				}],
			"sum":	{
				"start":	5.005037,
				"end":	6.005024,
				"seconds":	0.999987006187439,
				"bytes":	4800905216,
				"bits_per_second":	38407740790.984734,
				"omitted":	false,
				"sender":	true
			}
		}, {
			"streams":	[{
					"socket":	5,
					"start":	6.005024,
					"end":	7.001812,
					"seconds":	0.99678802490234375,
					"bytes":	4517134336,
					"bits_per_second":	36253520091.737038,
					"omitted":	false,
					"sender":	true
				}],
			"sum":	{
				"start":	6.005024,
				"end":	7.001812,
				"seconds":	0.99678802490234375,
				"bytes":	4517134336,
				"bits_per_second":	36253520091.737038,
				"omitted":	false,
				"sender":	true
			}
		}, {
			"streams":	[{
					"socket":	5,
					"start":	7.001812,
					"end":	8.005018,
					"seconds":	1.0032060146331787,
					"bytes":	4542169088,
					"bits_per_second":	36221226920.4613,
					"omitted":	false,
					"sender":	true
				}],
			"sum":	{
				"start":	7.001812,
				"end":	8.005018,
				"seconds":	1.0032060146331787,
				"bytes":	4542169088,
				"bits_per_second":	36221226920.4613,
				"omitted":	false,
				"sender":	true
			}
		}, {
			"streams":	[{
					"socket":	5,
					"start":	8.005018,
					"end":	9.005049,
					"seconds":	1.0000309944152832,
					"bytes":	4484366336,
					"bits_per_second":	35873818799.962318,
					"omitted":	false,
					"sender":	true
				}],
			"sum":	{
				"start":	8.005018,
				"end":	9.005049,
				"seconds":	1.0000309944152832,
				"bytes":	4484366336,
				"bits_per_second":	35873818799.962318,
				"omitted":	false,
				"sender":	true
			}
		}, {
			"streams":	[{
					"socket":	5,
					"start":	9.005049,
					"end":	10.010019,
					"seconds":	1.0049699544906616,
					"bytes":	4535484416,
					"bits_per_second":	36104437914.653252,
					"omitted":	false,
					"sender":	true
				}],
			"sum":	{
				"start":	9.005049,
				"end":	10.010019,
				"seconds":	1.0049699544906616,
				"bytes":	4535484416,
				"bits_per_second":	36104437914.653252,
				"omitted":	false,
				"sender":	true
			}
		}, {
			"streams":	[{
					"socket":	5,
					"start":	10.010019,
					"end":	11.010018,
					"seconds":	0.99999898672103882,
					"bytes":	5087952896,
					"bits_per_second":	40703664412.1668,
					"omitted":	false,
					"sender":	true
				}],
			"sum":	{
				"start":	10.010019,
				"end":	11.010018,
				"seconds":	0.99999898672103882,
				"bytes":	5087952896,
				"bits_per_second":	40703664412.1668,
				"omitted":	false,
				"sender":	true
			}
		}, {
			"streams":	[{
					"socket":	5,
					"start":	11.010018,
					"end":	12.010031,
					"seconds":	1.000012993812561,
					"bytes":	5430444032,
					"bits_per_second":	43442987765.959877,
					"omitted":	false,
					"sender":	true
				}],
			"sum":	{
				"start":	11.010018,
				"end":	12.010031,
				"seconds":	1.000012993812561,
				"bytes":	5430444032,
				"bits_per_second":	43442987765.959877,
				"omitted":	false,
				"sender":	true
			}
		}, {
			"streams":	[{
					"socket":	5,
					"start":	12.010031,
					"end":	13.01002,
					"seconds":	0.99998897314071655,
					"bytes":	5587992576,
					"bits_per_second":	44704433557.498184,
					"omitted":	false,
					"sender":	true
				}],
			"sum":	{
				"start":	12.010031,
				"end":	13.01002,
				"seconds":	0.99998897314071655,
				"bytes":	5587992576,
				"bits_per_second":	44704433557.498184,
				"omitted":	false,
				"sender":	true
			}
		}, {
			"streams":	[{
					"socket":	5,
					"start":	13.01002,
					"end":	14.010018,
					"seconds":	0.99999797344207764,
					"bytes":	4410048512,
					"bits_per_second":	35280459593.8949,
					"omitted":	false,
					"sender":	true
				}],
			"sum":	{
				"start":	13.01002,
				"end":	14.010018,
				"seconds":	0.99999797344207764,
				"bytes":	4410048512,
				"bits_per_second":	35280459593.8949,
				"omitted":	false,
				"sender":	true
			}
		}, {
			"streams":	[{
					"socket":	5,
					"start":	14.010018,
					"end":	15.000251,
					"seconds":	0.99023300409317,
					"bytes":	5178654720,
					"bits_per_second":	41837868045.95533,
					"omitted":	false,
					"sender":	true
				}],
			"sum":	{
				"start":	14.010018,
				"end":	15.000251,
				"seconds":	0.99023300409317,
				"bytes":	5178654720,
				"bits_per_second":	41837868045.95533,
				"omitted":	false,
				"sender":	true
			}
		}, {
			"streams":	[{
					"socket":	5,
					"start":	15.000251,
					"end":	16.008081,
					"seconds":	1.007830023765564,
					"bytes":	6122110976,
					"bits_per_second":	48596377021.005226,
					"omitted":	false,
					"sender":	true
				}],