{
	"start":	{
		"connected":	[{
				"socket":	5,
				"local_host":	"192.168.105.1",
				"local_port":	49456,
				"remote_host":	"192.168.105.2",
				"remote_port":	5201
			}],
		"version":	"iperf 3.20",
		"system_info":	"Darwin mimi-2.local 25.3.0 Darwin Kernel Version 25.3.0: Wed Jan 28 20:53:31 PST 2026; root:xnu-12377.81.4~5/RELEASE_ARM64_T8122 arm64",
		"timestamp":	{
			"time":	"Fri, 27 Feb 2026 20:14:32 UTC",
			"timesecs":	1772223272,
			"timemillisecs":	1772223272640
		},
		"connecting_to":	{
			"host":	"192.168.105.2",
			"port":	5201
		},
		"cookie":	"uen2e6l2f5u5c72hzljlcr6m3ckpiqfwl22b",
		"tcp_mss_default":	1448,
		"target_bitrate":	0,
		"fq_rate":	0,
		"sock_bufsize":	0,
		"sndbuf_actual":	131072,
		"rcvbuf_actual":	131072,
		"test_start":	{
			"protocol":	"TCP",
			"num_streams":	1,
			"blksize":	131072,
			"omit":	0,
			"duration":	30,
			"bytes":	0,
			"blocks":	0,
			"reverse":	1,
			"tos":	0,
			"target_bitrate":	0,
			"bidir":	0,
			"fqrate":	0,
			"interval":	1
		}
	},
	"intervals":	[{
			"streams":	[{
					"socket":	5,
					"start":	0,
					"end":	1.009542,
					"seconds":	1.0095419883728027,
					"bytes":	8247312384,
					"bits_per_second":	65354883533.220139,
					"omitted":	false,
					"sender":	false
				}],
			"sum":	{
				"start":	0,
				"end":	1.009542,
				"seconds":	1.0095419883728027,
				"bytes":	8247312384,
				"bits_per_second":	65354883533.220139,
				"omitted":	false,
				"sender":	false
			}
		}, {
			"streams":	[{
					"socket":	5,
					"start":	1.009542,
					"end":	2.000879,
					"seconds":	0.9913370013237,
					"bytes":	8175091712,
					"bits_per_second":	65972251221.000061,
					"omitted":	false,
					"sender":	false
				}],
			"sum":	{
				"start":	1.009542,
				"end":	2.000879,
				"seconds":	0.9913370013237,
				"bytes":	8175091712,
				"bits_per_second":	65972251221.000061,
				"omitted":	false,
				"sender":	false
			}
		}, {
			"streams":	[{
					"socket":	5,
					"start":	2.000879,
					"end":	3.010017,
					"seconds":	1.0091379880905151,
					"bytes":	8180727808,
					"bits_per_second":	64853194742.808357,
					"omitted":	false,
					"sender":	false
				}],
			"sum":	{
				"start":	2.000879,
				"end":	3.010017,
				"seconds":	1.0091379880905151,
				"bytes":	8180727808,
				"bits_per_second":	64853194742.808357,
				"omitted":	false,
				"sender":	false
			}
		}, {
			"streams":	[{
					"socket":	5,
					"start":	3.010017,
					"end":	4.008155,
					"seconds":	0.99813801050186157,
					"bytes":	8182169600,
					"bits_per_second":	65579465075.26368,
					"omitted":	false,
					"sender":	false
				}],
			"sum":	{
				"start":	3.010017,
				"end":	4.008155,
				"seconds":	0.99813801050186157,
				"bytes":	8182169600,
				"bits_per_second":	65579465075.26368,
				"omitted":	false,
				"sender":	false
			}
		}, {
			"streams":	[{
					"socket":	5,
					"start":	4.008155,
					"end":	5.006248,
					"seconds":	0.998093008995056,
					"bytes":	8111390720,
					"bits_per_second":	65015108988.025612,
					"omitted":	false,
					"sender":	false
				}],
			"sum":	{
				"start":	4.008155,
				"end":	5.006248,
				"seconds":	0.998093008995056,
				"bytes":	8111390720,
				"bits_per_second":	65015108988.025612,
				"omitted":	false,
				"sender":	false
			}
		}, {
			"streams":	[{
					"socket":	5,
					"start":	5.006248,
					"end":	6.006622,
					"seconds":	1.0003739595413208,
					"bytes":	7978352640,
					"bits_per_second":	63802961393.822258,
					"omitted":	false,
					"sender":	false
				}],
			"sum":	{
				"start":	5.006248,
				"end":	6.006622,
				"seconds":	1.0003739595413208,
				"bytes":	7978352640,
				"bits_per_second":	63802961393.822258,
				"omitted":	false,
				"sender":	false
			}
		}, {
			"streams":	[{
					"socket":	5,
					"start":	6.006622,
					"end":	7.010016,
					"seconds":	1.0033940076828,
					"bytes":	8247574528,
					"bits_per_second":	65757415052.112045,
					"omitted":	false,
					"sender":	false
				}],
			"sum":	{
				"start":	6.006622,
				"end":	7.010016,
				"seconds":	1.0033940076828,
				"bytes":	8247574528,
				"bits_per_second":	65757415052.112045,
				"omitted":	false,
				"sender":	false
			}
		}, {
			"streams":	[{
					"socket":	5,
					"start":	7.010016,
					"end":	8.005088,
					"seconds":	0.99507200717926025,
					"bytes":	7254573056,
					"bits_per_second":	58324004724.559418,
					"omitted":	false,
					"sender":	false
				}],
			"sum":	{
				"start":	7.010016,
				"end":	8.005088,
				"seconds":	0.99507200717926025,
				"bytes":	7254573056,
				"bits_per_second":	58324004724.559418,
				"omitted":	false,
				"sender":	false
			}
		}, {
			"streams":	[{
					"socket":	5,
					"start":	8.005088,
					"end":	9.009126,
					"seconds":	1.0040379762649536,
					"bytes":	7071203328,
					"bits_per_second":	56342118486.832962,
					"omitted":	false,
					"sender":	false
				}],
			"sum":	{
				"start":	8.005088,
				"end":	9.009126,
				"seconds":	1.0040379762649536,
				"bytes":	7071203328,
				"bits_per_second":	56342118486.832962,
				"omitted":	false,
				"sender":	false
			}
		}, {
			"streams":	[{
					"socket":	5,
					"start":	9.009126,
					"end":	10.002622,
					"seconds":	0.993496000766754,
					"bytes":	6808010752,
					"bits_per_second":	54820639412.7063,
					"omitted":	false,
					"sender":	false
				}],
			"sum":	{
				"start":	9.009126,
				"end":	10.002622,
				"seconds":	0.993496000766754,
				"bytes":	6808010752,
				"bits_per_second":	54820639412.7063,
				"omitted":	false,
				"sender":	false
			}
		}, {
			"streams":	[{
					"socket":	5,
					"start":	10.002622,
					"end":	11.009412,
					"seconds":	1.0067900419235229,
					"bytes":	7440695296,
					"bits_per_second":	59124107201.411552,
					"omitted":	false,
					"sender":	false
				}],
			"sum":	{
				"start":	10.002622,
				"end":	11.009412,
				"seconds":	1.0067900419235229,
				"bytes":	7440695296,
				"bits_per_second":	59124107201.411552,
				"omitted":	false,
				"sender":	false
			}
		}, {
			"streams":	[{
					"socket":	5,
					"start":	11.009412,
					"end":	12.010023,
					"seconds":	1.0006109476089478,
					"bytes":	7752122368,
					"bits_per_second":	61979112953.136581,
					"omitted":	false,
					"sender":	false
				}],
			"sum":	{
				"start":	11.009412,
				"end":	12.010023,
				"seconds":	1.0006109476089478,
				"bytes":	7752122368,
				"bits_per_second":	61979112953.136581,
				"omitted":	false,
				"sender":	false
			}
		}, {
			"streams":	[{
					"socket":	5,
					"start":	12.010023,
					"end":	13.003673,
					"seconds":	0.99365001916885376,
					"bytes":	7729446912,
					"bits_per_second":	62230739297.648125,
					"omitted":	false,
					"sender":	false
				}],
			"sum":	{
				"start":	12.010023,
				"end":	13.003673,
				"seconds":	0.99365001916885376,
				"bytes":	7729446912,
				"bits_per_second":	62230739297.648125,
				"omitted":	false,
				"sender":	false
			}
		}, {
			"streams":	[{
					"socket":	5,
					"start":	13.003673,
					"end":	14.001611,
					"seconds":	0.99793797731399536,
					"bytes":	7575699456,
					"bits_per_second":	60730823984.7964,
					"omitted":	false,
					"sender":	false
				}],
			"sum":	{
				"start":	13.003673,
				"end":	14.001611,
				"seconds":	0.99793797731399536,
				"bytes":	7575699456,
				"bits_per_second":	60730823984.7964,
				"omitted":	false,
				"sender":	false
			}
		}, {
			"streams":	[{
					"socket":	5,
					"start":	14.001611,
					"end":	15.007093,
					"seconds":	1.0054819583892822,
					"bytes":	7724072960,
					"bits_per_second":	61455686165.6551,
					"omitted":	false,
					"sender":	false
				}],
			"sum":	{
				"start":	14.001611,
				"end":	15.007093,
				"seconds":	1.0054819583892822,
				"bytes":	7724072960,
				"bits_per_second":	61455686165.6551,
				"omitted":	false,
				"sender":	false
			}
		}, {
			"streams":	[{
					"socket":	5,
					"start":	15.007093,
					"end":	16.00139,
					"seconds":	0.99429702758789062,
					"bytes":	7523139584,
					"bits_per_second":	60530319413.71257,
					"omitted":	false,