{
	"start":	{
		"connected":	[{
				"socket":	5,
				"local_host":	"10.100.102.149",
				"local_port":	49600,
				"remote_host":	"10.100.102.182",
				"remote_port":	5201
			}],
		"version":	"iperf 3.8.1 -  -- Apple version iperf3-117",
		"system_info":	"Darwin mimi-2.local 24.3.0 Darwin Kernel Version 24.3.0: Thu Jan  2 20:24:23 PST 2025; root:xnu-11215.81.4~3/RELEASE_ARM64_T8122 arm64",
		"timestamp":	{
			"time":	"Sat, 22 Feb 2025 17:31:53 UTC",
			"timesecs":	1740245513
		},
		"connecting_to":	{
			"host":	"10.100.102.182",
			"port":	5201
		},
		"cookie":	"bl3wbvzztjmpyq6wq7tpdndc7csucecql4xr",
		"tcp_mss_default":	1448,
		"sock_bufsize":	0,
		"sndbuf_actual":	131072,
		"rcvbuf_actual":	131072,
		"test_start":	{
			"protocol":	"TCP",
			"num_streams":	1,
			"blksize":	131072,
			"omit":	0,
			"duration":	30,
			"bytes":	0,
			"blocks":	0,
			"reverse":	0,
			"tos":	0
		}
	},
	"intervals":	[{
			"streams":	[{
					"socket":	5,
					"start":	0,
					"end":	1.000029,
					"seconds":	1.0000289678573608,
					"bytes":	453385152,
					"bits_per_second":	3626976150.2722278,
					"retransmits":	0,
					"snd_cwnd":	7423933,
					"rtt":	7,
					"rttvar":	0,
					"pmtu":	-1,
					"omitted":	false,
					"sender":	true
				}],
			"sum":	{
				"start":	0,
				"end":	1.000029,
				"seconds":	1.0000289678573608,
				"bytes":	453385152,
				"bits_per_second":	3626976150.2722278,
				"retransmits":	0,
				"omitted":	false,
				"sender":	true
			}
		}, {
			"streams":	[{
					"socket":	5,
					"start":	1.000029,
					"end":	2.00001,
					"seconds":	0.99998098611831665,
					"bytes":	456273488,
					"bits_per_second":	3650257309.5605979,
					"retransmits":	0,
					"snd_cwnd":	7423933,
					"rtt":	7,
					"rttvar":	0,
					"pmtu":	-1,
					"omitted":	false,
					"sender":	true
				}],
			"sum":	{
				"start":	1.000029,
				"end":	2.00001,
				"seconds":	0.99998098611831665,
				"bytes":	456273488,
				"bits_per_second":	3650257309.5605979,
				"retransmits":	0,
				"omitted":	false,
				"sender":	true
			}
		}, {
			"streams":	[{
					"socket":	5,
					"start":	2.00001,
					"end":	3.000007,
					"seconds":	0.99999701976776123,
					"bytes":	457120568,
					"bits_per_second":	3656975442.63611,
					"retransmits":	0,
					"snd_cwnd":	7423933,
					"rtt":	8,
					"rttvar":	0,
					"pmtu":	-1,
					"omitted":	false,
					"sender":	true
				}],
			"sum":	{
				"start":	2.00001,
				"end":	3.000007,
				"seconds":	0.99999701976776123,
				"bytes":	457120568,
				"bits_per_second":	3656975442.63611,
				"retransmits":	0,
				"omitted":	false,
				"sender":	true
			}
		}, {
			"streams":	[{
					"socket":	5,
					"start":	3.000007,
					"end":	4.000103,
					"seconds":	1.0000959634780884,
					"bytes":	459951408,
					"bits_per_second":	3679258189.5873423,
					"retransmits":	0,
					"snd_cwnd":	7423933,
					"rtt":	8,
					"rttvar":	0,
					"pmtu":	-1,
					"omitted":	false,
					"sender":	true
				}],
			"sum":	{
				"start":	3.000007,
				"end":	4.000103,
				"seconds":	1.0000959634780884,
				"bytes":	459951408,
				"bits_per_second":	3679258189.5873423,
				"retransmits":	0,
				"omitted":	false,
				"sender":	true
			}
		}, {
			"streams":	[{
					"socket":	5,
					"start":	4.000103,
					"end":	5.000028,
					"seconds":	0.99992501735687256,
					"bytes":	456791992,
					"bits_per_second":	3654609968.3150244,
					"retransmits":	0,
					"snd_cwnd":	7759869,
					"rtt":	7,
					"rttvar":	0,
					"pmtu":	-1,
					"omitted":	false,
					"sender":	true
				}],
			"sum":	{
				"start":	4.000103,
				"end":	5.000028,
				"seconds":	0.99992501735687256,
				"bytes":	456791992,
				"bits_per_second":	3654609968.3150244,
				"retransmits":	0,
				"omitted":	false,
				"sender":	true
			}
		}, {
			"streams":	[{
					"socket":	5,
					"start":	5.000028,
					"end":	6.000106,
					"seconds":	1.0000779628753662,
					"bytes":	459521352,
					"bits_per_second":	3675884233.4956431,
					"retransmits":	0,
					"snd_cwnd":	7759869,
					"rtt":	8,
					"rttvar":	0,
					"pmtu":	-1,
					"omitted":	false,
					"sender":	true
				}],
			"sum":	{
				"start":	5.000028,
				"end":	6.000106,
				"seconds":	1.0000779628753662,
				"bytes":	459521352,
				"bits_per_second":	3675884233.4956431,
				"retransmits":	0,
				"omitted":	false,
				"sender":	true
			}
		}, {
			"streams":	[{
					"socket":	5,
					"start":	6.000106,
					"end":	7.000061,
					"seconds":	0.99995499849319458,
					"bytes":	458280416,
					"bits_per_second":	3666408321.8990493,
					"retransmits":	0,
					"snd_cwnd":	7759869,
					"rtt":	7,
					"rttvar":	0,
					"pmtu":	-1,
					"omitted":	false,
					"sender":	true
				}],
			"sum":	{
				"start":	6.000106,
				"end":	7.000061,
				"seconds":	0.99995499849319458,
				"bytes":	458280416,
				"bits_per_second":	3666408321.8990493,
				"retransmits":	0,
				"omitted":	false,
				"sender":	true
			}
		}, {
			"streams":	[{
					"socket":	5,
					"start":	7.000061,
					"end":	8.000006,
					"seconds":	0.99994498491287231,
					"bytes":	458655448,
					"bits_per_second":	3669445458.86163,
					"retransmits":	0,
					"snd_cwnd":	7759869,
					"rtt":	7,
					"rttvar":	0,
					"pmtu":	-1,
					"omitted":	false,
					"sender":	true
				}],
			"sum":	{
				"start":	7.000061,
				"end":	8.000006,
				"seconds":	0.99994498491287231,
				"bytes":	458655448,
				"bits_per_second":	3669445458.86163,
				"retransmits":	0,
				"omitted":	false,
				"sender":	true
			}
		}, {
			"streams":	[{
					"socket":	5,
					"start":	8.000006,
					"end":	9.000045,
					"seconds":	1.0000389814376831,
					"bytes":	464676232,
					"bits_per_second":	3717264951.6679349,
					"retransmits":	0,
					"snd_cwnd":	7759869,
					"rtt":	7,
					"rttvar":	0,
					"pmtu":	-1,
					"omitted":	false,
					"sender":	true
				}],
			"sum":	{
				"start":	8.000006,
				"end":	9.000045,
				"seconds":	1.0000389814376831,
				"bytes":	464676232,
				"bits_per_second":	3717264951.6679349,
				"retransmits":	0,
				"omitted":	false,
				"sender":	true
			}
		}, {
			"streams":	[{
					"socket":	5,
					"start":	9.000045,
					"end":	10.000069,
					"seconds":	1.0000239610672,
					"bytes":	467223264,
					"bits_per_second":	3737696552.8017263,
					"retransmits":	0,
					"snd_cwnd":	7759869,
					"rtt":	6,
					"rttvar":	0,
					"pmtu":	-1,
					"omitted":	false,
					"sender":	true
				}],
			"sum":	{
				"start":	9.000045,
				"end":	10.000069,
				"seconds":	1.0000239610672,
				"bytes":	467223264,
				"bits_per_second":	3737696552.8017263,
				"retransmits":	0,
				"omitted":	false,
				"sender":	true
			}
		}, {
			"streams":	[{
					"socket":	5,
					"start":	10.000069,
					"end":	11.000006,
					"seconds":	0.99993699789047241,
					"bytes":	464673336,
					"bits_per_second":	3717620905.9595,
					"retransmits":	0,
					"snd_cwnd":	7759869,
					"rtt":	6,
					"rttvar":	0,
					"pmtu":	-1,
					"omitted":	false,
					"sender":	true
				}],
			"sum":	{
				"start":	10.000069,
				"end":	11.000006,
				"seconds":	0.99993699789047241,
				"bytes":	464673336,
				"bits_per_second":	3717620905.9595,
				"retransmits":	0,
				"omitted":	false,
				"sender":	true
			}
		}, {
			"streams":	[{
					"socket":	5,
					"start":	11.000006,
					"end":	12.000036,
					"seconds":	1.0000300407409668,
					"bytes":	464191152,
					"bits_per_second":	3713417662.1819091,
					"retransmits":	0,
					"snd_cwnd":	7759869,
					"rtt":	7,
					"rttvar":	0,
					"pmtu":	-1,
					"omitted":	false,
					"sender":	true
				}],
			"sum":	{
				"start":	11.000006,
				"end":	12.000036,
				"seconds":	1.0000300407409668,
				"bytes":	464191152,
				"bits_per_second":	3713417662.1819091,
				"retransmits":	0,
				"omitted":	false,
				"sender":	true
			}
		}, {
			"streams":	[{
					"socket":	5,
					"start":	12.000036,
					"end":	13.000021,
					"seconds":	0.9999849796295166,
					"bytes":	463995672,
					"bits_per_second":	3712021131.9326439,
					"retransmits":	0,
					"snd_cwnd":	7759869,
					"rtt":	7,
					"rttvar":	0,