{
	"start":	{
		"connected":	[{
				"socket":	5,
				"local_host":	"192.168.105.1",
				"local_port":	50973,
				"remote_host":	"192.168.105.11",
				"remote_port":	5201
			}],
		"version":	"iperf 3.8.1 -  -- Apple version iperf3-117.100.3",
		"system_info":	"Darwin mimi-2.local 24.6.0 Darwin Kernel Version 24.6.0: Mon Jul 14 11:29:54 PDT 2025; root:xnu-11417.140.69~1/RELEASE_ARM64_T8122 arm64",
		"timestamp":	{
			"time":	"Sun, 31 Aug 2025 07:48:46 UTC",
			"timesecs":	1756626526
		},
		"connecting_to":	{
			"host":	"192.168.105.11",
			"port":	5201
		},
		"cookie":	"ni4okmlavred4s3t24z4ui5wvn5zsz6yndfv",
		"tcp_mss_default":	1448,
		"sock_bufsize":	0,
		"sndbuf_actual":	131072,
		"rcvbuf_actual":	131072,
		"test_start":	{
			"protocol":	"TCP",
			"num_streams":	1,
			"blksize":	131072,
			"omit":	0,
			"duration":	30,
			"bytes":	0,
			"blocks":	0,
			"reverse":	0,
			"tos":	0
		}
	},
	"intervals":	[{
			"streams":	[{
					"socket":	5,
					"start":	0,
					"end":	1.000025,
					"seconds":	1.0000250339508057,
					"bytes":	266483760,
					"bits_per_second":	2131816712.2053,
					"retransmits":	0,
					"snd_cwnd":	8388480,
					"rtt":	16,
					"rttvar":	0,
					"pmtu":	-1,
					"omitted":	false,
					"sender":	true
				}],
			"sum":	{
				"start":	0,
				"end":	1.000025,
				"seconds":	1.0000250339508057,
				"bytes":	266483760,
				"bits_per_second":	2131816712.2053,
				"retransmits":	0,
				"omitted":	false,
				"sender":	true
			}
		}, {
			"streams":	[{
					"socket":	5,
					"start":	1.000025,
					"end":	2.000036,
					"seconds":	1.0000109672546387,
					"bytes":	263329520,
					"bits_per_second":	2106613056.2381871,
					"retransmits":	0,
					"snd_cwnd":	8388480,
					"rtt":	15,
					"rttvar":	0,
					"pmtu":	-1,
					"omitted":	false,
					"sender":	true
				}],
			"sum":	{
				"start":	1.000025,
				"end":	2.000036,
				"seconds":	1.0000109672546387,
				"bytes":	263329520,
				"bits_per_second":	2106613056.2381871,
				"retransmits":	0,
				"omitted":	false,
				"sender":	true
			}
		}, {
			"streams":	[{
					"socket":	5,
					"start":	2.000036,
					"end":	3.00001,
					"seconds":	0.999974012374878,
					"bytes":	259406080,
					"bits_per_second":	2075302572.1852608,
					"retransmits":	0,
					"snd_cwnd":	8388480,
					"rtt":	17,
					"rttvar":	0,
					"pmtu":	-1,
					"omitted":	false,
					"sender":	true
				}],
			"sum":	{
				"start":	2.000036,
				"end":	3.00001,
				"seconds":	0.999974012374878,
				"bytes":	259406080,
				"bits_per_second":	2075302572.1852608,
				"retransmits":	0,
				"omitted":	false,
				"sender":	true
			}
		}, {
			"streams":	[{
					"socket":	5,
					"start":	3.00001,
					"end":	4.000007,
					"seconds":	0.99999701976776123,
					"bytes":	260356952,
					"bits_per_second":	2082861823.4119551,
					"retransmits":	0,
					"snd_cwnd":	8388480,
					"rtt":	16,
					"rttvar":	0,
					"pmtu":	-1,
					"omitted":	false,
					"sender":	true
				}],
			"sum":	{
				"start":	3.00001,
				"end":	4.000007,
				"seconds":	0.99999701976776123,
				"bytes":	260356952,
				"bits_per_second":	2082861823.4119551,
				"retransmits":	0,
				"omitted":	false,
				"sender":	true
			}
		}, {
			"streams":	[{
					"socket":	5,
					"start":	4.000007,
					"end":	5.000024,
					"seconds":	1.0000170469284058,
					"bytes":	266157928,
					"bits_per_second":	2129227127.2176027,
					"retransmits":	0,
					"snd_cwnd":	8388480,
					"rtt":	16,
					"rttvar":	0,
					"pmtu":	-1,
					"omitted":	false,
					"sender":	true
				}],
			"sum":	{
				"start":	4.000007,
				"end":	5.000024,
				"seconds":	1.0000170469284058,
				"bytes":	266157928,
				"bits_per_second":	2129227127.2176027,
				"retransmits":	0,
				"omitted":	false,
				"sender":	true
			}
		}, {
			"streams":	[{
					"socket":	5,
					"start":	5.000024,
					"end":	6.000025,
					"seconds":	1.0000009536743164,
					"bytes":	265957784,
					"bits_per_second":	2127660242.9050722,
					"retransmits":	0,
					"snd_cwnd":	8388480,
					"rtt":	15,
					"rttvar":	0,
					"pmtu":	-1,
					"omitted":	false,
					"sender":	true
				}],
			"sum":	{
				"start":	5.000024,
				"end":	6.000025,
				"seconds":	1.0000009536743164,
				"bytes":	265957784,
				"bits_per_second":	2127660242.9050722,
				"retransmits":	0,
				"omitted":	false,
				"sender":	true
			}
		}, {
			"streams":	[{
					"socket":	5,
					"start":	6.000025,
					"end":	7.000025,
					"seconds":	1,
					"bytes":	265914664,
					"bits_per_second":	2127317312,
					"retransmits":	0,
					"snd_cwnd":	8388480,
					"rtt":	15,
					"rttvar":	0,
					"pmtu":	-1,
					"omitted":	false,
					"sender":	true
				}],
			"sum":	{
				"start":	6.000025,
				"end":	7.000025,
				"seconds":	1,
				"bytes":	265914664,
				"bits_per_second":	2127317312,
				"retransmits":	0,
				"omitted":	false,
				"sender":	true
			}
		}, {
			"streams":	[{
					"socket":	5,
					"start":	7.000025,
					"end":	8.000008,
					"seconds":	0.999983012676239,
					"bytes":	266721576,
					"bits_per_second":	2133808855.7018759,
					"retransmits":	0,
					"snd_cwnd":	8388480,
					"rtt":	16,
					"rttvar":	0,
					"pmtu":	-1,
					"omitted":	false,
					"sender":	true
				}],
			"sum":	{
				"start":	7.000025,
				"end":	8.000008,
				"seconds":	0.999983012676239,
				"bytes":	266721576,
				"bits_per_second":	2133808855.7018759,
				"retransmits":	0,
				"omitted":	false,
				"sender":	true
			}
		}, {
			"streams":	[{
					"socket":	5,
					"start":	8.000008,
					"end":	9.000053,
					"seconds":	1.0000449419021606,
					"bytes":	262146448,
					"bits_per_second":	2097077337.3554811,
					"retransmits":	0,
					"snd_cwnd":	8388480,
					"rtt":	15,
					"rttvar":	0,
					"pmtu":	-1,
					"omitted":	false,
					"sender":	true
				}],
			"sum":	{
				"start":	8.000008,
				"end":	9.000053,
				"seconds":	1.0000449419021606,
				"bytes":	262146448,
				"bits_per_second":	2097077337.3554811,
				"retransmits":	0,
				"omitted":	false,
				"sender":	true
			}
		}, {
			"streams":	[{
					"socket":	5,
					"start":	9.000053,
					"end":	10.000006,
					"seconds":	0.99995297193527222,
					"bytes":	273120864,
					"bits_per_second":	2185069671.59795,
					"retransmits":	0,
					"snd_cwnd":	8388480,
					"rtt":	15,
					"rttvar":	0,
					"pmtu":	-1,
					"omitted":	false,
					"sender":	true
				}],
			"sum":	{
				"start":	9.000053,
				"end":	10.000006,
				"seconds":	0.99995297193527222,
				"bytes":	273120864,
				"bits_per_second":	2185069671.59795,
				"retransmits":	0,
				"omitted":	false,
				"sender":	true
			}
		}, {
			"streams":	[{
					"socket":	5,
					"start":	10.000006,
					"end":	11.000039,
					"seconds":	1.0000330209732056,
					"bytes":	261685024,
					"bits_per_second":	2093411065.5292969,
					"retransmits":	0,
					"snd_cwnd":	8388480,
					"rtt":	16,
					"rttvar":	0,
					"pmtu":	-1,
					"omitted":	false,
					"sender":	true
				}],
			"sum":	{
				"start":	10.000006,
				"end":	11.000039,
				"seconds":	1.0000330209732056,
				"bytes":	261685024,
				"bits_per_second":	2093411065.5292969,
				"retransmits":	0,
				"omitted":	false,
				"sender":	true
			}
		}, {
			"streams":	[{
					"socket":	5,
					"start":	11.000039,
					"end":	12.000039,
					"seconds":	1,
					"bytes":	237653192,
					"bits_per_second":	1901225536,
					"retransmits":	0,
					"snd_cwnd":	8388480,
					"rtt":	19,
					"rttvar":	0,
					"pmtu":	-1,
					"omitted":	false,
					"sender":	true
				}],
			"sum":	{
				"start":	11.000039,
				"end":	12.000039,
				"seconds":	1,
				"bytes":	237653192,
				"bits_per_second":	1901225536,
				"retransmits":	0,
				"omitted":	false,
				"sender":	true
			}
		}, {
			"streams":	[{
					"socket":	5,
					"start":	12.000039,
					"end":	13.00002,
					"seconds":	0.99998098611831665,
					"bytes":	231723544,
					"bits_per_second":	1853823600.3825996,
					"retransmits":	0,
					"snd_cwnd":	8388480,
					"rtt":	15,
					"rttvar":	0,
					"pmtu":	-1,
					"omitted":	false,
					"sender":	true
				}],