{
	"start":	{
		"connected":	[{
				"socket":	5,
				"local_host":	"192.168.105.1",
				"local_port":	50980,
				"remote_host":	"192.168.105.11",
				"remote_port":	5201
			}],
		"version":	"iperf 3.8.1 -  -- Apple version iperf3-117.100.3",
		"system_info":	"Darwin mimi-2.local 24.6.0 Darwin Kernel Version 24.6.0: Mon Jul 14 11:29:54 PDT 2025; root:xnu-11417.140.69~1/RELEASE_ARM64_T8122 arm64",
		"timestamp":	{
			"time":	"Sun, 31 Aug 2025 07:49:16 UTC",
			"timesecs":	1756626556
		},
		"connecting_to":	{
			"host":	"192.168.105.11",
			"port":	5201
		},
		"cookie":	"uldjqrd5uxalzifya54boi4546m6il3haywq",
		"tcp_mss_default":	1448,
		"sock_bufsize":	0,
		"sndbuf_actual":	131072,
		"rcvbuf_actual":	131072,
		"test_start":	{
			"protocol":	"TCP",
			"num_streams":	1,
			"blksize":	131072,
			"omit":	0,
			"duration":	30,
			"bytes":	0,
			"blocks":	0,
			"reverse":	1,
			"tos":	0
		}
	},
	"intervals":	[{
			"streams":	[{
					"socket":	5,
					"start":	0,
					"end":	1.000042,
					"seconds":	1.0000419616699219,
					"bytes":	246588952,
					"bits_per_second":	1972628841.1996872,
					"omitted":	false,
					"sender":	false
				}],
			"sum":	{
				"start":	0,
				"end":	1.000042,
				"seconds":	1.0000419616699219,
				"bytes":	246588952,
				"bits_per_second":	1972628841.1996872,
				"omitted":	false,
				"sender":	false
			}
		}, {
			"streams":	[{
					"socket":	5,
					"start":	1.000042,
					"end":	2.000012,
					"seconds":	0.999970018863678,
					"bytes":	209099800,
					"bits_per_second":	1672848553.9005406,
					"omitted":	false,
					"sender":	false
				}],
			"sum":	{
				"start":	1.000042,
				"end":	2.000012,
				"seconds":	0.999970018863678,
				"bytes":	209099800,
				"bits_per_second":	1672848553.9005406,
				"omitted":	false,
				"sender":	false
			}
		}, {
			"streams":	[{
					"socket":	5,
					"start":	2.000012,
					"end":	3.000007,
					"seconds":	0.999994993209839,
					"bytes":	213707200,
					"bits_per_second":	1709666159.9397085,
					"omitted":	false,
					"sender":	false
				}],
			"sum":	{
				"start":	2.000012,
				"end":	3.000007,
				"seconds":	0.999994993209839,
				"bytes":	213707200,
				"bits_per_second":	1709666159.9397085,
				"omitted":	false,
				"sender":	false
			}
		}, {
			"streams":	[{
					"socket":	5,
					"start":	3.000007,
					"end":	4.000009,
					"seconds":	1.0000020265579224,
					"bytes":	214862872,
					"bits_per_second":	1718899492.5506155,
					"omitted":	false,
					"sender":	false
				}],
			"sum":	{
				"start":	3.000007,
				"end":	4.000009,
				"seconds":	1.0000020265579224,
				"bytes":	214862872,
				"bits_per_second":	1718899492.5506155,
				"omitted":	false,
				"sender":	false
			}
		}, {
			"streams":	[{
					"socket":	5,
					"start":	4.000009,
					"end":	5.000052,
					"seconds":	1.0000430345535278,
					"bytes":	215084392,
					"bits_per_second":	1720601090.7002623,
					"omitted":	false,
					"sender":	false
				}],
			"sum":	{
				"start":	4.000009,
				"end":	5.000052,
				"seconds":	1.0000430345535278,
				"bytes":	215084392,
				"bits_per_second":	1720601090.7002623,
				"omitted":	false,
				"sender":	false
			}
		}, {
			"streams":	[{
					"socket":	5,
					"start":	5.000052,
					"end":	6.000002,
					"seconds":	0.99994999170303345,
					"bytes":	216245824,
					"bits_per_second":	1730053109.0096433,
					"omitted":	false,
					"sender":	false
				}],
			"sum":	{
				"start":	5.000052,
				"end":	6.000002,
				"seconds":	0.99994999170303345,
				"bytes":	216245824,
				"bits_per_second":	1730053109.0096433,
				"omitted":	false,
				"sender":	false
			}
		}, {
			"streams":	[{
					"socket":	5,
					"start":	6.000002,
					"end":	7.000008,
					"seconds":	1.0000059604644775,
					"bytes":	215468448,
					"bits_per_second":	1723737309.7249968,
					"omitted":	false,
					"sender":	false
				}],
			"sum":	{
				"start":	6.000002,
				"end":	7.000008,
				"seconds":	1.0000059604644775,
				"bytes":	215468448,
				"bits_per_second":	1723737309.7249968,
				"omitted":	false,
				"sender":	false
			}
		}, {
			"streams":	[{
					"socket":	5,
					"start":	7.000008,
					"end":	8.000005,
					"seconds":	0.99999701976776123,
					"bytes":	213388976,
					"bits_per_second":	1707116895.6048076,
					"omitted":	false,
					"sender":	false
				}],
			"sum":	{
				"start":	7.000008,
				"end":	8.000005,
				"seconds":	0.99999701976776123,
				"bytes":	213388976,
				"bits_per_second":	1707116895.6048076,
				"omitted":	false,
				"sender":	false
			}
		}, {
			"streams":	[{
					"socket":	5,
					"start":	8.000005,
					"end":	9.000011,
					"seconds":	1.0000059604644775,
					"bytes":	215620288,
					"bits_per_second":	1724952022.4847445,
					"omitted":	false,
					"sender":	false
				}],
			"sum":	{
				"start":	8.000005,
				"end":	9.000011,
				"seconds":	1.0000059604644775,
				"bytes":	215620288,
				"bits_per_second":	1724952022.4847445,
				"omitted":	false,
				"sender":	false
			}
		}, {
			"streams":	[{
					"socket":	5,
					"start":	9.000011,
					"end":	10.000016,
					"seconds":	1.0000050067901611,
					"bytes":	215859352,
					"bits_per_second":	1726866169.9434507,
					"omitted":	false,
					"sender":	false
				}],
			"sum":	{
				"start":	9.000011,
				"end":	10.000016,
				"seconds":	1.0000050067901611,
				"bytes":	215859352,
				"bits_per_second":	1726866169.9434507,
				"omitted":	false,
				"sender":	false
			}
		}, {
			"streams":	[{
					"socket":	5,
					"start":	10.000016,
					"end":	11.000008,
					"seconds":	0.9999920129776,
					"bytes":	218176960,
					"bits_per_second":	1745429620.7854786,
					"omitted":	false,
					"sender":	false
				}],
			"sum":	{
				"start":	10.000016,
				"end":	11.000008,
				"seconds":	0.9999920129776,
				"bytes":	218176960,
				"bits_per_second":	1745429620.7854786,
				"omitted":	false,
				"sender":	false
			}
		}, {
			"streams":	[{
					"socket":	5,
					"start":	11.000008,
					"end":	12.000019,
					"seconds":	1.0000109672546387,
					"bytes":	215265808,
					"bits_per_second":	1722107577.2076855,
					"omitted":	false,
					"sender":	false
				}],
			"sum":	{
				"start":	11.000008,
				"end":	12.000019,
				"seconds":	1.0000109672546387,
				"bytes":	215265808,
				"bits_per_second":	1722107577.2076855,
				"omitted":	false,
				"sender":	false
			}
		}, {
			"streams":	[{
					"socket":	5,
					"start":	12.000019,
					"end":	13.000009,
					"seconds":	0.99998998641967773,
					"bytes":	213734296,
					"bits_per_second":	1709891490.1357789,
					"omitted":	false,
					"sender":	false
				}],
			"sum":	{
				"start":	12.000019,
				"end":	13.000009,
				"seconds":	0.99998998641967773,
				"bytes":	213734296,
				"bits_per_second":	1709891490.1357789,
				"omitted":	false,
				"sender":	false
			}
		}, {
			"streams":	[{
					"socket":	5,
					"start":	13.000009,
					"end":	14.00007,
					"seconds":	1.00006103515625,
					"bytes":	215616224,
					"bits_per_second":	1724824517.066097,
					"omitted":	false,
					"sender":	false
				}],
			"sum":	{
				"start":	13.000009,
				"end":	14.00007,
				"seconds":	1.00006103515625,
				"bytes":	215616224,
				"bits_per_second":	1724824517.066097,
				"omitted":	false,
				"sender":	false
			}
		}, {
			"streams":	[{
					"socket":	5,
					"start":	14.00007,
					"end":	15.000021,
					"seconds":	0.99995100498199463,
					"bytes":	214403912,
					"bits_per_second":	1715315337.9058657,
					"omitted":	false,
					"sender":	false
				}],
			"sum":	{
				"start":	14.00007,
				"end":	15.000021,
				"seconds":	0.99995100498199463,
				"bytes":	214403912,
				"bits_per_second":	1715315337.9058657,
				"omitted":	false,
				"sender":	false
			}
		}, {
			"streams":	[{
					"socket":	5,
					"start":	15.000021,
					"end":	16.000005,
					"seconds":	0.9999840259552002,
					"bytes":	215595312,
					"bits_per_second":	1724790047.8734951,
					"omitted":	false,
					"sender":	false
				}],
			"sum":	{
				"start":	15.000021,
				"end":	16.000005,
				"seconds":	0.9999840259552002,