{
	"start":	{
		"connected":	[{
				"socket":	5,
				"local_host":	"192.168.105.1",
				"local_port":	50700,
				"remote_host":	"192.168.105.3",
				"remote_port":	5201
			}],
		"version":	"iperf 3.19.1",
		"system_info":	"Darwin space-gray.local 24.6.0 Darwin Kernel Version 24.6.0: Mon Jul 14 11:30:30 PDT 2025; root:xnu-11417.140.69~1/RELEASE_ARM64_T6020 arm64",
		"timestamp":	{
			"time":	"Sun, 31 Aug 2025 06:58:25 UTC",
			"timesecs":	1756623505
		},
		"connecting_to":	{
			"host":	"192.168.105.3",
			"port":	5201
		},
		"cookie":	"tp6vmpcpgaynynkmdkhftl7uxtbdl5euaixg",
		"tcp_mss_default":	1448,
		"target_bitrate":	0,
		"fq_rate":	0,
		"sock_bufsize":	0,
		"sndbuf_actual":	131072,
		"rcvbuf_actual":	131072,
		"test_start":	{
			"protocol":	"TCP",
			"num_streams":	1,
			"blksize":	131072,
			"omit":	0,
			"duration":	30,
			"bytes":	0,
			"blocks":	0,
			"reverse":	0,
			"tos":	0,
			"target_bitrate":	0,
			"bidir":	0,
			"fqrate":	0,
			"interval":	1
		}
	},
	"intervals":	[{
			"streams":	[{
					"socket":	5,
					"start":	0,
					"end":	1.005017,
					"seconds":	1.0050170421600342,
					"bytes":	330170368,
					"bits_per_second":	2628177267.8431873,
					"omitted":	false,
					"sender":	true
				}],
			"sum":	{
				"start":	0,
				"end":	1.005017,
				"seconds":	1.0050170421600342,
				"bytes":	330170368,
				"bits_per_second":	2628177267.8431873,
				"omitted":	false,
				"sender":	true
			}
		}, {
			"streams":	[{
					"socket":	5,
					"start":	1.005017,
					"end":	2.005013,
					"seconds":	0.9999960064888,
					"bytes":	335806464,
					"bits_per_second":	2686462440.4178438,
					"omitted":	false,
					"sender":	true
				}],
			"sum":	{
				"start":	1.005017,
				"end":	2.005013,
				"seconds":	0.9999960064888,
				"bytes":	335806464,
				"bits_per_second":	2686462440.4178438,
				"omitted":	false,
				"sender":	true
			}
		}, {
			"streams":	[{
					"socket":	5,
					"start":	2.005013,
					"end":	3.005006,
					"seconds":	0.99999302625656128,
					"bytes":	334364672,
					"bits_per_second":	2674936030.31759,
					"omitted":	false,
					"sender":	true
				}],
			"sum":	{
				"start":	2.005013,
				"end":	3.005006,
				"seconds":	0.99999302625656128,
				"bytes":	334364672,
				"bits_per_second":	2674936030.31759,
				"omitted":	false,
				"sender":	true
			}
		}, {
			"streams":	[{
					"socket":	5,
					"start":	3.005006,
					"end":	4.005008,
					"seconds":	1.0000020265579224,
					"bytes":	332660736,
					"bits_per_second":	2661280494.76093,
					"omitted":	false,
					"sender":	true
				}],
			"sum":	{
				"start":	3.005006,
				"end":	4.005008,
				"seconds":	1.0000020265579224,
				"bytes":	332660736,
				"bits_per_second":	2661280494.76093,
				"omitted":	false,
				"sender":	true
			}
		}, {
			"streams":	[{
					"socket":	5,
					"start":	4.005008,
					"end":	5.005007,
					"seconds":	0.99999898672103882,
					"bytes":	336199680,
					"bits_per_second":	2689600165.3152614,
					"omitted":	false,
					"sender":	true
				}],
			"sum":	{
				"start":	4.005008,
				"end":	5.005007,
				"seconds":	0.99999898672103882,
				"bytes":	336199680,
				"bits_per_second":	2689600165.3152614,
				"omitted":	false,
				"sender":	true
			}
		}, {
			"streams":	[{
					"socket":	5,
					"start":	5.005007,
					"end":	6.005014,
					"seconds":	1.0000070333480835,
					"bytes":	333316096,
					"bits_per_second":	2666510013.506907,
					"omitted":	false,
					"sender":	true
				}],
			"sum":	{
				"start":	5.005007,
				"end":	6.005014,
				"seconds":	1.0000070333480835,
				"bytes":	333316096,
				"bits_per_second":	2666510013.506907,
				"omitted":	false,
				"sender":	true
			}
		}, {
			"streams":	[{
					"socket":	5,
					"start":	6.005014,
					"end":	7.005014,
					"seconds":	1,
					"bytes":	330432512,
					"bits_per_second":	2643460096,
					"omitted":	false,
					"sender":	true
				}],
			"sum":	{
				"start":	6.005014,
				"end":	7.005014,
				"seconds":	1,
				"bytes":	330432512,
				"bits_per_second":	2643460096,
				"omitted":	false,
				"sender":	true
			}
		}, {
			"streams":	[{
					"socket":	5,
					"start":	7.005014,
					"end":	8.005012,
					"seconds":	0.99999797344207764,
					"bytes":	332136448,
					"bits_per_second":	2657096968.7609124,
					"omitted":	false,
					"sender":	true
				}],
			"sum":	{
				"start":	7.005014,
				"end":	8.005012,
				"seconds":	0.99999797344207764,
				"bytes":	332136448,
				"bits_per_second":	2657096968.7609124,
				"omitted":	false,
				"sender":	true
			}
		}, {
			"streams":	[{
					"socket":	5,
					"start":	8.005012,
					"end":	9.00501,
					"seconds":	0.99999797344207764,
					"bytes":	333053952,
					"bits_per_second":	2664437015.6359425,
					"omitted":	false,
					"sender":	true
				}],
			"sum":	{
				"start":	8.005012,
				"end":	9.00501,
				"seconds":	0.99999797344207764,
				"bytes":	333053952,
				"bits_per_second":	2664437015.6359425,
				"omitted":	false,
				"sender":	true
			}
		}, {
			"streams":	[{
					"socket":	5,
					"start":	9.00501,
					"end":	10.005006,
					"seconds":	0.9999960064888,
					"bytes":	332398592,
					"bits_per_second":	2659199355.54241,
					"omitted":	false,
					"sender":	true
				}],
			"sum":	{
				"start":	9.00501,
				"end":	10.005006,
				"seconds":	0.9999960064888,
				"bytes":	332398592,
				"bits_per_second":	2659199355.54241,
				"omitted":	false,
				"sender":	true
			}
		}, {
			"streams":	[{
					"socket":	5,
					"start":	10.005006,
					"end":	11.005014,
					"seconds":	1.0000079870224,
					"bytes":	330563584,
					"bits_per_second":	2644487550.4186983,
					"omitted":	false,
					"sender":	true
				}],
			"sum":	{
				"start":	10.005006,
				"end":	11.005014,
				"seconds":	1.0000079870224,
				"bytes":	330563584,
				"bits_per_second":	2644487550.4186983,
				"omitted":	false,
				"sender":	true
			}
		}, {
			"streams":	[{
					"socket":	5,
					"start":	11.005014,
					"end":	12.005006,
					"seconds":	0.9999920129776,
					"bytes":	334626816,
					"bits_per_second":	2677035909.5457749,
					"omitted":	false,
					"sender":	true
				}],
			"sum":	{
				"start":	11.005014,
				"end":	12.005006,
				"seconds":	0.9999920129776,
				"bytes":	334626816,
				"bits_per_second":	2677035909.5457749,
				"omitted":	false,
				"sender":	true
			}
		}, {
			"streams":	[{
					"socket":	5,
					"start":	12.005006,
					"end":	13.005007,
					"seconds":	1.0000009536743164,
					"bytes":	334364672,
					"bits_per_second":	2674914825.0024328,
					"omitted":	false,
					"sender":	true
				}],
			"sum":	{
				"start":	12.005006,
				"end":	13.005007,
				"seconds":	1.0000009536743164,
				"bytes":	334364672,
				"bits_per_second":	2674914825.0024328,
				"omitted":	false,
				"sender":	true
			}
		}, {
			"streams":	[{
					"socket":	5,
					"start":	13.005007,
					"end":	14.005008,
					"seconds":	1.0000009536743164,
					"bytes":	332136448,
					"bits_per_second":	2657089050.0024166,
					"omitted":	false,
					"sender":	true
				}],
			"sum":	{
				"start":	13.005007,
				"end":	14.005008,
				"seconds":	1.0000009536743164,
				"bytes":	332136448,
				"bits_per_second":	2657089050.0024166,
				"omitted":	false,
				"sender":	true
			}
		}, {
			"streams":	[{
					"socket":	5,
					"start":	14.005008,
					"end":	15.005016,
					"seconds":	1.0000079870224,
					"bytes":	329777152,
					"bits_per_second":	2638196144.6682973,
					"omitted":	false,
					"sender":	true
				}],
			"sum":	{
				"start":	14.005008,
				"end":	15.005016,
				"seconds":	1.0000079870224,
				"bytes":	329777152,
				"bits_per_second":	2638196144.6682973,
				"omitted":	false,
				"sender":	true
			}
		}, {
			"streams":	[{
					"socket":	5,
					"start":	15.005016,
					"end":	16.00501,
					"seconds":	0.99999397993087769,
					"bytes":	329383936,
					"bits_per_second":	2635087351.407999,
					"omitted":	false,
					"sender":	true
				}],
			"sum":	{
				"start":	15.005016,
				"end":	16.00501,
				"seconds":	0.99999397993087769,
				"bytes":	329383936,