{
	"start":	{
		"connected":	[{
				"socket":	5,
				"local_host":	"192.168.105.1",
				"local_port":	50711,
				"remote_host":	"192.168.105.3",
				"remote_port":	5201
			}],
		"version":	"iperf 3.19.1",
		"system_info":	"Darwin space-gray.local 24.6.0 Darwin Kernel Version 24.6.0: Mon Jul 14 11:30:30 PDT 2025; root:xnu-11417.140.69~1/RELEASE_ARM64_T6020 arm64",
		"timestamp":	{
			"time":	"Sun, 31 Aug 2025 06:58:55 UTC",
			"timesecs":	1756623535
		},
		"connecting_to":	{
			"host":	"192.168.105.3",
			"port":	5201
		},
		"cookie":	"zi5qvctsj7ej22ij54mcl7arvv5hlldcox6a",
		"tcp_mss_default":	1448,
		"target_bitrate":	0,
		"fq_rate":	0,
		"sock_bufsize":	0,
		"sndbuf_actual":	131072,
		"rcvbuf_actual":	131072,
		"test_start":	{
			"protocol":	"TCP",
			"num_streams":	1,
			"blksize":	131072,
			"omit":	0,
			"duration":	30,
			"bytes":	0,
			"blocks":	0,
			"reverse":	1,
			"tos":	0,
			"target_bitrate":	0,
			"bidir":	0,
			"fqrate":	0,
			"interval":	1
		}
	},
	"intervals":	[{
			"streams":	[{
					"socket":	5,
					"start":	0,
					"end":	1.005008,
					"seconds":	1.0050079822540283,
					"bytes":	459407360,
					"bits_per_second":	3656944964.5137568,
					"omitted":	false,
					"sender":	false
				}],
			"sum":	{
				"start":	0,
				"end":	1.005008,
				"seconds":	1.0050079822540283,
				"bytes":	459407360,
				"bits_per_second":	3656944964.5137568,
				"omitted":	false,
				"sender":	false
			}
		}, {
			"streams":	[{
					"socket":	5,
					"start":	1.005008,
					"end":	2.005016,
					"seconds":	1.0000079870224,
					"bytes":	462422016,
					"bits_per_second":	3699346581.23599,
					"omitted":	false,
					"sender":	false
				}],
			"sum":	{
				"start":	1.005008,
				"end":	2.005016,
				"seconds":	1.0000079870224,
				"bytes":	462422016,
				"bits_per_second":	3699346581.23599,
				"omitted":	false,
				"sender":	false
			}
		}, {
			"streams":	[{
					"socket":	5,
					"start":	2.005016,
					"end":	3.005007,
					"seconds":	0.999990999698639,
					"bytes":	457965568,
					"bits_per_second":	3663757518.9217844,
					"omitted":	false,
					"sender":	false
				}],
			"sum":	{
				"start":	2.005016,
				"end":	3.005007,
				"seconds":	0.999990999698639,
				"bytes":	457965568,
				"bits_per_second":	3663757518.9217844,
				"omitted":	false,
				"sender":	false
			}
		}, {
			"streams":	[{
					"socket":	5,
					"start":	3.005007,
					"end":	4.005011,
					"seconds":	1.0000040531158447,
					"bytes":	462028800,
					"bits_per_second":	3696215418.81072,
					"omitted":	false,
					"sender":	false
				}],
			"sum":	{
				"start":	3.005007,
				"end":	4.005011,
				"seconds":	1.0000040531158447,
				"bytes":	462028800,
				"bits_per_second":	3696215418.81072,
				"omitted":	false,
				"sender":	false
			}
		}, {
			"streams":	[{
					"socket":	5,
					"start":	4.005011,
					"end":	5.005002,
					"seconds":	0.999990999698639,
					"bytes":	458227712,
					"bits_per_second":	3665854689.7969542,
					"omitted":	false,
					"sender":	false
				}],
			"sum":	{
				"start":	4.005011,
				"end":	5.005002,
				"seconds":	0.999990999698639,
				"bytes":	458227712,
				"bits_per_second":	3665854689.7969542,
				"omitted":	false,
				"sender":	false
			}
		}, {
			"streams":	[{
					"socket":	5,
					"start":	5.005002,
					"end":	6.00501,
					"seconds":	1.0000079870224,
					"bytes":	460455936,
					"bits_per_second":	3683618066.8599873,
					"omitted":	false,
					"sender":	false
				}],
			"sum":	{
				"start":	5.005002,
				"end":	6.00501,
				"seconds":	1.0000079870224,
				"bytes":	460455936,
				"bits_per_second":	3683618066.8599873,
				"omitted":	false,
				"sender":	false
			}
		}, {
			"streams":	[{
					"socket":	5,
					"start":	6.00501,
					"end":	7.005013,
					"seconds":	1.0000029802322388,
					"bytes":	460455936,
					"bits_per_second":	3683636509.9077172,
					"omitted":	false,
					"sender":	false
				}],
			"sum":	{
				"start":	6.00501,
				"end":	7.005013,
				"seconds":	1.0000029802322388,
				"bytes":	460455936,
				"bits_per_second":	3683636509.9077172,
				"omitted":	false,
				"sender":	false
			}
		}, {
			"streams":	[{
					"socket":	5,
					"start":	7.005013,
					"end":	8.005008,
					"seconds":	0.999994993209839,
					"bytes":	461635584,
					"bits_per_second":	3693103162.5925784,
					"omitted":	false,
					"sender":	false
				}],
			"sum":	{
				"start":	7.005013,
				"end":	8.005008,
				"seconds":	0.999994993209839,
				"bytes":	461635584,
				"bits_per_second":	3693103162.5925784,
				"omitted":	false,
				"sender":	false
			}
		}, {
			"streams":	[{
					"socket":	5,
					"start":	8.005008,
					"end":	9.005015,
					"seconds":	1.0000070333480835,
					"bytes":	463077376,
					"bits_per_second":	3704592952.3082585,
					"omitted":	false,
					"sender":	false
				}],
			"sum":	{
				"start":	8.005008,
				"end":	9.005015,
				"seconds":	1.0000070333480835,
				"bytes":	463077376,
				"bits_per_second":	3704592952.3082585,
				"omitted":	false,
				"sender":	false
			}
		}, {
			"streams":	[{
					"socket":	5,
					"start":	9.005015,
					"end":	10.003249,
					"seconds":	0.99823397397995,
					"bytes":	459931648,
					"bits_per_second":	3685962690.0195084,
					"omitted":	false,
					"sender":	false
				}],
			"sum":	{
				"start":	9.005015,
				"end":	10.003249,
				"seconds":	0.99823397397995,
				"bytes":	459931648,
				"bits_per_second":	3685962690.0195084,
				"omitted":	false,
				"sender":	false
			}
		}, {
			"streams":	[{
					"socket":	5,
					"start":	10.003249,
					"end":	11.005012,
					"seconds":	1.0017629861831665,
					"bytes":	464912384,
					"bits_per_second":	3712753538.809576,
					"omitted":	false,
					"sender":	false
				}],
			"sum":	{
				"start":	10.003249,
				"end":	11.005012,
				"seconds":	1.0017629861831665,
				"bytes":	464912384,
				"bits_per_second":	3712753538.809576,
				"omitted":	false,
				"sender":	false
			}
		}, {
			"streams":	[{
					"socket":	5,
					"start":	11.005012,
					"end":	12.005004,
					"seconds":	0.9999920129776,
					"bytes":	461504512,
					"bits_per_second":	3692065584.6105261,
					"omitted":	false,
					"sender":	false
				}],
			"sum":	{
				"start":	11.005012,
				"end":	12.005004,
				"seconds":	0.9999920129776,
				"bytes":	461504512,
				"bits_per_second":	3692065584.6105261,
				"omitted":	false,
				"sender":	false
			}
		}, {
			"streams":	[{
					"socket":	5,
					"start":	12.005004,
					"end":	13.005012,
					"seconds":	1.0000079870224,
					"bytes":	461242368,
					"bits_per_second":	3689909472.6103888,
					"omitted":	false,
					"sender":	false
				}],
			"sum":	{
				"start":	12.005004,
				"end":	13.005012,
				"seconds":	1.0000079870224,
				"bytes":	461242368,
				"bits_per_second":	3689909472.6103888,
				"omitted":	false,
				"sender":	false
			}
		}, {
			"streams":	[{
					"socket":	5,
					"start":	13.005012,
					"end":	14.005012,
					"seconds":	1,
					"bytes":	461504512,
					"bits_per_second":	3692036096,
					"omitted":	false,
					"sender":	false
				}],
			"sum":	{
				"start":	13.005012,
				"end":	14.005012,
				"seconds":	1,
				"bytes":	461504512,
				"bits_per_second":	3692036096,
				"omitted":	false,
				"sender":	false
			}
		}, {
			"streams":	[{
					"socket":	5,
					"start":	14.005012,
					"end":	15.005007,
					"seconds":	0.999994993209839,
					"bytes":	461897728,
					"bits_per_second":	3695200325.0926309,
					"omitted":	false,
					"sender":	false
				}],
			"sum":	{
				"start":	14.005012,
				"end":	15.005007,
				"seconds":	0.999994993209839,
				"bytes":	461897728,
				"bits_per_second":	3695200325.0926309,
				"omitted":	false,
				"sender":	false
			}
		}, {
			"streams":	[{
					"socket":	5,
					"start":	15.005007,
					"end":	16.005007,
					"seconds":	1,
					"bytes":	460980224,
					"bits_per_second":	3687841792,
					"omitted":	false,
					"sender":	false
				}],
			"sum":	{
				"start":	15.005007,
				"end":	16.005007,
				"seconds":	1,
				"bytes":	460980224,