{
	"start":	{
		"connected":	[{
				"socket":	5,
				"local_host":	"192.168.105.1",
				"local_port":	52178,
				"remote_host":	"192.168.105.11",
				"remote_port":	5201
			}],
		"version":	"iperf 3.20",
		"system_info":	"Darwin space-gray 25.3.0 Darwin Kernel Version 25.3.0: Wed Jan 28 20:53:05 PST 2026; root:xnu-12377.81.4~5/RELEASE_ARM64_T6020 arm64",
		"timestamp":	{
			"time":	"Fri, 27 Feb 2026 18:08:46 UTC",
			"timesecs":	1772215726,
			"timemillisecs":	1772215726766
		},
		"connecting_to":	{
			"host":	"192.168.105.11",
			"port":	5201
		},
		"cookie":	"ic6adxeg5znius2glsy3ppjdcgeh7sdpi6fs",
		"tcp_mss_default":	1448,
		"target_bitrate":	0,
		"fq_rate":	0,
		"sock_bufsize":	0,
		"sndbuf_actual":	131072,
		"rcvbuf_actual":	131072,
		"test_start":	{
			"protocol":	"TCP",
			"num_streams":	1,
			"blksize":	131072,
			"omit":	0,
			"duration":	30,
			"bytes":	0,
			"blocks":	0,
			"reverse":	0,
			"tos":	0,
			"target_bitrate":	0,
			"bidir":	0,
			"fqrate":	0,
			"interval":	1
		}
	},
	"intervals":	[{
			"streams":	[{
					"socket":	5,
					"start":	0,
					"end":	1.001872,
					"seconds":	1.0018719434738159,
					"bytes":	4790288384,
					"bits_per_second":	38250703916.434769,
					"omitted":	false,
					"sender":	true
				}],
			"sum":	{
				"start":	0,
				"end":	1.001872,
				"seconds":	1.0018719434738159,
				"bytes":	4790288384,
				"bits_per_second":	38250703916.434769,
				"omitted":	false,
				"sender":	true
			}
		}, {
			"streams":	[{
					"socket":	5,
					"start":	1.001872,
					"end":	2.005012,
					"seconds":	1.0031399726867676,
					"bytes":	4746641408,
					"bits_per_second":	37854269890.4664,
					"omitted":	false,
					"sender":	true
				}],
			"sum":	{
				"start":	1.001872,
				"end":	2.005012,
				"seconds":	1.0031399726867676,
				"bytes":	4746641408,
				"bits_per_second":	37854269890.4664,
				"omitted":	false,
				"sender":	true
			}
		}, {
			"streams":	[{
					"socket":	5,
					"start":	2.005012,
					"end":	3.005012,
					"seconds":	1,
					"bytes":	4060741632,
					"bits_per_second":	32485933056,
					"omitted":	false,
					"sender":	true
				}],
			"sum":	{
				"start":	2.005012,
				"end":	3.005012,
				"seconds":	1,
				"bytes":	4060741632,
				"bits_per_second":	32485933056,
				"omitted":	false,
				"sender":	true
			}
		}, {
			"streams":	[{
					"socket":	5,
					"start":	3.005012,
					"end":	4.001783,
					"seconds":	0.996770977973938,
					"bytes":	3889168384,
					"bits_per_second":	31214138211.810478,
					"omitted":	false,
					"sender":	true
				}],
			"sum":	{
				"start":	3.005012,
				"end":	4.001783,
				"seconds":	0.996770977973938,
				"bytes":	3889168384,
				"bits_per_second":	31214138211.810478,
				"omitted":	false,
				"sender":	true
			}
		}, {
			"streams":	[{
					"socket":	5,
					"start":	4.001783,
					"end":	5.004134,
					"seconds":	1.0023510456085205,
					"bytes":	4663148544,
					"bits_per_second":	37217687870.37307,
					"omitted":	false,
					"sender":	true
				}],
			"sum":	{
				"start":	4.001783,
				"end":	5.004134,
				"seconds":	1.0023510456085205,
				"bytes":	4663148544,
				"bits_per_second":	37217687870.37307,
				"omitted":	false,
				"sender":	true
			}
		}, {
			"streams":	[{
					"socket":	5,
					"start":	5.004134,
					"end":	6.005006,
					"seconds":	1.000872015953064,
					"bytes":	3983802368,
					"bits_per_second":	31842651643.778767,
					"omitted":	false,
					"sender":	true
				}],
			"sum":	{
				"start":	5.004134,
				"end":	6.005006,
				"seconds":	1.000872015953064,
				"bytes":	3983802368,
				"bits_per_second":	31842651643.778767,
				"omitted":	false,
				"sender":	true
			}
		}, {
			"streams":	[{
					"socket":	5,
					"start":	6.005006,
					"end":	7.000575,
					"seconds":	0.99556899070739746,
					"bytes":	4208721920,
					"bits_per_second":	33819630456.826584,
					"omitted":	false,
					"sender":	true
				}],
			"sum":	{
				"start":	6.005006,
				"end":	7.000575,
				"seconds":	0.99556899070739746,
				"bytes":	4208721920,
				"bits_per_second":	33819630456.826584,
				"omitted":	false,
				"sender":	true
			}
		}, {
			"streams":	[{
					"socket":	5,
					"start":	7.000575,
					"end":	8.003378,
					"seconds":	1.0028029680252075,
					"bytes":	4864737280,
					"bits_per_second":	38809117524.492325,
					"omitted":	false,
					"sender":	true
				}],
			"sum":	{
				"start":	7.000575,
				"end":	8.003378,
				"seconds":	1.0028029680252075,
				"bytes":	4864737280,
				"bits_per_second":	38809117524.492325,
				"omitted":	false,
				"sender":	true
			}
		}, {
			"streams":	[{
					"socket":	5,
					"start":	8.003378,
					"end":	9.000627,
					"seconds":	0.99724900722503662,
					"bytes":	4675600384,
					"bits_per_second":	37507987273.994179,
					"omitted":	false,
					"sender":	true
				}],
			"sum":	{
				"start":	8.003378,
				"end":	9.000627,
				"seconds":	0.99724900722503662,
				"bytes":	4675600384,
				"bits_per_second":	37507987273.994179,
				"omitted":	false,
				"sender":	true
			}
		}, {
			"streams":	[{
					"socket":	5,
					"start":	9.000627,
					"end":	10.005007,
					"seconds":	1.0043799877166748,
					"bytes":	4498784256,
					"bits_per_second":	35833324526.725319,
					"omitted":	false,
					"sender":	true
				}],
			"sum":	{
				"start":	9.000627,
				"end":	10.005007,
				"seconds":	1.0043799877166748,
				"bytes":	4498784256,
				"bits_per_second":	35833324526.725319,
				"omitted":	false,
				"sender":	true
			}
		}, {
			"streams":	[{
					"socket":	5,
					"start":	10.005007,
					"end":	11.005011,
					"seconds":	1.0000040531158447,
					"bytes":	4899864576,
					"bits_per_second":	39198757730.893944,
					"omitted":	false,
					"sender":	true
				}],
			"sum":	{
				"start":	10.005007,
				"end":	11.005011,
				"seconds":	1.0000040531158447,
				"bytes":	4899864576,
				"bits_per_second":	39198757730.893944,
				"omitted":	false,
				"sender":	true
			}
		}, {
			"streams":	[{
					"socket":	5,
					"start":	11.005011,
					"end":	12.004811,
					"seconds":	0.99980002641677856,
					"bytes":	4874829824,
					"bits_per_second":	39006438849.345413,
					"omitted":	false,
					"sender":	true
				}],
			"sum":	{
				"start":	11.005011,
				"end":	12.004811,
				"seconds":	0.99980002641677856,
				"bytes":	4874829824,
				"bits_per_second":	39006438849.345413,
				"omitted":	false,
				"sender":	true
			}
		}, {
			"streams":	[{
					"socket":	5,
					"start":	12.004811,
					"end":	13.005011,
					"seconds":	1.0002000331878662,
					"bytes":	4864999424,
					"bits_per_second":	38912211658.255074,
					"omitted":	false,
					"sender":	true
				}],
			"sum":	{
				"start":	12.004811,
				"end":	13.005011,
				"seconds":	1.0002000331878662,
				"bytes":	4864999424,
				"bits_per_second":	38912211658.255074,
				"omitted":	false,
				"sender":	true
			}
		}, {
			"streams":	[{
					"socket":	5,
					"start":	13.005011,
					"end":	14.005011,
					"seconds":	1,
					"bytes":	4745068544,
					"bits_per_second":	37960548352,
					"omitted":	false,
					"sender":	true
				}],
			"sum":	{
				"start":	13.005011,
				"end":	14.005011,
				"seconds":	1,
				"bytes":	4745068544,
				"bits_per_second":	37960548352,
				"omitted":	false,
				"sender":	true
			}
		}, {
			"streams":	[{
					"socket":	5,
					"start":	14.005011,
					"end":	15.005019,
					"seconds":	1.0000079870224,
					"bytes":	3905552384,
					"bits_per_second":	31244169524.118145,
					"omitted":	false,
					"sender":	true
				}],
			"sum":	{
				"start":	14.005011,
				"end":	15.005019,
				"seconds":	1.0000079870224,
				"bytes":	3905552384,
				"bits_per_second":	31244169524.118145,
				"omitted":	false,
				"sender":	true
			}
		}, {
			"streams":	[{
					"socket":	5,
					"start":	15.005019,
					"end":	16.004323,
					"seconds":	0.99930399656295776,
					"bytes":	3903848448,
					"bits_per_second":	31252539458.879677,
					"omitted":	false,
					"sender":	true
				}],
			"sum":	{
				"start":	15.005019,
				"end":	16.004323,