{
	"start":	{
		"connected":	[{
				"socket":	5,
				"local_host":	"10.100.102.151",
				"local_port":	49659,
				"remote_host":	"10.100.102.179",
				"remote_port":	5201
			}],
		"version":	"iperf 3.8.1 -  -- Apple version iperf3-117",
		"system_info":	"Darwin space-gray.local 24.3.0 Darwin Kernel Version 24.3.0: Thu Jan  2 20:24:23 PST 2025; root:xnu-11215.81.4~3/RELEASE_ARM64_T6020 arm64",
		"timestamp":	{
			"time":	"Sat, 22 Feb 2025 15:09:08 UTC",
			"timesecs":	1740236948
		},
		"connecting_to":	{
			"host":	"10.100.102.179",
			"port":	5201
		},
		"cookie":	"oedvn4cphfup4eev3quxr5mav735oumqhszj",
		"tcp_mss_default":	1448,
		"sock_bufsize":	0,
		"sndbuf_actual":	131072,
		"rcvbuf_actual":	131072,
		"test_start":	{
			"protocol":	"TCP",
			"num_streams":	1,
			"blksize":	131072,
			"omit":	0,
			"duration":	30,
			"bytes":	0,
			"blocks":	0,
			"reverse":	1,
			"tos":	0
		}
	},
	"intervals":	[{
			"streams":	[{
					"socket":	5,
					"start":	0,
					"end":	1.000012,
					"seconds":	1.0000120401382446,
					"bytes":	155216912,
					"bits_per_second":	1241720345.5153787,
					"omitted":	false,
					"sender":	false
				}],
			"sum":	{
				"start":	0,
				"end":	1.000012,
				"seconds":	1.0000120401382446,
				"bytes":	155216912,
				"bits_per_second":	1241720345.5153787,
				"omitted":	false,
				"sender":	false
			}
		}, {
			"streams":	[{
					"socket":	5,
					"start":	1.000012,
					"end":	2.000002,
					"seconds":	0.99998998641967773,
					"bytes":	155703440,
					"bits_per_second":	1245639993.3161256,
					"omitted":	false,
					"sender":	false
				}],
			"sum":	{
				"start":	1.000012,
				"end":	2.000002,
				"seconds":	0.99998998641967773,
				"bytes":	155703440,
				"bits_per_second":	1245639993.3161256,
				"omitted":	false,
				"sender":	false
			}
		}, {
			"streams":	[{
					"socket":	5,
					"start":	2.000002,
					"end":	3.000002,
					"seconds":	1,
					"bytes":	156001728,
					"bits_per_second":	1248013824,
					"omitted":	false,
					"sender":	false
				}],
			"sum":	{
				"start":	2.000002,
				"end":	3.000002,
				"seconds":	1,
				"bytes":	156001728,
				"bits_per_second":	1248013824,
				"omitted":	false,
				"sender":	false
			}
		}, {
			"streams":	[{
					"socket":	5,
					"start":	3.000002,
					"end":	4.000004,
					"seconds":	1.0000020265579224,
					"bytes":	155628144,
					"bits_per_second":	1245022628.8895278,
					"omitted":	false,
					"sender":	false
				}],
			"sum":	{
				"start":	3.000002,
				"end":	4.000004,
				"seconds":	1.0000020265579224,
				"bytes":	155628144,
				"bits_per_second":	1245022628.8895278,
				"omitted":	false,
				"sender":	false
			}
		}, {
			"streams":	[{
					"socket":	5,
					"start":	4.000004,
					"end":	5.000004,
					"seconds":	1,
					"bytes":	156318840,
					"bits_per_second":	1250550720,
					"omitted":	false,
					"sender":	false
				}],
			"sum":	{
				"start":	4.000004,
				"end":	5.000004,
				"seconds":	1,
				"bytes":	156318840,
				"bits_per_second":	1250550720,
				"omitted":	false,
				"sender":	false
			}
		}, {
			"streams":	[{
					"socket":	5,
					"start":	5.000004,
					"end":	6.000009,
					"seconds":	1.0000050067901611,
					"bytes":	155696200,
					"bits_per_second":	1245563363.7256055,
					"omitted":	false,
					"sender":	false
				}],
			"sum":	{
				"start":	5.000004,
				"end":	6.000009,
				"seconds":	1.0000050067901611,
				"bytes":	155696200,
				"bits_per_second":	1245563363.7256055,
				"omitted":	false,
				"sender":	false
			}
		}, {
			"streams":	[{
					"socket":	5,
					"start":	6.000009,
					"end":	7.000009,
					"seconds":	1,
					"bytes":	155849688,
					"bits_per_second":	1246797504,
					"omitted":	false,
					"sender":	false
				}],
			"sum":	{
				"start":	6.000009,
				"end":	7.000009,
				"seconds":	1,
				"bytes":	155849688,
				"bits_per_second":	1246797504,
				"omitted":	false,
				"sender":	false
			}
		}, {
			"streams":	[{
					"socket":	5,
					"start":	7.000009,
					"end":	8.000003,
					"seconds":	0.99999397993087769,
					"bytes":	156114672,
					"bits_per_second":	1248924894.6141942,
					"omitted":	false,
					"sender":	false
				}],
			"sum":	{
				"start":	7.000009,
				"end":	8.000003,
				"seconds":	0.99999397993087769,
				"bytes":	156114672,
				"bits_per_second":	1248924894.6141942,
				"omitted":	false,
				"sender":	false
			}
		}, {
			"streams":	[{
					"socket":	5,
					"start":	8.000003,
					"end":	9.00001,
					"seconds":	1.0000070333480835,
					"bytes":	155809144,
					"bits_per_second":	1246464385.1821053,
					"omitted":	false,
					"sender":	false
				}],
			"sum":	{
				"start":	8.000003,
				"end":	9.00001,
				"seconds":	1.0000070333480835,
				"bytes":	155809144,
				"bits_per_second":	1246464385.1821053,
				"omitted":	false,
				"sender":	false
			}
		}, {
			"streams":	[{
					"socket":	5,
					"start":	9.00001,
					"end":	10.000011,
					"seconds":	1.0000009536743164,
					"bytes":	155791768,
					"bits_per_second":	1246332955.4042706,
					"omitted":	false,
					"sender":	false
				}],
			"sum":	{
				"start":	9.00001,
				"end":	10.000011,
				"seconds":	1.0000009536743164,
				"bytes":	155791768,
				"bits_per_second":	1246332955.4042706,
				"omitted":	false,
				"sender":	false
			}
		}, {
			"streams":	[{
					"socket":	5,
					"start":	10.000011,
					"end":	11.000002,
					"seconds":	0.999990999698639,
					"bytes":	155311032,
					"bits_per_second":	1242499438.8693907,
					"omitted":	false,
					"sender":	false
				}],
			"sum":	{
				"start":	10.000011,
				"end":	11.000002,
				"seconds":	0.999990999698639,
				"bytes":	155311032,
				"bits_per_second":	1242499438.8693907,
				"omitted":	false,
				"sender":	false
			}
		}, {
			"streams":	[{
					"socket":	5,
					"start":	11.000002,
					"end":	12.00001,
					"seconds":	1.0000079870224,
					"bytes":	156314496,
					"bits_per_second":	1250505980.1807251,
					"omitted":	false,
					"sender":	false
				}],
			"sum":	{
				"start":	11.000002,
				"end":	12.00001,
				"seconds":	1.0000079870224,
				"bytes":	156314496,
				"bits_per_second":	1250505980.1807251,
				"omitted":	false,
				"sender":	false
			}
		}, {
			"streams":	[{
					"socket":	5,
					"start":	12.00001,
					"end":	13.000018,
					"seconds":	1.0000079870224,
					"bytes":	155497824,
					"bits_per_second":	1243972656.3625288,
					"omitted":	false,
					"sender":	false
				}],
			"sum":	{
				"start":	12.00001,
				"end":	13.000018,
				"seconds":	1.0000079870224,
				"bytes":	155497824,
				"bits_per_second":	1243972656.3625288,
				"omitted":	false,
				"sender":	false
			}
		}, {
			"streams":	[{
					"socket":	5,
					"start":	13.000018,
					"end":	14.000004,
					"seconds":	0.99998599290847778,
					"bytes":	155273384,
					"bits_per_second":	1242204471.6717241,
					"omitted":	false,
					"sender":	false
				}],
			"sum":	{
				"start":	13.000018,
				"end":	14.000004,
				"seconds":	0.99998599290847778,
				"bytes":	155273384,
				"bits_per_second":	1242204471.6717241,
				"omitted":	false,
				"sender":	false
			}
		}, {
			"streams":	[{
					"socket":	5,
					"start":	14.000004,
					"end":	15.000019,
					"seconds":	1.0000150203704834,
					"bytes":	155231392,
					"bits_per_second":	1241832483.2160237,
					"omitted":	false,
					"sender":	false
				}],
			"sum":	{
				"start":	14.000004,
				"end":	15.000019,
				"seconds":	1.0000150203704834,
				"bytes":	155231392,
				"bits_per_second":	1241832483.2160237,
				"omitted":	false,
				"sender":	false
			}
		}, {
			"streams":	[{
					"socket":	5,
					"start":	15.000019,
					"end":	16.00001,
					"seconds":	0.999990999698639,
					"bytes":	155451488,
					"bits_per_second":	1243623096.9826524,
					"omitted":	false,
					"sender":	false
				}],
			"sum":	{
				"start":	15.000019,
				"end":	16.00001,
				"seconds":	0.999990999698639,
				"bytes":	155451488,
				"bits_per_second":	1243623096.9826524,
				"omitted":	false,
				"sender":	false
			}
		}, {
			"streams":	[{
					"socket":	5,