{
	"start":	{
		"connected":	[{
				"socket":	5,
				"local_host":	"192.168.105.1",
				"local_port":	50307,
				"remote_host":	"192.168.105.2",
				"remote_port":	5201
			}],
		"version":	"iperf 3.19.1",
		"system_info":	"Darwin mimi-2.local 24.6.0 Darwin Kernel Version 24.6.0: Mon Jul 14 11:29:54 PDT 2025; root:xnu-11417.140.69~1/RELEASE_ARM64_T8122 arm64",
		"timestamp":	{
			"time":	"Sat, 30 Aug 2025 21:18:23 UTC",
			"timesecs":	1756588703
		},
		"connecting_to":	{
			"host":	"192.168.105.2",
			"port":	5201
		},
		"cookie":	"aaosbzgi64n6dnzb5yenkf47hesf4nclhiu4",
		"tcp_mss_default":	1448,
		"target_bitrate":	0,
		"fq_rate":	0,
		"sock_bufsize":	0,
		"sndbuf_actual":	131072,
		"rcvbuf_actual":	131072,
		"test_start":	{
			"protocol":	"TCP",
			"num_streams":	1,
			"blksize":	131072,
			"omit":	0,
			"duration":	30,
			"bytes":	0,
			"blocks":	0,
			"reverse":	0,
			"tos":	0,
			"target_bitrate":	0,
			"bidir":	0,
			"fqrate":	0,
			"interval":	1
		}
	},
	"intervals":	[{
			"streams":	[{
					"socket":	5,
					"start":	0,
					"end":	1.000609,
					"seconds":	1.0006090402603149,
					"bytes":	1503789056,
					"bits_per_second":	12022989963.063131,
					"omitted":	false,
					"sender":	true
				}],
			"sum":	{
				"start":	0,
				"end":	1.000609,
				"seconds":	1.0006090402603149,
				"bytes":	1503789056,
				"bits_per_second":	12022989963.063131,
				"omitted":	false,
				"sender":	true
			}
		}, {
			"streams":	[{
					"socket":	5,
					"start":	1.000609,
					"end":	2.005019,
					"seconds":	1.0044100284576416,
					"bytes":	1540227072,
					"bits_per_second":	12267715601.088943,
					"omitted":	false,
					"sender":	true
				}],
			"sum":	{
				"start":	1.000609,
				"end":	2.005019,
				"seconds":	1.0044100284576416,
				"bytes":	1540227072,
				"bits_per_second":	12267715601.088943,
				"omitted":	false,
				"sender":	true
			}
		}, {
			"streams":	[{
					"socket":	5,
					"start":	2.005019,
					"end":	3.005017,
					"seconds":	0.99999797344207764,
					"bytes":	1545994240,
					"bits_per_second":	12367978984.425795,
					"omitted":	false,
					"sender":	true
				}],
			"sum":	{
				"start":	2.005019,
				"end":	3.005017,
				"seconds":	0.99999797344207764,
				"bytes":	1545994240,
				"bits_per_second":	12367978984.425795,
				"omitted":	false,
				"sender":	true
			}
		}, {
			"streams":	[{
					"socket":	5,
					"start":	3.005017,
					"end":	4.005033,
					"seconds":	1.0000159740448,
					"bytes":	1526464512,
					"bits_per_second":	12211521028.616014,
					"omitted":	false,
					"sender":	true
				}],
			"sum":	{
				"start":	3.005017,
				"end":	4.005033,
				"seconds":	1.0000159740448,
				"bytes":	1526464512,
				"bits_per_second":	12211521028.616014,
				"omitted":	false,
				"sender":	true
			}
		}, {
			"streams":	[{
					"socket":	5,
					"start":	4.005033,
					"end":	5.005021,
					"seconds":	0.9999880194664,
					"bytes":	1551106048,
					"bits_per_second":	12408997050.406103,
					"omitted":	false,
					"sender":	true
				}],
			"sum":	{
				"start":	4.005033,
				"end":	5.005021,
				"seconds":	0.9999880194664,
				"bytes":	1551106048,
				"bits_per_second":	12408997050.406103,
				"omitted":	false,
				"sender":	true
			}
		}, {
			"streams":	[{
					"socket":	5,
					"start":	5.005021,
					"end":	6.00503,
					"seconds":	1.0000089406967163,
					"bytes":	1541013504,
					"bits_per_second":	12327997811.110451,
					"omitted":	false,
					"sender":	true
				}],
			"sum":	{
				"start":	5.005021,
				"end":	6.00503,
				"seconds":	1.0000089406967163,
				"bytes":	1541013504,
				"bits_per_second":	12327997811.110451,
				"omitted":	false,
				"sender":	true
			}
		}, {
			"streams":	[{
					"socket":	5,
					"start":	6.00503,
					"end":	7.00159,
					"seconds":	0.996559977531433,
					"bytes":	1529610240,
					"bits_per_second":	12279122376.870718,
					"omitted":	false,
					"sender":	true
				}],
			"sum":	{
				"start":	6.00503,
				"end":	7.00159,
				"seconds":	0.996559977531433,
				"bytes":	1529610240,
				"bits_per_second":	12279122376.870718,
				"omitted":	false,
				"sender":	true
			}
		}, {
			"streams":	[{
					"socket":	5,
					"start":	7.00159,
					"end":	8.005022,
					"seconds":	1.003432035446167,
					"bytes":	1547173888,
					"bits_per_second":	12335056751.996666,
					"omitted":	false,
					"sender":	true
				}],
			"sum":	{
				"start":	7.00159,
				"end":	8.005022,
				"seconds":	1.003432035446167,
				"bytes":	1547173888,
				"bits_per_second":	12335056751.996666,
				"omitted":	false,
				"sender":	true
			}
		}, {
			"streams":	[{
					"socket":	5,
					"start":	8.005022,
					"end":	9.001503,
					"seconds":	0.99648100137710571,
					"bytes":	1541275648,
					"bits_per_second":	12373748387.535778,
					"omitted":	false,
					"sender":	true
				}],
			"sum":	{
				"start":	8.005022,
				"end":	9.001503,
				"seconds":	0.99648100137710571,
				"bytes":	1541275648,
				"bits_per_second":	12373748387.535778,
				"omitted":	false,
				"sender":	true
			}
		}, {
			"streams":	[{
					"socket":	5,
					"start":	9.001503,
					"end":	10.005023,
					"seconds":	1.0035200119018555,
					"bytes":	1555038208,
					"bits_per_second":	12396669240.729267,
					"omitted":	false,
					"sender":	true
				}],
			"sum":	{
				"start":	9.001503,
				"end":	10.005023,
				"seconds":	1.0035200119018555,
				"bytes":	1555038208,
				"bits_per_second":	12396669240.729267,
				"omitted":	false,
				"sender":	true
			}
		}, {
			"streams":	[{
					"socket":	5,
					"start":	10.005023,
					"end":	11.005024,
					"seconds":	1.0000009536743164,
					"bytes":	1541931008,
					"bits_per_second":	12335436300.011219,
					"omitted":	false,
					"sender":	true
				}],
			"sum":	{
				"start":	10.005023,
				"end":	11.005024,
				"seconds":	1.0000009536743164,
				"bytes":	1541931008,
				"bits_per_second":	12335436300.011219,
				"omitted":	false,
				"sender":	true
			}
		}, {
			"streams":	[{
					"socket":	5,
					"start":	11.005024,
					"end":	12.005021,
					"seconds":	0.99999701976776123,
					"bytes":	1534459904,
					"bits_per_second":	12275715816.48403,
					"omitted":	false,
					"sender":	true
				}],
			"sum":	{
				"start":	11.005024,
				"end":	12.005021,
				"seconds":	0.99999701976776123,
				"bytes":	1534459904,
				"bits_per_second":	12275715816.48403,
				"omitted":	false,
				"sender":	true
			}
		}, {
			"streams":	[{
					"socket":	5,
					"start":	12.005021,
					"end":	13.005031,
					"seconds":	1.0000100135803223,
					"bytes":	1520697344,
					"bits_per_second":	12165456932.219852,
					"omitted":	false,
					"sender":	true
				}],
			"sum":	{
				"start":	12.005021,
				"end":	13.005031,
				"seconds":	1.0000100135803223,
				"bytes":	1520697344,
				"bits_per_second":	12165456932.219852,
				"omitted":	false,
				"sender":	true
			}
		}, {
			"streams":	[{
					"socket":	5,
					"start":	13.005031,
					"end":	14.005023,
					"seconds":	0.9999920129776,
					"bytes":	1527775232,
					"bits_per_second":	12222299475.779692,
					"omitted":	false,
					"sender":	true
				}],
			"sum":	{
				"start":	13.005031,
				"end":	14.005023,
				"seconds":	0.9999920129776,
				"bytes":	1527775232,
				"bits_per_second":	12222299475.779692,
				"omitted":	false,
				"sender":	true
			}
		}, {
			"streams":	[{
					"socket":	5,
					"start":	14.005023,
					"end":	15.000652,
					"seconds":	0.99562901258468628,
					"bytes":	1507852288,
					"bits_per_second":	12115776209.337772,
					"omitted":	false,
					"sender":	true
				}],
			"sum":	{
				"start":	14.005023,
				"end":	15.000652,
				"seconds":	0.99562901258468628,
				"bytes":	1507852288,
				"bits_per_second":	12115776209.337772,
				"omitted":	false,
				"sender":	true
			}
		}, {
			"streams":	[{
					"socket":	5,
					"start":	15.000652,
					"end":	16.002918,
					"seconds":	1.0022660493850708,
					"bytes":	1510604800,
					"bits_per_second":	12057515474.473587,
					"omitted":	false,
					"sender":	true
				}],
			"sum":	{
				"start":	15.000652,