{
	"start":	{
		"connected":	[{
				"socket":	5,
				"local_host":	"10.100.102.4",
				"local_port":	49497,
				"remote_host":	"10.100.102.6",
				"remote_port":	5201
			}],
		"version":	"iperf 3.20",
		"system_info":	"Darwin mimi-2.local 25.3.0 Darwin Kernel Version 25.3.0: Wed Jan 28 20:53:31 PST 2026; root:xnu-12377.81.4~5/RELEASE_ARM64_T8122 arm64",
		"timestamp":	{
			"time":	"Fri, 27 Feb 2026 20:21:32 UTC",
			"timesecs":	1772223692,
			"timemillisecs":	1772223692317
		},
		"connecting_to":	{
			"host":	"10.100.102.6",
			"port":	5201
		},
		"cookie":	"24l3nzvax4bhwxolfnp62nzze474kiw5zo57",
		"tcp_mss_default":	1448,
		"target_bitrate":	0,
		"fq_rate":	0,
		"sock_bufsize":	0,
		"sndbuf_actual":	131072,
		"rcvbuf_actual":	131072,
		"test_start":	{
			"protocol":	"TCP",
			"num_streams":	1,
			"blksize":	131072,
			"omit":	0,
			"duration":	30,
			"bytes":	0,
			"blocks":	0,
			"reverse":	1,
			"tos":	0,
			"target_bitrate":	0,
			"bidir":	0,
			"fqrate":	0,
			"interval":	1
		}
	},
	"intervals":	[{
			"streams":	[{
					"socket":	5,
					"start":	0,
					"end":	1.000233,
					"seconds":	1.0002330541610718,
					"bytes":	8194359296,
					"bits_per_second":	65539600091.4837,
					"omitted":	false,
					"sender":	false
				}],
			"sum":	{
				"start":	0,
				"end":	1.000233,
				"seconds":	1.0002330541610718,
				"bytes":	8194359296,
				"bits_per_second":	65539600091.4837,
				"omitted":	false,
				"sender":	false
			}
		}, {
			"streams":	[{
					"socket":	5,
					"start":	1.000233,
					"end":	2.007975,
					"seconds":	1.0077420473098755,
					"bytes":	8087142400,
					"bits_per_second":	64200098996.272171,
					"omitted":	false,
					"sender":	false
				}],
			"sum":	{
				"start":	1.000233,
				"end":	2.007975,
				"seconds":	1.0077420473098755,
				"bytes":	8087142400,
				"bits_per_second":	64200098996.272171,
				"omitted":	false,
				"sender":	false
			}
		}, {
			"streams":	[{
					"socket":	5,
					"start":	2.007975,
					"end":	3.005782,
					"seconds":	0.99780702590942383,
					"bytes":	8055947264,
					"bits_per_second":	64589220599.304787,
					"omitted":	false,
					"sender":	false
				}],
			"sum":	{
				"start":	2.007975,
				"end":	3.005782,
				"seconds":	0.99780702590942383,
				"bytes":	8055947264,
				"bits_per_second":	64589220599.304787,
				"omitted":	false,
				"sender":	false
			}
		}, {
			"streams":	[{
					"socket":	5,
					"start":	3.005782,
					"end":	4.009002,
					"seconds":	1.0032199621200562,
					"bytes":	7700611072,
					"bits_per_second":	61407159847.391167,
					"omitted":	false,
					"sender":	false
				}],
			"sum":	{
				"start":	3.005782,
				"end":	4.009002,
				"seconds":	1.0032199621200562,
				"bytes":	7700611072,
				"bits_per_second":	61407159847.391167,
				"omitted":	false,
				"sender":	false
			}
		}, {
			"streams":	[{
					"socket":	5,
					"start":	4.009002,
					"end":	5.000175,
					"seconds":	0.991173028945923,
					"bytes":	7440039936,
					"bits_per_second":	60050382475.901039,
					"omitted":	false,
					"sender":	false
				}],
			"sum":	{
				"start":	4.009002,
				"end":	5.000175,
				"seconds":	0.991173028945923,
				"bytes":	7440039936,
				"bits_per_second":	60050382475.901039,
				"omitted":	false,
				"sender":	false
			}
		}, {
			"streams":	[{
					"socket":	5,
					"start":	5.000175,
					"end":	6.002627,
					"seconds":	1.00245201587677,
					"bytes":	7733379072,
					"bits_per_second":	61715704688.258339,
					"omitted":	false,
					"sender":	false
				}],
			"sum":	{
				"start":	5.000175,
				"end":	6.002627,
				"seconds":	1.00245201587677,
				"bytes":	7733379072,
				"bits_per_second":	61715704688.258339,
				"omitted":	false,
				"sender":	false
			}
		}, {
			"streams":	[{
					"socket":	5,
					"start":	6.002627,
					"end":	7.001195,
					"seconds":	0.99856799840927124,
					"bytes":	7806255104,
					"bits_per_second":	62539597635.297279,
					"omitted":	false,
					"sender":	false
				}],
			"sum":	{
				"start":	6.002627,
				"end":	7.001195,
				"seconds":	0.99856799840927124,
				"bytes":	7806255104,
				"bits_per_second":	62539597635.297279,
				"omitted":	false,
				"sender":	false
			}
		}, {
			"streams":	[{
					"socket":	5,
					"start":	7.001195,
					"end":	8.008699,
					"seconds":	1.0075039863586426,
					"bytes":	7543848960,
					"bits_per_second":	59901293193.014572,
					"omitted":	false,
					"sender":	false
				}],
			"sum":	{
				"start":	7.001195,
				"end":	8.008699,
				"seconds":	1.0075039863586426,
				"bytes":	7543848960,
				"bits_per_second":	59901293193.014572,
				"omitted":	false,
				"sender":	false
			}
		}, {
			"streams":	[{
					"socket":	5,
					"start":	8.008699,
					"end":	9.004062,
					"seconds":	0.99536299705505371,
					"bytes":	7796555776,
					"bits_per_second":	62663014792.130318,
					"omitted":	false,
					"sender":	false
				}],
			"sum":	{
				"start":	8.008699,
				"end":	9.004062,
				"seconds":	0.99536299705505371,
				"bytes":	7796555776,
				"bits_per_second":	62663014792.130318,
				"omitted":	false,
				"sender":	false
			}
		}, {
			"streams":	[{
					"socket":	5,
					"start":	9.004062,
					"end":	10.007034,
					"seconds":	1.0029720067977905,
					"bytes":	7661944832,
					"bits_per_second":	61113927647.591682,
					"omitted":	false,
					"sender":	false
				}],
			"sum":	{
				"start":	9.004062,
				"end":	10.007034,
				"seconds":	1.0029720067977905,
				"bytes":	7661944832,
				"bits_per_second":	61113927647.591682,
				"omitted":	false,
				"sender":	false
			}
		}, {
			"streams":	[{
					"socket":	5,
					"start":	10.007034,
					"end":	11.007222,
					"seconds":	1.0001879930496216,
					"bytes":	7631536128,
					"bits_per_second":	61040813775.267,
					"omitted":	false,
					"sender":	false
				}],
			"sum":	{
				"start":	10.007034,
				"end":	11.007222,
				"seconds":	1.0001879930496216,
				"bytes":	7631536128,
				"bits_per_second":	61040813775.267,
				"omitted":	false,
				"sender":	false
			}
		}, {
			"streams":	[{
					"socket":	5,
					"start":	11.007222,
					"end":	12.006049,
					"seconds":	0.99882698059082031,
					"bytes":	7485259776,
					"bits_per_second":	59952403540.980545,
					"omitted":	false,
					"sender":	false
				}],
			"sum":	{
				"start":	11.007222,
				"end":	12.006049,
				"seconds":	0.99882698059082031,
				"bytes":	7485259776,
				"bits_per_second":	59952403540.980545,
				"omitted":	false,
				"sender":	false
			}
		}, {
			"streams":	[{
					"socket":	5,
					"start":	12.006049,
					"end":	13.007915,
					"seconds":	1.0018659830093384,
					"bytes":	6320816128,
					"bits_per_second":	50472348479.296227,
					"omitted":	false,
					"sender":	false
				}],
			"sum":	{
				"start":	12.006049,
				"end":	13.007915,
				"seconds":	1.0018659830093384,
				"bytes":	6320816128,
				"bits_per_second":	50472348479.296227,
				"omitted":	false,
				"sender":	false
			}
		}, {
			"streams":	[{
					"socket":	5,
					"start":	13.007915,
					"end":	14.001138,
					"seconds":	0.993223011493683,
					"bytes":	7026900992,
					"bits_per_second":	56598777198.54615,
					"omitted":	false,
					"sender":	false
				}],
			"sum":	{
				"start":	13.007915,
				"end":	14.001138,
				"seconds":	0.993223011493683,
				"bytes":	7026900992,
				"bits_per_second":	56598777198.54615,
				"omitted":	false,
				"sender":	false
			}
		}, {
			"streams":	[{
					"socket":	5,
					"start":	14.001138,
					"end":	15.000825,
					"seconds":	0.99968701601028442,
					"bytes":	7540310016,
					"bits_per_second":	60341366009.478531,
					"omitted":	false,
					"sender":	false
				}],
			"sum":	{
				"start":	14.001138,
				"end":	15.000825,
				"seconds":	0.99968701601028442,
				"bytes":	7540310016,
				"bits_per_second":	60341366009.478531,
				"omitted":	false,
				"sender":	false
			}
		}, {
			"streams":	[{
					"socket":	5,
					"start":	15.000825,
					"end":	16.003038,
					"seconds":	1.0022130012512207,
					"bytes":	7451574272,
					"bits_per_second":	59480962731.052368,