{
	"start":	{
		"connected":	[{
				"socket":	5,
				"local_host":	"192.168.105.1",
				"local_port":	49477,
				"remote_host":	"192.168.105.2",
				"remote_port":	5201
			}],
		"version":	"iperf 3.18",
		"system_info":	"Darwin space-gray.local 24.3.0 Darwin Kernel Version 24.3.0: Thu Jan  2 20:24:23 PST 2025; root:xnu-11215.81.4~3/RELEASE_ARM64_T6020 arm64",
		"timestamp":	{
			"time":	"Sat, 22 Feb 2025 14:46:17 UTC",
			"timesecs":	1740235577
		},
		"connecting_to":	{
			"host":	"192.168.105.2",
			"port":	5201
		},
		"cookie":	"4hfnokh4oxos65v2vfuaqh26c3pnjtdptzgl",
		"tcp_mss_default":	1448,
		"target_bitrate":	0,
		"fq_rate":	0,
		"sock_bufsize":	0,
		"sndbuf_actual":	131072,
		"rcvbuf_actual":	131072,
		"test_start":	{
			"protocol":	"TCP",
			"num_streams":	1,
			"blksize":	131072,
			"omit":	0,
			"duration":	10,
			"bytes":	0,
			"blocks":	0,
			"reverse":	1,
			"tos":	0,
			"target_bitrate":	0,
			"bidir":	0,
			"fqrate":	0,
			"interval":	1
		}
	},
	"intervals":	[{
			"streams":	[{
					"socket":	5,
					"start":	0,
					"end":	1.005007,
					"seconds":	1.0050070285797119,
					"bytes":	1032323072,
					"bits_per_second":	8217439620.9657669,
					"omitted":	false,
					"sender":	false
				}],
			"sum":	{
				"start":	0,
				"end":	1.005007,
				"seconds":	1.0050070285797119,
				"bytes":	1032323072,
				"bits_per_second":	8217439620.9657669,
				"omitted":	false,
				"sender":	false
			}
		}, {
			"streams":	[{
					"socket":	5,
					"start":	1.005007,
					"end":	2.005007,
					"seconds":	1,
					"bytes":	1028128768,
					"bits_per_second":	8225030144,
					"omitted":	false,
					"sender":	false
				}],
			"sum":	{
				"start":	1.005007,
				"end":	2.005007,
				"seconds":	1,
				"bytes":	1028128768,
				"bits_per_second":	8225030144,
				"omitted":	false,
				"sender":	false
			}
		}, {
			"streams":	[{
					"socket":	5,
					"start":	2.005007,
					"end":	3.003562,
					"seconds":	0.99855500459671021,
					"bytes":	1024065536,
					"bits_per_second":	8204379578.77818,
					"omitted":	false,
					"sender":	false
				}],
			"sum":	{
				"start":	2.005007,
				"end":	3.003562,
				"seconds":	0.99855500459671021,
				"bytes":	1024065536,
				"bits_per_second":	8204379578.77818,
				"omitted":	false,
				"sender":	false
			}
		}, {
			"streams":	[{
					"socket":	5,
					"start":	3.003562,
					"end":	4.00483,
					"seconds":	1.0012680292129517,
					"bytes":	1025245184,
					"bits_per_second":	8191574316.4666557,
					"omitted":	false,
					"sender":	false
				}],
			"sum":	{
				"start":	3.003562,
				"end":	4.00483,
				"seconds":	1.0012680292129517,
				"bytes":	1025245184,
				"bits_per_second":	8191574316.4666557,
				"omitted":	false,
				"sender":	false
			}
		}, {
			"streams":	[{
					"socket":	5,
					"start":	4.00483,
					"end":	5.005004,
					"seconds":	1.0001740455627441,
					"bytes":	1025507328,
					"bits_per_second":	8202630992.4729328,
					"omitted":	false,
					"sender":	false
				}],
			"sum":	{
				"start":	4.00483,
				"end":	5.005004,
				"seconds":	1.0001740455627441,
				"bytes":	1025507328,
				"bits_per_second":	8202630992.4729328,
				"omitted":	false,
				"sender":	false
			}
		}, {
			"streams":	[{
					"socket":	5,
					"start":	5.005004,
					"end":	6.00501,
					"seconds":	1.0000059604644775,
					"bytes":	1021706240,
					"bits_per_second":	8173601201.5403843,
					"omitted":	false,
					"sender":	false
				}],
			"sum":	{
				"start":	5.005004,
				"end":	6.00501,
				"seconds":	1.0000059604644775,
				"bytes":	1021706240,
				"bits_per_second":	8173601201.5403843,
				"omitted":	false,
				"sender":	false
			}
		}, {
			"streams":	[{
					"socket":	5,
					"start":	6.00501,
					"end":	7.002814,
					"seconds":	0.99780398607254028,
					"bytes":	1025638400,
					"bits_per_second":	8223165385.7148342,
					"omitted":	false,
					"sender":	false
				}],
			"sum":	{
				"start":	6.00501,
				"end":	7.002814,
				"seconds":	0.99780398607254028,
				"bytes":	1025638400,
				"bits_per_second":	8223165385.7148342,
				"omitted":	false,
				"sender":	false
			}
		}, {
			"streams":	[{
					"socket":	5,
					"start":	7.002814,
					"end":	8.005013,
					"seconds":	1.0021990537643433,
					"bytes":	1031012352,
					"bits_per_second":	8230000602.1951952,
					"omitted":	false,
					"sender":	false
				}],
			"sum":	{
				"start":	7.002814,
				"end":	8.005013,
				"seconds":	1.0021990537643433,
				"bytes":	1031012352,
				"bits_per_second":	8230000602.1951952,
				"omitted":	false,
				"sender":	false
			}
		}, {
			"streams":	[{
					"socket":	5,
					"start":	8.005013,
					"end":	9.004863,
					"seconds":	0.99984997510910034,
					"bytes":	1026162688,
					"bits_per_second":	8210533288.3608141,
					"omitted":	false,
					"sender":	false
				}],
			"sum":	{
				"start":	8.005013,
				"end":	9.004863,
				"seconds":	0.99984997510910034,
				"bytes":	1026162688,
				"bits_per_second":	8210533288.3608141,
				"omitted":	false,
				"sender":	false
			}
		}, {
			"streams":	[{
					"socket":	5,
					"start":	9.004863,
					"end":	10.005014,
					"seconds":	1.0001510381698608,
					"bytes":	1023016960,
					"bits_per_second":	8182899749.797636,
					"omitted":	false,
					"sender":	false
				}],
			"sum":	{
				"start":	9.004863,
				"end":	10.005014,
				"seconds":	1.0001510381698608,
				"bytes":	1023016960,
				"bits_per_second":	8182899749.797636,
				"omitted":	false,
				"sender":	false
			}
		}],
	"end":	{
		"streams":	[{
				"sender":	{
					"socket":	5,
					"start":	0,
					"end":	10.005468,
					"seconds":	10.005468,
					"bytes":	10267131904,
					"bits_per_second":	8209216723.4955921,
					"retransmits":	0,
					"max_snd_cwnd":	0,
					"max_snd_wnd":	0,
					"max_rtt":	0,
					"min_rtt":	0,
					"mean_rtt":	0,
					"sender":	false
				},
				"receiver":	{
					"socket":	5,
					"start":	0,
					"end":	10.005014,
					"seconds":	10.005014,
					"bytes":	10262806528,
					"bits_per_second":	8206130668.4828234,
					"sender":	false
				}
			}],
		"sum_sent":	{
			"start":	0,
			"end":	10.005468,
			"seconds":	10.005468,
			"bytes":	10267131904,
			"bits_per_second":	8209216723.4955921,
			"retransmits":	0,
			"sender":	false
		},
		"sum_received":	{
			"start":	0,
			"end":	10.005014,
			"seconds":	10.005014,
			"bytes":	10262806528,
			"bits_per_second":	8206130668.4828234,
			"sender":	false
		},
		"cpu_utilization_percent":	{
			"host_total":	80.3283732951649,
			"host_user":	1.470802073879794,
			"host_system":	78.8575912089467,
			"remote_total":	25.906178957638588,
			"remote_user":	0.085553168195729654,
			"remote_system":	25.820635783971852
		},
		"sender_tcp_congestion":	"cubic"
	}
}
