{
	"start":	{
		"connected":	[{
				"socket":	5,
				"local_host":	"10.100.102.151",
				"local_port":	49578,
				"remote_host":	"10.100.102.179",
				"remote_port":	5201
			}],
		"version":	"iperf 3.8.1 -  -- Apple version iperf3-117",
		"system_info":	"Darwin space-gray.local 24.3.0 Darwin Kernel Version 24.3.0: Thu Jan  2 20:24:23 PST 2025; root:xnu-11215.81.4~3/RELEASE_ARM64_T6020 arm64",
		"timestamp":	{
			"time":	"Sat, 22 Feb 2025 14:59:47 UTC",
			"timesecs":	1740236387
		},
		"connecting_to":	{
			"host":	"10.100.102.179",
			"port":	5201
		},
		"cookie":	"x2fcuwq6davpgwifccr4fqf72io2dsou2wfk",
		"tcp_mss_default":	1448,
		"sock_bufsize":	0,
		"sndbuf_actual":	131072,
		"rcvbuf_actual":	131072,
		"test_start":	{
			"protocol":	"TCP",
			"num_streams":	1,
			"blksize":	131072,
			"omit":	0,
			"duration":	30,
			"bytes":	0,
			"blocks":	0,
			"reverse":	1,
			"tos":	0
		}
	},
	"intervals":	[{
			"streams":	[{
					"socket":	5,
					"start":	0,
					"end":	1.000002,
					"seconds":	1.0000020265579224,
					"bytes":	160905056,
					"bits_per_second":	1287237839.3379588,
					"omitted":	false,
					"sender":	false
				}],
			"sum":	{
				"start":	0,
				"end":	1.000002,
				"seconds":	1.0000020265579224,
				"bytes":	160905056,
				"bits_per_second":	1287237839.3379588,
				"omitted":	false,
				"sender":	false
			}
		}, {
			"streams":	[{
					"socket":	5,
					"start":	1.000002,
					"end":	2.000007,
					"seconds":	1.0000050067901611,
					"bytes":	161058424,
					"bits_per_second":	1288460940.9464378,
					"omitted":	false,
					"sender":	false
				}],
			"sum":	{
				"start":	1.000002,
				"end":	2.000007,
				"seconds":	1.0000050067901611,
				"bytes":	161058424,
				"bits_per_second":	1288460940.9464378,
				"omitted":	false,
				"sender":	false
			}
		}, {
			"streams":	[{
					"socket":	5,
					"start":	2.000007,
					"end":	3.000052,
					"seconds":	1.0000449419021606,
					"bytes":	160255976,
					"bits_per_second":	1281990192.9221787,
					"omitted":	false,
					"sender":	false
				}],
			"sum":	{
				"start":	2.000007,
				"end":	3.000052,
				"seconds":	1.0000449419021606,
				"bytes":	160255976,
				"bits_per_second":	1281990192.9221787,
				"omitted":	false,
				"sender":	false
			}
		}, {
			"streams":	[{
					"socket":	5,
					"start":	3.000052,
					"end":	4.000061,
					"seconds":	1.0000089406967163,
					"bytes":	160878336,
					"bits_per_second":	1287015181.1875956,
					"omitted":	false,
					"sender":	false
				}],
			"sum":	{
				"start":	3.000052,
				"end":	4.000061,
				"seconds":	1.0000089406967163,
				"bytes":	160878336,
				"bits_per_second":	1287015181.1875956,
				"omitted":	false,
				"sender":	false
			}
		}, {
			"streams":	[{
					"socket":	5,
					"start":	4.000061,
					"end":	5.000016,
					"seconds":	0.99995499849319458,
					"bytes":	161328664,
					"bits_per_second":	1290687394.8775842,
					"omitted":	false,
					"sender":	false
				}],
			"sum":	{
				"start":	4.000061,
				"end":	5.000016,
				"seconds":	0.99995499849319458,
				"bytes":	161328664,
				"bits_per_second":	1290687394.8775842,
				"omitted":	false,
				"sender":	false
			}
		}, {
			"streams":	[{
					"socket":	5,
					"start":	5.000016,
					"end":	6.000013,
					"seconds":	0.99999701976776123,
					"bytes":	162150432,
					"bits_per_second":	1297207321.9790814,
					"omitted":	false,
					"sender":	false
				}],
			"sum":	{
				"start":	5.000016,
				"end":	6.000013,
				"seconds":	0.99999701976776123,
				"bytes":	162150432,
				"bits_per_second":	1297207321.9790814,
				"omitted":	false,
				"sender":	false
			}
		}, {
			"streams":	[{
					"socket":	5,
					"start":	6.000013,
					"end":	7.000001,
					"seconds":	0.9999880194664,
					"bytes":	160919632,
					"bits_per_second":	1287372479.409245,
					"omitted":	false,
					"sender":	false
				}],
			"sum":	{
				"start":	6.000013,
				"end":	7.000001,
				"seconds":	0.9999880194664,
				"bytes":	160919632,
				"bits_per_second":	1287372479.409245,
				"omitted":	false,
				"sender":	false
			}
		}, {
			"streams":	[{
					"socket":	5,
					"start":	7.000001,
					"end":	8.000032,
					"seconds":	1.0000309944152832,
					"bytes":	161920896,
					"bits_per_second":	1295327020.0964115,
					"omitted":	false,
					"sender":	false
				}],
			"sum":	{
				"start":	7.000001,
				"end":	8.000032,
				"seconds":	1.0000309944152832,
				"bytes":	161920896,
				"bits_per_second":	1295327020.0964115,
				"omitted":	false,
				"sender":	false
			}
		}, {
			"streams":	[{
					"socket":	5,
					"start":	8.000032,
					"end":	9.000015,
					"seconds":	0.999983012676239,
					"bytes":	161931448,
					"bits_per_second":	1295473590.6293077,
					"omitted":	false,
					"sender":	false
				}],
			"sum":	{
				"start":	8.000032,
				"end":	9.000015,
				"seconds":	0.999983012676239,
				"bytes":	161931448,
				"bits_per_second":	1295473590.6293077,
				"omitted":	false,
				"sender":	false
			}
		}, {
			"streams":	[{
					"socket":	5,
					"start":	9.000015,
					"end":	10.000013,
					"seconds":	0.99999797344207764,
					"bytes":	162591240,
					"bits_per_second":	1300732556.0098662,
					"omitted":	false,
					"sender":	false
				}],
			"sum":	{
				"start":	9.000015,
				"end":	10.000013,
				"seconds":	0.99999797344207764,
				"bytes":	162591240,
				"bits_per_second":	1300732556.0098662,
				"omitted":	false,
				"sender":	false
			}
		}, {
			"streams":	[{
					"socket":	5,
					"start":	10.000013,
					"end":	11.000011,
					"seconds":	0.99999797344207764,
					"bytes":	161675432,
					"bits_per_second":	1293406077.1623325,
					"omitted":	false,
					"sender":	false
				}],
			"sum":	{
				"start":	10.000013,
				"end":	11.000011,
				"seconds":	0.99999797344207764,
				"bytes":	161675432,
				"bits_per_second":	1293406077.1623325,
				"omitted":	false,
				"sender":	false
			}
		}, {
			"streams":	[{
					"socket":	5,
					"start":	11.000011,
					"end":	12.000015,
					"seconds":	1.0000040531158447,
					"bytes":	161190072,
					"bits_per_second":	1289515349.444905,
					"omitted":	false,
					"sender":	false
				}],
			"sum":	{
				"start":	11.000011,
				"end":	12.000015,
				"seconds":	1.0000040531158447,
				"bytes":	161190072,
				"bits_per_second":	1289515349.444905,
				"omitted":	false,
				"sender":	false
			}
		}, {
			"streams":	[{
					"socket":	5,
					"start":	12.000015,
					"end":	13.000014,
					"seconds":	0.99999898672103882,
					"bytes":	161923376,
					"bits_per_second":	1295388320.5897319,
					"omitted":	false,
					"sender":	false
				}],
			"sum":	{
				"start":	12.000015,
				"end":	13.000014,
				"seconds":	0.99999898672103882,
				"bytes":	161923376,
				"bits_per_second":	1295388320.5897319,
				"omitted":	false,
				"sender":	false
			}
		}, {
			"streams":	[{
					"socket":	5,
					"start":	13.000014,
					"end":	14.000014,
					"seconds":	1,
					"bytes":	161359072,
					"bits_per_second":	1290872576,
					"omitted":	false,
					"sender":	false
				}],
			"sum":	{
				"start":	13.000014,
				"end":	14.000014,
				"seconds":	1,
				"bytes":	161359072,
				"bits_per_second":	1290872576,
				"omitted":	false,
				"sender":	false
			}
		}, {
			"streams":	[{
					"socket":	5,
					"start":	14.000014,
					"end":	15.000013,
					"seconds":	0.99999898672103882,
					"bytes":	161262808,
					"bits_per_second":	1290103771.2350092,
					"omitted":	false,
					"sender":	false
				}],
			"sum":	{
				"start":	14.000014,
				"end":	15.000013,
				"seconds":	0.99999898672103882,
				"bytes":	161262808,
				"bits_per_second":	1290103771.2350092,
				"omitted":	false,
				"sender":	false
			}
		}, {
			"streams":	[{
					"socket":	5,
					"start":	15.000013,
					"end":	16.000058,
					"seconds":	1.0000449419021606,
					"bytes":	162336888,
					"bits_per_second":	1298636740.7946529,
					"omitted":	false,
					"sender":	false
				}],
			"sum":	{
				"start":	15.000013,
				"end":	16.000058,
				"seconds":	1.0000449419021606,
				"bytes":	162336888,