{
	"start":	{
		"connected":	[{
				"socket":	5,
				"local_host":	"192.168.105.1",
				"local_port":	49461,
				"remote_host":	"192.168.105.2",
				"remote_port":	5201
			}],
		"version":	"iperf 3.18",
		"system_info":	"Darwin mimi-2.local 24.3.0 Darwin Kernel Version 24.3.0: Thu Jan  2 20:24:23 PST 2025; root:xnu-11215.81.4~3/RELEASE_ARM64_T8122 arm64",
		"timestamp":	{
			"time":	"Sat, 22 Feb 2025 17:07:49 UTC",
			"timesecs":	1740244069
		},
		"connecting_to":	{
			"host":	"192.168.105.2",
			"port":	5201
		},
		"cookie":	"kmbjqk3yhwrzq6m3umsx3oht5eiptysbendf",
		"tcp_mss_default":	1448,
		"target_bitrate":	0,
		"fq_rate":	0,
		"sock_bufsize":	0,
		"sndbuf_actual":	131072,
		"rcvbuf_actual":	131072,
		"test_start":	{
			"protocol":	"TCP",
			"num_streams":	1,
			"blksize":	131072,
			"omit":	0,
			"duration":	30,
			"bytes":	0,
			"blocks":	0,
			"reverse":	1,
			"tos":	0,
			"target_bitrate":	0,
			"bidir":	0,
			"fqrate":	0,
			"interval":	1
		}
	},
	"intervals":	[{
			"streams":	[{
					"socket":	5,
					"start":	0,
					"end":	1.004122,
					"seconds":	1.0041220188140869,
					"bytes":	1890713600,
					"bits_per_second":	15063616290.243431,
					"omitted":	false,
					"sender":	false
				}],
			"sum":	{
				"start":	0,
				"end":	1.004122,
				"seconds":	1.0041220188140869,
				"bytes":	1890713600,
				"bits_per_second":	15063616290.243431,
				"omitted":	false,
				"sender":	false
			}
		}, {
			"streams":	[{
					"socket":	5,
					"start":	1.004122,
					"end":	2.002066,
					"seconds":	0.99794399738311768,
					"bytes":	1879703552,
					"bits_per_second":	15068609516.598906,
					"omitted":	false,
					"sender":	false
				}],
			"sum":	{
				"start":	1.004122,
				"end":	2.002066,
				"seconds":	0.99794399738311768,
				"bytes":	1879703552,
				"bits_per_second":	15068609516.598906,
				"omitted":	false,
				"sender":	false
			}
		}, {
			"streams":	[{
					"socket":	5,
					"start":	2.002066,
					"end":	3.001955,
					"seconds":	0.99988901615142822,
					"bytes":	1899888640,
					"bits_per_second":	15200796162.859509,
					"omitted":	false,
					"sender":	false
				}],
			"sum":	{
				"start":	2.002066,
				"end":	3.001955,
				"seconds":	0.99988901615142822,
				"bytes":	1899888640,
				"bits_per_second":	15200796162.859509,
				"omitted":	false,
				"sender":	false
			}
		}, {
			"streams":	[{
					"socket":	5,
					"start":	3.001955,
					"end":	4.003061,
					"seconds":	1.0011060237884521,
					"bytes":	1893597184,
					"bits_per_second":	15132041074.603653,
					"omitted":	false,
					"sender":	false
				}],
			"sum":	{
				"start":	3.001955,
				"end":	4.003061,
				"seconds":	1.0011060237884521,
				"bytes":	1893597184,
				"bits_per_second":	15132041074.603653,
				"omitted":	false,
				"sender":	false
			}
		}, {
			"streams":	[{
					"socket":	5,
					"start":	4.003061,
					"end":	5.000413,
					"seconds":	0.9973520040512085,
					"bytes":	1893990400,
					"bits_per_second":	15192151956.835125,
					"omitted":	false,
					"sender":	false
				}],
			"sum":	{
				"start":	4.003061,
				"end":	5.000413,
				"seconds":	0.9973520040512085,
				"bytes":	1893990400,
				"bits_per_second":	15192151956.835125,
				"omitted":	false,
				"sender":	false
			}
		}, {
			"streams":	[{
					"socket":	5,
					"start":	5.000413,
					"end":	6.002045,
					"seconds":	1.00163197517395,
					"bytes":	1895170048,
					"bits_per_second":	15136657734.360941,
					"omitted":	false,
					"sender":	false
				}],
			"sum":	{
				"start":	5.000413,
				"end":	6.002045,
				"seconds":	1.00163197517395,
				"bytes":	1895170048,
				"bits_per_second":	15136657734.360941,
				"omitted":	false,
				"sender":	false
			}
		}, {
			"streams":	[{
					"socket":	5,
					"start":	6.002045,
					"end":	7.005047,
					"seconds":	1.0030020475387573,
					"bytes":	1908539392,
					"bits_per_second":	15222616118.747267,
					"omitted":	false,
					"sender":	false
				}],
			"sum":	{
				"start":	6.002045,
				"end":	7.005047,
				"seconds":	1.0030020475387573,
				"bytes":	1908539392,
				"bits_per_second":	15222616118.747267,
				"omitted":	false,
				"sender":	false
			}
		}, {
			"streams":	[{
					"socket":	5,
					"start":	7.005047,
					"end":	8.005039,
					"seconds":	0.9999920129776,
					"bytes":	1898971136,
					"bits_per_second":	15191890425.96913,
					"omitted":	false,
					"sender":	false
				}],
			"sum":	{
				"start":	7.005047,
				"end":	8.005039,
				"seconds":	0.9999920129776,
				"bytes":	1898971136,
				"bits_per_second":	15191890425.96913,
				"omitted":	false,
				"sender":	false
			}
		}, {
			"streams":	[{
					"socket":	5,
					"start":	8.005039,
					"end":	9.004459,
					"seconds":	0.99941998720169067,
					"bytes":	1890189312,
					"bits_per_second":	15130290257.99177,
					"omitted":	false,
					"sender":	false
				}],
			"sum":	{
				"start":	8.005039,
				"end":	9.004459,
				"seconds":	0.99941998720169067,
				"bytes":	1890189312,
				"bits_per_second":	15130290257.99177,
				"omitted":	false,
				"sender":	false
			}
		}, {
			"streams":	[{
					"socket":	5,
					"start":	9.004459,
					"end":	10.002546,
					"seconds":	0.998086988925934,
					"bytes":	1900544000,
					"bits_per_second":	15233493842.417263,
					"omitted":	false,
					"sender":	false
				}],
			"sum":	{
				"start":	9.004459,
				"end":	10.002546,
				"seconds":	0.998086988925934,
				"bytes":	1900544000,
				"bits_per_second":	15233493842.417263,
				"omitted":	false,
				"sender":	false
			}
		}, {
			"streams":	[{
					"socket":	5,
					"start":	10.002546,
					"end":	11.004483,
					"seconds":	1.0019370317459106,
					"bytes":	1887436800,
					"bits_per_second":	15070302745.162136,
					"omitted":	false,
					"sender":	false
				}],
			"sum":	{
				"start":	10.002546,
				"end":	11.004483,
				"seconds":	1.0019370317459106,
				"bytes":	1887436800,
				"bits_per_second":	15070302745.162136,
				"omitted":	false,
				"sender":	false
			}
		}, {
			"streams":	[{
					"socket":	5,
					"start":	11.004483,
					"end":	12.003369,
					"seconds":	0.998885989189148,
					"bytes":	1885077504,
					"bits_per_second":	15097438741.974737,
					"omitted":	false,
					"sender":	false
				}],
			"sum":	{
				"start":	11.004483,
				"end":	12.003369,
				"seconds":	0.998885989189148,
				"bytes":	1885077504,
				"bits_per_second":	15097438741.974737,
				"omitted":	false,
				"sender":	false
			}
		}, {
			"streams":	[{
					"socket":	5,
					"start":	12.003369,
					"end":	13.005006,
					"seconds":	1.0016369819641113,
					"bytes":	1882718208,
					"bits_per_second":	15037130153.1473,
					"omitted":	false,
					"sender":	false
				}],
			"sum":	{
				"start":	12.003369,
				"end":	13.005006,
				"seconds":	1.0016369819641113,
				"bytes":	1882718208,
				"bits_per_second":	15037130153.1473,
				"omitted":	false,
				"sender":	false
			}
		}, {
			"streams":	[{
					"socket":	5,
					"start":	13.005006,
					"end":	14.004982,
					"seconds":	0.99997597932815552,
					"bytes":	1884946432,
					"bits_per_second":	15079933686.138512,
					"omitted":	false,
					"sender":	false
				}],
			"sum":	{
				"start":	13.005006,
				"end":	14.004982,
				"seconds":	0.99997597932815552,
				"bytes":	1884946432,
				"bits_per_second":	15079933686.138512,
				"omitted":	false,
				"sender":	false
			}
		}, {
			"streams":	[{
					"socket":	5,
					"start":	14.004982,
					"end":	15.004767,
					"seconds":	0.999785006046295,
					"bytes":	1873674240,
					"bits_per_second":	14992617242.057253,
					"omitted":	false,
					"sender":	false
				}],
			"sum":	{
				"start":	14.004982,
				"end":	15.004767,
				"seconds":	0.999785006046295,
				"bytes":	1873674240,
				"bits_per_second":	14992617242.057253,
				"omitted":	false,
				"sender":	false
			}
		}, {
			"streams":	[{
					"socket":	5,
					"start":	15.004767,
					"end":	16.00353,
					"seconds":	0.99876302480697632,
					"bytes":	1877999616,
					"bits_per_second":	15042604256.30352,
					"omitted":	false,
					"sender":	false
				}],