{
	"start":	{
		"connected":	[{
				"socket":	5,
				"local_host":	"192.168.105.1",
				"local_port":	49367,
				"remote_host":	"192.168.105.2",
				"remote_port":	5201
			}],
		"version":	"iperf 3.18",
		"system_info":	"Darwin space-gray.local 24.3.0 Darwin Kernel Version 24.3.0: Thu Jan  2 20:24:23 PST 2025; root:xnu-11215.81.4~3/RELEASE_ARM64_T6020 arm64",
		"timestamp":	{
			"time":	"Sat, 22 Feb 2025 14:21:23 UTC",
			"timesecs":	1740234083
		},
		"connecting_to":	{
			"host":	"192.168.105.2",
			"port":	5201
		},
		"cookie":	"kr6wkjzm67zp4dvsmrpfoqphg24jpwhjmzwu",
		"tcp_mss_default":	1448,
		"target_bitrate":	0,
		"fq_rate":	0,
		"sock_bufsize":	0,
		"sndbuf_actual":	131072,
		"rcvbuf_actual":	131072,
		"test_start":	{
			"protocol":	"TCP",
			"num_streams":	1,
			"blksize":	131072,
			"omit":	0,
			"duration":	30,
			"bytes":	0,
			"blocks":	0,
			"reverse":	1,
			"tos":	0,
			"target_bitrate":	0,
			"bidir":	0,
			"fqrate":	0,
			"interval":	1
		}
	},
	"intervals":	[{
			"streams":	[{
					"socket":	5,
					"start":	0,
					"end":	1.001508,
					"seconds":	1.0015079975128174,
					"bytes":	1073872896,
					"bits_per_second":	8578047493.71465,
					"omitted":	false,
					"sender":	false
				}],
			"sum":	{
				"start":	0,
				"end":	1.001508,
				"seconds":	1.0015079975128174,
				"bytes":	1073872896,
				"bits_per_second":	8578047493.71465,
				"omitted":	false,
				"sender":	false
			}
		}, {
			"streams":	[{
					"socket":	5,
					"start":	1.001508,
					"end":	2.005003,
					"seconds":	1.00349497795105,
					"bytes":	1083179008,
					"bits_per_second":	8635252048.4887733,
					"omitted":	false,
					"sender":	false
				}],
			"sum":	{
				"start":	1.001508,
				"end":	2.005003,
				"seconds":	1.00349497795105,
				"bytes":	1083179008,
				"bits_per_second":	8635252048.4887733,
				"omitted":	false,
				"sender":	false
			}
		}, {
			"streams":	[{
					"socket":	5,
					"start":	2.005003,
					"end":	3.005013,
					"seconds":	1.0000100135803223,
					"bytes":	1072955392,
					"bits_per_second":	8583557183.8606882,
					"omitted":	false,
					"sender":	false
				}],
			"sum":	{
				"start":	2.005003,
				"end":	3.005013,
				"seconds":	1.0000100135803223,
				"bytes":	1072955392,
				"bits_per_second":	8583557183.8606882,
				"omitted":	false,
				"sender":	false
			}
		}, {
			"streams":	[{
					"socket":	5,
					"start":	3.005013,
					"end":	4.003547,
					"seconds":	0.99853402376174927,
					"bytes":	1072431104,
					"bits_per_second":	8592044565.17053,
					"omitted":	false,
					"sender":	false
				}],
			"sum":	{
				"start":	3.005013,
				"end":	4.003547,
				"seconds":	0.99853402376174927,
				"bytes":	1072431104,
				"bits_per_second":	8592044565.17053,
				"omitted":	false,
				"sender":	false
			}
		}, {
			"streams":	[{
					"socket":	5,
					"start":	4.003547,
					"end":	5.001905,
					"seconds":	0.99835801124572754,
					"bytes":	1076625408,
					"bits_per_second":	8627168978.4438133,
					"omitted":	false,
					"sender":	false
				}],
			"sum":	{
				"start":	4.003547,
				"end":	5.001905,
				"seconds":	0.99835801124572754,
				"bytes":	1076625408,
				"bits_per_second":	8627168978.4438133,
				"omitted":	false,
				"sender":	false
			}
		}, {
			"streams":	[{
					"socket":	5,
					"start":	5.001905,
					"end":	6.00501,
					"seconds":	1.0031050443649292,
					"bytes":	1082392576,
					"bits_per_second":	8632336819.20336,
					"omitted":	false,
					"sender":	false
				}],
			"sum":	{
				"start":	5.001905,
				"end":	6.00501,
				"seconds":	1.0031050443649292,
				"bytes":	1082392576,
				"bits_per_second":	8632336819.20336,
				"omitted":	false,
				"sender":	false
			}
		}, {
			"streams":	[{
					"socket":	5,
					"start":	6.00501,
					"end":	7.005005,
					"seconds":	0.999994993209839,
					"bytes":	1076101120,
					"bits_per_second":	8608852062.715807,
					"omitted":	false,
					"sender":	false
				}],
			"sum":	{
				"start":	6.00501,
				"end":	7.005005,
				"seconds":	0.999994993209839,
				"bytes":	1076101120,
				"bits_per_second":	8608852062.715807,
				"omitted":	false,
				"sender":	false
			}
		}, {
			"streams":	[{
					"socket":	5,
					"start":	7.005005,
					"end":	8.004581,
					"seconds":	0.999575972557068,
					"bytes":	1072300032,
					"bits_per_second":	8582039276.1694174,
					"omitted":	false,
					"sender":	false
				}],
			"sum":	{
				"start":	7.005005,
				"end":	8.004581,
				"seconds":	0.999575972557068,
				"bytes":	1072300032,
				"bits_per_second":	8582039276.1694174,
				"omitted":	false,
				"sender":	false
			}
		}, {
			"streams":	[{
					"socket":	5,
					"start":	8.004581,
					"end":	9.005004,
					"seconds":	1.0004229545593262,
					"bytes":	1083572224,
					"bits_per_second":	8664912927.57112,
					"omitted":	false,
					"sender":	false
				}],
			"sum":	{
				"start":	8.004581,
				"end":	9.005004,
				"seconds":	1.0004229545593262,
				"bytes":	1083572224,
				"bits_per_second":	8664912927.57112,
				"omitted":	false,
				"sender":	false
			}
		}, {
			"streams":	[{
					"socket":	5,
					"start":	9.005004,
					"end":	10.003178,
					"seconds":	0.998174011707306,
					"bytes":	1067974656,
					"bits_per_second":	8559426660.87493,
					"omitted":	false,
					"sender":	false
				}],
			"sum":	{
				"start":	9.005004,
				"end":	10.003178,
				"seconds":	0.998174011707306,
				"bytes":	1067974656,
				"bits_per_second":	8559426660.87493,
				"omitted":	false,
				"sender":	false
			}
		}, {
			"streams":	[{
					"socket":	5,
					"start":	10.003178,
					"end":	11.005008,
					"seconds":	1.001829981803894,
					"bytes":	1082130432,
					"bits_per_second":	8641230162.0402069,
					"omitted":	false,
					"sender":	false
				}],
			"sum":	{
				"start":	10.003178,
				"end":	11.005008,
				"seconds":	1.001829981803894,
				"bytes":	1082130432,
				"bits_per_second":	8641230162.0402069,
				"omitted":	false,
				"sender":	false
			}
		}, {
			"streams":	[{
					"socket":	5,
					"start":	11.005008,
					"end":	12.005011,
					"seconds":	1.0000029802322388,
					"bytes":	1077280768,
					"bits_per_second":	8618220459.7015457,
					"omitted":	false,
					"sender":	false
				}],
			"sum":	{
				"start":	11.005008,
				"end":	12.005011,
				"seconds":	1.0000029802322388,
				"bytes":	1077280768,
				"bits_per_second":	8618220459.7015457,
				"omitted":	false,
				"sender":	false
			}
		}, {
			"streams":	[{
					"socket":	5,
					"start":	12.005011,
					"end":	13.000573,
					"seconds":	0.99556201696395874,
					"bytes":	1077936128,
					"bits_per_second":	8661930524.72811,
					"omitted":	false,
					"sender":	false
				}],
			"sum":	{
				"start":	12.005011,
				"end":	13.000573,
				"seconds":	0.99556201696395874,
				"bytes":	1077936128,
				"bits_per_second":	8661930524.72811,
				"omitted":	false,
				"sender":	false
			}
		}, {
			"streams":	[{
					"socket":	5,
					"start":	13.000573,
					"end":	14.005009,
					"seconds":	1.0044360160827637,
					"bytes":	1080033280,
					"bits_per_second":	8602107154.31779,
					"omitted":	false,
					"sender":	false
				}],
			"sum":	{
				"start":	13.000573,
				"end":	14.005009,
				"seconds":	1.0044360160827637,
				"bytes":	1080033280,
				"bits_per_second":	8602107154.31779,
				"omitted":	false,
				"sender":	false
			}
		}, {
			"streams":	[{
					"socket":	5,
					"start":	14.005009,
					"end":	15.005007,
					"seconds":	0.99999797344207764,
					"bytes":	1076494336,
					"bits_per_second":	8611972140.66037,
					"omitted":	false,
					"sender":	false
				}],
			"sum":	{
				"start":	14.005009,
				"end":	15.005007,
				"seconds":	0.99999797344207764,
				"bytes":	1076494336,
				"bits_per_second":	8611972140.66037,
				"omitted":	false,
				"sender":	false
			}
		}, {
			"streams":	[{
					"socket":	5,
					"start":	15.005007,
					"end":	16.002815,
					"seconds":	0.99780797958374023,
					"bytes":	1067319296,
					"bits_per_second":	8557312170.987112,
					"omitted":	false,
					"sender":	false
				}],