{
	"start":	{
		"connected":	[{
				"socket":	5,
				"local_host":	"192.168.105.1",
				"local_port":	50309,
				"remote_host":	"192.168.105.2",
				"remote_port":	5201
			}],
		"version":	"iperf 3.19.1",
		"system_info":	"Darwin mimi-2.local 24.6.0 Darwin Kernel Version 24.6.0: Mon Jul 14 11:29:54 PDT 2025; root:xnu-11417.140.69~1/RELEASE_ARM64_T8122 arm64",
		"timestamp":	{
			"time":	"Sat, 30 Aug 2025 21:18:53 UTC",
			"timesecs":	1756588733
		},
		"connecting_to":	{
			"host":	"192.168.105.2",
			"port":	5201
		},
		"cookie":	"nyyqqqpskhgo5nwpzdrfgcaljtwqfiucafsh",
		"tcp_mss_default":	1448,
		"target_bitrate":	0,
		"fq_rate":	0,
		"sock_bufsize":	0,
		"sndbuf_actual":	131072,
		"rcvbuf_actual":	131072,
		"test_start":	{
			"protocol":	"TCP",
			"num_streams":	1,
			"blksize":	131072,
			"omit":	0,
			"duration":	30,
			"bytes":	0,
			"blocks":	0,
			"reverse":	1,
			"tos":	0,
			"target_bitrate":	0,
			"bidir":	0,
			"fqrate":	0,
			"interval":	1
		}
	},
	"intervals":	[{
			"streams":	[{
					"socket":	5,
					"start":	0,
					"end":	1.000126,
					"seconds":	1.0001260042190552,
					"bytes":	1687158784,
					"bits_per_second":	13495569773.270014,
					"omitted":	false,
					"sender":	false
				}],
			"sum":	{
				"start":	0,
				"end":	1.000126,
				"seconds":	1.0001260042190552,
				"bytes":	1687158784,
				"bits_per_second":	13495569773.270014,
				"omitted":	false,
				"sender":	false
			}
		}, {
			"streams":	[{
					"socket":	5,
					"start":	1.000126,
					"end":	2.00234,
					"seconds":	1.0022139549255371,
					"bytes":	1692139520,
					"bits_per_second":	13507211801.900909,
					"omitted":	false,
					"sender":	false
				}],
			"sum":	{
				"start":	1.000126,
				"end":	2.00234,
				"seconds":	1.0022139549255371,
				"bytes":	1692139520,
				"bits_per_second":	13507211801.900909,
				"omitted":	false,
				"sender":	false
			}
		}, {
			"streams":	[{
					"socket":	5,
					"start":	2.00234,
					"end":	3.000696,
					"seconds":	0.99835598468780518,
					"bytes":	1677852672,
					"bits_per_second":	13444925038.634827,
					"omitted":	false,
					"sender":	false
				}],
			"sum":	{
				"start":	2.00234,
				"end":	3.000696,
				"seconds":	0.99835598468780518,
				"bytes":	1677852672,
				"bits_per_second":	13444925038.634827,
				"omitted":	false,
				"sender":	false
			}
		}, {
			"streams":	[{
					"socket":	5,
					"start":	3.000696,
					"end":	4.005087,
					"seconds":	1.0043909549713135,
					"bytes":	1700397056,
					"bits_per_second":	13543706641.990341,
					"omitted":	false,
					"sender":	false
				}],
			"sum":	{
				"start":	3.000696,
				"end":	4.005087,
				"seconds":	1.0043909549713135,
				"bytes":	1700397056,
				"bits_per_second":	13543706641.990341,
				"omitted":	false,
				"sender":	false
			}
		}, {
			"streams":	[{
					"socket":	5,
					"start":	4.005087,
					"end":	5.002742,
					"seconds":	0.99765497446060181,
					"bytes":	1680080896,
					"bits_per_second":	13472239914.672808,
					"omitted":	false,
					"sender":	false
				}],
			"sum":	{
				"start":	4.005087,
				"end":	5.002742,
				"seconds":	0.99765497446060181,
				"bytes":	1680080896,
				"bits_per_second":	13472239914.672808,
				"omitted":	false,
				"sender":	false
			}
		}, {
			"streams":	[{
					"socket":	5,
					"start":	5.002742,
					"end":	6.001667,
					"seconds":	0.998924970626831,
					"bytes":	1688207360,
					"bits_per_second":	13520193485.127439,
					"omitted":	false,
					"sender":	false
				}],
			"sum":	{
				"start":	5.002742,
				"end":	6.001667,
				"seconds":	0.998924970626831,
				"bytes":	1688207360,
				"bits_per_second":	13520193485.127439,
				"omitted":	false,
				"sender":	false
			}
		}, {
			"streams":	[{
					"socket":	5,
					"start":	6.001667,
					"end":	7.002709,
					"seconds":	1.0010420083999634,
					"bytes":	1681784832,
					"bits_per_second":	13440273777.8257,
					"omitted":	false,
					"sender":	false
				}],
			"sum":	{
				"start":	6.001667,
				"end":	7.002709,
				"seconds":	1.0010420083999634,
				"bytes":	1681784832,
				"bits_per_second":	13440273777.8257,
				"omitted":	false,
				"sender":	false
			}
		}, {
			"streams":	[{
					"socket":	5,
					"start":	7.002709,
					"end":	8.002719,
					"seconds":	1.0000100135803223,
					"bytes":	1676541952,
					"bits_per_second":	13412201311.844866,
					"omitted":	false,
					"sender":	false
				}],
			"sum":	{
				"start":	7.002709,
				"end":	8.002719,
				"seconds":	1.0000100135803223,
				"bytes":	1676541952,
				"bits_per_second":	13412201311.844866,
				"omitted":	false,
				"sender":	false
			}
		}, {
			"streams":	[{
					"socket":	5,
					"start":	8.002719,
					"end":	9.004791,
					"seconds":	1.0020719766616821,
					"bytes":	1655308288,
					"bits_per_second":	13215084956.388218,
					"omitted":	false,
					"sender":	false
				}],
			"sum":	{
				"start":	8.002719,
				"end":	9.004791,
				"seconds":	1.0020719766616821,
				"bytes":	1655308288,
				"bits_per_second":	13215084956.388218,
				"omitted":	false,
				"sender":	false
			}
		}, {
			"streams":	[{
					"socket":	5,
					"start":	9.004791,
					"end":	10.001673,
					"seconds":	0.99688202142715454,
					"bytes":	1648230400,
					"bits_per_second":	13227084967.509903,
					"omitted":	false,
					"sender":	false
				}],
			"sum":	{
				"start":	9.004791,
				"end":	10.001673,
				"seconds":	0.99688202142715454,
				"bytes":	1648230400,
				"bits_per_second":	13227084967.509903,
				"omitted":	false,
				"sender":	false
			}
		}, {
			"streams":	[{
					"socket":	5,
					"start":	10.001673,
					"end":	11.001818,
					"seconds":	1.0001449584960938,
					"bytes":	1660551168,
					"bits_per_second":	13282483935.104378,
					"omitted":	false,
					"sender":	false
				}],
			"sum":	{
				"start":	10.001673,
				"end":	11.001818,
				"seconds":	1.0001449584960938,
				"bytes":	1660551168,
				"bits_per_second":	13282483935.104378,
				"omitted":	false,
				"sender":	false
			}
		}, {
			"streams":	[{
					"socket":	5,
					"start":	11.001818,
					"end":	12.00503,
					"seconds":	1.0032119750976562,
					"bytes":	1640497152,
					"bits_per_second":	13081958291.738359,
					"omitted":	false,
					"sender":	false
				}],
			"sum":	{
				"start":	11.001818,
				"end":	12.00503,
				"seconds":	1.0032119750976562,
				"bytes":	1640497152,
				"bits_per_second":	13081958291.738359,
				"omitted":	false,
				"sender":	false
			}
		}, {
			"streams":	[{
					"socket":	5,
					"start":	12.00503,
					"end":	13.005025,
					"seconds":	0.999994993209839,
					"bytes":	1665138688,
					"bits_per_second":	13321176200.333935,
					"omitted":	false,
					"sender":	false
				}],
			"sum":	{
				"start":	12.00503,
				"end":	13.005025,
				"seconds":	0.999994993209839,
				"bytes":	1665138688,
				"bits_per_second":	13321176200.333935,
				"omitted":	false,
				"sender":	false
			}
		}, {
			"streams":	[{
					"socket":	5,
					"start":	13.005025,
					"end":	14.005028,
					"seconds":	1.0000029802322388,
					"bytes":	1661861888,
					"bits_per_second":	13294855482.243082,
					"omitted":	false,
					"sender":	false
				}],
			"sum":	{
				"start":	13.005025,
				"end":	14.005028,
				"seconds":	1.0000029802322388,
				"bytes":	1661861888,
				"bits_per_second":	13294855482.243082,
				"omitted":	false,
				"sender":	false
			}
		}, {
			"streams":	[{
					"socket":	5,
					"start":	14.005028,
					"end":	15.00072,
					"seconds":	0.995692014694214,
					"bytes":	1656619008,
					"bits_per_second":	13310292608.97518,
					"omitted":	false,
					"sender":	false
				}],
			"sum":	{
				"start":	14.005028,
				"end":	15.00072,
				"seconds":	0.995692014694214,
				"bytes":	1656619008,
				"bits_per_second":	13310292608.97518,
				"omitted":	false,
				"sender":	false
			}
		}, {
			"streams":	[{
					"socket":	5,
					"start":	15.00072,
					"end":	16.004877,
					"seconds":	1.0041569471359253,
					"bytes":	1648885760,
					"bits_per_second":	13136478433.599304,
					"omitted":	false,