{
	"start":	{
		"connected":	[{
				"socket":	5,
				"local_host":	"192.168.105.1",
				"local_port":	50993,
				"remote_host":	"192.168.105.11",
				"remote_port":	5201
			}],
		"version":	"iperf 3.8.1 -  -- Apple version iperf3-117.100.3",
		"system_info":	"Darwin mimi-2.local 24.6.0 Darwin Kernel Version 24.6.0: Mon Jul 14 11:29:54 PDT 2025; root:xnu-11417.140.69~1/RELEASE_ARM64_T8122 arm64",
		"timestamp":	{
			"time":	"Sun, 31 Aug 2025 07:51:04 UTC",
			"timesecs":	1756626664
		},
		"connecting_to":	{
			"host":	"192.168.105.11",
			"port":	5201
		},
		"cookie":	"u3eiajur4fwzxbsmr5f23t3ctlwz3aov3zvu",
		"tcp_mss_default":	1448,
		"sock_bufsize":	0,
		"sndbuf_actual":	131072,
		"rcvbuf_actual":	131072,
		"test_start":	{
			"protocol":	"TCP",
			"num_streams":	1,
			"blksize":	131072,
			"omit":	0,
			"duration":	30,
			"bytes":	0,
			"blocks":	0,
			"reverse":	0,
			"tos":	0
		}
	},
	"intervals":	[{
			"streams":	[{
					"socket":	5,
					"start":	0,
					"end":	1.000014,
					"seconds":	1.0000139474868774,
					"bytes":	421462544,
					"bits_per_second":	3371653325.9094815,
					"retransmits":	0,
					"snd_cwnd":	6655045,
					"rtt":	7,
					"rttvar":	0,
					"pmtu":	-1,
					"omitted":	false,
					"sender":	true
				}],
			"sum":	{
				"start":	0,
				"end":	1.000014,
				"seconds":	1.0000139474868774,
				"bytes":	421462544,
				"bits_per_second":	3371653325.9094815,
				"retransmits":	0,
				"omitted":	false,
				"sender":	true
			}
		}, {
			"streams":	[{
					"socket":	5,
					"start":	1.000014,
					"end":	2.000017,
					"seconds":	1.0000029802322388,
					"bytes":	429588296,
					"bits_per_second":	3436696125.84741,
					"retransmits":	0,
					"snd_cwnd":	6999669,
					"rtt":	7,
					"rttvar":	0,
					"pmtu":	-1,
					"omitted":	false,
					"sender":	true
				}],
			"sum":	{
				"start":	1.000014,
				"end":	2.000017,
				"seconds":	1.0000029802322388,
				"bytes":	429588296,
				"bits_per_second":	3436696125.84741,
				"retransmits":	0,
				"omitted":	false,
				"sender":	true
			}
		}, {
			"streams":	[{
					"socket":	5,
					"start":	2.000017,
					"end":	3.000016,
					"seconds":	0.99999898672103882,
					"bytes":	426817696,
					"bits_per_second":	3414545027.8866386,
					"retransmits":	0,
					"snd_cwnd":	7589005,
					"rtt":	11,
					"rttvar":	0,
					"pmtu":	-1,
					"omitted":	false,
					"sender":	true
				}],
			"sum":	{
				"start":	2.000017,
				"end":	3.000016,
				"seconds":	0.99999898672103882,
				"bytes":	426817696,
				"bits_per_second":	3414545027.8866386,
				"retransmits":	0,
				"omitted":	false,
				"sender":	true
			}
		}, {
			"streams":	[{
					"socket":	5,
					"start":	3.000016,
					"end":	4.000018,
					"seconds":	1.0000020265579224,
					"bytes":	425693176,
					"bits_per_second":	3405538506.47896,
					"retransmits":	0,
					"snd_cwnd":	7589005,
					"rtt":	8,
					"rttvar":	1,
					"pmtu":	-1,
					"omitted":	false,
					"sender":	true
				}],
			"sum":	{
				"start":	3.000016,
				"end":	4.000018,
				"seconds":	1.0000020265579224,
				"bytes":	425693176,
				"bits_per_second":	3405538506.47896,
				"retransmits":	0,
				"omitted":	false,
				"sender":	true
			}
		}, {
			"streams":	[{
					"socket":	5,
					"start":	4.000018,
					"end":	5.00003,
					"seconds":	1.0000120401382446,
					"bytes":	429631736,
					"bits_per_second":	3437012505.89428,
					"retransmits":	0,
					"snd_cwnd":	7589005,
					"rtt":	7,
					"rttvar":	0,
					"pmtu":	-1,
					"omitted":	false,
					"sender":	true
				}],
			"sum":	{
				"start":	4.000018,
				"end":	5.00003,
				"seconds":	1.0000120401382446,
				"bytes":	429631736,
				"bits_per_second":	3437012505.89428,
				"retransmits":	0,
				"omitted":	false,
				"sender":	true
			}
		}, {
			"streams":	[{
					"socket":	5,
					"start":	5.00003,
					"end":	6.000022,
					"seconds":	0.9999920129776,
					"bytes":	429914096,
					"bits_per_second":	3439340238.0875225,
					"retransmits":	0,
					"snd_cwnd":	7589005,
					"rtt":	7,
					"rttvar":	0,
					"pmtu":	-1,
					"omitted":	false,
					"sender":	true
				}],
			"sum":	{
				"start":	5.00003,
				"end":	6.000022,
				"seconds":	0.9999920129776,
				"bytes":	429914096,
				"bits_per_second":	3439340238.0875225,
				"retransmits":	0,
				"omitted":	false,
				"sender":	true
			}
		}, {
			"streams":	[{
					"socket":	5,
					"start":	6.000022,
					"end":	7.000022,
					"seconds":	1,
					"bytes":	433913472,
					"bits_per_second":	3471307776,
					"retransmits":	0,
					"snd_cwnd":	7589005,
					"rtt":	8,
					"rttvar":	0,
					"pmtu":	-1,
					"omitted":	false,
					"sender":	true
				}],
			"sum":	{
				"start":	6.000022,
				"end":	7.000022,
				"seconds":	1,
				"bytes":	433913472,
				"bits_per_second":	3471307776,
				"retransmits":	0,
				"omitted":	false,
				"sender":	true
			}
		}, {
			"streams":	[{
					"socket":	5,
					"start":	7.000022,
					"end":	8.000012,
					"seconds":	0.99998998641967773,
					"bytes":	431286800,
					"bits_per_second":	3450328950.14608,
					"retransmits":	0,
					"snd_cwnd":	7589005,
					"rtt":	7,
					"rttvar":	0,
					"pmtu":	-1,
					"omitted":	false,
					"sender":	true
				}],
			"sum":	{
				"start":	7.000022,
				"end":	8.000012,
				"seconds":	0.99998998641967773,
				"bytes":	431286800,
				"bits_per_second":	3450328950.14608,
				"retransmits":	0,
				"omitted":	false,
				"sender":	true
			}
		}, {
			"streams":	[{
					"socket":	5,
					"start":	8.000012,
					"end":	9.000026,
					"seconds":	1.0000139474868774,
					"bytes":	435271696,
					"bits_per_second":	3482125001.1072416,
					"retransmits":	0,
					"snd_cwnd":	7589005,
					"rtt":	7,
					"rttvar":	0,
					"pmtu":	-1,
					"omitted":	false,
					"sender":	true
				}],
			"sum":	{
				"start":	8.000012,
				"end":	9.000026,
				"seconds":	1.0000139474868774,
				"bytes":	435271696,
				"bits_per_second":	3482125001.1072416,
				"retransmits":	0,
				"omitted":	false,
				"sender":	true
			}
		}, {
			"streams":	[{
					"socket":	5,
					"start":	9.000026,
					"end":	10.000034,
					"seconds":	1.0000079870224,
					"bytes":	435313688,
					"bits_per_second":	3482481689.34074,
					"retransmits":	0,
					"snd_cwnd":	7589005,
					"rtt":	8,
					"rttvar":	0,
					"pmtu":	-1,
					"omitted":	false,
					"sender":	true
				}],
			"sum":	{
				"start":	9.000026,
				"end":	10.000034,
				"seconds":	1.0000079870224,
				"bytes":	435313688,
				"bits_per_second":	3482481689.34074,
				"retransmits":	0,
				"omitted":	false,
				"sender":	true
			}
		}, {
			"streams":	[{
					"socket":	5,
					"start":	10.000034,
					"end":	11.000015,
					"seconds":	0.99998098611831665,
					"bytes":	428851264,
					"bits_per_second":	3430875346.2579041,
					"retransmits":	0,
					"snd_cwnd":	7589005,
					"rtt":	8,
					"rttvar":	0,
					"pmtu":	-1,
					"omitted":	false,
					"sender":	true
				}],
			"sum":	{
				"start":	10.000034,
				"end":	11.000015,
				"seconds":	0.99998098611831665,
				"bytes":	428851264,
				"bits_per_second":	3430875346.2579041,
				"retransmits":	0,
				"omitted":	false,
				"sender":	true
			}
		}, {
			"streams":	[{
					"socket":	5,
					"start":	11.000015,
					"end":	12.000026,
					"seconds":	1.0000109672546387,
					"bytes":	423508144,
					"bits_per_second":	3388027994.63426,
					"retransmits":	0,
					"snd_cwnd":	7589005,
					"rtt":	9,
					"rttvar":	0,
					"pmtu":	-1,
					"omitted":	false,
					"sender":	true
				}],
			"sum":	{
				"start":	11.000015,
				"end":	12.000026,
				"seconds":	1.0000109672546387,
				"bytes":	423508144,
				"bits_per_second":	3388027994.63426,
				"retransmits":	0,
				"omitted":	false,
				"sender":	true
			}
		}, {
			"streams":	[{
					"socket":	5,
					"start":	12.000026,
					"end":	13.000008,
					"seconds":	0.99998199939727783,
					"bytes":	428109888,
					"bits_per_second":	3424940754.9978776,
					"retransmits":	0,
					"snd_cwnd":	7589005,
					"rtt":	7,
					"rttvar":	0,
					"pmtu":	-1,
					"omitted":	false,
					"sender":	true
				}],