{
	"start":	{
		"connected":	[{
				"socket":	5,
				"local_host":	"192.168.105.1",
				"local_port":	50995,
				"remote_host":	"192.168.105.11",
				"remote_port":	5201
			}],
		"version":	"iperf 3.8.1 -  -- Apple version iperf3-117.100.3",
		"system_info":	"Darwin mimi-2.local 24.6.0 Darwin Kernel Version 24.6.0: Mon Jul 14 11:29:54 PDT 2025; root:xnu-11417.140.69~1/RELEASE_ARM64_T8122 arm64",
		"timestamp":	{
			"time":	"Sun, 31 Aug 2025 07:51:34 UTC",
			"timesecs":	1756626694
		},
		"connecting_to":	{
			"host":	"192.168.105.11",
			"port":	5201
		},
		"cookie":	"tukierfxtbbovy5tez6apfrt6p4hqxedal4f",
		"tcp_mss_default":	1448,
		"sock_bufsize":	0,
		"sndbuf_actual":	131072,
		"rcvbuf_actual":	131072,
		"test_start":	{
			"protocol":	"TCP",
			"num_streams":	1,
			"blksize":	131072,
			"omit":	0,
			"duration":	30,
			"bytes":	0,
			"blocks":	0,
			"reverse":	1,
			"tos":	0
		}
	},
	"intervals":	[{
			"streams":	[{
					"socket":	5,
					"start":	0,
					"end":	1.000038,
					"seconds":	1.0000380277633667,
					"bytes":	285728048,
					"bits_per_second":	2285737462.5166569,
					"omitted":	false,
					"sender":	false
				}],
			"sum":	{
				"start":	0,
				"end":	1.000038,
				"seconds":	1.0000380277633667,
				"bytes":	285728048,
				"bits_per_second":	2285737462.5166569,
				"omitted":	false,
				"sender":	false
			}
		}, {
			"streams":	[{
					"socket":	5,
					"start":	1.000038,
					"end":	2.000003,
					"seconds":	0.999965012073517,
					"bytes":	288065120,
					"bits_per_second":	2304601593.2311168,
					"omitted":	false,
					"sender":	false
				}],
			"sum":	{
				"start":	1.000038,
				"end":	2.000003,
				"seconds":	0.999965012073517,
				"bytes":	288065120,
				"bits_per_second":	2304601593.2311168,
				"omitted":	false,
				"sender":	false
			}
		}, {
			"streams":	[{
					"socket":	5,
					"start":	2.000003,
					"end":	3.000128,
					"seconds":	1.0001250505447388,
					"bytes":	284841872,
					"bits_per_second":	2278450054.579515,
					"omitted":	false,
					"sender":	false
				}],
			"sum":	{
				"start":	2.000003,
				"end":	3.000128,
				"seconds":	1.0001250505447388,
				"bytes":	284841872,
				"bits_per_second":	2278450054.579515,
				"omitted":	false,
				"sender":	false
			}
		}, {
			"streams":	[{
					"socket":	5,
					"start":	3.000128,
					"end":	4.000006,
					"seconds":	0.99987798929214478,
					"bytes":	285205320,
					"bits_per_second":	2281920978.7938924,
					"omitted":	false,
					"sender":	false
				}],
			"sum":	{
				"start":	3.000128,
				"end":	4.000006,
				"seconds":	0.99987798929214478,
				"bytes":	285205320,
				"bits_per_second":	2281920978.7938924,
				"omitted":	false,
				"sender":	false
			}
		}, {
			"streams":	[{
					"socket":	5,
					"start":	4.000006,
					"end":	5.000017,
					"seconds":	1.0000109672546387,
					"bytes":	285778728,
					"bits_per_second":	2286204750.6103439,
					"omitted":	false,
					"sender":	false
				}],
			"sum":	{
				"start":	4.000006,
				"end":	5.000017,
				"seconds":	1.0000109672546387,
				"bytes":	285778728,
				"bits_per_second":	2286204750.6103439,
				"omitted":	false,
				"sender":	false
			}
		}, {
			"streams":	[{
					"socket":	5,
					"start":	5.000017,
					"end":	6.000038,
					"seconds":	1.0000209808349609,
					"bytes":	286088600,
					"bits_per_second":	2288660781.9858518,
					"omitted":	false,
					"sender":	false
				}],
			"sum":	{
				"start":	5.000017,
				"end":	6.000038,
				"seconds":	1.0000209808349609,
				"bytes":	286088600,
				"bits_per_second":	2288660781.9858518,
				"omitted":	false,
				"sender":	false
			}
		}, {
			"streams":	[{
					"socket":	5,
					"start":	6.000038,
					"end":	7.000011,
					"seconds":	0.99997299909591675,
					"bytes":	283886192,
					"bits_per_second":	2271150859.1265059,
					"omitted":	false,
					"sender":	false
				}],
			"sum":	{
				"start":	6.000038,
				"end":	7.000011,
				"seconds":	0.99997299909591675,
				"bytes":	283886192,
				"bits_per_second":	2271150859.1265059,
				"omitted":	false,
				"sender":	false
			}
		}, {
			"streams":	[{
					"socket":	5,
					"start":	7.000011,
					"end":	8.000002,
					"seconds":	0.999990999698639,
					"bytes":	285426864,
					"bits_per_second":	2283435463.6073112,
					"omitted":	false,
					"sender":	false
				}],
			"sum":	{
				"start":	7.000011,
				"end":	8.000002,
				"seconds":	0.999990999698639,
				"bytes":	285426864,
				"bits_per_second":	2283435463.6073112,
				"omitted":	false,
				"sender":	false
			}
		}, {
			"streams":	[{
					"socket":	5,
					"start":	8.000002,
					"end":	9.000019,
					"seconds":	1.0000170469284058,
					"bytes":	284433536,
					"bits_per_second":	2275429498.91624,
					"omitted":	false,
					"sender":	false
				}],
			"sum":	{
				"start":	8.000002,
				"end":	9.000019,
				"seconds":	1.0000170469284058,
				"bytes":	284433536,
				"bits_per_second":	2275429498.91624,
				"omitted":	false,
				"sender":	false
			}
		}, {
			"streams":	[{
					"socket":	5,
					"start":	9.000019,
					"end":	10.000004,
					"seconds":	0.9999849796295166,
					"bytes":	285214008,
					"bits_per_second":	2281746336.6753259,
					"omitted":	false,
					"sender":	false
				}],
			"sum":	{
				"start":	9.000019,
				"end":	10.000004,
				"seconds":	0.9999849796295166,
				"bytes":	285214008,
				"bits_per_second":	2281746336.6753259,
				"omitted":	false,
				"sender":	false
			}
		}, {
			"streams":	[{
					"socket":	5,
					"start":	10.000004,
					"end":	11.000024,
					"seconds":	1.0000200271606445,
					"bytes":	282468600,
					"bits_per_second":	2259703544.5541043,
					"omitted":	false,
					"sender":	false
				}],
			"sum":	{
				"start":	10.000004,
				"end":	11.000024,
				"seconds":	1.0000200271606445,
				"bytes":	282468600,
				"bits_per_second":	2259703544.5541043,
				"omitted":	false,
				"sender":	false
			}
		}, {
			"streams":	[{
					"socket":	5,
					"start":	11.000024,
					"end":	12.000042,
					"seconds":	1.0000180006027222,
					"bytes":	284443672,
					"bits_per_second":	2275508415.4770222,
					"omitted":	false,
					"sender":	false
				}],
			"sum":	{
				"start":	11.000024,
				"end":	12.000042,
				"seconds":	1.0000180006027222,
				"bytes":	284443672,
				"bits_per_second":	2275508415.4770222,
				"omitted":	false,
				"sender":	false
			}
		}, {
			"streams":	[{
					"socket":	5,
					"start":	12.000042,
					"end":	13.000072,
					"seconds":	1.0000300407409668,
					"bytes":	282399096,
					"bits_per_second":	2259124902.2140012,
					"omitted":	false,
					"sender":	false
				}],
			"sum":	{
				"start":	12.000042,
				"end":	13.000072,
				"seconds":	1.0000300407409668,
				"bytes":	282399096,
				"bits_per_second":	2259124902.2140012,
				"omitted":	false,
				"sender":	false
			}
		}, {
			"streams":	[{
					"socket":	5,
					"start":	13.000072,
					"end":	14.000024,
					"seconds":	0.99995201826095581,
					"bytes":	283172328,
					"bits_per_second":	2265487326.0216851,
					"omitted":	false,
					"sender":	false
				}],
			"sum":	{
				"start":	13.000072,
				"end":	14.000024,
				"seconds":	0.99995201826095581,
				"bytes":	283172328,
				"bits_per_second":	2265487326.0216851,
				"omitted":	false,
				"sender":	false
			}
		}, {
			"streams":	[{
					"socket":	5,
					"start":	14.000024,
					"end":	15.000014,
					"seconds":	0.99998998641967773,
					"bytes":	279382912,
					"bits_per_second":	2235085677.2099557,
					"omitted":	false,
					"sender":	false
				}],
			"sum":	{
				"start":	14.000024,
				"end":	15.000014,
				"seconds":	0.99998998641967773,
				"bytes":	279382912,
				"bits_per_second":	2235085677.2099557,
				"omitted":	false,
				"sender":	false
			}
		}, {
			"streams":	[{
					"socket":	5,
					"start":	15.000014,
					"end":	16.000014,
					"seconds":	1,
					"bytes":	281725776,
					"bits_per_second":	2253806208,
					"omitted":	false,
					"sender":	false
				}],
			"sum":	{
				"start":	15.000014,
				"end":	16.000014,
				"seconds":	1,
				"bytes":	281725776,