{
	"start":	{
		"connected":	[{
				"socket":	5,
				"local_host":	"192.168.105.1",
				"local_port":	52166,
				"remote_host":	"192.168.105.11",
				"remote_port":	5201
			}],
		"version":	"iperf 3.20",
		"system_info":	"Darwin space-gray 25.3.0 Darwin Kernel Version 25.3.0: Wed Jan 28 20:53:05 PST 2026; root:xnu-12377.81.4~5/RELEASE_ARM64_T6020 arm64",
		"timestamp":	{
			"time":	"Fri, 27 Feb 2026 18:05:55 UTC",
			"timesecs":	1772215555,
			"timemillisecs":	1772215555582
		},
		"connecting_to":	{
			"host":	"192.168.105.11",
			"port":	5201
		},
		"cookie":	"kfr34p7pnoxrra6fwxkacrbnizrv4ymdutj7",
		"tcp_mss_default":	1448,
		"target_bitrate":	0,
		"fq_rate":	0,
		"sock_bufsize":	0,
		"sndbuf_actual":	131072,
		"rcvbuf_actual":	131072,
		"test_start":	{
			"protocol":	"TCP",
			"num_streams":	1,
			"blksize":	131072,
			"omit":	0,
			"duration":	30,
			"bytes":	0,
			"blocks":	0,
			"reverse":	1,
			"tos":	0,
			"target_bitrate":	0,
			"bidir":	0,
			"fqrate":	0,
			"interval":	1
		}
	},
	"intervals":	[{
			"streams":	[{
					"socket":	5,
					"start":	0,
					"end":	1.003015,
					"seconds":	1.0030150413513184,
					"bytes":	545128448,
					"bits_per_second":	4347918430.1409655,
					"omitted":	false,
					"sender":	false
				}],
			"sum":	{
				"start":	0,
				"end":	1.003015,
				"seconds":	1.0030150413513184,
				"bytes":	545128448,
				"bits_per_second":	4347918430.1409655,
				"omitted":	false,
				"sender":	false
			}
		}, {
			"streams":	[{
					"socket":	5,
					"start":	1.003015,
					"end":	2.00501,
					"seconds":	1.0019949674606323,
					"bytes":	548405248,
					"bits_per_second":	4378507004.9988766,
					"omitted":	false,
					"sender":	false
				}],
			"sum":	{
				"start":	1.003015,
				"end":	2.00501,
				"seconds":	1.0019949674606323,
				"bytes":	548405248,
				"bits_per_second":	4378507004.9988766,
				"omitted":	false,
				"sender":	false
			}
		}, {
			"streams":	[{
					"socket":	5,
					"start":	2.00501,
					"end":	3.005005,
					"seconds":	0.999994993209839,
					"bytes":	548274176,
					"bits_per_second":	4386215368.8599539,
					"omitted":	false,
					"sender":	false
				}],
			"sum":	{
				"start":	2.00501,
				"end":	3.005005,
				"seconds":	0.999994993209839,
				"bytes":	548274176,
				"bits_per_second":	4386215368.8599539,
				"omitted":	false,
				"sender":	false
			}
		}, {
			"streams":	[{
					"socket":	5,
					"start":	3.005005,
					"end":	4.00216,
					"seconds":	0.99715501070022583,
					"bytes":	548798464,
					"bits_per_second":	4402913955.0900574,
					"omitted":	false,
					"sender":	false
				}],
			"sum":	{
				"start":	3.005005,
				"end":	4.00216,
				"seconds":	0.99715501070022583,
				"bytes":	548798464,
				"bits_per_second":	4402913955.0900574,
				"omitted":	false,
				"sender":	false
			}
		}, {
			"streams":	[{
					"socket":	5,
					"start":	4.00216,
					"end":	5.005006,
					"seconds":	1.0028460025787354,
					"bytes":	550895616,
					"bits_per_second":	4394657720.7939615,
					"omitted":	false,
					"sender":	false
				}],
			"sum":	{
				"start":	4.00216,
				"end":	5.005006,
				"seconds":	1.0028460025787354,
				"bytes":	550895616,
				"bits_per_second":	4394657720.7939615,
				"omitted":	false,
				"sender":	false
			}
		}, {
			"streams":	[{
					"socket":	5,
					"start":	5.005006,
					"end":	6.00502,
					"seconds":	1.0000139474868774,
					"bytes":	545783808,
					"bits_per_second":	4366209566.34937,
					"omitted":	false,
					"sender":	false
				}],
			"sum":	{
				"start":	5.005006,
				"end":	6.00502,
				"seconds":	1.0000139474868774,
				"bytes":	545783808,
				"bits_per_second":	4366209566.34937,
				"omitted":	false,
				"sender":	false
			}
		}, {
			"streams":	[{
					"socket":	5,
					"start":	6.00502,
					"end":	7.00501,
					"seconds":	0.99998998641967773,
					"bytes":	546570240,
					"bits_per_second":	4372605705.43845,
					"omitted":	false,
					"sender":	false
				}],
			"sum":	{
				"start":	6.00502,
				"end":	7.00501,
				"seconds":	0.99998998641967773,
				"bytes":	546570240,
				"bits_per_second":	4372605705.43845,
				"omitted":	false,
				"sender":	false
			}
		}, {
			"streams":	[{
					"socket":	5,
					"start":	7.00501,
					"end":	8.005005,
					"seconds":	0.999994993209839,
					"bytes":	544735232,
					"bits_per_second":	4357903675.1092434,
					"omitted":	false,
					"sender":	false
				}],
			"sum":	{
				"start":	7.00501,
				"end":	8.005005,
				"seconds":	0.999994993209839,
				"bytes":	544735232,
				"bits_per_second":	4357903675.1092434,
				"omitted":	false,
				"sender":	false
			}
		}, {
			"streams":	[{
					"socket":	5,
					"start":	8.005005,
					"end":	9.005009,
					"seconds":	1.0000040531158447,
					"bytes":	546177024,
					"bits_per_second":	4369398482.32178,
					"omitted":	false,
					"sender":	false
				}],
			"sum":	{
				"start":	8.005005,
				"end":	9.005009,
				"seconds":	1.0000040531158447,
				"bytes":	546177024,
				"bits_per_second":	4369398482.32178,
				"omitted":	false,
				"sender":	false
			}
		}, {
			"streams":	[{
					"socket":	5,
					"start":	9.005009,
					"end":	10.00392,
					"seconds":	0.99891102313995361,
					"bytes":	547225600,
					"bits_per_second":	4382577325.29461,
					"omitted":	false,
					"sender":	false
				}],
			"sum":	{
				"start":	9.005009,
				"end":	10.00392,
				"seconds":	0.99891102313995361,
				"bytes":	547225600,
				"bits_per_second":	4382577325.29461,
				"omitted":	false,
				"sender":	false
			}
		}, {
			"streams":	[{
					"socket":	5,
					"start":	10.00392,
					"end":	11.00501,
					"seconds":	1.0010900497436523,
					"bytes":	548405248,
					"bits_per_second":	4382464879.2817736,
					"omitted":	false,
					"sender":	false
				}],
			"sum":	{
				"start":	10.00392,
				"end":	11.00501,
				"seconds":	1.0010900497436523,
				"bytes":	548405248,
				"bits_per_second":	4382464879.2817736,
				"omitted":	false,
				"sender":	false
			}
		}, {
			"streams":	[{
					"socket":	5,
					"start":	11.00501,
					"end":	12.005008,
					"seconds":	0.99999797344207764,
					"bytes":	551550976,
					"bits_per_second":	4412416750.0181217,
					"omitted":	false,
					"sender":	false
				}],
			"sum":	{
				"start":	11.00501,
				"end":	12.005008,
				"seconds":	0.99999797344207764,
				"bytes":	551550976,
				"bits_per_second":	4412416750.0181217,
				"omitted":	false,
				"sender":	false
			}
		}, {
			"streams":	[{
					"socket":	5,
					"start":	12.005008,
					"end":	13.005004,
					"seconds":	0.9999960064888,
					"bytes":	550240256,
					"bits_per_second":	4401939627.1952028,
					"omitted":	false,
					"sender":	false
				}],
			"sum":	{
				"start":	12.005008,
				"end":	13.005004,
				"seconds":	0.9999960064888,
				"bytes":	550240256,
				"bits_per_second":	4401939627.1952028,
				"omitted":	false,
				"sender":	false
			}
		}, {
			"streams":	[{
					"socket":	5,
					"start":	13.005004,
					"end":	14.005005,
					"seconds":	1.0000009536743164,
					"bytes":	547618816,
					"bits_per_second":	4380946350.0039845,
					"omitted":	false,
					"sender":	false
				}],
			"sum":	{
				"start":	13.005004,
				"end":	14.005005,
				"seconds":	1.0000009536743164,
				"bytes":	547618816,
				"bits_per_second":	4380946350.0039845,
				"omitted":	false,
				"sender":	false
			}
		}, {
			"streams":	[{
					"socket":	5,
					"start":	14.005005,
					"end":	15.005008,
					"seconds":	1.0000029802322388,
					"bytes":	555220992,
					"bits_per_second":	4441754698.53945,
					"omitted":	false,
					"sender":	false
				}],
			"sum":	{
				"start":	14.005005,
				"end":	15.005008,
				"seconds":	1.0000029802322388,
				"bytes":	555220992,
				"bits_per_second":	4441754698.53945,
				"omitted":	false,
				"sender":	false
			}
		}, {
			"streams":	[{
					"socket":	5,
					"start":	15.005008,
					"end":	16.005002,
					"seconds":	0.99999397993087769,
					"bytes":	556531712,
					"bits_per_second":	4452280499.036356,
					"omitted":	false,
					"sender":	false
				}],