{
	"start":	{
		"connected":	[{
				"socket":	5,
				"local_host":	"192.168.105.1",
				"local_port":	49466,
				"remote_host":	"192.168.105.2",
				"remote_port":	5201
			}],
		"version":	"iperf 3.18",
		"system_info":	"Darwin space-gray.local 24.3.0 Darwin Kernel Version 24.3.0: Thu Jan  2 20:24:23 PST 2025; root:xnu-11215.81.4~3/RELEASE_ARM64_T6020 arm64",
		"timestamp":	{
			"time":	"Sat, 22 Feb 2025 14:45:30 UTC",
			"timesecs":	1740235530
		},
		"connecting_to":	{
			"host":	"192.168.105.2",
			"port":	5201
		},
		"cookie":	"zilvuja3h6cwzxinrkta6zwjefgxrcwj36dk",
		"tcp_mss_default":	1448,
		"target_bitrate":	0,
		"fq_rate":	0,
		"sock_bufsize":	0,
		"sndbuf_actual":	131072,
		"rcvbuf_actual":	131072,
		"test_start":	{
			"protocol":	"TCP",
			"num_streams":	1,
			"blksize":	131072,
			"omit":	0,
			"duration":	10,
			"bytes":	0,
			"blocks":	0,
			"reverse":	1,
			"tos":	0,
			"target_bitrate":	0,
			"bidir":	0,
			"fqrate":	0,
			"interval":	1
		}
	},
	"intervals":	[{
			"streams":	[{
					"socket":	5,
					"start":	0,
					"end":	1.005007,
					"seconds":	1.0050070285797119,
					"bytes":	1091174400,
					"bits_per_second":	8685904627.2905045,
					"omitted":	false,
					"sender":	false
				}],
			"sum":	{
				"start":	0,
				"end":	1.005007,
				"seconds":	1.0050070285797119,
				"bytes":	1091174400,
				"bits_per_second":	8685904627.2905045,
				"omitted":	false,
				"sender":	false
			}
		}, {
			"streams":	[{
					"socket":	5,
					"start":	1.005007,
					"end":	2.005009,
					"seconds":	1.0000020265579224,
					"bytes":	1087766528,
					"bits_per_second":	8702114588.66074,
					"omitted":	false,
					"sender":	false
				}],
			"sum":	{
				"start":	1.005007,
				"end":	2.005009,
				"seconds":	1.0000020265579224,
				"bytes":	1087766528,
				"bits_per_second":	8702114588.66074,
				"omitted":	false,
				"sender":	false
			}
		}, {
			"streams":	[{
					"socket":	5,
					"start":	2.005009,
					"end":	3.005005,
					"seconds":	0.9999960064888,
					"bytes":	1096155136,
					"bits_per_second":	8769276108.2023544,
					"omitted":	false,
					"sender":	false
				}],
			"sum":	{
				"start":	2.005009,
				"end":	3.005005,
				"seconds":	0.9999960064888,
				"bytes":	1096155136,
				"bits_per_second":	8769276108.2023544,
				"omitted":	false,
				"sender":	false
			}
		}, {
			"streams":	[{
					"socket":	5,
					"start":	3.005005,
					"end":	4.005011,
					"seconds":	1.0000059604644775,
					"bytes":	1096286208,
					"bits_per_second":	8770237389.31158,
					"omitted":	false,
					"sender":	false
				}],
			"sum":	{
				"start":	3.005005,
				"end":	4.005011,
				"seconds":	1.0000059604644775,
				"bytes":	1096286208,
				"bits_per_second":	8770237389.31158,
				"omitted":	false,
				"sender":	false
			}
		}, {
			"streams":	[{
					"socket":	5,
					"start":	4.005011,
					"end":	5.005012,
					"seconds":	1.0000009536743164,
					"bytes":	1091174400,
					"bits_per_second":	8729386875.00794,
					"omitted":	false,
					"sender":	false
				}],
			"sum":	{
				"start":	4.005011,
				"end":	5.005012,
				"seconds":	1.0000009536743164,
				"bytes":	1091174400,
				"bits_per_second":	8729386875.00794,
				"omitted":	false,
				"sender":	false
			}
		}, {
			"streams":	[{
					"socket":	5,
					"start":	5.005012,
					"end":	6.004911,
					"seconds":	0.99989902973175049,
					"bytes":	1087111168,
					"bits_per_second":	8697767559.9236965,
					"omitted":	false,
					"sender":	false
				}],
			"sum":	{
				"start":	5.005012,
				"end":	6.004911,
				"seconds":	0.99989902973175049,
				"bytes":	1087111168,
				"bits_per_second":	8697767559.9236965,
				"omitted":	false,
				"sender":	false
			}
		}, {
			"streams":	[{
					"socket":	5,
					"start":	6.004911,
					"end":	7.005008,
					"seconds":	1.0000970363616943,
					"bytes":	1091043328,
					"bits_per_second":	8727499739.17862,
					"omitted":	false,
					"sender":	false
				}],
			"sum":	{
				"start":	6.004911,
				"end":	7.005008,
				"seconds":	1.0000970363616943,
				"bytes":	1091043328,
				"bits_per_second":	8727499739.17862,
				"omitted":	false,
				"sender":	false
			}
		}, {
			"streams":	[{
					"socket":	5,
					"start":	7.005008,
					"end":	8.005011,
					"seconds":	1.0000029802322388,
					"bytes":	1084751872,
					"bits_per_second":	8677989113.577076,
					"omitted":	false,
					"sender":	false
				}],
			"sum":	{
				"start":	7.005008,
				"end":	8.005011,
				"seconds":	1.0000029802322388,
				"bytes":	1084751872,
				"bits_per_second":	8677989113.577076,
				"omitted":	false,
				"sender":	false
			}
		}, {
			"streams":	[{
					"socket":	5,
					"start":	8.005011,
					"end":	9.005004,
					"seconds":	0.99999302625656128,
					"bytes":	1084620800,
					"bits_per_second":	8677026911.35949,
					"omitted":	false,
					"sender":	false
				}],
			"sum":	{
				"start":	8.005011,
				"end":	9.005004,
				"seconds":	0.99999302625656128,
				"bytes":	1084620800,
				"bits_per_second":	8677026911.35949,
				"omitted":	false,
				"sender":	false
			}
		}, {
			"streams":	[{
					"socket":	5,
					"start":	9.005004,
					"end":	10.004016,
					"seconds":	0.999011993408203,
					"bytes":	1093926912,
					"bits_per_second":	8760070303.20417,
					"omitted":	false,
					"sender":	false
				}],
			"sum":	{
				"start":	9.005004,
				"end":	10.004016,
				"seconds":	0.999011993408203,
				"bytes":	1093926912,
				"bits_per_second":	8760070303.20417,
				"omitted":	false,
				"sender":	false
			}
		}],
	"end":	{
		"streams":	[{
				"sender":	{
					"socket":	5,
					"start":	0,
					"end":	10.004788,
					"seconds":	10.004788,
					"bytes":	10907549696,
					"bits_per_second":	8721863728.44682,
					"retransmits":	0,
					"max_snd_cwnd":	0,
					"max_snd_wnd":	0,
					"max_rtt":	0,
					"min_rtt":	0,
					"mean_rtt":	0,
					"sender":	false
				},
				"receiver":	{
					"socket":	5,
					"start":	0,
					"end":	10.004016,
					"seconds":	10.004016,
					"bytes":	10904010752,
					"bits_per_second":	8719706767.3622265,
					"sender":	false
				}
			}],
		"sum_sent":	{
			"start":	0,
			"end":	10.004788,
			"seconds":	10.004788,
			"bytes":	10907549696,
			"bits_per_second":	8721863728.44682,
			"retransmits":	0,
			"sender":	false
		},
		"sum_received":	{
			"start":	0,
			"end":	10.004016,
			"seconds":	10.004016,
			"bytes":	10904010752,
			"bits_per_second":	8719706767.3622265,
			"sender":	false
		},
		"cpu_utilization_percent":	{
			"host_total":	79.6741194578819,
			"host_user":	1.7877403750049974,
			"host_system":	77.8863890776796,
			"remote_total":	8.5698150585869364,
			"remote_user":	0.11947277254195239,
			"remote_system":	8.45035228125728
		},
		"sender_tcp_congestion":	"cubic"
	}
}
