{
	"start":	{
		"connected":	[{
				"socket":	5,
				"local_host":	"192.168.105.3",
				"local_port":	48486,
				"remote_host":	"192.168.105.2",
				"remote_port":	5201
			}],
		"version":	"iperf 3.17.1",
		"system_info":	"Linux client 6.11.0-14-generic #15-Ubuntu SMP PREEMPT_DYNAMIC Fri Jan 10 23:05:39 UTC 2025 aarch64",
		"timestamp":	{
			"time":	"Sat, 22 Feb 2025 14:45:41 GMT",
			"timesecs":	1740235541
		},
		"connecting_to":	{
			"host":	"192.168.105.2",
			"port":	5201
		},
		"cookie":	"xduy6bzknucgsc4iqsc2543away3ghjxj664",
		"tcp_mss_default":	1448,
		"target_bitrate":	0,
		"fq_rate":	0,
		"sock_bufsize":	0,
		"sndbuf_actual":	16384,
		"rcvbuf_actual":	131072,
		"test_start":	{
			"protocol":	"TCP",
			"num_streams":	1,
			"blksize":	131072,
			"omit":	0,
			"duration":	10,
			"bytes":	0,
			"blocks":	0,
			"reverse":	0,
			"tos":	0,
			"target_bitrate":	0,
			"bidir":	0,
			"fqrate":	0,
			"interval":	1
		}
	},
	"intervals":	[{
			"streams":	[{
					"socket":	5,
					"start":	0,
					"end":	1.00085,
					"seconds":	1.0008499622344971,
					"bytes":	1150550016,
					"bits_per_second":	9196583379.44107,
					"retransmits":	0,
					"snd_cwnd":	4339656,
					"snd_wnd":	4594816,
					"rtt":	1757,
					"rttvar":	539,
					"pmtu":	1500,
					"omitted":	false,
					"sender":	true
				}],
			"sum":	{
				"start":	0,
				"end":	1.00085,
				"seconds":	1.0008499622344971,
				"bytes":	1150550016,
				"bits_per_second":	9196583379.44107,
				"retransmits":	0,
				"omitted":	false,
				"sender":	true
			}
		}, {
			"streams":	[{
					"socket":	5,
					"start":	1.00085,
					"end":	2.001125,
					"seconds":	1.0002750158309937,
					"bytes":	1152253952,
					"bits_per_second":	9215497208.37722,
					"retransmits":	0,
					"snd_cwnd":	4339656,
					"snd_wnd":	4200448,
					"rtt":	1431,
					"rttvar":	234,
					"pmtu":	1500,
					"omitted":	false,
					"sender":	true
				}],
			"sum":	{
				"start":	1.00085,
				"end":	2.001125,
				"seconds":	1.0002750158309937,
				"bytes":	1152253952,
				"bits_per_second":	9215497208.37722,
				"retransmits":	0,
				"omitted":	false,
				"sender":	true
			}
		}, {
			"streams":	[{
					"socket":	5,
					"start":	2.001125,
					"end":	3.000641,
					"seconds":	0.99951601028442383,
					"bytes":	1160511488,
					"bits_per_second":	9288587484.81488,
					"retransmits":	0,
					"snd_cwnd":	4339656,
					"snd_wnd":	4546304,
					"rtt":	1110,
					"rttvar":	204,
					"pmtu":	1500,
					"omitted":	false,
					"sender":	true
				}],
			"sum":	{
				"start":	2.001125,
				"end":	3.000641,
				"seconds":	0.99951601028442383,
				"bytes":	1160511488,
				"bits_per_second":	9288587484.81488,
				"retransmits":	0,
				"omitted":	false,
				"sender":	true
			}
		}, {
			"streams":	[{
					"socket":	5,
					"start":	3.000641,
					"end":	4.001139,
					"seconds":	1.0004980564117432,
					"bytes":	1157496832,
					"bits_per_second":	9255364962.1375847,
					"retransmits":	0,
					"snd_cwnd":	4339656,
					"snd_wnd":	4287232,
					"rtt":	1497,
					"rttvar":	392,
					"pmtu":	1500,
					"omitted":	false,
					"sender":	true
				}],
			"sum":	{
				"start":	3.000641,
				"end":	4.001139,
				"seconds":	1.0004980564117432,
				"bytes":	1157496832,
				"bits_per_second":	9255364962.1375847,
				"retransmits":	0,
				"omitted":	false,
				"sender":	true
			}
		}, {
			"streams":	[{
					"socket":	5,
					"start":	4.001139,
					"end":	5.000694,
					"seconds":	0.999554991722107,
					"bytes":	1159593984,
					"bits_per_second":	9280881941.29002,
					"retransmits":	0,
					"snd_cwnd":	4339656,
					"snd_wnd":	4573440,
					"rtt":	1971,
					"rttvar":	659,
					"pmtu":	1500,
					"omitted":	false,
					"sender":	true
				}],
			"sum":	{
				"start":	4.001139,
				"end":	5.000694,
				"seconds":	0.999554991722107,
				"bytes":	1159593984,
				"bits_per_second":	9280881941.29002,
				"retransmits":	0,
				"omitted":	false,
				"sender":	true
			}
		}, {
			"streams":	[{
					"socket":	5,
					"start":	5.000694,
					"end":	6.001301,
					"seconds":	1.0006070137023926,
					"bytes":	1157496832,
					"bits_per_second":	9254357134.4125767,
					"retransmits":	0,
					"snd_cwnd":	4339656,
					"snd_wnd":	4599040,
					"rtt":	1274,
					"rttvar":	279,
					"pmtu":	1500,
					"omitted":	false,
					"sender":	true
				}],
			"sum":	{
				"start":	5.000694,
				"end":	6.001301,
				"seconds":	1.0006070137023926,
				"bytes":	1157496832,
				"bits_per_second":	9254357134.4125767,
				"retransmits":	0,
				"omitted":	false,
				"sender":	true
			}
		}, {
			"streams":	[{
					"socket":	5,
					"start":	6.001301,
					"end":	7.001153,
					"seconds":	0.99985200166702271,
					"bytes":	1159069696,
					"bits_per_second":	9273930094.19409,
					"retransmits":	0,
					"snd_cwnd":	4339656,
					"snd_wnd":	4586112,
					"rtt":	1782,
					"rttvar":	329,
					"pmtu":	1500,
					"omitted":	false,
					"sender":	true
				}],
			"sum":	{
				"start":	6.001301,
				"end":	7.001153,
				"seconds":	0.99985200166702271,
				"bytes":	1159069696,
				"bits_per_second":	9273930094.19409,
				"retransmits":	0,
				"omitted":	false,
				"sender":	true
			}
		}, {
			"streams":	[{
					"socket":	5,
					"start":	7.001153,
					"end":	8.00107,
					"seconds":	0.999916970729828,
					"bytes":	1156710400,
					"bits_per_second":	9254451590.36139,
					"retransmits":	0,
					"snd_cwnd":	4339656,
					"snd_wnd":	4499328,
					"rtt":	1237,
					"rttvar":	148,
					"pmtu":	1500,
					"omitted":	false,
					"sender":	true
				}],
			"sum":	{
				"start":	7.001153,
				"end":	8.00107,
				"seconds":	0.999916970729828,
				"bytes":	1156710400,
				"bits_per_second":	9254451590.36139,
				"retransmits":	0,
				"omitted":	false,
				"sender":	true
			}
		}, {
			"streams":	[{
					"socket":	5,
					"start":	8.00107,
					"end":	9.001433,
					"seconds":	1.0003629922866821,
					"bytes":	1157758976,
					"bits_per_second":	9258710967.33424,
					"retransmits":	0,
					"snd_cwnd":	4339656,
					"snd_wnd":	4574848,
					"rtt":	1615,
					"rttvar":	620,
					"pmtu":	1500,
					"omitted":	false,
					"sender":	true
				}],
			"sum":	{
				"start":	8.00107,
				"end":	9.001433,
				"seconds":	1.0003629922866821,
				"bytes":	1157758976,
				"bits_per_second":	9258710967.33424,
				"retransmits":	0,
				"omitted":	false,
				"sender":	true
			}
		}, {
			"streams":	[{
					"socket":	5,
					"start":	9.001433,
					"end":	10.001226,
					"seconds":	0.999792993068695,
					"bytes":	1158938624,
					"bits_per_second":	9273428656.0087547,
					"retransmits":	0,
					"snd_cwnd":	4339656,
					"snd_wnd":	3660160,
					"rtt":	1388,
					"rttvar":	468,
					"pmtu":	1500,
					"omitted":	false,
					"sender":	true
				}],
			"sum":	{
				"start":	9.001433,
				"end":	10.001226,
				"seconds":	0.999792993068695,
				"bytes":	1158938624,
				"bits_per_second":	9273428656.0087547,
				"retransmits":	0,
				"omitted":	false,
				"sender":	true
			}
		}],
	"end":	{
		"streams":	[{
				"sender":	{
					"socket":	5,
					"start":	0,
					"end":	10.001226,
					"seconds":	10.001226,
					"bytes":	11570380800,
					"bits_per_second":	9255169956.1633739,
					"retransmits":	0,
					"max_snd_cwnd":	4339656,
					"max_snd_wnd":	4599040,
					"max_rtt":	1971,
					"min_rtt":	1110,
					"mean_rtt":	1506,
					"sender":	true
				},
				"receiver":	{
					"socket":	5,
					"start":	0,
					"end":	10.151945,
					"seconds":	10.001226,
					"bytes":	11570380800,
					"bits_per_second":	9117764763.30398,
					"sender":	true
				}
			}],
		"sum_sent":	{
			"start":	0,
			"end":	10.001226,
			"seconds":	10.001226,
			"bytes":	11570380800,
			"bits_per_second":	9255169956.1633739,
			"retransmits":	0,
			"sender":	true
		},
		"sum_received":	{
			"start":	0,
			"end":	10.151945,
			"seconds":	10.151945,
			"bytes":	11570380800,
			"bits_per_second":	9117764763.30398,
			"sender":	true
		},
		"cpu_utilization_percent":	{
			"host_total":	8.50536345270068,
			"host_user":	0.26719288114825557,