{
	"start":	{
		"connected":	[{
				"socket":	5,
				"local_host":	"192.168.105.1",
				"local_port":	49570,
				"remote_host":	"192.168.105.6",
				"remote_port":	5201
			}],
		"version":	"iperf 3.8.1 -  -- Apple version iperf3-117",
		"system_info":	"Darwin mimi-2.local 24.3.0 Darwin Kernel Version 24.3.0: Thu Jan  2 20:24:23 PST 2025; root:xnu-11215.81.4~3/RELEASE_ARM64_T8122 arm64",
		"timestamp":	{
			"time":	"Sat, 22 Feb 2025 17:27:22 UTC",
			"timesecs":	1740245242
		},
		"connecting_to":	{
			"host":	"192.168.105.6",
			"port":	5201
		},
		"cookie":	"vmax74epwkwhgfjjr5fcfi6d52ncrs2a77i4",
		"tcp_mss_default":	1448,
		"sock_bufsize":	0,
		"sndbuf_actual":	131072,
		"rcvbuf_actual":	131072,
		"test_start":	{
			"protocol":	"TCP",
			"num_streams":	1,
			"blksize":	131072,
			"omit":	0,
			"duration":	30,
			"bytes":	0,
			"blocks":	0,
			"reverse":	0,
			"tos":	0
		}
	},
	"intervals":	[{
			"streams":	[{
					"socket":	5,
					"start":	0,
					"end":	1.000022,
					"seconds":	1.0000220537185669,
					"bytes":	210708184,
					"bits_per_second":	1685628297.6279156,
					"retransmits":	0,
					"snd_cwnd":	8388480,
					"rtt":	19,
					"rttvar":	0,
					"pmtu":	-1,
					"omitted":	false,
					"sender":	true
				}],
			"sum":	{
				"start":	0,
				"end":	1.000022,
				"seconds":	1.0000220537185669,
				"bytes":	210708184,
				"bits_per_second":	1685628297.6279156,
				"retransmits":	0,
				"omitted":	false,
				"sender":	true
			}
		}, {
			"streams":	[{
					"socket":	5,
					"start":	1.000022,
					"end":	2.000011,
					"seconds":	0.99998897314071655,
					"bytes":	198383232,
					"bits_per_second":	1587083356.5448437,
					"retransmits":	0,
					"snd_cwnd":	3029912,
					"rtt":	17,
					"rttvar":	0,
					"pmtu":	-1,
					"omitted":	false,
					"sender":	true
				}],
			"sum":	{
				"start":	1.000022,
				"end":	2.000011,
				"seconds":	0.99998897314071655,
				"bytes":	198383232,
				"bits_per_second":	1587083356.5448437,
				"retransmits":	0,
				"omitted":	false,
				"sender":	true
			}
		}, {
			"streams":	[{
					"socket":	5,
					"start":	2.000011,
					"end":	3.000029,
					"seconds":	1.0000180006027222,
					"bytes":	201426936,
					"bits_per_second":	1611386482.0721045,
					"retransmits":	0,
					"snd_cwnd":	3176160,
					"rtt":	16,
					"rttvar":	0,
					"pmtu":	-1,
					"omitted":	false,
					"sender":	true
				}],
			"sum":	{
				"start":	2.000011,
				"end":	3.000029,
				"seconds":	1.0000180006027222,
				"bytes":	201426936,
				"bits_per_second":	1611386482.0721045,
				"retransmits":	0,
				"omitted":	false,
				"sender":	true
			}
		}, {
			"streams":	[{
					"socket":	5,
					"start":	3.000029,
					"end":	4.000002,
					"seconds":	0.99997299909591675,
					"bytes":	204295424,
					"bits_per_second":	1634407522.4807475,
					"retransmits":	0,
					"snd_cwnd":	3293448,
					"rtt":	17,
					"rttvar":	0,
					"pmtu":	-1,
					"omitted":	false,
					"sender":	true
				}],
			"sum":	{
				"start":	3.000029,
				"end":	4.000002,
				"seconds":	0.99997299909591675,
				"bytes":	204295424,
				"bits_per_second":	1634407522.4807475,
				"retransmits":	0,
				"omitted":	false,
				"sender":	true
			}
		}, {
			"streams":	[{
					"socket":	5,
					"start":	4.000002,
					"end":	5.000008,
					"seconds":	1.0000059604644775,
					"bytes":	204098496,
					"bits_per_second":	1632778235.8833253,
					"retransmits":	0,
					"snd_cwnd":	3383224,
					"rtt":	17,
					"rttvar":	0,
					"pmtu":	-1,
					"omitted":	false,
					"sender":	true
				}],
			"sum":	{
				"start":	4.000002,
				"end":	5.000008,
				"seconds":	1.0000059604644775,
				"bytes":	204098496,
				"bits_per_second":	1632778235.8833253,
				"retransmits":	0,
				"omitted":	false,
				"sender":	true
			}
		}, {
			"streams":	[{
					"socket":	5,
					"start":	5.000008,
					"end":	6.000009,
					"seconds":	1.0000009536743164,
					"bytes":	201702056,
					"bits_per_second":	1613614909.1369045,
					"retransmits":	0,
					"snd_cwnd":	3449832,
					"rtt":	18,
					"rttvar":	0,
					"pmtu":	-1,
					"omitted":	false,
					"sender":	true
				}],
			"sum":	{
				"start":	5.000008,
				"end":	6.000009,
				"seconds":	1.0000009536743164,
				"bytes":	201702056,
				"bits_per_second":	1613614909.1369045,
				"retransmits":	0,
				"omitted":	false,
				"sender":	true
			}
		}, {
			"streams":	[{
					"socket":	5,
					"start":	6.000009,
					"end":	7.000007,
					"seconds":	0.99999797344207764,
					"bytes":	197185744,
					"bits_per_second":	1577489148.873132,
					"retransmits":	0,
					"snd_cwnd":	3496168,
					"rtt":	18,
					"rttvar":	0,
					"pmtu":	-1,
					"omitted":	false,
					"sender":	true
				}],
			"sum":	{
				"start":	6.000009,
				"end":	7.000007,
				"seconds":	0.99999797344207764,
				"bytes":	197185744,
				"bits_per_second":	1577489148.873132,
				"retransmits":	0,
				"omitted":	false,
				"sender":	true
			}
		}, {
			"streams":	[{
					"socket":	5,
					"start":	7.000007,
					"end":	8.000021,
					"seconds":	1.0000139474868774,
					"bytes":	205708672,
					"bits_per_second":	1645646423.3681052,
					"retransmits":	0,
					"snd_cwnd":	3526576,
					"rtt":	18,
					"rttvar":	0,
					"pmtu":	-1,
					"omitted":	false,
					"sender":	true
				}],
			"sum":	{
				"start":	7.000007,
				"end":	8.000021,
				"seconds":	1.0000139474868774,
				"bytes":	205708672,
				"bits_per_second":	1645646423.3681052,
				"retransmits":	0,
				"omitted":	false,
				"sender":	true
			}
		}, {
			"streams":	[{
					"socket":	5,
					"start":	8.000021,
					"end":	9.000025,
					"seconds":	1.0000040531158447,
					"bytes":	211487640,
					"bits_per_second":	1691894262.5565569,
					"retransmits":	0,
					"snd_cwnd":	3545400,
					"rtt":	17,
					"rttvar":	0,
					"pmtu":	-1,
					"omitted":	false,
					"sender":	true
				}],
			"sum":	{
				"start":	8.000021,
				"end":	9.000025,
				"seconds":	1.0000040531158447,
				"bytes":	211487640,
				"bits_per_second":	1691894262.5565569,
				"retransmits":	0,
				"omitted":	false,
				"sender":	true
			}
		}, {
			"streams":	[{
					"socket":	5,
					"start":	9.000025,
					"end":	10.000034,
					"seconds":	1.0000089406967163,
					"bytes":	199902192,
					"bits_per_second":	1599203238.0088613,
					"retransmits":	0,
					"snd_cwnd":	3552640,
					"rtt":	17,
					"rttvar":	0,
					"pmtu":	-1,
					"omitted":	false,
					"sender":	true
				}],
			"sum":	{
				"start":	9.000025,
				"end":	10.000034,
				"seconds":	1.0000089406967163,
				"bytes":	199902192,
				"bits_per_second":	1599203238.0088613,
				"retransmits":	0,
				"omitted":	false,
				"sender":	true
			}
		}, {
			"streams":	[{
					"socket":	5,
					"start":	10.000034,
					"end":	11.000017,
					"seconds":	0.999983012676239,
					"bytes":	200826016,
					"bits_per_second":	1606635420.4360528,
					"retransmits":	0,
					"snd_cwnd":	3555536,
					"rtt":	20,
					"rttvar":	0,
					"pmtu":	-1,
					"omitted":	false,
					"sender":	true
				}],
			"sum":	{
				"start":	10.000034,
				"end":	11.000017,
				"seconds":	0.999983012676239,
				"bytes":	200826016,
				"bits_per_second":	1606635420.4360528,
				"retransmits":	0,
				"omitted":	false,
				"sender":	true
			}
		}, {
			"streams":	[{
					"socket":	5,
					"start":	11.000017,
					"end":	12.000012,
					"seconds":	0.999994993209839,
					"bytes":	202773576,
					"bits_per_second":	1622196729.9986272,
					"retransmits":	0,
					"snd_cwnd":	3555536,
					"rtt":	18,
					"rttvar":	0,
					"pmtu":	-1,
					"omitted":	false,
					"sender":	true
				}],
			"sum":	{
				"start":	11.000017,
				"end":	12.000012,
				"seconds":	0.999994993209839,
				"bytes":	202773576,
				"bits_per_second":	1622196729.9986272,
				"retransmits":	0,
				"omitted":	false,
				"sender":	true
			}
		}, {
			"streams":	[{
					"socket":	5,
					"start":	12.000012,
					"end":	13.000005,
					"seconds":	0.99999302625656128,
					"bytes":	196597856,
					"bits_per_second":	1572793816.2605567,
					"retransmits":	0,
					"snd_cwnd":	3558432,
					"rtt":	21,