{
	"start":	{
		"connected":	[{
				"socket":	5,
				"local_host":	"10.100.102.3",
				"local_port":	52190,
				"remote_host":	"10.100.102.6",
				"remote_port":	5201
			}],
		"version":	"iperf 3.20",
		"system_info":	"Darwin space-gray 25.3.0 Darwin Kernel Version 25.3.0: Wed Jan 28 20:53:05 PST 2026; root:xnu-12377.81.4~5/RELEASE_ARM64_T6020 arm64",
		"timestamp":	{
			"time":	"Fri, 27 Feb 2026 18:11:01 UTC",
			"timesecs":	1772215861,
			"timemillisecs":	1772215861352
		},
		"connecting_to":	{
			"host":	"10.100.102.6",
			"port":	5201
		},
		"cookie":	"tmpivdzzg66smlv2rpd3ue7hk6wto4inkfrw",
		"tcp_mss_default":	1448,
		"target_bitrate":	0,
		"fq_rate":	0,
		"sock_bufsize":	0,
		"sndbuf_actual":	131072,
		"rcvbuf_actual":	131072,
		"test_start":	{
			"protocol":	"TCP",
			"num_streams":	1,
			"blksize":	131072,
			"omit":	0,
			"duration":	30,
			"bytes":	0,
			"blocks":	0,
			"reverse":	1,
			"tos":	0,
			"target_bitrate":	0,
			"bidir":	0,
			"fqrate":	0,
			"interval":	1
		}
	},
	"intervals":	[{
			"streams":	[{
					"socket":	5,
					"start":	0,
					"end":	1.003339,
					"seconds":	1.0033390522003174,
					"bytes":	1286340608,
					"bits_per_second":	10256477948.737761,
					"omitted":	false,
					"sender":	false
				}],
			"sum":	{
				"start":	0,
				"end":	1.003339,
				"seconds":	1.0033390522003174,
				"bytes":	1286340608,
				"bits_per_second":	10256477948.737761,
				"omitted":	false,
				"sender":	false
			}
		}, {
			"streams":	[{
					"socket":	5,
					"start":	1.003339,
					"end":	2.003116,
					"seconds":	0.99977701902389526,
					"bytes":	1296302080,
					"bits_per_second":	10372729561.362463,
					"omitted":	false,
					"sender":	false
				}],
			"sum":	{
				"start":	1.003339,
				"end":	2.003116,
				"seconds":	0.99977701902389526,
				"bytes":	1296302080,
				"bits_per_second":	10372729561.362463,
				"omitted":	false,
				"sender":	false
			}
		}, {
			"streams":	[{
					"socket":	5,
					"start":	2.003116,
					"end":	3.005015,
					"seconds":	1.0018990039825439,
					"bytes":	1297612800,
					"bits_per_second":	10361226389.82169,
					"omitted":	false,
					"sender":	false
				}],
			"sum":	{
				"start":	2.003116,
				"end":	3.005015,
				"seconds":	1.0018990039825439,
				"bytes":	1297612800,
				"bits_per_second":	10361226389.82169,
				"omitted":	false,
				"sender":	false
			}
		}, {
			"streams":	[{
					"socket":	5,
					"start":	3.005015,
					"end":	4.005011,
					"seconds":	0.9999960064888,
					"bytes":	1297743872,
					"bits_per_second":	10381992436.603073,
					"omitted":	false,
					"sender":	false
				}],
			"sum":	{
				"start":	3.005015,
				"end":	4.005011,
				"seconds":	0.9999960064888,
				"bytes":	1297743872,
				"bits_per_second":	10381992436.603073,
				"omitted":	false,
				"sender":	false
			}
		}, {
			"streams":	[{
					"socket":	5,
					"start":	4.005011,
					"end":	5.003584,
					"seconds":	0.99857300519943237,
					"bytes":	1302593536,
					"bits_per_second":	10435639891.866289,
					"omitted":	false,
					"sender":	false
				}],
			"sum":	{
				"start":	4.005011,
				"end":	5.003584,
				"seconds":	0.99857300519943237,
				"bytes":	1302593536,
				"bits_per_second":	10435639891.866289,
				"omitted":	false,
				"sender":	false
			}
		}, {
			"streams":	[{
					"socket":	5,
					"start":	5.003584,
					"end":	6.003395,
					"seconds":	0.99981099367141724,
					"bytes":	1303379968,
					"bits_per_second":	10429010893.059647,
					"omitted":	false,
					"sender":	false
				}],
			"sum":	{
				"start":	5.003584,
				"end":	6.003395,
				"seconds":	0.99981099367141724,
				"bytes":	1303379968,
				"bits_per_second":	10429010893.059647,
				"omitted":	false,
				"sender":	false
			}
		}, {
			"streams":	[{
					"socket":	5,
					"start":	6.003395,
					"end":	7.005013,
					"seconds":	1.0016180276870728,
					"bytes":	1301807104,
					"bits_per_second":	10397633173.645016,
					"omitted":	false,
					"sender":	false
				}],
			"sum":	{
				"start":	6.003395,
				"end":	7.005013,
				"seconds":	1.0016180276870728,
				"bytes":	1301807104,
				"bits_per_second":	10397633173.645016,
				"omitted":	false,
				"sender":	false
			}
		}, {
			"streams":	[{
					"socket":	5,
					"start":	7.005013,
					"end":	8.001336,
					"seconds":	0.996322989463806,
					"bytes":	1298923520,
					"bits_per_second":	10429738418.052927,
					"omitted":	false,
					"sender":	false
				}],
			"sum":	{
				"start":	7.005013,
				"end":	8.001336,
				"seconds":	0.996322989463806,
				"bytes":	1298923520,
				"bits_per_second":	10429738418.052927,
				"omitted":	false,
				"sender":	false
			}
		}, {
			"streams":	[{
					"socket":	5,
					"start":	8.001336,
					"end":	9.004319,
					"seconds":	1.0029829740524292,
					"bytes":	1301282816,
					"bits_per_second":	10379301341.416212,
					"omitted":	false,
					"sender":	false
				}],
			"sum":	{
				"start":	8.001336,
				"end":	9.004319,
				"seconds":	1.0029829740524292,
				"bytes":	1301282816,
				"bits_per_second":	10379301341.416212,
				"omitted":	false,
				"sender":	false
			}
		}, {
			"streams":	[{
					"socket":	5,
					"start":	9.004319,
					"end":	10.005008,
					"seconds":	1.0006890296936035,
					"bytes":	1301413888,
					"bits_per_second":	10404142340.99058,
					"omitted":	false,
					"sender":	false
				}],
			"sum":	{
				"start":	9.004319,
				"end":	10.005008,
				"seconds":	1.0006890296936035,
				"bytes":	1301413888,
				"bits_per_second":	10404142340.99058,
				"omitted":	false,
				"sender":	false
			}
		}, {
			"streams":	[{
					"socket":	5,
					"start":	10.005008,
					"end":	11.004457,
					"seconds":	0.99944901466369629,
					"bytes":	1303379968,
					"bits_per_second":	10432788057.2363,
					"omitted":	false,
					"sender":	false
				}],
			"sum":	{
				"start":	10.005008,
				"end":	11.004457,
				"seconds":	0.99944901466369629,
				"bytes":	1303379968,
				"bits_per_second":	10432788057.2363,
				"omitted":	false,
				"sender":	false
			}
		}, {
			"streams":	[{
					"socket":	5,
					"start":	11.004457,
					"end":	12.001993,
					"seconds":	0.99753600358963,
					"bytes":	1284636672,
					"bits_per_second":	10302478646.402649,
					"omitted":	false,
					"sender":	false
				}],
			"sum":	{
				"start":	11.004457,
				"end":	12.001993,
				"seconds":	0.99753600358963,
				"bytes":	1284636672,
				"bits_per_second":	10302478646.402649,
				"omitted":	false,
				"sender":	false
			}
		}, {
			"streams":	[{
					"socket":	5,
					"start":	12.001993,
					"end":	13.002452,
					"seconds":	1.0004589557647705,
					"bytes":	1302331392,
					"bits_per_second":	10413871629.582024,
					"omitted":	false,
					"sender":	false
				}],
			"sum":	{
				"start":	12.001993,
				"end":	13.002452,
				"seconds":	1.0004589557647705,
				"bytes":	1302331392,
				"bits_per_second":	10413871629.582024,
				"omitted":	false,
				"sender":	false
			}
		}, {
			"streams":	[{
					"socket":	5,
					"start":	13.002452,
					"end":	14.004724,
					"seconds":	1.0022720098495483,
					"bytes":	1310195712,
					"bits_per_second":	10457805458.992508,
					"omitted":	false,
					"sender":	false
				}],
			"sum":	{
				"start":	13.002452,
				"end":	14.004724,
				"seconds":	1.0022720098495483,
				"bytes":	1310195712,
				"bits_per_second":	10457805458.992508,
				"omitted":	false,
				"sender":	false
			}
		}, {
			"streams":	[{
					"socket":	5,
					"start":	14.004724,
					"end":	15.003591,
					"seconds":	0.9988669753074646,
					"bytes":	1295384576,
					"bits_per_second":	10374831548.325148,
					"omitted":	false,
					"sender":	false
				}],
			"sum":	{
				"start":	14.004724,
				"end":	15.003591,
				"seconds":	0.9988669753074646,
				"bytes":	1295384576,
				"bits_per_second":	10374831548.325148,
				"omitted":	false,
				"sender":	false
			}
		}, {
			"streams":	[{
					"socket":	5,
					"start":	15.003591,
					"end":	16.005007,
					"seconds":	1.0014159679412842,
					"bytes":	1296826368,
					"bits_per_second":	10359941598.822491,