{
	"start":	{
		"connected":	[{
				"socket":	5,
				"local_host":	"192.168.105.1",
				"local_port":	49360,
				"remote_host":	"192.168.105.2",
				"remote_port":	5201
			}],
		"version":	"iperf 3.18",
		"system_info":	"Darwin space-gray.local 24.3.0 Darwin Kernel Version 24.3.0: Thu Jan  2 20:24:23 PST 2025; root:xnu-11215.81.4~3/RELEASE_ARM64_T6020 arm64",
		"timestamp":	{
			"time":	"Sat, 22 Feb 2025 14:20:53 UTC",
			"timesecs":	1740234053
		},
		"connecting_to":	{
			"host":	"192.168.105.2",
			"port":	5201
		},
		"cookie":	"hg72v7gczwvmrggqb2g2fjlmq7hytn4iqiwx",
		"tcp_mss_default":	1448,
		"target_bitrate":	0,
		"fq_rate":	0,
		"sock_bufsize":	0,
		"sndbuf_actual":	131072,
		"rcvbuf_actual":	131072,
		"test_start":	{
			"protocol":	"TCP",
			"num_streams":	1,
			"blksize":	131072,
			"omit":	0,
			"duration":	30,
			"bytes":	0,
			"blocks":	0,
			"reverse":	0,
			"tos":	0,
			"target_bitrate":	0,
			"bidir":	0,
			"fqrate":	0,
			"interval":	1
		}
	},
	"intervals":	[{
			"streams":	[{
					"socket":	5,
					"start":	0,
					"end":	1.005011,
					"seconds":	1.0050109624862671,
					"bytes":	1256062976,
					"bits_per_second":	9998402189.70478,
					"omitted":	false,
					"sender":	true
				}],
			"sum":	{
				"start":	0,
				"end":	1.005011,
				"seconds":	1.0050109624862671,
				"bytes":	1256062976,
				"bits_per_second":	9998402189.70478,
				"omitted":	false,
				"sender":	true
			}
		}, {
			"streams":	[{
					"socket":	5,
					"start":	1.005011,
					"end":	2.005008,
					"seconds":	0.99999701976776123,
					"bytes":	1251344384,
					"bits_per_second":	10010784906.463913,
					"omitted":	false,
					"sender":	true
				}],
			"sum":	{
				"start":	1.005011,
				"end":	2.005008,
				"seconds":	0.99999701976776123,
				"bytes":	1251344384,
				"bits_per_second":	10010784906.463913,
				"omitted":	false,
				"sender":	true
			}
		}, {
			"streams":	[{
					"socket":	5,
					"start":	2.005008,
					"end":	3.005007,
					"seconds":	0.99999898672103882,
					"bytes":	1263927296,
					"bits_per_second":	10111428613.697882,
					"omitted":	false,
					"sender":	true
				}],
			"sum":	{
				"start":	2.005008,
				"end":	3.005007,
				"seconds":	0.99999898672103882,
				"bytes":	1263927296,
				"bits_per_second":	10111428613.697882,
				"omitted":	false,
				"sender":	true
			}
		}, {
			"streams":	[{
					"socket":	5,
					"start":	3.005007,
					"end":	4.005013,
					"seconds":	1.0000059604644775,
					"bytes":	1274806272,
					"bits_per_second":	10198389388.86232,
					"omitted":	false,
					"sender":	true
				}],
			"sum":	{
				"start":	3.005007,
				"end":	4.005013,
				"seconds":	1.0000059604644775,
				"bytes":	1274806272,
				"bits_per_second":	10198389388.86232,
				"omitted":	false,
				"sender":	true
			}
		}, {
			"streams":	[{
					"socket":	5,
					"start":	4.005013,
					"end":	5.002001,
					"seconds":	0.99698799848556519,
					"bytes":	1270743040,
					"bits_per_second":	10196656665.31811,
					"omitted":	false,
					"sender":	true
				}],
			"sum":	{
				"start":	4.005013,
				"end":	5.002001,
				"seconds":	0.99698799848556519,
				"bytes":	1270743040,
				"bits_per_second":	10196656665.31811,
				"omitted":	false,
				"sender":	true
			}
		}, {
			"streams":	[{
					"socket":	5,
					"start":	5.002001,
					"end":	6.005006,
					"seconds":	1.0030050277709961,
					"bytes":	1267204096,
					"bits_per_second":	10107260170.498968,
					"omitted":	false,
					"sender":	true
				}],
			"sum":	{
				"start":	5.002001,
				"end":	6.005006,
				"seconds":	1.0030050277709961,
				"bytes":	1267204096,
				"bits_per_second":	10107260170.498968,
				"omitted":	false,
				"sender":	true
			}
		}, {
			"streams":	[{
					"socket":	5,
					"start":	6.005006,
					"end":	7.000935,
					"seconds":	0.99592900276184082,
					"bytes":	1249378304,
					"bits_per_second":	10035882481.866167,
					"omitted":	false,
					"sender":	true
				}],
			"sum":	{
				"start":	6.005006,
				"end":	7.000935,
				"seconds":	0.99592900276184082,
				"bytes":	1249378304,
				"bits_per_second":	10035882481.866167,
				"omitted":	false,
				"sender":	true
			}
		}, {
			"streams":	[{
					"socket":	5,
					"start":	7.000935,
					"end":	8.004101,
					"seconds":	1.0031659603118896,
					"bytes":	1231552512,
					"bits_per_second":	9821326167.1447,
					"omitted":	false,
					"sender":	true
				}],
			"sum":	{
				"start":	7.000935,
				"end":	8.004101,
				"seconds":	1.0031659603118896,
				"bytes":	1231552512,
				"bits_per_second":	9821326167.1447,
				"omitted":	false,
				"sender":	true
			}
		}, {
			"streams":	[{
					"socket":	5,
					"start":	8.004101,
					"end":	9.002236,
					"seconds":	0.998134970664978,
					"bytes":	1247805440,
					"bits_per_second":	10001095857.155962,
					"omitted":	false,
					"sender":	true
				}],
			"sum":	{
				"start":	8.004101,
				"end":	9.002236,
				"seconds":	0.998134970664978,
				"bytes":	1247805440,
				"bits_per_second":	10001095857.155962,
				"omitted":	false,
				"sender":	true
			}
		}, {
			"streams":	[{
					"socket":	5,
					"start":	9.002236,
					"end":	10.00403,
					"seconds":	1.00179398059845,
					"bytes":	1286733824,
					"bits_per_second":	10275436657.994959,
					"omitted":	false,
					"sender":	true
				}],
			"sum":	{
				"start":	9.002236,
				"end":	10.00403,
				"seconds":	1.00179398059845,
				"bytes":	1286733824,
				"bits_per_second":	10275436657.994959,
				"omitted":	false,
				"sender":	true
			}
		}, {
			"streams":	[{
					"socket":	5,
					"start":	10.00403,
					"end":	11.000106,
					"seconds":	0.996075987815857,
					"bytes":	1251475456,
					"bits_per_second":	10051244855.277916,
					"omitted":	false,
					"sender":	true
				}],
			"sum":	{
				"start":	10.00403,
				"end":	11.000106,
				"seconds":	0.996075987815857,
				"bytes":	1251475456,
				"bits_per_second":	10051244855.277916,
				"omitted":	false,
				"sender":	true
			}
		}, {
			"streams":	[{
					"socket":	5,
					"start":	11.000106,
					"end":	12.005007,
					"seconds":	1.0049010515213013,
					"bytes":	1279787008,
					"bits_per_second":	10188362375.082035,
					"omitted":	false,
					"sender":	true
				}],
			"sum":	{
				"start":	11.000106,
				"end":	12.005007,
				"seconds":	1.0049010515213013,
				"bytes":	1279787008,
				"bits_per_second":	10188362375.082035,
				"omitted":	false,
				"sender":	true
			}
		}, {
			"streams":	[{
					"socket":	5,
					"start":	12.005007,
					"end":	13.002056,
					"seconds":	0.99704897403717041,
					"bytes":	1248591872,
					"bits_per_second":	10018299237.152231,
					"omitted":	false,
					"sender":	true
				}],
			"sum":	{
				"start":	12.005007,
				"end":	13.002056,
				"seconds":	0.99704897403717041,
				"bytes":	1248591872,
				"bits_per_second":	10018299237.152231,
				"omitted":	false,
				"sender":	true
			}
		}, {
			"streams":	[{
					"socket":	5,
					"start":	13.002056,
					"end":	14.001186,
					"seconds":	0.9991300106048584,
					"bytes":	1267466240,
					"bits_per_second":	10148559058.757088,
					"omitted":	false,
					"sender":	true
				}],
			"sum":	{
				"start":	13.002056,
				"end":	14.001186,
				"seconds":	0.9991300106048584,
				"bytes":	1267466240,
				"bits_per_second":	10148559058.757088,
				"omitted":	false,
				"sender":	true
			}
		}, {
			"streams":	[{
					"socket":	5,
					"start":	14.001186,
					"end":	15.005013,
					"seconds":	1.0038269758224487,
					"bytes":	1261568000,
					"bits_per_second":	10054067327.420689,
					"omitted":	false,
					"sender":	true
				}],
			"sum":	{
				"start":	14.001186,
				"end":	15.005013,
				"seconds":	1.0038269758224487,
				"bytes":	1261568000,
				"bits_per_second":	10054067327.420689,
				"omitted":	false,
				"sender":	true
			}
		}, {
			"streams":	[{
					"socket":	5,
					"start":	15.005013,
					"end":	16.005008,
					"seconds":	0.999994993209839,
					"bytes":	1233387520,
					"bits_per_second":	9867149562.74735,
					"omitted":	false,
					"sender":	true
				}],