{
	"start":	{
		"connected":	[{
				"socket":	5,
				"local_host":	"10.100.102.151",
				"local_port":	50715,
				"remote_host":	"10.100.102.161",
				"remote_port":	5201
			}],
		"version":	"iperf 3.19.1",
		"system_info":	"Darwin space-gray.local 24.6.0 Darwin Kernel Version 24.6.0: Mon Jul 14 11:30:30 PDT 2025; root:xnu-11417.140.69~1/RELEASE_ARM64_T6020 arm64",
		"timestamp":	{
			"time":	"Sun, 31 Aug 2025 07:02:49 UTC",
			"timesecs":	1756623769
		},
		"connecting_to":	{
			"host":	"10.100.102.161",
			"port":	5201
		},
		"cookie":	"2vxz7cjqftyvfzaxl6ujkken45ylf5ld3li2",
		"tcp_mss_default":	1448,
		"target_bitrate":	0,
		"fq_rate":	0,
		"sock_bufsize":	0,
		"sndbuf_actual":	131072,
		"rcvbuf_actual":	131072,
		"test_start":	{
			"protocol":	"TCP",
			"num_streams":	1,
			"blksize":	131072,
			"omit":	0,
			"duration":	30,
			"bytes":	0,
			"blocks":	0,
			"reverse":	0,
			"tos":	0,
			"target_bitrate":	0,
			"bidir":	0,
			"fqrate":	0,
			"interval":	1
		}
	},
	"intervals":	[{
			"streams":	[{
					"socket":	5,
					"start":	0,
					"end":	1.004001,
					"seconds":	1.0040010213851929,
					"bytes":	1419116544,
					"bits_per_second":	11307690042.32353,
					"omitted":	false,
					"sender":	true
				}],
			"sum":	{
				"start":	0,
				"end":	1.004001,
				"seconds":	1.0040010213851929,
				"bytes":	1419116544,
				"bits_per_second":	11307690042.32353,
				"omitted":	false,
				"sender":	true
			}
		}, {
			"streams":	[{
					"socket":	5,
					"start":	1.004001,
					"end":	2.003841,
					"seconds":	0.999840021133423,
					"bytes":	1437335552,
					"bits_per_second":	11500524256.835651,
					"omitted":	false,
					"sender":	true
				}],
			"sum":	{
				"start":	1.004001,
				"end":	2.003841,
				"seconds":	0.999840021133423,
				"bytes":	1437335552,
				"bits_per_second":	11500524256.835651,
				"omitted":	false,
				"sender":	true
			}
		}, {
			"streams":	[{
					"socket":	5,
					"start":	2.003841,
					"end":	3.003176,
					"seconds":	0.999334990978241,
					"bytes":	1452277760,
					"bits_per_second":	11625953443.926762,
					"omitted":	false,
					"sender":	true
				}],
			"sum":	{
				"start":	2.003841,
				"end":	3.003176,
				"seconds":	0.999334990978241,
				"bytes":	1452277760,
				"bits_per_second":	11625953443.926762,
				"omitted":	false,
				"sender":	true
			}
		}, {
			"streams":	[{
					"socket":	5,
					"start":	3.003176,
					"end":	4.005008,
					"seconds":	1.0018320083618164,
					"bytes":	1478361088,
					"bits_per_second":	11805261366.463211,
					"omitted":	false,
					"sender":	true
				}],
			"sum":	{
				"start":	3.003176,
				"end":	4.005008,
				"seconds":	1.0018320083618164,
				"bytes":	1478361088,
				"bits_per_second":	11805261366.463211,
				"omitted":	false,
				"sender":	true
			}
		}, {
			"streams":	[{
					"socket":	5,
					"start":	4.005008,
					"end":	5.005012,
					"seconds":	1.0000040531158447,
					"bytes":	1492910080,
					"bits_per_second":	11943232232.6962,
					"omitted":	false,
					"sender":	true
				}],
			"sum":	{
				"start":	4.005008,
				"end":	5.005012,
				"seconds":	1.0000040531158447,
				"bytes":	1492910080,
				"bits_per_second":	11943232232.6962,
				"omitted":	false,
				"sender":	true
			}
		}, {
			"streams":	[{
					"socket":	5,
					"start":	5.005012,
					"end":	6.004807,
					"seconds":	0.99979501962661743,
					"bytes":	1508900864,
					"bits_per_second":	12073681779.799326,
					"omitted":	false,
					"sender":	true
				}],
			"sum":	{
				"start":	5.005012,
				"end":	6.004807,
				"seconds":	0.99979501962661743,
				"bytes":	1508900864,
				"bits_per_second":	12073681779.799326,
				"omitted":	false,
				"sender":	true
			}
		}, {
			"streams":	[{
					"socket":	5,
					"start":	6.004807,
					"end":	7.004865,
					"seconds":	1.0000580549240112,
					"bytes":	1411383296,
					"bits_per_second":	11290410904.05291,
					"omitted":	false,
					"sender":	true
				}],
			"sum":	{
				"start":	6.004807,
				"end":	7.004865,
				"seconds":	1.0000580549240112,
				"bytes":	1411383296,
				"bits_per_second":	11290410904.05291,
				"omitted":	false,
				"sender":	true
			}
		}, {
			"streams":	[{
					"socket":	5,
					"start":	7.004865,
					"end":	8.005007,
					"seconds":	1.000141978263855,
					"bytes":	1440612352,
					"bits_per_second":	11523262763.158941,
					"omitted":	false,
					"sender":	true
				}],
			"sum":	{
				"start":	7.004865,
				"end":	8.005007,
				"seconds":	1.000141978263855,
				"bytes":	1440612352,
				"bits_per_second":	11523262763.158941,
				"omitted":	false,
				"sender":	true
			}
		}, {
			"streams":	[{
					"socket":	5,
					"start":	8.005007,
					"end":	9.005012,
					"seconds":	1.0000050067901611,
					"bytes":	1439039488,
					"bits_per_second":	11512258264.538589,
					"omitted":	false,
					"sender":	true
				}],
			"sum":	{
				"start":	8.005007,
				"end":	9.005012,
				"seconds":	1.0000050067901611,
				"bytes":	1439039488,
				"bits_per_second":	11512258264.538589,
				"omitted":	false,
				"sender":	true
			}
		}, {
			"streams":	[{
					"socket":	5,
					"start":	9.005012,
					"end":	10.005012,
					"seconds":	1,
					"bytes":	1455685632,
					"bits_per_second":	11645485056,
					"omitted":	false,
					"sender":	true
				}],
			"sum":	{
				"start":	9.005012,
				"end":	10.005012,
				"seconds":	1,
				"bytes":	1455685632,
				"bits_per_second":	11645485056,
				"omitted":	false,
				"sender":	true
			}
		}, {
			"streams":	[{
					"socket":	5,
					"start":	10.005012,
					"end":	11.00501,
					"seconds":	0.99999797344207764,
					"bytes":	1455423488,
					"bits_per_second":	11643411500.047819,
					"omitted":	false,
					"sender":	true
				}],
			"sum":	{
				"start":	10.005012,
				"end":	11.00501,
				"seconds":	0.99999797344207764,
				"bytes":	1455423488,
				"bits_per_second":	11643411500.047819,
				"omitted":	false,
				"sender":	true
			}
		}, {
			"streams":	[{
					"socket":	5,
					"start":	11.00501,
					"end":	12.00501,
					"seconds":	1,
					"bytes":	1466957824,
					"bits_per_second":	11735662592,
					"omitted":	false,
					"sender":	true
				}],
			"sum":	{
				"start":	11.00501,
				"end":	12.00501,
				"seconds":	1,
				"bytes":	1466957824,
				"bits_per_second":	11735662592,
				"omitted":	false,
				"sender":	true
			}
		}, {
			"streams":	[{
					"socket":	5,
					"start":	12.00501,
					"end":	13.005014,
					"seconds":	1.0000040531158447,
					"bytes":	1468399616,
					"bits_per_second":	11747149315.44298,
					"omitted":	false,
					"sender":	true
				}],
			"sum":	{
				"start":	12.00501,
				"end":	13.005014,
				"seconds":	1.0000040531158447,
				"bytes":	1468399616,
				"bits_per_second":	11747149315.44298,
				"omitted":	false,
				"sender":	true
			}
		}, {
			"streams":	[{
					"socket":	5,
					"start":	13.005014,
					"end":	14.005008,
					"seconds":	0.99999397993087769,
					"bytes":	1501691904,
					"bits_per_second":	12013607554.747889,
					"omitted":	false,
					"sender":	true
				}],
			"sum":	{
				"start":	13.005014,
				"end":	14.005008,
				"seconds":	0.99999397993087769,
				"bytes":	1501691904,
				"bits_per_second":	12013607554.747889,
				"omitted":	false,
				"sender":	true
			}
		}, {
			"streams":	[{
					"socket":	5,
					"start":	14.005008,
					"end":	15.005009,
					"seconds":	1.0000009536743164,
					"bytes":	1451491328,
					"bits_per_second":	11611919550.010561,
					"omitted":	false,
					"sender":	true
				}],
			"sum":	{
				"start":	14.005008,
				"end":	15.005009,
				"seconds":	1.0000009536743164,
				"bytes":	1451491328,
				"bits_per_second":	11611919550.010561,
				"omitted":	false,
				"sender":	true
			}
		}, {
			"streams":	[{
					"socket":	5,
					"start":	15.005009,
					"end":	16.005009,
					"seconds":	1,
					"bytes":	1449000960,
					"bits_per_second":	11592007680,
					"omitted":	false,
					"sender":	true
				}],
			"sum":	{
				"start":	15.005009,
				"end":	16.005009,
				"seconds":	1,
				"bytes":	1449000960,
				"bits_per_second":	11592007680,