{
	"start":	{
		"connected":	[{
				"socket":	5,
				"local_host":	"10.100.102.151",
				"local_port":	50717,
				"remote_host":	"10.100.102.161",
				"remote_port":	5201
			}],
		"version":	"iperf 3.19.1",
		"system_info":	"Darwin space-gray.local 24.6.0 Darwin Kernel Version 24.6.0: Mon Jul 14 11:30:30 PDT 2025; root:xnu-11417.140.69~1/RELEASE_ARM64_T6020 arm64",
		"timestamp":	{
			"time":	"Sun, 31 Aug 2025 07:03:19 UTC",
			"timesecs":	1756623799
		},
		"connecting_to":	{
			"host":	"10.100.102.161",
			"port":	5201
		},
		"cookie":	"2nkwlxcvcvqxo34snfvu4ukx5oc7kkcuqf5g",
		"tcp_mss_default":	1448,
		"target_bitrate":	0,
		"fq_rate":	0,
		"sock_bufsize":	0,
		"sndbuf_actual":	131072,
		"rcvbuf_actual":	131072,
		"test_start":	{
			"protocol":	"TCP",
			"num_streams":	1,
			"blksize":	131072,
			"omit":	0,
			"duration":	30,
			"bytes":	0,
			"blocks":	0,
			"reverse":	1,
			"tos":	0,
			"target_bitrate":	0,
			"bidir":	0,
			"fqrate":	0,
			"interval":	1
		}
	},
	"intervals":	[{
			"streams":	[{
					"socket":	5,
					"start":	0,
					"end":	1.005007,
					"seconds":	1.0050070285797119,
					"bytes":	1328676864,
					"bits_per_second":	10576458283.104366,
					"omitted":	false,
					"sender":	false
				}],
			"sum":	{
				"start":	0,
				"end":	1.005007,
				"seconds":	1.0050070285797119,
				"bytes":	1328676864,
				"bits_per_second":	10576458283.104366,
				"omitted":	false,
				"sender":	false
			}
		}, {
			"streams":	[{
					"socket":	5,
					"start":	1.005007,
					"end":	2.005013,
					"seconds":	1.0000059604644775,
					"bytes":	1306394624,
					"bits_per_second":	10451094698.6213,
					"omitted":	false,
					"sender":	false
				}],
			"sum":	{
				"start":	1.005007,
				"end":	2.005013,
				"seconds":	1.0000059604644775,
				"bytes":	1306394624,
				"bits_per_second":	10451094698.6213,
				"omitted":	false,
				"sender":	false
			}
		}, {
			"streams":	[{
					"socket":	5,
					"start":	2.005013,
					"end":	3.003664,
					"seconds":	0.99865102767944336,
					"bytes":	1323040768,
					"bits_per_second":	10598623393.593962,
					"omitted":	false,
					"sender":	false
				}],
			"sum":	{
				"start":	2.005013,
				"end":	3.003664,
				"seconds":	0.99865102767944336,
				"bytes":	1323040768,
				"bits_per_second":	10598623393.593962,
				"omitted":	false,
				"sender":	false
			}
		}, {
			"streams":	[{
					"socket":	5,
					"start":	3.003664,
					"end":	4.001714,
					"seconds":	0.99804997444152832,
					"bytes":	1303248896,
					"bits_per_second":	10446361840.582178,
					"omitted":	false,
					"sender":	false
				}],
			"sum":	{
				"start":	3.003664,
				"end":	4.001714,
				"seconds":	0.99804997444152832,
				"bytes":	1303248896,
				"bits_per_second":	10446361840.582178,
				"omitted":	false,
				"sender":	false
			}
		}, {
			"streams":	[{
					"socket":	5,
					"start":	4.001714,
					"end":	5.002845,
					"seconds":	1.0011310577392578,
					"bytes":	1315045376,
					"bits_per_second":	10508477313.406857,
					"omitted":	false,
					"sender":	false
				}],
			"sum":	{
				"start":	4.001714,
				"end":	5.002845,
				"seconds":	1.0011310577392578,
				"bytes":	1315045376,
				"bits_per_second":	10508477313.406857,
				"omitted":	false,
				"sender":	false
			}
		}, {
			"streams":	[{
					"socket":	5,
					"start":	5.002845,
					"end":	6.003088,
					"seconds":	1.0002429485321045,
					"bytes":	1329856512,
					"bits_per_second":	10636268030.29497,
					"omitted":	false,
					"sender":	false
				}],
			"sum":	{
				"start":	5.002845,
				"end":	6.003088,
				"seconds":	1.0002429485321045,
				"bytes":	1329856512,
				"bits_per_second":	10636268030.29497,
				"omitted":	false,
				"sender":	false
			}
		}, {
			"streams":	[{
					"socket":	5,
					"start":	6.003088,
					"end":	7.000556,
					"seconds":	0.99746799468994141,
					"bytes":	1320288256,
					"bits_per_second":	10589117750.37278,
					"omitted":	false,
					"sender":	false
				}],
			"sum":	{
				"start":	6.003088,
				"end":	7.000556,
				"seconds":	0.99746799468994141,
				"bytes":	1320288256,
				"bits_per_second":	10589117750.37278,
				"omitted":	false,
				"sender":	false
			}
		}, {
			"streams":	[{
					"socket":	5,
					"start":	7.000556,
					"end":	8.00501,
					"seconds":	1.0044540166854858,
					"bytes":	1317928960,
					"bits_per_second":	10496679295.276644,
					"omitted":	false,
					"sender":	false
				}],
			"sum":	{
				"start":	7.000556,
				"end":	8.00501,
				"seconds":	1.0044540166854858,
				"bytes":	1317928960,
				"bits_per_second":	10496679295.276644,
				"omitted":	false,
				"sender":	false
			}
		}, {
			"streams":	[{
					"socket":	5,
					"start":	8.00501,
					"end":	9.005012,
					"seconds":	1.0000020265579224,
					"bytes":	1314783232,
					"bits_per_second":	10518244540.1682,
					"omitted":	false,
					"sender":	false
				}],
			"sum":	{
				"start":	8.00501,
				"end":	9.005012,
				"seconds":	1.0000020265579224,
				"bytes":	1314783232,
				"bits_per_second":	10518244540.1682,
				"omitted":	false,
				"sender":	false
			}
		}, {
			"streams":	[{
					"socket":	5,
					"start":	9.005012,
					"end":	10.002204,
					"seconds":	0.99719202518463135,
					"bytes":	1307312128,
					"bits_per_second":	10487946914.801687,
					"omitted":	false,
					"sender":	false
				}],
			"sum":	{
				"start":	9.005012,
				"end":	10.002204,
				"seconds":	0.99719202518463135,
				"bytes":	1307312128,
				"bits_per_second":	10487946914.801687,
				"omitted":	false,
				"sender":	false
			}
		}, {
			"streams":	[{
					"socket":	5,
					"start":	10.002204,
					"end":	11.005007,
					"seconds":	1.0028029680252075,
					"bytes":	1320026112,
					"bits_per_second":	10530691703.870731,
					"omitted":	false,
					"sender":	false
				}],
			"sum":	{
				"start":	10.002204,
				"end":	11.005007,
				"seconds":	1.0028029680252075,
				"bytes":	1320026112,
				"bits_per_second":	10530691703.870731,
				"omitted":	false,
				"sender":	false
			}
		}, {
			"streams":	[{
					"socket":	5,
					"start":	11.005007,
					"end":	12.002478,
					"seconds":	0.99747097492218018,
					"bytes":	1308229632,
					"bits_per_second":	10492372529.252306,
					"omitted":	false,
					"sender":	false
				}],
			"sum":	{
				"start":	11.005007,
				"end":	12.002478,
				"seconds":	0.99747097492218018,
				"bytes":	1308229632,
				"bits_per_second":	10492372529.252306,
				"omitted":	false,
				"sender":	false
			}
		}, {
			"streams":	[{
					"socket":	5,
					"start":	12.002478,
					"end":	13.005005,
					"seconds":	1.0025269985198975,
					"bytes":	1333788672,
					"bits_per_second":	10643413485.874538,
					"omitted":	false,
					"sender":	false
				}],
			"sum":	{
				"start":	12.002478,
				"end":	13.005005,
				"seconds":	1.0025269985198975,
				"bytes":	1333788672,
				"bits_per_second":	10643413485.874538,
				"omitted":	false,
				"sender":	false
			}
		}, {
			"streams":	[{
					"socket":	5,
					"start":	13.005005,
					"end":	14.005008,
					"seconds":	1.0000029802322388,
					"bytes":	1312423936,
					"bits_per_second":	10499360197.468252,
					"omitted":	false,
					"sender":	false
				}],
			"sum":	{
				"start":	13.005005,
				"end":	14.005008,
				"seconds":	1.0000029802322388,
				"bytes":	1312423936,
				"bits_per_second":	10499360197.468252,
				"omitted":	false,
				"sender":	false
			}
		}, {
			"streams":	[{
					"socket":	5,
					"start":	14.005008,
					"end":	15.004108,
					"seconds":	0.99910002946853638,
					"bytes":	1318322176,
					"bits_per_second":	10556077566.737907,
					"omitted":	false,
					"sender":	false
				}],
			"sum":	{
				"start":	14.005008,
				"end":	15.004108,
				"seconds":	0.99910002946853638,
				"bytes":	1318322176,
				"bits_per_second":	10556077566.737907,
				"omitted":	false,
				"sender":	false
			}
		}, {
			"streams":	[{
					"socket":	5,
					"start":	15.004108,
					"end":	16.005016,
					"seconds":	1.0009080171585083,
					"bytes":	1323171840,
					"bits_per_second":	10575771737.797613,
					"omitted":	false,