{
	"start":	{
		"connected":	[{
				"socket":	5,
				"local_host":	"10.100.102.151",
				"local_port":	49395,
				"remote_host":	"10.100.102.161",
				"remote_port":	5201
			}],
		"version":	"iperf 3.18",
		"system_info":	"Darwin space-gray.local 24.3.0 Darwin Kernel Version 24.3.0: Thu Jan  2 20:24:23 PST 2025; root:xnu-11215.81.4~3/RELEASE_ARM64_T6020 arm64",
		"timestamp":	{
			"time":	"Sat, 22 Feb 2025 14:28:40 UTC",
			"timesecs":	1740234520
		},
		"connecting_to":	{
			"host":	"10.100.102.161",
			"port":	5201
		},
		"cookie":	"e3r7v7oxrlbug63p3q2rx6yz56byxrqrv7k6",
		"tcp_mss_default":	1448,
		"target_bitrate":	0,
		"fq_rate":	0,
		"sock_bufsize":	0,
		"sndbuf_actual":	131072,
		"rcvbuf_actual":	131072,
		"test_start":	{
			"protocol":	"TCP",
			"num_streams":	1,
			"blksize":	131072,
			"omit":	0,
			"duration":	30,
			"bytes":	0,
			"blocks":	0,
			"reverse":	1,
			"tos":	0,
			"target_bitrate":	0,
			"bidir":	0,
			"fqrate":	0,
			"interval":	1
		}
	},
	"intervals":	[{
			"streams":	[{
					"socket":	5,
					"start":	0,
					"end":	1.000629,
					"seconds":	1.00062894821167,
					"bytes":	5014683648,
					"bits_per_second":	40092253233.027267,
					"omitted":	false,
					"sender":	false
				}],
			"sum":	{
				"start":	0,
				"end":	1.000629,
				"seconds":	1.00062894821167,
				"bytes":	5014683648,
				"bits_per_second":	40092253233.027267,
				"omitted":	false,
				"sender":	false
			}
		}, {
			"streams":	[{
					"socket":	5,
					"start":	1.000629,
					"end":	2.001885,
					"seconds":	1.001255989074707,
					"bytes":	5035261952,
					"bits_per_second":	40231565209.638329,
					"omitted":	false,
					"sender":	false
				}],
			"sum":	{
				"start":	1.000629,
				"end":	2.001885,
				"seconds":	1.001255989074707,
				"bytes":	5035261952,
				"bits_per_second":	40231565209.638329,
				"omitted":	false,
				"sender":	false
			}
		}, {
			"streams":	[{
					"socket":	5,
					"start":	2.001885,
					"end":	3.010007,
					"seconds":	1.0081219673156738,
					"bytes":	5060952064,
					"bits_per_second":	40161426716.854874,
					"omitted":	false,
					"sender":	false
				}],
			"sum":	{
				"start":	2.001885,
				"end":	3.010007,
				"seconds":	1.0081219673156738,
				"bytes":	5060952064,
				"bits_per_second":	40161426716.854874,
				"omitted":	false,
				"sender":	false
			}
		}, {
			"streams":	[{
					"socket":	5,
					"start":	3.010007,
					"end":	4.006506,
					"seconds":	0.996499001979828,
					"bytes":	4990173184,
					"bits_per_second":	40061641198.520866,
					"omitted":	false,
					"sender":	false
				}],
			"sum":	{
				"start":	3.010007,
				"end":	4.006506,
				"seconds":	0.996499001979828,
				"bytes":	4990173184,
				"bits_per_second":	40061641198.520866,
				"omitted":	false,
				"sender":	false
			}
		}, {
			"streams":	[{
					"socket":	5,
					"start":	4.006506,
					"end":	5.002502,
					"seconds":	0.99599599838256836,
					"bytes":	5026217984,
					"bits_per_second":	40371390986.809151,
					"omitted":	false,
					"sender":	false
				}],
			"sum":	{
				"start":	4.006506,
				"end":	5.002502,
				"seconds":	0.99599599838256836,
				"bytes":	5026217984,
				"bits_per_second":	40371390986.809151,
				"omitted":	false,
				"sender":	false
			}
		}, {
			"streams":	[{
					"socket":	5,
					"start":	5.002502,
					"end":	6.003452,
					"seconds":	1.00094997882843,
					"bytes":	5052432384,
					"bits_per_second":	40381097883.9415,
					"omitted":	false,
					"sender":	false
				}],
			"sum":	{
				"start":	5.002502,
				"end":	6.003452,
				"seconds":	1.00094997882843,
				"bytes":	5052432384,
				"bits_per_second":	40381097883.9415,
				"omitted":	false,
				"sender":	false
			}
		}, {
			"streams":	[{
					"socket":	5,
					"start":	6.003452,
					"end":	7.00546,
					"seconds":	1.0020079612731934,
					"bytes":	5037096960,
					"bits_per_second":	40216023462.325813,
					"omitted":	false,
					"sender":	false
				}],
			"sum":	{
				"start":	6.003452,
				"end":	7.00546,
				"seconds":	1.0020079612731934,
				"bytes":	5037096960,
				"bits_per_second":	40216023462.325813,
				"omitted":	false,
				"sender":	false
			}
		}, {
			"streams":	[{
					"socket":	5,
					"start":	7.00546,
					"end":	8.006629,
					"seconds":	1.001168966293335,
					"bytes":	5011144704,
					"bits_per_second":	40042349475.1576,
					"omitted":	false,
					"sender":	false
				}],
			"sum":	{
				"start":	7.00546,
				"end":	8.006629,
				"seconds":	1.001168966293335,
				"bytes":	5011144704,
				"bits_per_second":	40042349475.1576,
				"omitted":	false,
				"sender":	false
			}
		}, {
			"streams":	[{
					"socket":	5,
					"start":	8.006629,
					"end":	9.003113,
					"seconds":	0.99648398160934448,
					"bytes":	5020712960,
					"bits_per_second":	40307425328.7358,
					"omitted":	false,
					"sender":	false
				}],
			"sum":	{
				"start":	8.006629,
				"end":	9.003113,
				"seconds":	0.99648398160934448,
				"bytes":	5020712960,
				"bits_per_second":	40307425328.7358,
				"omitted":	false,
				"sender":	false
			}
		}, {
			"streams":	[{
					"socket":	5,
					"start":	9.003113,
					"end":	10.001157,
					"seconds":	0.99804401397705078,
					"bytes":	5028970496,
					"bits_per_second":	40310610959.613548,
					"omitted":	false,
					"sender":	false
				}],
			"sum":	{
				"start":	9.003113,
				"end":	10.001157,
				"seconds":	0.99804401397705078,
				"bytes":	5028970496,
				"bits_per_second":	40310610959.613548,
				"omitted":	false,
				"sender":	false
			}
		}, {
			"streams":	[{
					"socket":	5,
					"start":	10.001157,
					"end":	11.004608,
					"seconds":	1.0034509897232056,
					"bytes":	5062918144,
					"bits_per_second":	40364049232.910263,
					"omitted":	false,
					"sender":	false
				}],
			"sum":	{
				"start":	10.001157,
				"end":	11.004608,
				"seconds":	1.0034509897232056,
				"bytes":	5062918144,
				"bits_per_second":	40364049232.910263,
				"omitted":	false,
				"sender":	false
			}
		}, {
			"streams":	[{
					"socket":	5,
					"start":	11.004608,
					"end":	12.007363,
					"seconds":	1.0027550458908081,
					"bytes":	5074845696,
					"bits_per_second":	40487221415.010338,
					"omitted":	false,
					"sender":	false
				}],
			"sum":	{
				"start":	11.004608,
				"end":	12.007363,
				"seconds":	1.0027550458908081,
				"bytes":	5074845696,
				"bits_per_second":	40487221415.010338,
				"omitted":	false,
				"sender":	false
			}
		}, {
			"streams":	[{
					"socket":	5,
					"start":	12.007363,
					"end":	13.001922,
					"seconds":	0.99455899000167847,
					"bytes":	5012586496,
					"bits_per_second":	40320073893.1859,
					"omitted":	false,
					"sender":	false
				}],
			"sum":	{
				"start":	12.007363,
				"end":	13.001922,
				"seconds":	0.99455899000167847,
				"bytes":	5012586496,
				"bits_per_second":	40320073893.1859,
				"omitted":	false,
				"sender":	false
			}
		}, {
			"streams":	[{
					"socket":	5,
					"start":	13.001922,
					"end":	14.00785,
					"seconds":	1.0059280395507812,
					"bytes":	5065408512,
					"bits_per_second":	40284460222.519035,
					"omitted":	false,
					"sender":	false
				}],
			"sum":	{
				"start":	13.001922,
				"end":	14.00785,
				"seconds":	1.0059280395507812,
				"bytes":	5065408512,
				"bits_per_second":	40284460222.519035,
				"omitted":	false,
				"sender":	false
			}
		}, {
			"streams":	[{
					"socket":	5,
					"start":	14.00785,
					"end":	15.010007,
					"seconds":	1.0021569728851318,
					"bytes":	5061738496,
					"bits_per_second":	40406751700.2064,
					"omitted":	false,
					"sender":	false
				}],
			"sum":	{
				"start":	14.00785,
				"end":	15.010007,
				"seconds":	1.0021569728851318,
				"bytes":	5061738496,
				"bits_per_second":	40406751700.2064,
				"omitted":	false,
				"sender":	false
			}
		}, {
			"streams":	[{
					"socket":	5,
					"start":	15.010007,
					"end":	16.006027,
					"seconds":	0.996020019054413,
					"bytes":	5029625856,
					"bits_per_second":	40397789279.576561,
					"omitted":	false,
					"sender":	false
				}],