{
	"start":	{
		"connected":	[{
				"socket":	5,
				"local_host":	"192.168.105.1",
				"local_port":	50301,
				"remote_host":	"192.168.105.2",
				"remote_port":	5201
			}],
		"version":	"iperf 3.19.1",
		"system_info":	"Darwin mimi-2.local 24.6.0 Darwin Kernel Version 24.6.0: Mon Jul 14 11:29:54 PDT 2025; root:xnu-11417.140.69~1/RELEASE_ARM64_T8122 arm64",
		"timestamp":	{
			"time":	"Sat, 30 Aug 2025 21:16:39 UTC",
			"timesecs":	1756588599
		},
		"connecting_to":	{
			"host":	"192.168.105.2",
			"port":	5201
		},
		"cookie":	"h55ek3nvgpqydsxu2cxxtefajvykwka3etmu",
		"tcp_mss_default":	1448,
		"target_bitrate":	0,
		"fq_rate":	0,
		"sock_bufsize":	0,
		"sndbuf_actual":	131072,
		"rcvbuf_actual":	131072,
		"test_start":	{
			"protocol":	"TCP",
			"num_streams":	1,
			"blksize":	131072,
			"omit":	0,
			"duration":	30,
			"bytes":	0,
			"blocks":	0,
			"reverse":	0,
			"tos":	0,
			"target_bitrate":	0,
			"bidir":	0,
			"fqrate":	0,
			"interval":	1
		}
	},
	"intervals":	[{
			"streams":	[{
					"socket":	5,
					"start":	0,
					"end":	1.00503,
					"seconds":	1.0050300359725952,
					"bytes":	1514405888,
					"bits_per_second":	12054611972.144436,
					"omitted":	false,
					"sender":	true
				}],
			"sum":	{
				"start":	0,
				"end":	1.00503,
				"seconds":	1.0050300359725952,
				"bytes":	1514405888,
				"bits_per_second":	12054611972.144436,
				"omitted":	false,
				"sender":	true
			}
		}, {
			"streams":	[{
					"socket":	5,
					"start":	1.00503,
					"end":	2.00312,
					"seconds":	0.99809002876281738,
					"bytes":	1548615680,
					"bits_per_second":	12412633212.413406,
					"omitted":	false,
					"sender":	true
				}],
			"sum":	{
				"start":	1.00503,
				"end":	2.00312,
				"seconds":	0.99809002876281738,
				"bytes":	1548615680,
				"bits_per_second":	12412633212.413406,
				"omitted":	false,
				"sender":	true
			}
		}, {
			"streams":	[{
					"socket":	5,
					"start":	2.00312,
					"end":	3.004835,
					"seconds":	1.0017149448394775,
					"bytes":	1560018944,
					"bits_per_second":	12458785422.233982,
					"omitted":	false,
					"sender":	true
				}],
			"sum":	{
				"start":	2.00312,
				"end":	3.004835,
				"seconds":	1.0017149448394775,
				"bytes":	1560018944,
				"bits_per_second":	12458785422.233982,
				"omitted":	false,
				"sender":	true
			}
		}, {
			"streams":	[{
					"socket":	5,
					"start":	3.004835,
					"end":	4.005021,
					"seconds":	1.0001859664916992,
					"bytes":	1545076736,
					"bits_per_second":	12358315655.394255,
					"omitted":	false,
					"sender":	true
				}],
			"sum":	{
				"start":	3.004835,
				"end":	4.005021,
				"seconds":	1.0001859664916992,
				"bytes":	1545076736,
				"bits_per_second":	12358315655.394255,
				"omitted":	false,
				"sender":	true
			}
		}, {
			"streams":	[{
					"socket":	5,
					"start":	4.005021,
					"end":	5.005031,
					"seconds":	1.0000100135803223,
					"bytes":	1541537792,
					"bits_per_second":	12332178846.73657,
					"omitted":	false,
					"sender":	true
				}],
			"sum":	{
				"start":	4.005021,
				"end":	5.005031,
				"seconds":	1.0000100135803223,
				"bytes":	1541537792,
				"bits_per_second":	12332178846.73657,
				"omitted":	false,
				"sender":	true
			}
		}, {
			"streams":	[{
					"socket":	5,
					"start":	5.005031,
					"end":	6.005037,
					"seconds":	1.0000059604644775,
					"bytes":	1559756800,
					"bits_per_second":	12477980025.443306,
					"omitted":	false,
					"sender":	true
				}],
			"sum":	{
				"start":	5.005031,
				"end":	6.005037,
				"seconds":	1.0000059604644775,
				"bytes":	1559756800,
				"bits_per_second":	12477980025.443306,
				"omitted":	false,
				"sender":	true
			}
		}, {
			"streams":	[{
					"socket":	5,
					"start":	6.005037,
					"end":	7.005022,
					"seconds":	0.9999849796295166,
					"bytes":	1549402112,
					"bits_per_second":	12395403079.546545,
					"omitted":	false,
					"sender":	true
				}],
			"sum":	{
				"start":	6.005037,
				"end":	7.005022,
				"seconds":	0.9999849796295166,
				"bytes":	1549402112,
				"bits_per_second":	12395403079.546545,
				"omitted":	false,
				"sender":	true
			}
		}, {
			"streams":	[{
					"socket":	5,
					"start":	7.005022,
					"end":	8.002931,
					"seconds":	0.99790900945663452,
					"bytes":	1541144576,
					"bits_per_second":	12354990776.877819,
					"omitted":	false,
					"sender":	true
				}],
			"sum":	{
				"start":	7.005022,
				"end":	8.002931,
				"seconds":	0.99790900945663452,
				"bytes":	1541144576,
				"bits_per_second":	12354990776.877819,
				"omitted":	false,
				"sender":	true
			}
		}, {
			"streams":	[{
					"socket":	5,
					"start":	8.002931,
					"end":	9.002938,
					"seconds":	1.0000070333480835,
					"bytes":	1554776064,
					"bits_per_second":	12438121030.36529,
					"omitted":	false,
					"sender":	true
				}],
			"sum":	{
				"start":	8.002931,
				"end":	9.002938,
				"seconds":	1.0000070333480835,
				"bytes":	1554776064,
				"bits_per_second":	12438121030.36529,
				"omitted":	false,
				"sender":	true
			}
		}, {
			"streams":	[{
					"socket":	5,
					"start":	9.002938,
					"end":	10.005022,
					"seconds":	1.0020840167999268,
					"bytes":	1565130752,
					"bits_per_second":	12495006213.136635,
					"omitted":	false,
					"sender":	true
				}],
			"sum":	{
				"start":	9.002938,
				"end":	10.005022,
				"seconds":	1.0020840167999268,
				"bytes":	1565130752,
				"bits_per_second":	12495006213.136635,
				"omitted":	false,
				"sender":	true
			}
		}, {
			"streams":	[{
					"socket":	5,
					"start":	10.005022,
					"end":	11.003079,
					"seconds":	0.99805700778961182,
					"bytes":	1548484608,
					"bits_per_second":	12411993270.239466,
					"omitted":	false,
					"sender":	true
				}],
			"sum":	{
				"start":	10.005022,
				"end":	11.003079,
				"seconds":	0.99805700778961182,
				"bytes":	1548484608,
				"bits_per_second":	12411993270.239466,
				"omitted":	false,
				"sender":	true
			}
		}, {
			"streams":	[{
					"socket":	5,
					"start":	11.003079,
					"end":	12.005026,
					"seconds":	1.0019470453262329,
					"bytes":	1547829248,
					"bits_per_second":	12358571285.539574,
					"omitted":	false,
					"sender":	true
				}],
			"sum":	{
				"start":	11.003079,
				"end":	12.005026,
				"seconds":	1.0019470453262329,
				"bytes":	1547829248,
				"bits_per_second":	12358571285.539574,
				"omitted":	false,
				"sender":	true
			}
		}, {
			"streams":	[{
					"socket":	5,
					"start":	12.005026,
					"end":	13.003733,
					"seconds":	0.99870699644088745,
					"bytes":	1531576320,
					"bits_per_second":	12268473740.210972,
					"omitted":	false,
					"sender":	true
				}],
			"sum":	{
				"start":	12.005026,
				"end":	13.003733,
				"seconds":	0.99870699644088745,
				"bytes":	1531576320,
				"bits_per_second":	12268473740.210972,
				"omitted":	false,
				"sender":	true
			}
		}, {
			"streams":	[{
					"socket":	5,
					"start":	13.003733,
					"end":	14.00378,
					"seconds":	1.000046968460083,
					"bytes":	1541406720,
					"bits_per_second":	12330674607.201916,
					"omitted":	false,
					"sender":	true
				}],
			"sum":	{
				"start":	13.003733,
				"end":	14.00378,
				"seconds":	1.000046968460083,
				"bytes":	1541406720,
				"bits_per_second":	12330674607.201916,
				"omitted":	false,
				"sender":	true
			}
		}, {
			"streams":	[{
					"socket":	5,
					"start":	14.00378,
					"end":	15.00502,
					"seconds":	1.0012400150299072,
					"bytes":	1537343488,
					"bits_per_second":	12283516159.342308,
					"omitted":	false,
					"sender":	true
				}],
			"sum":	{
				"start":	14.00378,
				"end":	15.00502,
				"seconds":	1.0012400150299072,
				"bytes":	1537343488,
				"bits_per_second":	12283516159.342308,
				"omitted":	false,
				"sender":	true
			}
		}, {
			"streams":	[{
					"socket":	5,
					"start":	15.00502,
					"end":	16.005029,
					"seconds":	1.0000089406967163,
					"bytes":	1532755968,
					"bits_per_second":	12261938113.730171,
					"omitted":	false,
					"sender":	true
				}],