{
	"start":	{
		"connected":	[{
				"socket":	5,
				"local_host":	"192.168.64.1",
				"local_port":	49505,
				"remote_host":	"192.168.64.2",
				"remote_port":	5201
			}],
		"version":	"iperf 3.20",
		"system_info":	"Darwin mimi-2.local 25.3.0 Darwin Kernel Version 25.3.0: Wed Jan 28 20:53:31 PST 2026; root:xnu-12377.81.4~5/RELEASE_ARM64_T8122 arm64",
		"timestamp":	{
			"time":	"Fri, 27 Feb 2026 21:09:45 UTC",
			"timesecs":	1772226585,
			"timemillisecs":	1772226585068
		},
		"connecting_to":	{
			"host":	"192.168.64.2",
			"port":	5201
		},
		"cookie":	"xj47ylvl3xlpngkoss4mg5u454xavrembj5a",
		"tcp_mss_default":	1448,
		"target_bitrate":	0,
		"fq_rate":	0,
		"sock_bufsize":	0,
		"sndbuf_actual":	131072,
		"rcvbuf_actual":	131072,
		"test_start":	{
			"protocol":	"TCP",
			"num_streams":	1,
			"blksize":	131072,
			"omit":	0,
			"duration":	30,
			"bytes":	0,
			"blocks":	0,
			"reverse":	0,
			"tos":	0,
			"target_bitrate":	0,
			"bidir":	0,
			"fqrate":	0,
			"interval":	1
		}
	},
	"intervals":	[{
			"streams":	[{
					"socket":	5,
					"start":	0,
					"end":	1.005019,
					"seconds":	1.005018949508667,
					"bytes":	4702076928,
					"bits_per_second":	37428762355.565521,
					"omitted":	false,
					"sender":	true
				}],
			"sum":	{
				"start":	0,
				"end":	1.005019,
				"seconds":	1.005018949508667,
				"bytes":	4702076928,
				"bits_per_second":	37428762355.565521,
				"omitted":	false,
				"sender":	true
			}
		}, {
			"streams":	[{
					"socket":	5,
					"start":	1.005019,
					"end":	2.004305,
					"seconds":	0.9992859959602356,
					"bytes":	4566417408,
					"bits_per_second":	36557441424.8608,
					"omitted":	false,
					"sender":	true
				}],
			"sum":	{
				"start":	1.005019,
				"end":	2.004305,
				"seconds":	0.9992859959602356,
				"bytes":	4566417408,
				"bits_per_second":	36557441424.8608,
				"omitted":	false,
				"sender":	true
			}
		}, {
			"streams":	[{
					"socket":	5,
					"start":	2.004305,
					"end":	3.00114,
					"seconds":	0.99683499336242676,
					"bytes":	4585029632,
					"bits_per_second":	36796698852.1077,
					"omitted":	false,
					"sender":	true
				}],
			"sum":	{
				"start":	2.004305,
				"end":	3.00114,
				"seconds":	0.99683499336242676,
				"bytes":	4585029632,
				"bits_per_second":	36796698852.1077,
				"omitted":	false,
				"sender":	true
			}
		}, {
			"streams":	[{
					"socket":	5,
					"start":	3.00114,
					"end":	4.005017,
					"seconds":	1.00387704372406,
					"bytes":	4510318592,
					"bits_per_second":	35943195395.867783,
					"omitted":	false,
					"sender":	true
				}],
			"sum":	{
				"start":	3.00114,
				"end":	4.005017,
				"seconds":	1.00387704372406,
				"bytes":	4510318592,
				"bits_per_second":	35943195395.867783,
				"omitted":	false,
				"sender":	true
			}
		}, {
			"streams":	[{
					"socket":	5,
					"start":	4.005017,
					"end":	5.003843,
					"seconds":	0.998826026916504,
					"bytes":	4187095040,
					"bits_per_second":	33536130834.9248,
					"omitted":	false,
					"sender":	true
				}],
			"sum":	{
				"start":	4.005017,
				"end":	5.003843,
				"seconds":	0.998826026916504,
				"bytes":	4187095040,
				"bits_per_second":	33536130834.9248,
				"omitted":	false,
				"sender":	true
			}
		}, {
			"streams":	[{
					"socket":	5,
					"start":	5.003843,
					"end":	6.005018,
					"seconds":	1.0011750459671021,
					"bytes":	4035313664,
					"bits_per_second":	32244620400.837261,
					"omitted":	false,
					"sender":	true
				}],
			"sum":	{
				"start":	5.003843,
				"end":	6.005018,
				"seconds":	1.0011750459671021,
				"bytes":	4035313664,
				"bits_per_second":	32244620400.837261,
				"omitted":	false,
				"sender":	true
			}
		}, {
			"streams":	[{
					"socket":	5,
					"start":	6.005018,
					"end":	7.005017,
					"seconds":	0.99999898672103882,
					"bytes":	4048945152,
					"bits_per_second":	32391594037.720757,
					"omitted":	false,
					"sender":	true
				}],
			"sum":	{
				"start":	6.005018,
				"end":	7.005017,
				"seconds":	0.99999898672103882,
				"bytes":	4048945152,
				"bits_per_second":	32391594037.720757,
				"omitted":	false,
				"sender":	true
			}
		}, {
			"streams":	[{
					"socket":	5,
					"start":	7.005017,
					"end":	8.001819,
					"seconds":	0.99680197238922119,
					"bytes":	4032823296,
					"bits_per_second":	32366094030.36216,
					"omitted":	false,
					"sender":	true
				}],
			"sum":	{
				"start":	7.005017,
				"end":	8.001819,
				"seconds":	0.99680197238922119,
				"bytes":	4032823296,
				"bits_per_second":	32366094030.36216,
				"omitted":	false,
				"sender":	true
			}
		}, {
			"streams":	[{
					"socket":	5,
					"start":	8.001819,
					"end":	9.005019,
					"seconds":	1.0032000541687012,
					"bytes":	4583456768,
					"bits_per_second":	36550689956.236641,
					"omitted":	false,
					"sender":	true
				}],
			"sum":	{
				"start":	8.001819,
				"end":	9.005019,
				"seconds":	1.0032000541687012,
				"bytes":	4583456768,
				"bits_per_second":	36550689956.236641,
				"omitted":	false,
				"sender":	true
			}
		}, {
			"streams":	[{
					"socket":	5,
					"start":	9.005019,
					"end":	10.005017,
					"seconds":	0.99999797344207764,
					"bytes":	4648730624,
					"bits_per_second":	37189920359.527733,
					"omitted":	false,
					"sender":	true
				}],
			"sum":	{
				"start":	9.005019,
				"end":	10.005017,
				"seconds":	0.99999797344207764,
				"bytes":	4648730624,
				"bits_per_second":	37189920359.527733,
				"omitted":	false,
				"sender":	true
			}
		}, {
			"streams":	[{
					"socket":	5,
					"start":	10.005017,
					"end":	11.005019,
					"seconds":	1.0000020265579224,
					"bytes":	4642177024,
					"bits_per_second":	37137340931.027519,
					"omitted":	false,
					"sender":	true
				}],
			"sum":	{
				"start":	10.005017,
				"end":	11.005019,
				"seconds":	1.0000020265579224,
				"bytes":	4642177024,
				"bits_per_second":	37137340931.027519,
				"omitted":	false,
				"sender":	true
			}
		}, {
			"streams":	[{
					"socket":	5,
					"start":	11.005019,
					"end":	12.005023,
					"seconds":	1.0000040531158447,
					"bytes":	4860280832,
					"bits_per_second":	38882089062.388748,
					"omitted":	false,
					"sender":	true
				}],
			"sum":	{
				"start":	11.005019,
				"end":	12.005023,
				"seconds":	1.0000040531158447,
				"bytes":	4860280832,
				"bits_per_second":	38882089062.388748,
				"omitted":	false,
				"sender":	true
			}
		}, {
			"streams":	[{
					"socket":	5,
					"start":	12.005023,
					"end":	13.005018,
					"seconds":	0.999994993209839,
					"bytes":	4935516160,
					"bits_per_second":	39484326969.7398,
					"omitted":	false,
					"sender":	true
				}],
			"sum":	{
				"start":	12.005023,
				"end":	13.005018,
				"seconds":	0.999994993209839,
				"bytes":	4935516160,
				"bits_per_second":	39484326969.7398,
				"omitted":	false,
				"sender":	true
			}
		}, {
			"streams":	[{
					"socket":	5,
					"start":	13.005018,
					"end":	14.005027,
					"seconds":	1.0000089406967163,
					"bytes":	4995153920,
					"bits_per_second":	39960874081.944313,
					"omitted":	false,
					"sender":	true
				}],
			"sum":	{
				"start":	13.005018,
				"end":	14.005027,
				"seconds":	1.0000089406967163,
				"bytes":	4995153920,
				"bits_per_second":	39960874081.944313,
				"omitted":	false,
				"sender":	true
			}
		}, {
			"streams":	[{
					"socket":	5,
					"start":	14.005027,
					"end":	15.005021,
					"seconds":	0.99999397993087769,
					"bytes":	4883087360,
					"bits_per_second":	39064934053.603264,
					"omitted":	false,
					"sender":	true
				}],
			"sum":	{
				"start":	14.005027,
				"end":	15.005021,
				"seconds":	0.99999397993087769,
				"bytes":	4883087360,
				"bits_per_second":	39064934053.603264,
				"omitted":	false,
				"sender":	true
			}
		}, {
			"streams":	[{
					"socket":	5,
					"start":	15.005021,
					"end":	16.00437,
					"seconds":	0.99934899806976318,
					"bytes":	4610326528,
					"bits_per_second":	36906638516.913063,
					"omitted":	false,
					"sender":	true
				}],