{
	"start":	{
		"connected":	[{
				"socket":	5,
				"local_host":	"192.168.64.1",
				"local_port":	49507,
				"remote_host":	"192.168.64.2",
				"remote_port":	5201
			}],
		"version":	"iperf 3.20",
		"system_info":	"Darwin mimi-2.local 25.3.0 Darwin Kernel Version 25.3.0: Wed Jan 28 20:53:31 PST 2026; root:xnu-12377.81.4~5/RELEASE_ARM64_T8122 arm64",
		"timestamp":	{
			"time":	"Fri, 27 Feb 2026 21:11:03 UTC",
			"timesecs":	1772226663,
			"timemillisecs":	1772226663178
		},
		"connecting_to":	{
			"host":	"192.168.64.2",
			"port":	5201
		},
		"cookie":	"ed3q5g4imunugqnl6zwzr5rok6gkimseon36",
		"tcp_mss_default":	1448,
		"target_bitrate":	0,
		"fq_rate":	0,
		"sock_bufsize":	0,
		"sndbuf_actual":	131072,
		"rcvbuf_actual":	131072,
		"test_start":	{
			"protocol":	"TCP",
			"num_streams":	1,
			"blksize":	131072,
			"omit":	0,
			"duration":	30,
			"bytes":	0,
			"blocks":	0,
			"reverse":	1,
			"tos":	0,
			"target_bitrate":	0,
			"bidir":	0,
			"fqrate":	0,
			"interval":	1
		}
	},
	"intervals":	[{
			"streams":	[{
					"socket":	5,
					"start":	0,
					"end":	1.003236,
					"seconds":	1.0032360553741455,
					"bytes":	14043840512,
					"bits_per_second":	111988323679.316,
					"omitted":	false,
					"sender":	false
				}],
			"sum":	{
				"start":	0,
				"end":	1.003236,
				"seconds":	1.0032360553741455,
				"bytes":	14043840512,
				"bits_per_second":	111988323679.316,
				"omitted":	false,
				"sender":	false
			}
		}, {
			"streams":	[{
					"socket":	5,
					"start":	1.003236,
					"end":	2.002147,
					"seconds":	0.99891102313995361,
					"bytes":	14950334464,
					"bits_per_second":	119733062246.16856,
					"omitted":	false,
					"sender":	false
				}],
			"sum":	{
				"start":	1.003236,
				"end":	2.002147,
				"seconds":	0.99891102313995361,
				"bytes":	14950334464,
				"bits_per_second":	119733062246.16856,
				"omitted":	false,
				"sender":	false
			}
		}, {
			"streams":	[{
					"socket":	5,
					"start":	2.002147,
					"end":	3.004206,
					"seconds":	1.0020589828491211,
					"bytes":	15105523712,
					"bits_per_second":	120595884837.44511,
					"omitted":	false,
					"sender":	false
				}],
			"sum":	{
				"start":	2.002147,
				"end":	3.004206,
				"seconds":	1.0020589828491211,
				"bytes":	15105523712,
				"bits_per_second":	120595884837.44511,
				"omitted":	false,
				"sender":	false
			}
		}, {
			"streams":	[{
					"socket":	5,
					"start":	3.004206,
					"end":	4.001555,
					"seconds":	0.99734902381896973,
					"bytes":	15115091968,
					"bits_per_second":	121242145784.612,
					"omitted":	false,
					"sender":	false
				}],
			"sum":	{
				"start":	3.004206,
				"end":	4.001555,
				"seconds":	0.99734902381896973,
				"bytes":	15115091968,
				"bits_per_second":	121242145784.612,
				"omitted":	false,
				"sender":	false
			}
		}, {
			"streams":	[{
					"socket":	5,
					"start":	4.001555,
					"end":	5.002222,
					"seconds":	1.0006669759750366,
					"bytes":	15234236416,
					"bits_per_second":	121792658550.81078,
					"omitted":	false,
					"sender":	false
				}],
			"sum":	{
				"start":	4.001555,
				"end":	5.002222,
				"seconds":	1.0006669759750366,
				"bytes":	15234236416,
				"bits_per_second":	121792658550.81078,
				"omitted":	false,
				"sender":	false
			}
		}, {
			"streams":	[{
					"socket":	5,
					"start":	5.002222,
					"end":	6.001543,
					"seconds":	0.99932098388671875,
					"bytes":	15055847424,
					"bits_per_second":	120528620267.27304,
					"omitted":	false,
					"sender":	false
				}],
			"sum":	{
				"start":	5.002222,
				"end":	6.001543,
				"seconds":	0.99932098388671875,
				"bytes":	15055847424,
				"bits_per_second":	120528620267.27304,
				"omitted":	false,
				"sender":	false
			}
		}, {
			"streams":	[{
					"socket":	5,
					"start":	6.001543,
					"end":	7.005013,
					"seconds":	1.0034699440002441,
					"bytes":	15227289600,
					"bits_per_second":	121397075745.37016,
					"omitted":	false,
					"sender":	false
				}],
			"sum":	{
				"start":	6.001543,
				"end":	7.005013,
				"seconds":	1.0034699440002441,
				"bytes":	15227289600,
				"bits_per_second":	121397075745.37016,
				"omitted":	false,
				"sender":	false
			}
		}, {
			"streams":	[{
					"socket":	5,
					"start":	7.005013,
					"end":	8.003582,
					"seconds":	0.99856901168823242,
					"bytes":	15111815168,
					"bits_per_second":	121067767904.80356,
					"omitted":	false,
					"sender":	false
				}],
			"sum":	{
				"start":	7.005013,
				"end":	8.003582,
				"seconds":	0.99856901168823242,
				"bytes":	15111815168,
				"bits_per_second":	121067767904.80356,
				"omitted":	false,
				"sender":	false
			}
		}, {
			"streams":	[{
					"socket":	5,
					"start":	8.003582,
					"end":	9.003227,
					"seconds":	0.99964499473571777,
					"bytes":	15147073536,
					"bits_per_second":	121219621891.90593,
					"omitted":	false,
					"sender":	false
				}],
			"sum":	{
				"start":	8.003582,
				"end":	9.003227,
				"seconds":	0.99964499473571777,
				"bytes":	15147073536,
				"bits_per_second":	121219621891.90593,
				"omitted":	false,
				"sender":	false
			}
		}, {
			"streams":	[{
					"socket":	5,
					"start":	9.003227,
					"end":	10.000339,
					"seconds":	0.997111976146698,
					"bytes":	15032254464,
					"bits_per_second":	120606349726.87088,
					"omitted":	false,
					"sender":	false
				}],
			"sum":	{
				"start":	9.003227,
				"end":	10.000339,
				"seconds":	0.997111976146698,
				"bytes":	15032254464,
				"bits_per_second":	120606349726.87088,
				"omitted":	false,
				"sender":	false
			}
		}, {
			"streams":	[{
					"socket":	5,
					"start":	10.000339,
					"end":	11.001222,
					"seconds":	1.0008829832077026,
					"bytes":	15215099904,
					"bits_per_second":	121613416627.28676,
					"omitted":	false,
					"sender":	false
				}],
			"sum":	{
				"start":	10.000339,
				"end":	11.001222,
				"seconds":	1.0008829832077026,
				"bytes":	15215099904,
				"bits_per_second":	121613416627.28676,
				"omitted":	false,
				"sender":	false
			}
		}, {
			"streams":	[{
					"socket":	5,
					"start":	11.001222,
					"end":	12.005017,
					"seconds":	1.0037950277328491,
					"bytes":	15128199168,
					"bits_per_second":	120568034310.09807,
					"omitted":	false,
					"sender":	false
				}],
			"sum":	{
				"start":	11.001222,
				"end":	12.005017,
				"seconds":	1.0037950277328491,
				"bytes":	15128199168,
				"bits_per_second":	120568034310.09807,
				"omitted":	false,
				"sender":	false
			}
		}, {
			"streams":	[{
					"socket":	5,
					"start":	12.005017,
					"end":	13.00342,
					"seconds":	0.998403012752533,
					"bytes":	15181807616,
					"bits_per_second":	121648732402.31703,
					"omitted":	false,
					"sender":	false
				}],
			"sum":	{
				"start":	12.005017,
				"end":	13.00342,
				"seconds":	0.998403012752533,
				"bytes":	15181807616,
				"bits_per_second":	121648732402.31703,
				"omitted":	false,
				"sender":	false
			}
		}, {
			"streams":	[{
					"socket":	5,
					"start":	13.00342,
					"end":	14.004302,
					"seconds":	1.0008820295333862,
					"bytes":	15083896832,
					"bits_per_second":	120564832912.68324,
					"omitted":	false,
					"sender":	false
				}],
			"sum":	{
				"start":	13.00342,
				"end":	14.004302,
				"seconds":	1.0008820295333862,
				"bytes":	15083896832,
				"bits_per_second":	120564832912.68324,
				"omitted":	false,
				"sender":	false
			}
		}, {
			"streams":	[{
					"socket":	5,
					"start":	14.004302,
					"end":	15.004271,
					"seconds":	0.9999690055847168,
					"bytes":	15195176960,
					"bits_per_second":	121565183521.78206,
					"omitted":	false,
					"sender":	false
				}],
			"sum":	{
				"start":	14.004302,
				"end":	15.004271,
				"seconds":	0.9999690055847168,
				"bytes":	15195176960,
				"bits_per_second":	121565183521.78206,
				"omitted":	false,
				"sender":	false
			}
		}, {
			"streams":	[{
					"socket":	5,
					"start":	15.004271,
					"end":	16.004163,
					"seconds":	0.999891996383667,
					"bytes":	15115616256,