{
	"start":	{
		"connected":	[{
				"socket":	5,
				"local_host":	"10.100.102.149",
				"local_port":	50339,
				"remote_host":	"10.100.102.161",
				"remote_port":	5201
			}],
		"version":	"iperf 3.19.1",
		"system_info":	"Darwin mimi-2.local 24.6.0 Darwin Kernel Version 24.6.0: Mon Jul 14 11:29:54 PDT 2025; root:xnu-11417.140.69~1/RELEASE_ARM64_T8122 arm64",
		"timestamp":	{
			"time":	"Sat, 30 Aug 2025 21:24:14 UTC",
			"timesecs":	1756589054
		},
		"connecting_to":	{
			"host":	"10.100.102.161",
			"port":	5201
		},
		"cookie":	"bibdzrvd72qiousbogujuqvkqgrp5mcr3suw",
		"tcp_mss_default":	1448,
		"target_bitrate":	0,
		"fq_rate":	0,
		"sock_bufsize":	0,
		"sndbuf_actual":	131072,
		"rcvbuf_actual":	131072,
		"test_start":	{
			"protocol":	"TCP",
			"num_streams":	1,
			"blksize":	131072,
			"omit":	0,
			"duration":	30,
			"bytes":	0,
			"blocks":	0,
			"reverse":	1,
			"tos":	0,
			"target_bitrate":	0,
			"bidir":	0,
			"fqrate":	0,
			"interval":	1
		}
	},
	"intervals":	[{
			"streams":	[{
					"socket":	5,
					"start":	0,
					"end":	1.003312,
					"seconds":	1.0033119916915894,
					"bytes":	1780613120,
					"bits_per_second":	14197881693.791992,
					"omitted":	false,
					"sender":	false
				}],
			"sum":	{
				"start":	0,
				"end":	1.003312,
				"seconds":	1.0033119916915894,
				"bytes":	1780613120,
				"bits_per_second":	14197881693.791992,
				"omitted":	false,
				"sender":	false
			}
		}, {
			"streams":	[{
					"socket":	5,
					"start":	1.003312,
					"end":	2.001702,
					"seconds":	0.998390018939972,
					"bytes":	1759379456,
					"bits_per_second":	14097732730.685741,
					"omitted":	false,
					"sender":	false
				}],
			"sum":	{
				"start":	1.003312,
				"end":	2.001702,
				"seconds":	0.998390018939972,
				"bytes":	1759379456,
				"bits_per_second":	14097732730.685741,
				"omitted":	false,
				"sender":	false
			}
		}, {
			"streams":	[{
					"socket":	5,
					"start":	2.001702,
					"end":	3.004706,
					"seconds":	1.00300395488739,
					"bytes":	1776943104,
					"bits_per_second":	14172969869.890509,
					"omitted":	false,
					"sender":	false
				}],
			"sum":	{
				"start":	2.001702,
				"end":	3.004706,
				"seconds":	1.00300395488739,
				"bytes":	1776943104,
				"bits_per_second":	14172969869.890509,
				"omitted":	false,
				"sender":	false
			}
		}, {
			"streams":	[{
					"socket":	5,
					"start":	3.004706,
					"end":	4.005033,
					"seconds":	1.0003269910812378,
					"bytes":	1762787328,
					"bits_per_second":	14097688805.494537,
					"omitted":	false,
					"sender":	false
				}],
			"sum":	{
				"start":	3.004706,
				"end":	4.005033,
				"seconds":	1.0003269910812378,
				"bytes":	1762787328,
				"bits_per_second":	14097688805.494537,
				"omitted":	false,
				"sender":	false
			}
		}, {
			"streams":	[{
					"socket":	5,
					"start":	4.005033,
					"end":	5.002883,
					"seconds":	0.997850000858307,
					"bytes":	1766457344,
					"bits_per_second":	14162107270.476089,
					"omitted":	false,
					"sender":	false
				}],
			"sum":	{
				"start":	4.005033,
				"end":	5.002883,
				"seconds":	0.997850000858307,
				"bytes":	1766457344,
				"bits_per_second":	14162107270.476089,
				"omitted":	false,
				"sender":	false
			}
		}, {
			"streams":	[{
					"socket":	5,
					"start":	5.002883,
					"end":	6.000181,
					"seconds":	0.997298002243042,
					"bytes":	1735000064,
					"bits_per_second":	13917605851.793772,
					"omitted":	false,
					"sender":	false
				}],
			"sum":	{
				"start":	5.002883,
				"end":	6.000181,
				"seconds":	0.997298002243042,
				"bytes":	1735000064,
				"bits_per_second":	13917605851.793772,
				"omitted":	false,
				"sender":	false
			}
		}, {
			"streams":	[{
					"socket":	5,
					"start":	6.000181,
					"end":	7.00502,
					"seconds":	1.0048389434814453,
					"bytes":	1760559104,
					"bits_per_second":	14016647069.033581,
					"omitted":	false,
					"sender":	false
				}],
			"sum":	{
				"start":	6.000181,
				"end":	7.00502,
				"seconds":	1.0048389434814453,
				"bytes":	1760559104,
				"bits_per_second":	14016647069.033581,
				"omitted":	false,
				"sender":	false
			}
		}, {
			"streams":	[{
					"socket":	5,
					"start":	7.00502,
					"end":	8.001182,
					"seconds":	0.99616199731826782,
					"bytes":	1728053248,
					"bits_per_second":	13877688590.024759,
					"omitted":	false,
					"sender":	false
				}],
			"sum":	{
				"start":	7.00502,
				"end":	8.001182,
				"seconds":	0.99616199731826782,
				"bytes":	1728053248,
				"bits_per_second":	13877688590.024759,
				"omitted":	false,
				"sender":	false
			}
		}, {
			"streams":	[{
					"socket":	5,
					"start":	8.001182,
					"end":	9.005021,
					"seconds":	1.0038390159606934,
					"bytes":	1758068736,
					"bits_per_second":	14010762347.7256,
					"omitted":	false,
					"sender":	false
				}],
			"sum":	{
				"start":	8.001182,
				"end":	9.005021,
				"seconds":	1.0038390159606934,
				"bytes":	1758068736,
				"bits_per_second":	14010762347.7256,
				"omitted":	false,
				"sender":	false
			}
		}, {
			"streams":	[{
					"socket":	5,
					"start":	9.005021,
					"end":	10.000046,
					"seconds":	0.99502497911453247,
					"bytes":	1745616896,
					"bits_per_second":	14034758384.083305,
					"omitted":	false,
					"sender":	false
				}],
			"sum":	{
				"start":	9.005021,
				"end":	10.000046,
				"seconds":	0.99502497911453247,
				"bytes":	1745616896,
				"bits_per_second":	14034758384.083305,
				"omitted":	false,
				"sender":	false
			}
		}, {
			"streams":	[{
					"socket":	5,
					"start":	10.000046,
					"end":	11.003065,
					"seconds":	1.0030189752578735,
					"bytes":	1762000896,
					"bits_per_second":	14053579758.424763,
					"omitted":	false,
					"sender":	false
				}],
			"sum":	{
				"start":	10.000046,
				"end":	11.003065,
				"seconds":	1.0030189752578735,
				"bytes":	1762000896,
				"bits_per_second":	14053579758.424763,
				"omitted":	false,
				"sender":	false
			}
		}, {
			"streams":	[{
					"socket":	5,
					"start":	11.003065,
					"end":	12.002109,
					"seconds":	0.99904400110244751,
					"bytes":	1761345536,
					"bits_per_second":	14104247933.47521,
					"omitted":	false,
					"sender":	false
				}],
			"sum":	{
				"start":	11.003065,
				"end":	12.002109,
				"seconds":	0.99904400110244751,
				"bytes":	1761345536,
				"bits_per_second":	14104247933.47521,
				"omitted":	false,
				"sender":	false
			}
		}, {
			"streams":	[{
					"socket":	5,
					"start":	12.002109,
					"end":	13.000703,
					"seconds":	0.99859398603439331,
					"bytes":	1762918400,
					"bits_per_second":	14123204622.938972,
					"omitted":	false,
					"sender":	false
				}],
			"sum":	{
				"start":	12.002109,
				"end":	13.000703,
				"seconds":	0.99859398603439331,
				"bytes":	1762918400,
				"bits_per_second":	14123204622.938972,
				"omitted":	false,
				"sender":	false
			}
		}, {
			"streams":	[{
					"socket":	5,
					"start":	13.000703,
					"end":	14.005054,
					"seconds":	1.004351019859314,
					"bytes":	1771700224,
					"bits_per_second":	14112199332.44593,
					"omitted":	false,
					"sender":	false
				}],
			"sum":	{
				"start":	13.000703,
				"end":	14.005054,
				"seconds":	1.004351019859314,
				"bytes":	1771700224,
				"bits_per_second":	14112199332.44593,
				"omitted":	false,
				"sender":	false
			}
		}, {
			"streams":	[{
					"socket":	5,
					"start":	14.005054,
					"end":	15.001369,
					"seconds":	0.99631500244140625,
					"bytes":	1755971584,
					"bits_per_second":	14099730143.154354,
					"omitted":	false,
					"sender":	false
				}],
			"sum":	{
				"start":	14.005054,
				"end":	15.001369,
				"seconds":	0.99631500244140625,
				"bytes":	1755971584,
				"bits_per_second":	14099730143.154354,
				"omitted":	false,
				"sender":	false
			}
		}, {
			"streams":	[{
					"socket":	5,
					"start":	15.001369,
					"end":	16.000133,
					"seconds":	0.99876397848129272,
					"bytes":	1757544448,
					"bits_per_second":	14077755993.342882,
					"omitted":	false,