{
	"start":	{
		"connected":	[{
				"socket":	5,
				"local_host":	"10.100.102.149",
				"local_port":	49471,
				"remote_host":	"10.100.102.161",
				"remote_port":	5201
			}],
		"version":	"iperf 3.18",
		"system_info":	"Darwin mimi-2.local 24.3.0 Darwin Kernel Version 24.3.0: Thu Jan  2 20:24:23 PST 2025; root:xnu-11215.81.4~3/RELEASE_ARM64_T8122 arm64",
		"timestamp":	{
			"time":	"Sat, 22 Feb 2025 17:11:20 UTC",
			"timesecs":	1740244280
		},
		"connecting_to":	{
			"host":	"10.100.102.161",
			"port":	5201
		},
		"cookie":	"nfvrocq4g5xzrsdvyr5ok7gplspnp5mkaxxe",
		"tcp_mss_default":	1448,
		"target_bitrate":	0,
		"fq_rate":	0,
		"sock_bufsize":	0,
		"sndbuf_actual":	131072,
		"rcvbuf_actual":	131072,
		"test_start":	{
			"protocol":	"TCP",
			"num_streams":	1,
			"blksize":	131072,
			"omit":	0,
			"duration":	30,
			"bytes":	0,
			"blocks":	0,
			"reverse":	1,
			"tos":	0,
			"target_bitrate":	0,
			"bidir":	0,
			"fqrate":	0,
			"interval":	1
		}
	},
	"intervals":	[{
			"streams":	[{
					"socket":	5,
					"start":	0,
					"end":	1.00087,
					"seconds":	1.0008699893951416,
					"bytes":	1843396608,
					"bits_per_second":	14734354132.160759,
					"omitted":	false,
					"sender":	false
				}],
			"sum":	{
				"start":	0,
				"end":	1.00087,
				"seconds":	1.0008699893951416,
				"bytes":	1843396608,
				"bits_per_second":	14734354132.160759,
				"omitted":	false,
				"sender":	false
			}
		}, {
			"streams":	[{
					"socket":	5,
					"start":	1.00087,
					"end":	2.002787,
					"seconds":	1.0019170045852661,
					"bytes":	1860042752,
					"bits_per_second":	14851870911.363136,
					"omitted":	false,
					"sender":	false
				}],
			"sum":	{
				"start":	1.00087,
				"end":	2.002787,
				"seconds":	1.0019170045852661,
				"bytes":	1860042752,
				"bits_per_second":	14851870911.363136,
				"omitted":	false,
				"sender":	false
			}
		}, {
			"streams":	[{
					"socket":	5,
					"start":	2.002787,
					"end":	3.003983,
					"seconds":	1.001196026802063,
					"bytes":	1874329600,
					"bits_per_second":	14976724236.406153,
					"omitted":	false,
					"sender":	false
				}],
			"sum":	{
				"start":	2.002787,
				"end":	3.003983,
				"seconds":	1.001196026802063,
				"bytes":	1874329600,
				"bits_per_second":	14976724236.406153,
				"omitted":	false,
				"sender":	false
			}
		}, {
			"streams":	[{
					"socket":	5,
					"start":	3.003983,
					"end":	4.001272,
					"seconds":	0.997289001941681,
					"bytes":	1858863104,
					"bits_per_second":	14911329417.096706,
					"omitted":	false,
					"sender":	false
				}],
			"sum":	{
				"start":	3.003983,
				"end":	4.001272,
				"seconds":	0.997289001941681,
				"bytes":	1858863104,
				"bits_per_second":	14911329417.096706,
				"omitted":	false,
				"sender":	false
			}
		}, {
			"streams":	[{
					"socket":	5,
					"start":	4.001272,
					"end":	5.000852,
					"seconds":	0.9995800256729126,
					"bytes":	1872887808,
					"bits_per_second":	14989397626.1815,
					"omitted":	false,
					"sender":	false
				}],
			"sum":	{
				"start":	4.001272,
				"end":	5.000852,
				"seconds":	0.9995800256729126,
				"bytes":	1872887808,
				"bits_per_second":	14989397626.1815,
				"omitted":	false,
				"sender":	false
			}
		}, {
			"streams":	[{
					"socket":	5,
					"start":	5.000852,
					"end":	6.002331,
					"seconds":	1.0014790296554565,
					"bytes":	1879965696,
					"bits_per_second":	15017514219.118683,
					"omitted":	false,
					"sender":	false
				}],
			"sum":	{
				"start":	5.000852,
				"end":	6.002331,
				"seconds":	1.0014790296554565,
				"bytes":	1879965696,
				"bits_per_second":	15017514219.118683,
				"omitted":	false,
				"sender":	false
			}
		}, {
			"streams":	[{
					"socket":	5,
					"start":	6.002331,
					"end":	7.002373,
					"seconds":	1.0000419616699219,
					"bytes":	1859780608,
					"bits_per_second":	14877620574.196243,
					"omitted":	false,
					"sender":	false
				}],
			"sum":	{
				"start":	6.002331,
				"end":	7.002373,
				"seconds":	1.0000419616699219,
				"bytes":	1859780608,
				"bits_per_second":	14877620574.196243,
				"omitted":	false,
				"sender":	false
			}
		}, {
			"streams":	[{
					"socket":	5,
					"start":	7.002373,
					"end":	8.000428,
					"seconds":	0.99805498123168945,
					"bytes":	1874591744,
					"bits_per_second":	15025959725.678322,
					"omitted":	false,
					"sender":	false
				}],
			"sum":	{
				"start":	7.002373,
				"end":	8.000428,
				"seconds":	0.99805498123168945,
				"bytes":	1874591744,
				"bits_per_second":	15025959725.678322,
				"omitted":	false,
				"sender":	false
			}
		}, {
			"streams":	[{
					"socket":	5,
					"start":	8.000428,
					"end":	9.001968,
					"seconds":	1.001539945602417,
					"bytes":	1874591744,
					"bits_per_second":	14973675306.559643,
					"omitted":	false,
					"sender":	false
				}],
			"sum":	{
				"start":	8.000428,
				"end":	9.001968,
				"seconds":	1.001539945602417,
				"bytes":	1874591744,
				"bits_per_second":	14973675306.559643,
				"omitted":	false,
				"sender":	false
			}
		}, {
			"streams":	[{
					"socket":	5,
					"start":	9.001968,
					"end":	10.004004,
					"seconds":	1.0020359754562378,
					"bytes":	1878130688,
					"bits_per_second":	14994517035.337912,
					"omitted":	false,
					"sender":	false
				}],
			"sum":	{
				"start":	9.001968,
				"end":	10.004004,
				"seconds":	1.0020359754562378,
				"bytes":	1878130688,
				"bits_per_second":	14994517035.337912,
				"omitted":	false,
				"sender":	false
			}
		}, {
			"streams":	[{
					"socket":	5,
					"start":	10.004004,
					"end":	11.00223,
					"seconds":	0.99822598695755,
					"bytes":	1853227008,
					"bits_per_second":	14852163996.638643,
					"omitted":	false,
					"sender":	false
				}],
			"sum":	{
				"start":	10.004004,
				"end":	11.00223,
				"seconds":	0.99822598695755,
				"bytes":	1853227008,
				"bits_per_second":	14852163996.638643,
				"omitted":	false,
				"sender":	false
			}
		}, {
			"streams":	[{
					"socket":	5,
					"start":	11.00223,
					"end":	12.001691,
					"seconds":	0.999460995197296,
					"bytes":	1855848448,
					"bits_per_second":	14854794389.519129,
					"omitted":	false,
					"sender":	false
				}],
			"sum":	{
				"start":	11.00223,
				"end":	12.001691,
				"seconds":	0.999460995197296,
				"bytes":	1855848448,
				"bits_per_second":	14854794389.519129,
				"omitted":	false,
				"sender":	false
			}
		}, {
			"streams":	[{
					"socket":	5,
					"start":	12.001691,
					"end":	13.00228,
					"seconds":	1.0005890130996704,
					"bytes":	1844183040,
					"bits_per_second":	14744779451.751167,
					"omitted":	false,
					"sender":	false
				}],
			"sum":	{
				"start":	12.001691,
				"end":	13.00228,
				"seconds":	1.0005890130996704,
				"bytes":	1844183040,
				"bits_per_second":	14744779451.751167,
				"omitted":	false,
				"sender":	false
			}
		}, {
			"streams":	[{
					"socket":	5,
					"start":	13.00228,
					"end":	14.002854,
					"seconds":	1.000573992729187,
					"bytes":	1856634880,
					"bits_per_second":	14844558371.426809,
					"omitted":	false,
					"sender":	false
				}],
			"sum":	{
				"start":	13.00228,
				"end":	14.002854,
				"seconds":	1.000573992729187,
				"bytes":	1856634880,
				"bits_per_second":	14844558371.426809,
				"omitted":	false,
				"sender":	false
			}
		}, {
			"streams":	[{
					"socket":	5,
					"start":	14.002854,
					"end":	15.002358,
					"seconds":	0.999504029750824,
					"bytes":	1840644096,
					"bits_per_second":	14732459629.673506,
					"omitted":	false,
					"sender":	false
				}],
			"sum":	{
				"start":	14.002854,
				"end":	15.002358,
				"seconds":	0.999504029750824,
				"bytes":	1840644096,
				"bits_per_second":	14732459629.673506,
				"omitted":	false,
				"sender":	false
			}
		}, {
			"streams":	[{
					"socket":	5,
					"start":	15.002358,
					"end":	16.004093,
					"seconds":	1.0017349720001221,
					"bytes":	1849950208,
					"bits_per_second":	14773969241.036139,
					"omitted":	false,
					"sender":	false
				}],