{
	"start":	{
		"connected":	[{
				"socket":	5,
				"local_host":	"192.168.128.1",
				"local_port":	49278,
				"remote_host":	"192.168.128.4",
				"remote_port":	5201
			}],
		"version":	"iperf 3.18",
		"system_info":	"Darwin mimi-2.local 24.3.0 Darwin Kernel Version 24.3.0: Thu Jan  2 20:24:23 PST 2025; root:xnu-11215.81.4~3/RELEASE_ARM64_T8122 arm64",
		"timestamp":	{
			"time":	"Sat, 22 Feb 2025 16:29:25 UTC",
			"timesecs":	1740241765
		},
		"connecting_to":	{
			"host":	"192.168.128.4",
			"port":	5201
		},
		"cookie":	"4zlmysmz5fmbg3r4u4btrfy6qgf3eakpvxkx",
		"tcp_mss_default":	1448,
		"target_bitrate":	0,
		"fq_rate":	0,
		"sock_bufsize":	0,
		"sndbuf_actual":	131072,
		"rcvbuf_actual":	131072,
		"test_start":	{
			"protocol":	"TCP",
			"num_streams":	1,
			"blksize":	131072,
			"omit":	0,
			"duration":	30,
			"bytes":	0,
			"blocks":	0,
			"reverse":	1,
			"tos":	0,
			"target_bitrate":	0,
			"bidir":	0,
			"fqrate":	0,
			"interval":	1
		}
	},
	"intervals":	[{
			"streams":	[{
					"socket":	5,
					"start":	0,
					"end":	1.000924,
					"seconds":	1.0009239912033081,
					"bytes":	7707688960,
					"bits_per_second":	61604589581.143616,
					"omitted":	false,
					"sender":	false
				}],
			"sum":	{
				"start":	0,
				"end":	1.000924,
				"seconds":	1.0009239912033081,
				"bytes":	7707688960,
				"bits_per_second":	61604589581.143616,
				"omitted":	false,
				"sender":	false
			}
		}, {
			"streams":	[{
					"socket":	5,
					"start":	1.000924,
					"end":	2.001912,
					"seconds":	1.0009880065917969,
					"bytes":	7869825024,
					"bits_per_second":	62896458076.819427,
					"omitted":	false,
					"sender":	false
				}],
			"sum":	{
				"start":	1.000924,
				"end":	2.001912,
				"seconds":	1.0009880065917969,
				"bytes":	7869825024,
				"bits_per_second":	62896458076.819427,
				"omitted":	false,
				"sender":	false
			}
		}, {
			"streams":	[{
					"socket":	5,
					"start":	2.001912,
					"end":	3.002066,
					"seconds":	1.0001540184020996,
					"bytes":	7621050368,
					"bits_per_second":	60959014134.0495,
					"omitted":	false,
					"sender":	false
				}],
			"sum":	{
				"start":	2.001912,
				"end":	3.002066,
				"seconds":	1.0001540184020996,
				"bytes":	7621050368,
				"bits_per_second":	60959014134.0495,
				"omitted":	false,
				"sender":	false
			}
		}, {
			"streams":	[{
					"socket":	5,
					"start":	3.002066,
					"end":	4.003875,
					"seconds":	1.0018090009689331,
					"bytes":	7013007360,
					"bits_per_second":	56002749851.256157,
					"omitted":	false,
					"sender":	false
				}],
			"sum":	{
				"start":	3.002066,
				"end":	4.003875,
				"seconds":	1.0018090009689331,
				"bytes":	7013007360,
				"bits_per_second":	56002749851.256157,
				"omitted":	false,
				"sender":	false
			}
		}, {
			"streams":	[{
					"socket":	5,
					"start":	4.003875,
					"end":	5.004871,
					"seconds":	1.0009959936141968,
					"bytes":	7881752576,
					"bits_per_second":	62991281693.683022,
					"omitted":	false,
					"sender":	false
				}],
			"sum":	{
				"start":	4.003875,
				"end":	5.004871,
				"seconds":	1.0009959936141968,
				"bytes":	7881752576,
				"bits_per_second":	62991281693.683022,
				"omitted":	false,
				"sender":	false
			}
		}, {
			"streams":	[{
					"socket":	5,
					"start":	5.004871,
					"end":	6.004905,
					"seconds":	1.000033974647522,
					"bytes":	7871266816,
					"bits_per_second":	62967995212.557487,
					"omitted":	false,
					"sender":	false
				}],
			"sum":	{
				"start":	5.004871,
				"end":	6.004905,
				"seconds":	1.000033974647522,
				"bytes":	7871266816,
				"bits_per_second":	62967995212.557487,
				"omitted":	false,
				"sender":	false
			}
		}, {
			"streams":	[{
					"socket":	5,
					"start":	6.004905,
					"end":	7.001056,
					"seconds":	0.99615097045898438,
					"bytes":	7880704000,
					"bits_per_second":	63289234131.801559,
					"omitted":	false,
					"sender":	false
				}],
			"sum":	{
				"start":	6.004905,
				"end":	7.001056,
				"seconds":	0.99615097045898438,
				"bytes":	7880704000,
				"bits_per_second":	63289234131.801559,
				"omitted":	false,
				"sender":	false
			}
		}, {
			"streams":	[{
					"socket":	5,
					"start":	7.001056,
					"end":	8.004408,
					"seconds":	1.0033520460128784,
					"bytes":	7867596800,
					"bits_per_second":	62730498881.338936,
					"omitted":	false,
					"sender":	false
				}],
			"sum":	{
				"start":	7.001056,
				"end":	8.004408,
				"seconds":	1.0033520460128784,
				"bytes":	7867596800,
				"bits_per_second":	62730498881.338936,
				"omitted":	false,
				"sender":	false
			}
		}, {
			"streams":	[{
					"socket":	5,
					"start":	8.004408,
					"end":	9.005036,
					"seconds":	1.0006279945373535,
					"bytes":	7810842624,
					"bits_per_second":	62447524287.875961,
					"omitted":	false,
					"sender":	false
				}],
			"sum":	{
				"start":	8.004408,
				"end":	9.005036,
				"seconds":	1.0006279945373535,
				"bytes":	7810842624,
				"bits_per_second":	62447524287.875961,
				"omitted":	false,
				"sender":	false
			}
		}, {
			"streams":	[{
					"socket":	5,
					"start":	9.005036,
					"end":	10.00085,
					"seconds":	0.995814025402069,
					"bytes":	7778992128,
					"bits_per_second":	62493533367.2101,
					"omitted":	false,
					"sender":	false
				}],
			"sum":	{
				"start":	9.005036,
				"end":	10.00085,
				"seconds":	0.995814025402069,
				"bytes":	7778992128,
				"bits_per_second":	62493533367.2101,
				"omitted":	false,
				"sender":	false
			}
		}, {
			"streams":	[{
					"socket":	5,
					"start":	10.00085,
					"end":	11.001157,
					"seconds":	1.0003069639205933,
					"bytes":	7717912576,
					"bits_per_second":	61724353458.4663,
					"omitted":	false,
					"sender":	false
				}],
			"sum":	{
				"start":	10.00085,
				"end":	11.001157,
				"seconds":	1.0003069639205933,
				"bytes":	7717912576,
				"bits_per_second":	61724353458.4663,
				"omitted":	false,
				"sender":	false
			}
		}, {
			"streams":	[{
					"socket":	5,
					"start":	11.001157,
					"end":	12.00503,
					"seconds":	1.0038729906082153,
					"bytes":	7789215744,
					"bits_per_second":	62073316579.8654,
					"omitted":	false,
					"sender":	false
				}],
			"sum":	{
				"start":	11.001157,
				"end":	12.00503,
				"seconds":	1.0038729906082153,
				"bytes":	7789215744,
				"bits_per_second":	62073316579.8654,
				"omitted":	false,
				"sender":	false
			}
		}, {
			"streams":	[{
					"socket":	5,
					"start":	12.00503,
					"end":	13.004884,
					"seconds":	0.999854028224945,
					"bytes":	7743995904,
					"bits_per_second":	61961011790.875313,
					"omitted":	false,
					"sender":	false
				}],
			"sum":	{
				"start":	12.00503,
				"end":	13.004884,
				"seconds":	0.999854028224945,
				"bytes":	7743995904,
				"bits_per_second":	61961011790.875313,
				"omitted":	false,
				"sender":	false
			}
		}, {
			"streams":	[{
					"socket":	5,
					"start":	13.004884,
					"end":	14.003824,
					"seconds":	0.99893999099731445,
					"bytes":	7340294144,
					"bits_per_second":	58784665426.572021,
					"omitted":	false,
					"sender":	false
				}],
			"sum":	{
				"start":	13.004884,
				"end":	14.003824,
				"seconds":	0.99893999099731445,
				"bytes":	7340294144,
				"bits_per_second":	58784665426.572021,
				"omitted":	false,
				"sender":	false
			}
		}, {
			"streams":	[{
					"socket":	5,
					"start":	14.003824,
					"end":	15.000826,
					"seconds":	0.9970020055770874,
					"bytes":	7466909696,
					"bits_per_second":	59914902110.376259,
					"omitted":	false,
					"sender":	false
				}],
			"sum":	{
				"start":	14.003824,
				"end":	15.000826,
				"seconds":	0.9970020055770874,
				"bytes":	7466909696,
				"bits_per_second":	59914902110.376259,
				"omitted":	false,
				"sender":	false
			}
		}, {
			"streams":	[{
					"socket":	5,
					"start":	15.000826,
					"end":	16.003844,
					"seconds":	1.0030180215835571,
					"bytes":	7507935232,
					"bits_per_second":	59882754410.705643,
					"omitted":	false,
					"sender":	false
				}],