{
	"start":	{
		"connected":	[{
				"socket":	5,
				"local_host":	"192.168.105.1",
				"local_port":	49610,
				"remote_host":	"192.168.105.6",
				"remote_port":	5201
			}],
		"version":	"iperf 3.8.1 -  -- Apple version iperf3-117",
		"system_info":	"Darwin mimi-2.local 24.3.0 Darwin Kernel Version 24.3.0: Thu Jan  2 20:24:23 PST 2025; root:xnu-11215.81.4~3/RELEASE_ARM64_T8122 arm64",
		"timestamp":	{
			"time":	"Sat, 22 Feb 2025 17:33:05 UTC",
			"timesecs":	1740245585
		},
		"connecting_to":	{
			"host":	"192.168.105.6",
			"port":	5201
		},
		"cookie":	"tmvlfosndwve3fiztfymzv5f7iu6y6xhvzyz",
		"tcp_mss_default":	1448,
		"sock_bufsize":	0,
		"sndbuf_actual":	131072,
		"rcvbuf_actual":	131072,
		"test_start":	{
			"protocol":	"TCP",
			"num_streams":	1,
			"blksize":	131072,
			"omit":	0,
			"duration":	30,
			"bytes":	0,
			"blocks":	0,
			"reverse":	0,
			"tos":	0
		}
	},
	"intervals":	[{
			"streams":	[{
					"socket":	5,
					"start":	0,
					"end":	1.000019,
					"seconds":	1.0000189542770386,
					"bytes":	346592256,
					"bits_per_second":	2772685493.75101,
					"retransmits":	0,
					"snd_cwnd":	6597125,
					"rtt":	8,
					"rttvar":	0,
					"pmtu":	-1,
					"omitted":	false,
					"sender":	true
				}],
			"sum":	{
				"start":	0,
				"end":	1.000019,
				"seconds":	1.0000189542770386,
				"bytes":	346592256,
				"bits_per_second":	2772685493.75101,
				"retransmits":	0,
				"omitted":	false,
				"sender":	true
			}
		}, {
			"streams":	[{
					"socket":	5,
					"start":	1.000019,
					"end":	2.000036,
					"seconds":	1.0000170469284058,
					"bytes":	345844616,
					"bits_per_second":	2766709764.0967321,
					"retransmits":	0,
					"snd_cwnd":	7200941,
					"rtt":	10,
					"rttvar":	0,
					"pmtu":	-1,
					"omitted":	false,
					"sender":	true
				}],
			"sum":	{
				"start":	1.000019,
				"end":	2.000036,
				"seconds":	1.0000170469284058,
				"bytes":	345844616,
				"bits_per_second":	2766709764.0967321,
				"retransmits":	0,
				"omitted":	false,
				"sender":	true
			}
		}, {
			"streams":	[{
					"socket":	5,
					"start":	2.000036,
					"end":	3.000021,
					"seconds":	0.9999849796295166,
					"bytes":	348508984,
					"bits_per_second":	2788113750.5014825,
					"retransmits":	0,
					"snd_cwnd":	7200941,
					"rtt":	10,
					"rttvar":	0,
					"pmtu":	-1,
					"omitted":	false,
					"sender":	true
				}],
			"sum":	{
				"start":	2.000036,
				"end":	3.000021,
				"seconds":	0.9999849796295166,
				"bytes":	348508984,
				"bits_per_second":	2788113750.5014825,
				"retransmits":	0,
				"omitted":	false,
				"sender":	true
			}
		}, {
			"streams":	[{
					"socket":	5,
					"start":	3.000021,
					"end":	4.000021,
					"seconds":	1,
					"bytes":	348268616,
					"bits_per_second":	2786148928,
					"retransmits":	0,
					"snd_cwnd":	7200941,
					"rtt":	9,
					"rttvar":	0,
					"pmtu":	-1,
					"omitted":	false,
					"sender":	true
				}],
			"sum":	{
				"start":	3.000021,
				"end":	4.000021,
				"seconds":	1,
				"bytes":	348268616,
				"bits_per_second":	2786148928,
				"retransmits":	0,
				"omitted":	false,
				"sender":	true
			}
		}, {
			"streams":	[{
					"socket":	5,
					"start":	4.000021,
					"end":	5.000162,
					"seconds":	1.0001410245895386,
					"bytes":	349668832,
					"bits_per_second":	2796956216.397625,
					"retransmits":	0,
					"snd_cwnd":	7200941,
					"rtt":	9,
					"rttvar":	0,
					"pmtu":	-1,
					"omitted":	false,
					"sender":	true
				}],
			"sum":	{
				"start":	4.000021,
				"end":	5.000162,
				"seconds":	1.0001410245895386,
				"bytes":	349668832,
				"bits_per_second":	2796956216.397625,
				"retransmits":	0,
				"omitted":	false,
				"sender":	true
			}
		}, {
			"streams":	[{
					"socket":	5,
					"start":	5.000162,
					"end":	6.000017,
					"seconds":	0.99985498189926147,
					"bytes":	349344480,
					"bits_per_second":	2795161188.9668822,
					"retransmits":	0,
					"snd_cwnd":	7200941,
					"rtt":	9,
					"rttvar":	0,
					"pmtu":	-1,
					"omitted":	false,
					"sender":	true
				}],
			"sum":	{
				"start":	5.000162,
				"end":	6.000017,
				"seconds":	0.99985498189926147,
				"bytes":	349344480,
				"bits_per_second":	2795161188.9668822,
				"retransmits":	0,
				"omitted":	false,
				"sender":	true
			}
		}, {
			"streams":	[{
					"socket":	5,
					"start":	6.000017,
					"end":	7.000064,
					"seconds":	1.000046968460083,
					"bytes":	355340648,
					"bits_per_second":	2842591671.8465285,
					"retransmits":	0,
					"snd_cwnd":	7200941,
					"rtt":	10,
					"rttvar":	0,
					"pmtu":	-1,
					"omitted":	false,
					"sender":	true
				}],
			"sum":	{
				"start":	6.000017,
				"end":	7.000064,
				"seconds":	1.000046968460083,
				"bytes":	355340648,
				"bits_per_second":	2842591671.8465285,
				"retransmits":	0,
				"omitted":	false,
				"sender":	true
			}
		}, {
			"streams":	[{
					"socket":	5,
					"start":	7.000064,
					"end":	8.000007,
					"seconds":	0.99994301795959473,
					"bytes":	350663608,
					"bits_per_second":	2805468725.3322625,
					"retransmits":	0,
					"snd_cwnd":	7200941,
					"rtt":	10,
					"rttvar":	0,
					"pmtu":	-1,
					"omitted":	false,
					"sender":	true
				}],
			"sum":	{
				"start":	7.000064,
				"end":	8.000007,
				"seconds":	0.99994301795959473,
				"bytes":	350663608,
				"bits_per_second":	2805468725.3322625,
				"retransmits":	0,
				"omitted":	false,
				"sender":	true
			}
		}, {
			"streams":	[{
					"socket":	5,
					"start":	8.000007,
					"end":	9.000011,
					"seconds":	1.0000040531158447,
					"bytes":	353928848,
					"bits_per_second":	2831419307.92954,
					"retransmits":	0,
					"snd_cwnd":	7200941,
					"rtt":	10,
					"rttvar":	0,
					"pmtu":	-1,
					"omitted":	false,
					"sender":	true
				}],
			"sum":	{
				"start":	8.000007,
				"end":	9.000011,
				"seconds":	1.0000040531158447,
				"bytes":	353928848,
				"bits_per_second":	2831419307.92954,
				"retransmits":	0,
				"omitted":	false,
				"sender":	true
			}
		}, {
			"streams":	[{
					"socket":	5,
					"start":	9.000011,
					"end":	10.000023,
					"seconds":	1.0000120401382446,
					"bytes":	352719768,
					"bits_per_second":	2821724170.0509043,
					"retransmits":	0,
					"snd_cwnd":	7200941,
					"rtt":	8,
					"rttvar":	0,
					"pmtu":	-1,
					"omitted":	false,
					"sender":	true
				}],
			"sum":	{
				"start":	9.000011,
				"end":	10.000023,
				"seconds":	1.0000120401382446,
				"bytes":	352719768,
				"bits_per_second":	2821724170.0509043,
				"retransmits":	0,
				"omitted":	false,
				"sender":	true
			}
		}, {
			"streams":	[{
					"socket":	5,
					"start":	10.000023,
					"end":	11.000041,
					"seconds":	1.0000180006027222,
					"bytes":	350242240,
					"bits_per_second":	2801887484.3365221,
					"retransmits":	0,
					"snd_cwnd":	7200941,
					"rtt":	10,
					"rttvar":	0,
					"pmtu":	-1,
					"omitted":	false,
					"sender":	true
				}],
			"sum":	{
				"start":	10.000023,
				"end":	11.000041,
				"seconds":	1.0000180006027222,
				"bytes":	350242240,
				"bits_per_second":	2801887484.3365221,
				"retransmits":	0,
				"omitted":	false,
				"sender":	true
			}
		}, {
			"streams":	[{
					"socket":	5,
					"start":	11.000041,
					"end":	12.000024,
					"seconds":	0.999983012676239,
					"bytes":	350974928,
					"bits_per_second":	2807847121.80813,
					"retransmits":	0,
					"snd_cwnd":	7200941,
					"rtt":	8,
					"rttvar":	0,
					"pmtu":	-1,
					"omitted":	false,
					"sender":	true
				}],
			"sum":	{
				"start":	11.000041,
				"end":	12.000024,
				"seconds":	0.999983012676239,
				"bytes":	350974928,
				"bits_per_second":	2807847121.80813,
				"retransmits":	0,
				"omitted":	false,
				"sender":	true
			}
		}, {
			"streams":	[{
					"socket":	5,
					"start":	12.000024,
					"end":	13.000005,
					"seconds":	0.99998098611831665,
					"bytes":	348086168,
					"bits_per_second":	2784742292.7604733,
					"retransmits":	0,
					"snd_cwnd":	7200941,
					"rtt":	9,
					"rttvar":	0,
					"pmtu":	-1,
					"omitted":	false,