{
	"start":	{
		"connected":	[{
				"socket":	5,
				"local_host":	"10.100.102.151",
				"local_port":	50804,
				"remote_host":	"10.100.102.179",
				"remote_port":	5201
			}],
		"version":	"iperf 3.8.1 -  -- Apple version iperf3-117.100.3",
		"system_info":	"Darwin space-gray.local 24.6.0 Darwin Kernel Version 24.6.0: Mon Jul 14 11:30:30 PDT 2025; root:xnu-11417.140.69~1/RELEASE_ARM64_T6020 arm64",
		"timestamp":	{
			"time":	"Sun, 31 Aug 2025 07:27:14 UTC",
			"timesecs":	1756625234
		},
		"connecting_to":	{
			"host":	"10.100.102.179",
			"port":	5201
		},
		"cookie":	"tvr6asxsxdd3bfoloyzjste5adjxdbhawnzs",
		"tcp_mss_default":	1448,
		"sock_bufsize":	0,
		"sndbuf_actual":	131072,
		"rcvbuf_actual":	131072,
		"test_start":	{
			"protocol":	"TCP",
			"num_streams":	1,
			"blksize":	131072,
			"omit":	0,
			"duration":	30,
			"bytes":	0,
			"blocks":	0,
			"reverse":	0,
			"tos":	0
		}
	},
	"intervals":	[{
			"streams":	[{
					"socket":	5,
					"start":	0,
					"end":	1.000013,
					"seconds":	1.000012993812561,
					"bytes":	225933144,
					"bits_per_second":	1807441666.4417713,
					"retransmits":	0,
					"snd_cwnd":	8388480,
					"rtt":	19,
					"rttvar":	0,
					"pmtu":	-1,
					"omitted":	false,
					"sender":	true
				}],
			"sum":	{
				"start":	0,
				"end":	1.000013,
				"seconds":	1.000012993812561,
				"bytes":	225933144,
				"bits_per_second":	1807441666.4417713,
				"retransmits":	0,
				"omitted":	false,
				"sender":	true
			}
		}, {
			"streams":	[{
					"socket":	5,
					"start":	1.000013,
					"end":	2.000026,
					"seconds":	1.000012993812561,
					"bytes":	225056552,
					"bits_per_second":	1800429021.5627644,
					"retransmits":	0,
					"snd_cwnd":	8388480,
					"rtt":	19,
					"rttvar":	0,
					"pmtu":	-1,
					"omitted":	false,
					"sender":	true
				}],
			"sum":	{
				"start":	1.000013,
				"end":	2.000026,
				"seconds":	1.000012993812561,
				"bytes":	225056552,
				"bits_per_second":	1800429021.5627644,
				"retransmits":	0,
				"omitted":	false,
				"sender":	true
			}
		}, {
			"streams":	[{
					"socket":	5,
					"start":	2.000026,
					"end":	3.000013,
					"seconds":	0.999987006187439,
					"bytes":	225415656,
					"bits_per_second":	1803348680.3747349,
					"retransmits":	0,
					"snd_cwnd":	8388480,
					"rtt":	18,
					"rttvar":	0,
					"pmtu":	-1,
					"omitted":	false,
					"sender":	true
				}],
			"sum":	{
				"start":	2.000026,
				"end":	3.000013,
				"seconds":	0.999987006187439,
				"bytes":	225415656,
				"bits_per_second":	1803348680.3747349,
				"retransmits":	0,
				"omitted":	false,
				"sender":	true
			}
		}, {
			"streams":	[{
					"socket":	5,
					"start":	3.000013,
					"end":	4.000017,
					"seconds":	1.0000040531158447,
					"bytes":	224840248,
					"bits_per_second":	1798714693.6009753,
					"retransmits":	0,
					"snd_cwnd":	8388480,
					"rtt":	19,
					"rttvar":	0,
					"pmtu":	-1,
					"omitted":	false,
					"sender":	true
				}],
			"sum":	{
				"start":	3.000013,
				"end":	4.000017,
				"seconds":	1.0000040531158447,
				"bytes":	224840248,
				"bits_per_second":	1798714693.6009753,
				"retransmits":	0,
				"omitted":	false,
				"sender":	true
			}
		}, {
			"streams":	[{
					"socket":	5,
					"start":	4.000017,
					"end":	5.000002,
					"seconds":	0.9999849796295166,
					"bytes":	227426928,
					"bits_per_second":	1819442752.7042189,
					"retransmits":	0,
					"snd_cwnd":	8388480,
					"rtt":	19,
					"rttvar":	0,
					"pmtu":	-1,
					"omitted":	false,
					"sender":	true
				}],
			"sum":	{
				"start":	4.000017,
				"end":	5.000002,
				"seconds":	0.9999849796295166,
				"bytes":	227426928,
				"bits_per_second":	1819442752.7042189,
				"retransmits":	0,
				"omitted":	false,
				"sender":	true
			}
		}, {
			"streams":	[{
					"socket":	5,
					"start":	5.000002,
					"end":	6.000033,
					"seconds":	1.0000309944152832,
					"bytes":	224888032,
					"bits_per_second":	1799048495.5438144,
					"retransmits":	0,
					"snd_cwnd":	8388480,
					"rtt":	19,
					"rttvar":	0,
					"pmtu":	-1,
					"omitted":	false,
					"sender":	true
				}],
			"sum":	{
				"start":	5.000002,
				"end":	6.000033,
				"seconds":	1.0000309944152832,
				"bytes":	224888032,
				"bits_per_second":	1799048495.5438144,
				"retransmits":	0,
				"omitted":	false,
				"sender":	true
			}
		}, {
			"streams":	[{
					"socket":	5,
					"start":	6.000033,
					"end":	7.000023,
					"seconds":	0.99998998641967773,
					"bytes":	226129520,
					"bits_per_second":	1809054275.1102912,
					"retransmits":	0,
					"snd_cwnd":	8388480,
					"rtt":	18,
					"rttvar":	0,
					"pmtu":	-1,
					"omitted":	false,
					"sender":	true
				}],
			"sum":	{
				"start":	6.000033,
				"end":	7.000023,
				"seconds":	0.99998998641967773,
				"bytes":	226129520,
				"bits_per_second":	1809054275.1102912,
				"retransmits":	0,
				"omitted":	false,
				"sender":	true
			}
		}, {
			"streams":	[{
					"socket":	5,
					"start":	7.000023,
					"end":	8.00003,
					"seconds":	1.0000070333480835,
					"bytes":	224600432,
					"bits_per_second":	1796790818.54474,
					"retransmits":	0,
					"snd_cwnd":	8388480,
					"rtt":	18,
					"rttvar":	0,
					"pmtu":	-1,
					"omitted":	false,
					"sender":	true
				}],
			"sum":	{
				"start":	7.000023,
				"end":	8.00003,
				"seconds":	1.0000070333480835,
				"bytes":	224600432,
				"bits_per_second":	1796790818.54474,
				"retransmits":	0,
				"omitted":	false,
				"sender":	true
			}
		}, {
			"streams":	[{
					"socket":	5,
					"start":	8.00003,
					"end":	9.000017,
					"seconds":	0.999987006187439,
					"bytes":	225401176,
					"bits_per_second":	1803232838.8695121,
					"retransmits":	0,
					"snd_cwnd":	8388480,
					"rtt":	19,
					"rttvar":	0,
					"pmtu":	-1,
					"omitted":	false,
					"sender":	true
				}],
			"sum":	{
				"start":	8.00003,
				"end":	9.000017,
				"seconds":	0.999987006187439,
				"bytes":	225401176,
				"bits_per_second":	1803232838.8695121,
				"retransmits":	0,
				"omitted":	false,
				"sender":	true
			}
		}, {
			"streams":	[{
					"socket":	5,
					"start":	9.000017,
					"end":	10.00002,
					"seconds":	1.0000029802322388,
					"bytes":	226512688,
					"bits_per_second":	1812096103.5327725,
					"retransmits":	0,
					"snd_cwnd":	8388480,
					"rtt":	19,
					"rttvar":	0,
					"pmtu":	-1,
					"omitted":	false,
					"sender":	true
				}],
			"sum":	{
				"start":	9.000017,
				"end":	10.00002,
				"seconds":	1.0000029802322388,
				"bytes":	226512688,
				"bits_per_second":	1812096103.5327725,
				"retransmits":	0,
				"omitted":	false,
				"sender":	true
			}
		}, {
			"streams":	[{
					"socket":	5,
					"start":	10.00002,
					"end":	11.000008,
					"seconds":	0.9999880194664,
					"bytes":	226968808,
					"bits_per_second":	1815772217.9200664,
					"retransmits":	0,
					"snd_cwnd":	8388480,
					"rtt":	17,
					"rttvar":	0,
					"pmtu":	-1,
					"omitted":	false,
					"sender":	true
				}],
			"sum":	{
				"start":	10.00002,
				"end":	11.000008,
				"seconds":	0.9999880194664,
				"bytes":	226968808,
				"bits_per_second":	1815772217.9200664,
				"retransmits":	0,
				"omitted":	false,
				"sender":	true
			}
		}, {
			"streams":	[{
					"socket":	5,
					"start":	11.000008,
					"end":	12.000021,
					"seconds":	1.000012993812561,
					"bytes":	224791568,
					"bits_per_second":	1798309177.107626,
					"retransmits":	0,
					"snd_cwnd":	8388480,
					"rtt":	17,
					"rttvar":	0,
					"pmtu":	-1,
					"omitted":	false,
					"sender":	true
				}],
			"sum":	{
				"start":	11.000008,
				"end":	12.000021,
				"seconds":	1.000012993812561,
				"bytes":	224791568,
				"bits_per_second":	1798309177.107626,
				"retransmits":	0,
				"omitted":	false,
				"sender":	true
			}
		}, {
			"streams":	[{
					"socket":	5,
					"start":	12.000021,
					"end":	13.000036,
					"seconds":	1.0000150203704834,
					"bytes":	225424344,
					"bits_per_second":	1803367664.7495577,
					"retransmits":	0,
					"snd_cwnd":	8388480,
					"rtt":	19,
					"rttvar":	1,