{
	"start":	{
		"connected":	[{
				"socket":	5,
				"local_host":	"10.100.102.151",
				"local_port":	50806,
				"remote_host":	"10.100.102.179",
				"remote_port":	5201
			}],
		"version":	"iperf 3.8.1 -  -- Apple version iperf3-117.100.3",
		"system_info":	"Darwin space-gray.local 24.6.0 Darwin Kernel Version 24.6.0: Mon Jul 14 11:30:30 PDT 2025; root:xnu-11417.140.69~1/RELEASE_ARM64_T6020 arm64",
		"timestamp":	{
			"time":	"Sun, 31 Aug 2025 07:27:44 UTC",
			"timesecs":	1756625264
		},
		"connecting_to":	{
			"host":	"10.100.102.179",
			"port":	5201
		},
		"cookie":	"4hwakzr3bvnukghd7rn472zobxgxxkubynga",
		"tcp_mss_default":	1448,
		"sock_bufsize":	0,
		"sndbuf_actual":	131072,
		"rcvbuf_actual":	131072,
		"test_start":	{
			"protocol":	"TCP",
			"num_streams":	1,
			"blksize":	131072,
			"omit":	0,
			"duration":	30,
			"bytes":	0,
			"blocks":	0,
			"reverse":	1,
			"tos":	0
		}
	},
	"intervals":	[{
			"streams":	[{
					"socket":	5,
					"start":	0,
					"end":	1.000006,
					"seconds":	1.0000059604644775,
					"bytes":	159381824,
					"bits_per_second":	1275046992.1276963,
					"omitted":	false,
					"sender":	false
				}],
			"sum":	{
				"start":	0,
				"end":	1.000006,
				"seconds":	1.0000059604644775,
				"bytes":	159381824,
				"bits_per_second":	1275046992.1276963,
				"omitted":	false,
				"sender":	false
			}
		}, {
			"streams":	[{
					"socket":	5,
					"start":	1.000006,
					"end":	2.000034,
					"seconds":	1.0000280141830444,
					"bytes":	160860264,
					"bits_per_second":	1286846062.0588675,
					"omitted":	false,
					"sender":	false
				}],
			"sum":	{
				"start":	1.000006,
				"end":	2.000034,
				"seconds":	1.0000280141830444,
				"bytes":	160860264,
				"bits_per_second":	1286846062.0588675,
				"omitted":	false,
				"sender":	false
			}
		}, {
			"streams":	[{
					"socket":	5,
					"start":	2.000034,
					"end":	3.00001,
					"seconds":	0.99997597932815552,
					"bytes":	159804752,
					"bits_per_second":	1278468725.6777229,
					"omitted":	false,
					"sender":	false
				}],
			"sum":	{
				"start":	2.000034,
				"end":	3.00001,
				"seconds":	0.99997597932815552,
				"bytes":	159804752,
				"bits_per_second":	1278468725.6777229,
				"omitted":	false,
				"sender":	false
			}
		}, {
			"streams":	[{
					"socket":	5,
					"start":	3.00001,
					"end":	4.00001,
					"seconds":	1,
					"bytes":	160663752,
					"bits_per_second":	1285310016,
					"omitted":	false,
					"sender":	false
				}],
			"sum":	{
				"start":	3.00001,
				"end":	4.00001,
				"seconds":	1,
				"bytes":	160663752,
				"bits_per_second":	1285310016,
				"omitted":	false,
				"sender":	false
			}
		}, {
			"streams":	[{
					"socket":	5,
					"start":	4.00001,
					"end":	5.000013,
					"seconds":	1.0000029802322388,
					"bytes":	160033456,
					"bits_per_second":	1280263832.5164523,
					"omitted":	false,
					"sender":	false
				}],
			"sum":	{
				"start":	4.00001,
				"end":	5.000013,
				"seconds":	1.0000029802322388,
				"bytes":	160033456,
				"bits_per_second":	1280263832.5164523,
				"omitted":	false,
				"sender":	false
			}
		}, {
			"streams":	[{
					"socket":	5,
					"start":	5.000013,
					"end":	6.000024,
					"seconds":	1.0000109672546387,
					"bytes":	160013960,
					"bits_per_second":	1280097640.8432105,
					"omitted":	false,
					"sender":	false
				}],
			"sum":	{
				"start":	5.000013,
				"end":	6.000024,
				"seconds":	1.0000109672546387,
				"bytes":	160013960,
				"bits_per_second":	1280097640.8432105,
				"omitted":	false,
				"sender":	false
			}
		}, {
			"streams":	[{
					"socket":	5,
					"start":	6.000024,
					"end":	7.000018,
					"seconds":	0.99999397993087769,
					"bytes":	159790888,
					"bits_per_second":	1278334799.6638556,
					"omitted":	false,
					"sender":	false
				}],
			"sum":	{
				"start":	6.000024,
				"end":	7.000018,
				"seconds":	0.99999397993087769,
				"bytes":	159790888,
				"bits_per_second":	1278334799.6638556,
				"omitted":	false,
				"sender":	false
			}
		}, {
			"streams":	[{
					"socket":	5,
					"start":	7.000018,
					"end":	8.000015,
					"seconds":	0.99999701976776123,
					"bytes":	159498328,
					"bits_per_second":	1275990426.7478061,
					"omitted":	false,
					"sender":	false
				}],
			"sum":	{
				"start":	7.000018,
				"end":	8.000015,
				"seconds":	0.99999701976776123,
				"bytes":	159498328,
				"bits_per_second":	1275990426.7478061,
				"omitted":	false,
				"sender":	false
			}
		}, {
			"streams":	[{
					"socket":	5,
					"start":	8.000015,
					"end":	9.000029,
					"seconds":	1.0000139474868774,
					"bytes":	160190736,
					"bits_per_second":	1281508014.1837888,
					"omitted":	false,
					"sender":	false
				}],
			"sum":	{
				"start":	8.000015,
				"end":	9.000029,
				"seconds":	1.0000139474868774,
				"bytes":	160190736,
				"bits_per_second":	1281508014.1837888,
				"omitted":	false,
				"sender":	false
			}
		}, {
			"streams":	[{
					"socket":	5,
					"start":	9.000029,
					"end":	10.000016,
					"seconds":	0.999987006187439,
					"bytes":	160644592,
					"bits_per_second":	1285173435.3027267,
					"omitted":	false,
					"sender":	false
				}],
			"sum":	{
				"start":	9.000029,
				"end":	10.000016,
				"seconds":	0.999987006187439,
				"bytes":	160644592,
				"bits_per_second":	1285173435.3027267,
				"omitted":	false,
				"sender":	false
			}
		}, {
			"streams":	[{
					"socket":	5,
					"start":	10.000016,
					"end":	11.000008,
					"seconds":	0.9999920129776,
					"bytes":	159339944,
					"bits_per_second":	1274729733.2949336,
					"omitted":	false,
					"sender":	false
				}],
			"sum":	{
				"start":	10.000016,
				"end":	11.000008,
				"seconds":	0.9999920129776,
				"bytes":	159339944,
				"bits_per_second":	1274729733.2949336,
				"omitted":	false,
				"sender":	false
			}
		}, {
			"streams":	[{
					"socket":	5,
					"start":	11.000008,
					"end":	12.000017,
					"seconds":	1.0000089406967163,
					"bytes":	156694584,
					"bits_per_second":	1253545464.4301825,
					"omitted":	false,
					"sender":	false
				}],
			"sum":	{
				"start":	11.000008,
				"end":	12.000017,
				"seconds":	1.0000089406967163,
				"bytes":	156694584,
				"bits_per_second":	1253545464.4301825,
				"omitted":	false,
				"sender":	false
			}
		}, {
			"streams":	[{
					"socket":	5,
					"start":	12.000017,
					"end":	13.000022,
					"seconds":	1.0000050067901611,
					"bytes":	160890200,
					"bits_per_second":	1287115155.6845024,
					"omitted":	false,
					"sender":	false
				}],
			"sum":	{
				"start":	12.000017,
				"end":	13.000022,
				"seconds":	1.0000050067901611,
				"bytes":	160890200,
				"bits_per_second":	1287115155.6845024,
				"omitted":	false,
				"sender":	false
			}
		}, {
			"streams":	[{
					"socket":	5,
					"start":	13.000022,
					"end":	14.000033,
					"seconds":	1.0000109672546387,
					"bytes":	160748648,
					"bits_per_second":	1285975080.3838344,
					"omitted":	false,
					"sender":	false
				}],
			"sum":	{
				"start":	13.000022,
				"end":	14.000033,
				"seconds":	1.0000109672546387,
				"bytes":	160748648,
				"bits_per_second":	1285975080.3838344,
				"omitted":	false,
				"sender":	false
			}
		}, {
			"streams":	[{
					"socket":	5,
					"start":	14.000033,
					"end":	15.000011,
					"seconds":	0.999978005886078,
					"bytes":	159740408,
					"bits_per_second":	1277951371.4080496,
					"omitted":	false,
					"sender":	false
				}],
			"sum":	{
				"start":	14.000033,
				"end":	15.000011,
				"seconds":	0.999978005886078,
				"bytes":	159740408,
				"bits_per_second":	1277951371.4080496,
				"omitted":	false,
				"sender":	false
			}
		}, {
			"streams":	[{
					"socket":	5,
					"start":	15.000011,
					"end":	16.000011,
					"seconds":	1,
					"bytes":	160539504,
					"bits_per_second":	1284316032,
					"omitted":	false,
					"sender":	false
				}],
			"sum":	{
				"start":	15.000011,
				"end":	16.000011,
				"seconds":	1,
				"bytes":	160539504,
				"bits_per_second":	1284316032,
				"omitted":	false,