{
	"start":	{
		"connected":	[{
				"socket":	5,
				"local_host":	"10.100.102.149",
				"local_port":	49518,
				"remote_host":	"10.100.102.182",
				"remote_port":	5201
			}],
		"version":	"iperf 3.8.1 -  -- Apple version iperf3-117",
		"system_info":	"Darwin mimi-2.local 24.3.0 Darwin Kernel Version 24.3.0: Thu Jan  2 20:24:23 PST 2025; root:xnu-11215.81.4~3/RELEASE_ARM64_T8122 arm64",
		"timestamp":	{
			"time":	"Sat, 22 Feb 2025 17:22:59 UTC",
			"timesecs":	1740244979
		},
		"connecting_to":	{
			"host":	"10.100.102.182",
			"port":	5201
		},
		"cookie":	"p2ju4guq55yk6uqdldywfh73yhz24u32ljob",
		"tcp_mss_default":	1448,
		"sock_bufsize":	0,
		"sndbuf_actual":	131072,
		"rcvbuf_actual":	131072,
		"test_start":	{
			"protocol":	"TCP",
			"num_streams":	1,
			"blksize":	131072,
			"omit":	0,
			"duration":	30,
			"bytes":	0,
			"blocks":	0,
			"reverse":	1,
			"tos":	0
		}
	},
	"intervals":	[{
			"streams":	[{
					"socket":	5,
					"start":	0,
					"end":	1.000099,
					"seconds":	1.0000989437103271,
					"bytes":	482653968,
					"bits_per_second":	3860849737.2019858,
					"omitted":	false,
					"sender":	false
				}],
			"sum":	{
				"start":	0,
				"end":	1.000099,
				"seconds":	1.0000989437103271,
				"bytes":	482653968,
				"bits_per_second":	3860849737.2019858,
				"omitted":	false,
				"sender":	false
			}
		}, {
			"streams":	[{
					"socket":	5,
					"start":	1.000099,
					"end":	2.000052,
					"seconds":	0.99995297193527222,
					"bytes":	487642584,
					"bits_per_second":	3901324143.7243552,
					"omitted":	false,
					"sender":	false
				}],
			"sum":	{
				"start":	1.000099,
				"end":	2.000052,
				"seconds":	0.99995297193527222,
				"bytes":	487642584,
				"bits_per_second":	3901324143.7243552,
				"omitted":	false,
				"sender":	false
			}
		}, {
			"streams":	[{
					"socket":	5,
					"start":	2.000052,
					"end":	3.000035,
					"seconds":	0.999983012676239,
					"bytes":	486331920,
					"bits_per_second":	3890721452.9449849,
					"omitted":	false,
					"sender":	false
				}],
			"sum":	{
				"start":	2.000052,
				"end":	3.000035,
				"seconds":	0.999983012676239,
				"bytes":	486331920,
				"bits_per_second":	3890721452.9449849,
				"omitted":	false,
				"sender":	false
			}
		}, {
			"streams":	[{
					"socket":	5,
					"start":	3.000035,
					"end":	4.000039,
					"seconds":	1.0000040531158447,
					"bytes":	488284440,
					"bits_per_second":	3906259687.4769669,
					"omitted":	false,
					"sender":	false
				}],
			"sum":	{
				"start":	3.000035,
				"end":	4.000039,
				"seconds":	1.0000040531158447,
				"bytes":	488284440,
				"bits_per_second":	3906259687.4769669,
				"omitted":	false,
				"sender":	false
			}
		}, {
			"streams":	[{
					"socket":	5,
					"start":	4.000039,
					"end":	5.000019,
					"seconds":	0.99997997283935547,
					"bytes":	487745952,
					"bits_per_second":	3902045762.897336,
					"omitted":	false,
					"sender":	false
				}],
			"sum":	{
				"start":	4.000039,
				"end":	5.000019,
				"seconds":	0.99997997283935547,
				"bytes":	487745952,
				"bits_per_second":	3902045762.897336,
				"omitted":	false,
				"sender":	false
			}
		}, {
			"streams":	[{
					"socket":	5,
					"start":	5.000019,
					"end":	6.000005,
					"seconds":	0.99998599290847778,
					"bytes":	485288888,
					"bits_per_second":	3882365484.6486664,
					"omitted":	false,
					"sender":	false
				}],
			"sum":	{
				"start":	5.000019,
				"end":	6.000005,
				"seconds":	0.99998599290847778,
				"bytes":	485288888,
				"bits_per_second":	3882365484.6486664,
				"omitted":	false,
				"sender":	false
			}
		}, {
			"streams":	[{
					"socket":	5,
					"start":	6.000005,
					"end":	7.000008,
					"seconds":	1.0000029802322388,
					"bytes":	487713232,
					"bits_per_second":	3901694228.0450759,
					"omitted":	false,
					"sender":	false
				}],
			"sum":	{
				"start":	6.000005,
				"end":	7.000008,
				"seconds":	1.0000029802322388,
				"bytes":	487713232,
				"bits_per_second":	3901694228.0450759,
				"omitted":	false,
				"sender":	false
			}
		}, {
			"streams":	[{
					"socket":	5,
					"start":	7.000008,
					"end":	8.000006,
					"seconds":	0.99999797344207764,
					"bytes":	481015360,
					"bits_per_second":	3848130678.4597125,
					"omitted":	false,
					"sender":	false
				}],
			"sum":	{
				"start":	7.000008,
				"end":	8.000006,
				"seconds":	0.99999797344207764,
				"bytes":	481015360,
				"bits_per_second":	3848130678.4597125,
				"omitted":	false,
				"sender":	false
			}
		}, {
			"streams":	[{
					"socket":	5,
					"start":	8.000006,
					"end":	9.000013,
					"seconds":	1.0000070333480835,
					"bytes":	488537616,
					"bits_per_second":	3908273439.7524929,
					"omitted":	false,
					"sender":	false
				}],
			"sum":	{
				"start":	8.000006,
				"end":	9.000013,
				"seconds":	1.0000070333480835,
				"bytes":	488537616,
				"bits_per_second":	3908273439.7524929,
				"omitted":	false,
				"sender":	false
			}
		}, {
			"streams":	[{
					"socket":	5,
					"start":	9.000013,
					"end":	10.000061,
					"seconds":	1.000048041343689,
					"bytes":	485419848,
					"bits_per_second":	3883172231.1882381,
					"omitted":	false,
					"sender":	false
				}],
			"sum":	{
				"start":	9.000013,
				"end":	10.000061,
				"seconds":	1.000048041343689,
				"bytes":	485419848,
				"bits_per_second":	3883172231.1882381,
				"omitted":	false,
				"sender":	false
			}
		}, {
			"streams":	[{
					"socket":	5,
					"start":	10.000061,
					"end":	11.000005,
					"seconds":	0.999943971633911,
					"bytes":	488950520,
					"bits_per_second":	3911823333.06978,
					"omitted":	false,
					"sender":	false
				}],
			"sum":	{
				"start":	10.000061,
				"end":	11.000005,
				"seconds":	0.999943971633911,
				"bytes":	488950520,
				"bits_per_second":	3911823333.06978,
				"omitted":	false,
				"sender":	false
			}
		}, {
			"streams":	[{
					"socket":	5,
					"start":	11.000005,
					"end":	12.000004,
					"seconds":	0.99999898672103882,
					"bytes":	484547176,
					"bits_per_second":	3876381335.8556533,
					"omitted":	false,
					"sender":	false
				}],
			"sum":	{
				"start":	11.000005,
				"end":	12.000004,
				"seconds":	0.99999898672103882,
				"bytes":	484547176,
				"bits_per_second":	3876381335.8556533,
				"omitted":	false,
				"sender":	false
			}
		}, {
			"streams":	[{
					"socket":	5,
					"start":	12.000004,
					"end":	13.000006,
					"seconds":	1.0000020265579224,
					"bytes":	488815664,
					"bits_per_second":	3910517387.1100087,
					"omitted":	false,
					"sender":	false
				}],
			"sum":	{
				"start":	12.000004,
				"end":	13.000006,
				"seconds":	1.0000020265579224,
				"bytes":	488815664,
				"bits_per_second":	3910517387.1100087,
				"omitted":	false,
				"sender":	false
			}
		}, {
			"streams":	[{
					"socket":	5,
					"start":	13.000006,
					"end":	14.000096,
					"seconds":	1.0000900030136108,
					"bytes":	484910872,
					"bits_per_second":	3878937859.903,
					"omitted":	false,
					"sender":	false
				}],
			"sum":	{
				"start":	13.000006,
				"end":	14.000096,
				"seconds":	1.0000900030136108,
				"bytes":	484910872,
				"bits_per_second":	3878937859.903,
				"omitted":	false,
				"sender":	false
			}
		}, {
			"streams":	[{
					"socket":	5,
					"start":	14.000096,
					"end":	15.000009,
					"seconds":	0.999912977218628,
					"bytes":	486959464,
					"bits_per_second":	3896014754.040163,
					"omitted":	false,
					"sender":	false
				}],
			"sum":	{
				"start":	14.000096,
				"end":	15.000009,
				"seconds":	0.999912977218628,
				"bytes":	486959464,
				"bits_per_second":	3896014754.040163,
				"omitted":	false,
				"sender":	false
			}
		}, {
			"streams":	[{
					"socket":	5,
					"start":	15.000009,
					"end":	16.000054,
					"seconds":	1.0000449419021606,
					"bytes":	482705040,
					"bits_per_second":	3861466778.3378515,
					"omitted":	false,
					"sender":	false
				}],
			"sum":	{
				"start":	15.000009,
				"end":	16.000054,
				"seconds":	1.0000449419021606,