{
	"start":	{
		"connected":	[{
				"socket":	5,
				"local_host":	"10.100.102.151",
				"local_port":	50728,
				"remote_host":	"10.100.102.161",
				"remote_port":	5201
			}],
		"version":	"iperf 3.19.1",
		"system_info":	"Darwin space-gray.local 24.6.0 Darwin Kernel Version 24.6.0: Mon Jul 14 11:30:30 PDT 2025; root:xnu-11417.140.69~1/RELEASE_ARM64_T6020 arm64",
		"timestamp":	{
			"time":	"Sun, 31 Aug 2025 07:05:02 UTC",
			"timesecs":	1756623902
		},
		"connecting_to":	{
			"host":	"10.100.102.161",
			"port":	5201
		},
		"cookie":	"572aa7zqyn6cmcmln5ujxwuquhzg7uqsl4nw",
		"tcp_mss_default":	1448,
		"target_bitrate":	0,
		"fq_rate":	0,
		"sock_bufsize":	0,
		"sndbuf_actual":	131072,
		"rcvbuf_actual":	131072,
		"test_start":	{
			"protocol":	"TCP",
			"num_streams":	1,
			"blksize":	131072,
			"omit":	0,
			"duration":	30,
			"bytes":	0,
			"blocks":	0,
			"reverse":	1,
			"tos":	0,
			"target_bitrate":	0,
			"bidir":	0,
			"fqrate":	0,
			"interval":	1
		}
	},
	"intervals":	[{
			"streams":	[{
					"socket":	5,
					"start":	0,
					"end":	1.005013,
					"seconds":	1.0050129890441895,
					"bytes":	1115160576,
					"bits_per_second":	8876785380.14173,
					"omitted":	false,
					"sender":	false
				}],
			"sum":	{
				"start":	0,
				"end":	1.005013,
				"seconds":	1.0050129890441895,
				"bytes":	1115160576,
				"bits_per_second":	8876785380.14173,
				"omitted":	false,
				"sender":	false
			}
		}, {
			"streams":	[{
					"socket":	5,
					"start":	1.005013,
					"end":	2.005015,
					"seconds":	1.0000020265579224,
					"bytes":	1110573056,
					"bits_per_second":	8884566442.91149,
					"omitted":	false,
					"sender":	false
				}],
			"sum":	{
				"start":	1.005013,
				"end":	2.005015,
				"seconds":	1.0000020265579224,
				"bytes":	1110573056,
				"bits_per_second":	8884566442.91149,
				"omitted":	false,
				"sender":	false
			}
		}, {
			"streams":	[{
					"socket":	5,
					"start":	2.005015,
					"end":	3.002178,
					"seconds":	0.99716299772262573,
					"bytes":	1105461248,
					"bits_per_second":	8868850934.2983,
					"omitted":	false,
					"sender":	false
				}],
			"sum":	{
				"start":	2.005015,
				"end":	3.002178,
				"seconds":	0.99716299772262573,
				"bytes":	1105461248,
				"bits_per_second":	8868850934.2983,
				"omitted":	false,
				"sender":	false
			}
		}, {
			"streams":	[{
					"socket":	5,
					"start":	3.002178,
					"end":	4.003182,
					"seconds":	1.0010039806365967,
					"bytes":	1112539136,
					"bits_per_second":	8891386308.31395,
					"omitted":	false,
					"sender":	false
				}],
			"sum":	{
				"start":	3.002178,
				"end":	4.003182,
				"seconds":	1.0010039806365967,
				"bytes":	1112539136,
				"bits_per_second":	8891386308.31395,
				"omitted":	false,
				"sender":	false
			}
		}, {
			"streams":	[{
					"socket":	5,
					"start":	4.003182,
					"end":	5.002241,
					"seconds":	0.999059021472931,
					"bytes":	1109000192,
					"bits_per_second":	8880357761.9667,
					"omitted":	false,
					"sender":	false
				}],
			"sum":	{
				"start":	4.003182,
				"end":	5.002241,
				"seconds":	0.999059021472931,
				"bytes":	1109000192,
				"bits_per_second":	8880357761.9667,
				"omitted":	false,
				"sender":	false
			}
		}, {
			"streams":	[{
					"socket":	5,
					"start":	5.002241,
					"end":	6.005017,
					"seconds":	1.002776026725769,
					"bytes":	1115553792,
					"bits_per_second":	8899724463.0386238,
					"omitted":	false,
					"sender":	false
				}],
			"sum":	{
				"start":	5.002241,
				"end":	6.005017,
				"seconds":	1.002776026725769,
				"bytes":	1115553792,
				"bits_per_second":	8899724463.0386238,
				"omitted":	false,
				"sender":	false
			}
		}, {
			"streams":	[{
					"socket":	5,
					"start":	6.005017,
					"end":	7.005012,
					"seconds":	0.999994993209839,
					"bytes":	1109000192,
					"bits_per_second":	8872045956.4724045,
					"omitted":	false,
					"sender":	false
				}],
			"sum":	{
				"start":	6.005017,
				"end":	7.005012,
				"seconds":	0.999994993209839,
				"bytes":	1109000192,
				"bits_per_second":	8872045956.4724045,
				"omitted":	false,
				"sender":	false
			}
		}, {
			"streams":	[{
					"socket":	5,
					"start":	7.005012,
					"end":	8.000348,
					"seconds":	0.99533599615097046,
					"bytes":	1107951616,
					"bits_per_second":	8905146565.85934,
					"omitted":	false,
					"sender":	false
				}],
			"sum":	{
				"start":	7.005012,
				"end":	8.000348,
				"seconds":	0.99533599615097046,
				"bytes":	1107951616,
				"bits_per_second":	8905146565.85934,
				"omitted":	false,
				"sender":	false
			}
		}, {
			"streams":	[{
					"socket":	5,
					"start":	8.000348,
					"end":	9.000156,
					"seconds":	0.99980801343917847,
					"bytes":	1109393408,
					"bits_per_second":	8876851500.1904449,
					"omitted":	false,
					"sender":	false
				}],
			"sum":	{
				"start":	8.000348,
				"end":	9.000156,
				"seconds":	0.99980801343917847,
				"bytes":	1109393408,
				"bits_per_second":	8876851500.1904449,
				"omitted":	false,
				"sender":	false
			}
		}, {
			"streams":	[{
					"socket":	5,
					"start":	9.000156,
					"end":	10.005013,
					"seconds":	1.0048569440841675,
					"bytes":	1114505216,
					"bits_per_second":	8872946323.8432732,
					"omitted":	false,
					"sender":	false
				}],
			"sum":	{
				"start":	9.000156,
				"end":	10.005013,
				"seconds":	1.0048569440841675,
				"bytes":	1114505216,
				"bits_per_second":	8872946323.8432732,
				"omitted":	false,
				"sender":	false
			}
		}, {
			"streams":	[{
					"socket":	5,
					"start":	10.005013,
					"end":	11.005015,
					"seconds":	1.0000020265579224,
					"bytes":	1114898432,
					"bits_per_second":	8919169380.78663,
					"omitted":	false,
					"sender":	false
				}],
			"sum":	{
				"start":	10.005013,
				"end":	11.005015,
				"seconds":	1.0000020265579224,
				"bytes":	1114898432,
				"bits_per_second":	8919169380.78663,
				"omitted":	false,
				"sender":	false
			}
		}, {
			"streams":	[{
					"socket":	5,
					"start":	11.005015,
					"end":	12.005022,
					"seconds":	1.0000070333480835,
					"bytes":	1118044160,
					"bits_per_second":	8944290371.6924553,
					"omitted":	false,
					"sender":	false
				}],
			"sum":	{
				"start":	11.005015,
				"end":	12.005022,
				"seconds":	1.0000070333480835,
				"bytes":	1118044160,
				"bits_per_second":	8944290371.6924553,
				"omitted":	false,
				"sender":	false
			}
		}, {
			"streams":	[{
					"socket":	5,
					"start":	12.005022,
					"end":	13.00247,
					"seconds":	0.99744802713394165,
					"bytes":	1111621632,
					"bits_per_second":	8915725746.1854839,
					"omitted":	false,
					"sender":	false
				}],
			"sum":	{
				"start":	12.005022,
				"end":	13.00247,
				"seconds":	0.99744802713394165,
				"bytes":	1111621632,
				"bits_per_second":	8915725746.1854839,
				"omitted":	false,
				"sender":	false
			}
		}, {
			"streams":	[{
					"socket":	5,
					"start":	13.00247,
					"end":	14.00502,
					"seconds":	1.0025500059127808,
					"bytes":	1120403456,
					"bits_per_second":	8940429499.9124241,
					"omitted":	false,
					"sender":	false
				}],
			"sum":	{
				"start":	13.00247,
				"end":	14.00502,
				"seconds":	1.0025500059127808,
				"bytes":	1120403456,
				"bits_per_second":	8940429499.9124241,
				"omitted":	false,
				"sender":	false
			}
		}, {
			"streams":	[{
					"socket":	5,
					"start":	14.00502,
					"end":	15.005016,
					"seconds":	0.9999960064888,
					"bytes":	1112276992,
					"bits_per_second":	8898251471.26691,
					"omitted":	false,
					"sender":	false
				}],
			"sum":	{
				"start":	14.00502,
				"end":	15.005016,
				"seconds":	0.9999960064888,
				"bytes":	1112276992,
				"bits_per_second":	8898251471.26691,
				"omitted":	false,
				"sender":	false
			}
		}, {
			"streams":	[{
					"socket":	5,
					"start":	15.005016,
					"end":	16.000111,
					"seconds":	0.99509501457214355,
					"bytes":	1108082688,
					"bits_per_second":	8908356864.60704,
					"omitted":	false,
					"sender":	false
				}],