{
	"start":	{
		"connected":	[{
				"socket":	5,
				"local_host":	"10.37.130.2",
				"local_port":	57252,
				"remote_host":	"10.37.130.3",
				"remote_port":	5201
			}],
		"version":	"iperf 3.17.1",
		"system_info":	"Linux client 6.11.0-14-generic #15-Ubuntu SMP PREEMPT_DYNAMIC Fri Jan 10 23:05:39 UTC 2025 aarch64",
		"timestamp":	{
			"time":	"Sat, 22 Feb 2025 14:50:01 GMT",
			"timesecs":	1740235801
		},
		"connecting_to":	{
			"host":	"10.37.130.3",
			"port":	5201
		},
		"cookie":	"6mmmcis64cqrd354swku4w3kxwqnvn74cb7f",
		"tcp_mss_default":	1448,
		"target_bitrate":	0,
		"fq_rate":	0,
		"sock_bufsize":	0,
		"sndbuf_actual":	16384,
		"rcvbuf_actual":	131072,
		"test_start":	{
			"protocol":	"TCP",
			"num_streams":	1,
			"blksize":	131072,
			"omit":	0,
			"duration":	10,
			"bytes":	0,
			"blocks":	0,
			"reverse":	0,
			"tos":	0,
			"target_bitrate":	0,
			"bidir":	0,
			"fqrate":	0,
			"interval":	1
		}
	},
	"intervals":	[{
			"streams":	[{
					"socket":	5,
					"start":	0,
					"end":	1.001031,
					"seconds":	1.0010310411453247,
					"bytes":	354549760,
					"bits_per_second":	2833476648.9905739,
					"retransmits":	0,
					"snd_cwnd":	4163000,
					"snd_wnd":	4175232,
					"rtt":	9445,
					"rttvar":	381,
					"pmtu":	1500,
					"omitted":	false,
					"sender":	true
				}],
			"sum":	{
				"start":	0,
				"end":	1.001031,
				"seconds":	1.0010310411453247,
				"bytes":	354549760,
				"bits_per_second":	2833476648.9905739,
				"retransmits":	0,
				"omitted":	false,
				"sender":	true
			}
		}, {
			"streams":	[{
					"socket":	5,
					"start":	1.001031,
					"end":	2.001016,
					"seconds":	0.9999849796295166,
					"bytes":	350617600,
					"bits_per_second":	2804982931.8828363,
					"retransmits":	0,
					"snd_cwnd":	4163000,
					"snd_wnd":	4175232,
					"rtt":	9919,
					"rttvar":	681,
					"pmtu":	1500,
					"omitted":	false,
					"sender":	true
				}],
			"sum":	{
				"start":	1.001031,
				"end":	2.001016,
				"seconds":	0.9999849796295166,
				"bytes":	350617600,
				"bits_per_second":	2804982931.8828363,
				"retransmits":	0,
				"omitted":	false,
				"sender":	true
			}
		}, {
			"streams":	[{
					"socket":	5,
					"start":	2.001016,
					"end":	3.001086,
					"seconds":	1.0000699758529663,
					"bytes":	356515840,
					"bits_per_second":	2851927153.9648037,
					"retransmits":	0,
					"snd_cwnd":	4163000,
					"snd_wnd":	4118784,
					"rtt":	8953,
					"rttvar":	399,
					"pmtu":	1500,
					"omitted":	false,
					"sender":	true
				}],
			"sum":	{
				"start":	2.001016,
				"end":	3.001086,
				"seconds":	1.0000699758529663,
				"bytes":	356515840,
				"bits_per_second":	2851927153.9648037,
				"retransmits":	0,
				"omitted":	false,
				"sender":	true
			}
		}, {
			"streams":	[{
					"socket":	5,
					"start":	3.001086,
					"end":	4.001033,
					"seconds":	0.99994701147079468,
					"bytes":	355860480,
					"bits_per_second":	2847034700.18136,
					"retransmits":	0,
					"snd_cwnd":	4163000,
					"snd_wnd":	4165120,
					"rtt":	10300,
					"rttvar":	773,
					"pmtu":	1500,
					"omitted":	false,
					"sender":	true
				}],
			"sum":	{
				"start":	3.001086,
				"end":	4.001033,
				"seconds":	0.99994701147079468,
				"bytes":	355860480,
				"bits_per_second":	2847034700.18136,
				"retransmits":	0,
				"omitted":	false,
				"sender":	true
			}
		}, {
			"streams":	[{
					"socket":	5,
					"start":	4.001033,
					"end":	5.001047,
					"seconds":	1.0000139474868774,
					"bytes":	358744064,
					"bits_per_second":	2869912483.933291,
					"retransmits":	0,
					"snd_cwnd":	4163000,
					"snd_wnd":	4175232,
					"rtt":	8825,
					"rttvar":	571,
					"pmtu":	1500,
					"omitted":	false,
					"sender":	true
				}],
			"sum":	{
				"start":	4.001033,
				"end":	5.001047,
				"seconds":	1.0000139474868774,
				"bytes":	358744064,
				"bits_per_second":	2869912483.933291,
				"retransmits":	0,
				"omitted":	false,
				"sender":	true
			}
		}, {
			"streams":	[{
					"socket":	5,
					"start":	5.001047,
					"end":	6.001137,
					"seconds":	1.0000900030136108,
					"bytes":	357695488,
					"bits_per_second":	2861306377.803134,
					"retransmits":	0,
					"snd_cwnd":	4163000,
					"snd_wnd":	4118784,
					"rtt":	8963,
					"rttvar":	649,
					"pmtu":	1500,
					"omitted":	false,
					"sender":	true
				}],
			"sum":	{
				"start":	5.001047,
				"end":	6.001137,
				"seconds":	1.0000900030136108,
				"bytes":	357695488,
				"bits_per_second":	2861306377.803134,
				"retransmits":	0,
				"omitted":	false,
				"sender":	true
			}
		}, {
			"streams":	[{
					"socket":	5,
					"start":	6.001137,
					"end":	7.001045,
					"seconds":	0.9999079704284668,
					"bytes":	356384768,
					"bits_per_second":	2851340551.6492634,
					"retransmits":	0,
					"snd_cwnd":	4163000,
					"snd_wnd":	4175232,
					"rtt":	9462,
					"rttvar":	775,
					"pmtu":	1500,
					"omitted":	false,
					"sender":	true
				}],
			"sum":	{
				"start":	6.001137,
				"end":	7.001045,
				"seconds":	0.9999079704284668,
				"bytes":	356384768,
				"bits_per_second":	2851340551.6492634,
				"retransmits":	0,
				"omitted":	false,
				"sender":	true
			}
		}, {
			"streams":	[{
					"socket":	5,
					"start":	7.001045,
					"end":	8.001062,
					"seconds":	1.0000170469284058,
					"bytes":	354156544,
					"bits_per_second":	2833204054.5733228,
					"retransmits":	0,
					"snd_cwnd":	4163000,
					"snd_wnd":	4097024,
					"rtt":	10198,
					"rttvar":	666,
					"pmtu":	1500,
					"omitted":	false,
					"sender":	true
				}],
			"sum":	{
				"start":	7.001045,
				"end":	8.001062,
				"seconds":	1.0000170469284058,
				"bytes":	354156544,
				"bits_per_second":	2833204054.5733228,
				"retransmits":	0,
				"omitted":	false,
				"sender":	true
			}
		}, {
			"streams":	[{
					"socket":	5,
					"start":	8.001062,
					"end":	9.00106,
					"seconds":	0.99999797344207764,
					"bytes":	358612992,
					"bits_per_second":	2868909750.0117826,
					"retransmits":	0,
					"snd_cwnd":	4163000,
					"snd_wnd":	4095744,
					"rtt":	9610,
					"rttvar":	480,
					"pmtu":	1500,
					"omitted":	false,
					"sender":	true
				}],
			"sum":	{
				"start":	8.001062,
				"end":	9.00106,
				"seconds":	0.99999797344207764,
				"bytes":	358612992,
				"bits_per_second":	2868909750.0117826,
				"retransmits":	0,
				"omitted":	false,
				"sender":	true
			}
		}, {
			"streams":	[{
					"socket":	5,
					"start":	9.00106,
					"end":	10.001355,
					"seconds":	1.0002950429916382,
					"bytes":	359268352,
					"bits_per_second":	2873299069.2467384,
					"retransmits":	0,
					"snd_cwnd":	4163000,
					"snd_wnd":	4118656,
					"rtt":	9111,
					"rttvar":	375,
					"pmtu":	1500,
					"omitted":	false,
					"sender":	true
				}],
			"sum":	{
				"start":	9.00106,
				"end":	10.001355,
				"seconds":	1.0002950429916382,
				"bytes":	359268352,
				"bits_per_second":	2873299069.2467384,
				"retransmits":	0,
				"omitted":	false,
				"sender":	true
			}
		}],
	"end":	{
		"streams":	[{
				"sender":	{
					"socket":	5,
					"start":	0,
					"end":	10.001355,
					"seconds":	10.001355,
					"bytes":	3562405888,
					"bits_per_second":	2849538597.919982,
					"retransmits":	0,
					"max_snd_cwnd":	4163000,
					"max_snd_wnd":	4175232,
					"max_rtt":	10300,
					"min_rtt":	8825,
					"mean_rtt":	9478,
					"sender":	true
				},
				"receiver":	{
					"socket":	5,
					"start":	0,
					"end":	10.01183,
					"seconds":	10.001355,
					"bytes":	3562405888,
					"bits_per_second":	2846557233.1931324,
					"sender":	true
				}
			}],
		"sum_sent":	{
			"start":	0,
			"end":	10.001355,
			"seconds":	10.001355,
			"bytes":	3562405888,
			"bits_per_second":	2849538597.919982,
			"retransmits":	0,
			"sender":	true
		},
		"sum_received":	{
			"start":	0,
			"end":	10.01183,
			"seconds":	10.01183,
			"bytes":	3562405888,
			"bits_per_second":	2846557233.1931324,
			"sender":	true
		},
		"cpu_utilization_percent":	{
			"host_total":	5.6269868866232686,
			"host_user":	0.0861688197041167,