{
	"start":	{
		"connected":	[{
				"socket":	5,
				"local_host":	"192.168.128.1",
				"local_port":	49480,
				"remote_host":	"192.168.128.2",
				"remote_port":	5201
			}],
		"version":	"iperf 3.18",
		"system_info":	"Darwin mimi-2.local 24.3.0 Darwin Kernel Version 24.3.0: Thu Jan  2 20:24:23 PST 2025; root:xnu-11215.81.4~3/RELEASE_ARM64_T8122 arm64",
		"timestamp":	{
			"time":	"Sat, 22 Feb 2025 17:14:34 UTC",
			"timesecs":	1740244474
		},
		"connecting_to":	{
			"host":	"192.168.128.2",
			"port":	5201
		},
		"cookie":	"rtyddgmgk6wutk4ao3tqhpidnfdhqxegeo6u",
		"tcp_mss_default":	1448,
		"target_bitrate":	0,
		"fq_rate":	0,
		"sock_bufsize":	0,
		"sndbuf_actual":	131072,
		"rcvbuf_actual":	131072,
		"test_start":	{
			"protocol":	"TCP",
			"num_streams":	1,
			"blksize":	131072,
			"omit":	0,
			"duration":	30,
			"bytes":	0,
			"blocks":	0,
			"reverse":	0,
			"tos":	0,
			"target_bitrate":	0,
			"bidir":	0,
			"fqrate":	0,
			"interval":	1
		}
	},
	"intervals":	[{
			"streams":	[{
					"socket":	5,
					"start":	0,
					"end":	1.002927,
					"seconds":	1.00292694568634,
					"bytes":	1784020992,
					"bits_per_second":	14230515988.612732,
					"omitted":	false,
					"sender":	true
				}],
			"sum":	{
				"start":	0,
				"end":	1.002927,
				"seconds":	1.00292694568634,
				"bytes":	1784020992,
				"bits_per_second":	14230515988.612732,
				"omitted":	false,
				"sender":	true
			}
		}, {
			"streams":	[{
					"socket":	5,
					"start":	1.002927,
					"end":	2.001124,
					"seconds":	0.99819701910018921,
					"bytes":	1832648704,
					"bits_per_second":	14687671222.677187,
					"omitted":	false,
					"sender":	true
				}],
			"sum":	{
				"start":	1.002927,
				"end":	2.001124,
				"seconds":	0.99819701910018921,
				"bytes":	1832648704,
				"bits_per_second":	14687671222.677187,
				"omitted":	false,
				"sender":	true
			}
		}, {
			"streams":	[{
					"socket":	5,
					"start":	2.001124,
					"end":	3.004174,
					"seconds":	1.0030499696731567,
					"bytes":	1840644096,
					"bits_per_second":	14680378060.126141,
					"omitted":	false,
					"sender":	true
				}],
			"sum":	{
				"start":	2.001124,
				"end":	3.004174,
				"seconds":	1.0030499696731567,
				"bytes":	1840644096,
				"bits_per_second":	14680378060.126141,
				"omitted":	false,
				"sender":	true
			}
		}, {
			"streams":	[{
					"socket":	5,
					"start":	3.004174,
					"end":	4.000742,
					"seconds":	0.99656802415847778,
					"bytes":	1841692672,
					"bits_per_second":	14784280670.094048,
					"omitted":	false,
					"sender":	true
				}],
			"sum":	{
				"start":	3.004174,
				"end":	4.000742,
				"seconds":	0.99656802415847778,
				"bytes":	1841692672,
				"bits_per_second":	14784280670.094048,
				"omitted":	false,
				"sender":	true
			}
		}, {
			"streams":	[{
					"socket":	5,
					"start":	4.000742,
					"end":	5.005007,
					"seconds":	1.0042649507522583,
					"bytes":	1839333376,
					"bits_per_second":	14652176198.101685,
					"omitted":	false,
					"sender":	true
				}],
			"sum":	{
				"start":	4.000742,
				"end":	5.005007,
				"seconds":	1.0042649507522583,
				"bytes":	1839333376,
				"bits_per_second":	14652176198.101685,
				"omitted":	false,
				"sender":	true
			}
		}, {
			"streams":	[{
					"socket":	5,
					"start":	5.005007,
					"end":	6.001172,
					"seconds":	0.99616497755050659,
					"bytes":	1845100544,
					"bits_per_second":	14817630296.836662,
					"omitted":	false,
					"sender":	true
				}],
			"sum":	{
				"start":	5.005007,
				"end":	6.001172,
				"seconds":	0.99616497755050659,
				"bytes":	1845100544,
				"bits_per_second":	14817630296.836662,
				"omitted":	false,
				"sender":	true
			}
		}, {
			"streams":	[{
					"socket":	5,
					"start":	6.001172,
					"end":	7.003562,
					"seconds":	1.0023900270462036,
					"bytes":	1844576256,
					"bits_per_second":	14721425443.032482,
					"omitted":	false,
					"sender":	true
				}],
			"sum":	{
				"start":	6.001172,
				"end":	7.003562,
				"seconds":	1.0023900270462036,
				"bytes":	1844576256,
				"bits_per_second":	14721425443.032482,
				"omitted":	false,
				"sender":	true
			}
		}, {
			"streams":	[{
					"socket":	5,
					"start":	7.003562,
					"end":	8.001763,
					"seconds":	0.998201012611389,
					"bytes":	1839988736,
					"bits_per_second":	14746438544.969324,
					"omitted":	false,
					"sender":	true
				}],
			"sum":	{
				"start":	7.003562,
				"end":	8.001763,
				"seconds":	0.998201012611389,
				"bytes":	1839988736,
				"bits_per_second":	14746438544.969324,
				"omitted":	false,
				"sender":	true
			}
		}, {
			"streams":	[{
					"socket":	5,
					"start":	8.001763,
					"end":	9.003999,
					"seconds":	1.002236008644104,
					"bytes":	1842216960,
					"bits_per_second":	14704855496.000643,
					"omitted":	false,
					"sender":	true
				}],
			"sum":	{
				"start":	8.001763,
				"end":	9.003999,
				"seconds":	1.002236008644104,
				"bytes":	1842216960,
				"bits_per_second":	14704855496.000643,
				"omitted":	false,
				"sender":	true
			}
		}, {
			"streams":	[{
					"socket":	5,
					"start":	9.003999,
					"end":	10.001128,
					"seconds":	0.99712902307510376,
					"bytes":	1850474496,
					"bits_per_second":	14846419696.365591,
					"omitted":	false,
					"sender":	true
				}],
			"sum":	{
				"start":	9.003999,
				"end":	10.001128,
				"seconds":	0.99712902307510376,
				"bytes":	1850474496,
				"bits_per_second":	14846419696.365591,
				"omitted":	false,
				"sender":	true
			}
		}, {
			"streams":	[{
					"socket":	5,
					"start":	10.001128,
					"end":	11.004124,
					"seconds":	1.00299596786499,
					"bytes":	1838022656,
					"bits_per_second":	14660259581.401705,
					"omitted":	false,
					"sender":	true
				}],
			"sum":	{
				"start":	10.001128,
				"end":	11.004124,
				"seconds":	1.00299596786499,
				"bytes":	1838022656,
				"bits_per_second":	14660259581.401705,
				"omitted":	false,
				"sender":	true
			}
		}, {
			"streams":	[{
					"socket":	5,
					"start":	11.004124,
					"end":	12.00501,
					"seconds":	1.0008859634399414,
					"bytes":	1817968640,
					"bits_per_second":	14530875295.737629,
					"omitted":	false,
					"sender":	true
				}],
			"sum":	{
				"start":	11.004124,
				"end":	12.00501,
				"seconds":	1.0008859634399414,
				"bytes":	1817968640,
				"bits_per_second":	14530875295.737629,
				"omitted":	false,
				"sender":	true
			}
		}, {
			"streams":	[{
					"socket":	5,
					"start":	12.00501,
					"end":	13.00501,
					"seconds":	1,
					"bytes":	1817444352,
					"bits_per_second":	14539554816,
					"omitted":	false,
					"sender":	true
				}],
			"sum":	{
				"start":	12.00501,
				"end":	13.00501,
				"seconds":	1,
				"bytes":	1817444352,
				"bits_per_second":	14539554816,
				"omitted":	false,
				"sender":	true
			}
		}, {
			"streams":	[{
					"socket":	5,
					"start":	13.00501,
					"end":	14.005008,
					"seconds":	0.99999797344207764,
					"bytes":	1800142848,
					"bits_per_second":	14401171968.809145,
					"omitted":	false,
					"sender":	true
				}],
			"sum":	{
				"start":	13.00501,
				"end":	14.005008,
				"seconds":	0.99999797344207764,
				"bytes":	1800142848,
				"bits_per_second":	14401171968.809145,
				"omitted":	false,
				"sender":	true
			}
		}, {
			"streams":	[{
					"socket":	5,
					"start":	14.005008,
					"end":	15.005016,
					"seconds":	1.0000079870224,
					"bytes":	1816788992,
					"bits_per_second":	14534195851.052174,
					"omitted":	false,
					"sender":	true
				}],
			"sum":	{
				"start":	14.005008,
				"end":	15.005016,
				"seconds":	1.0000079870224,
				"bytes":	1816788992,
				"bits_per_second":	14534195851.052174,
				"omitted":	false,
				"sender":	true
			}
		}, {
			"streams":	[{
					"socket":	5,
					"start":	15.005016,
					"end":	16.005003,
					"seconds":	0.999987006187439,
					"bytes":	1806303232,
					"bits_per_second":	14450613624.564829,
					"omitted":	false,
					"sender":	true
				}],
			"sum":	{
				"start":	15.005016,
				"end":	16.005003,