{
	"start":	{
		"connected":	[{
				"socket":	5,
				"local_host":	"192.168.105.1",
				"local_port":	49508,
				"remote_host":	"192.168.105.6",
				"remote_port":	5201
			}],
		"version":	"iperf 3.8.1 -  -- Apple version iperf3-117",
		"system_info":	"Darwin mimi-2.local 24.3.0 Darwin Kernel Version 24.3.0: Thu Jan  2 20:24:23 PST 2025; root:xnu-11215.81.4~3/RELEASE_ARM64_T8122 arm64",
		"timestamp":	{
			"time":	"Sat, 22 Feb 2025 17:21:18 UTC",
			"timesecs":	1740244878
		},
		"connecting_to":	{
			"host":	"192.168.105.6",
			"port":	5201
		},
		"cookie":	"xelkkezaerngmskdk66sth35avjg5j3kycz2",
		"tcp_mss_default":	1448,
		"sock_bufsize":	0,
		"sndbuf_actual":	131072,
		"rcvbuf_actual":	131072,
		"test_start":	{
			"protocol":	"TCP",
			"num_streams":	1,
			"blksize":	131072,
			"omit":	0,
			"duration":	30,
			"bytes":	0,
			"blocks":	0,
			"reverse":	0,
			"tos":	0
		}
	},
	"intervals":	[{
			"streams":	[{
					"socket":	5,
					"start":	0,
					"end":	1.000018,
					"seconds":	1.0000180006027222,
					"bytes":	506054984,
					"bits_per_second":	4048366998.9539781,
					"retransmits":	0,
					"snd_cwnd":	8388480,
					"rtt":	9,
					"rttvar":	0,
					"pmtu":	-1,
					"omitted":	false,
					"sender":	true
				}],
			"sum":	{
				"start":	0,
				"end":	1.000018,
				"seconds":	1.0000180006027222,
				"bytes":	506054984,
				"bits_per_second":	4048366998.9539781,
				"retransmits":	0,
				"omitted":	false,
				"sender":	true
			}
		}, {
			"streams":	[{
					"socket":	5,
					"start":	1.000018,
					"end":	2.000011,
					"seconds":	0.99999302625656128,
					"bytes":	484177248,
					"bits_per_second":	3873444996.4116292,
					"retransmits":	0,
					"snd_cwnd":	8388480,
					"rtt":	9,
					"rttvar":	0,
					"pmtu":	-1,
					"omitted":	false,
					"sender":	true
				}],
			"sum":	{
				"start":	1.000018,
				"end":	2.000011,
				"seconds":	0.99999302625656128,
				"bytes":	484177248,
				"bits_per_second":	3873444996.4116292,
				"retransmits":	0,
				"omitted":	false,
				"sender":	true
			}
		}, {
			"streams":	[{
					"socket":	5,
					"start":	2.000011,
					"end":	3.000011,
					"seconds":	1,
					"bytes":	483938232,
					"bits_per_second":	3871505856,
					"retransmits":	0,
					"snd_cwnd":	8388480,
					"rtt":	9,
					"rttvar":	0,
					"pmtu":	-1,
					"omitted":	false,
					"sender":	true
				}],
			"sum":	{
				"start":	2.000011,
				"end":	3.000011,
				"seconds":	1,
				"bytes":	483938232,
				"bits_per_second":	3871505856,
				"retransmits":	0,
				"omitted":	false,
				"sender":	true
			}
		}, {
			"streams":	[{
					"socket":	5,
					"start":	3.000011,
					"end":	4.000012,
					"seconds":	1.0000009536743164,
					"bytes":	482185592,
					"bits_per_second":	3857481057.21939,
					"retransmits":	0,
					"snd_cwnd":	8388480,
					"rtt":	9,
					"rttvar":	0,
					"pmtu":	-1,
					"omitted":	false,
					"sender":	true
				}],
			"sum":	{
				"start":	3.000011,
				"end":	4.000012,
				"seconds":	1.0000009536743164,
				"bytes":	482185592,
				"bits_per_second":	3857481057.21939,
				"retransmits":	0,
				"omitted":	false,
				"sender":	true
			}
		}, {
			"streams":	[{
					"socket":	5,
					"start":	4.000012,
					"end":	5.000054,
					"seconds":	1.0000419616699219,
					"bytes":	477809200,
					"bits_per_second":	3822313209.3547711,
					"retransmits":	0,
					"snd_cwnd":	8388480,
					"rtt":	8,
					"rttvar":	0,
					"pmtu":	-1,
					"omitted":	false,
					"sender":	true
				}],
			"sum":	{
				"start":	4.000012,
				"end":	5.000054,
				"seconds":	1.0000419616699219,
				"bytes":	477809200,
				"bits_per_second":	3822313209.3547711,
				"retransmits":	0,
				"omitted":	false,
				"sender":	true
			}
		}, {
			"streams":	[{
					"socket":	5,
					"start":	5.000054,
					"end":	6.00001,
					"seconds":	0.99995601177215576,
					"bytes":	487265600,
					"bits_per_second":	3898296279.1449313,
					"retransmits":	0,
					"snd_cwnd":	8388480,
					"rtt":	9,
					"rttvar":	0,
					"pmtu":	-1,
					"omitted":	false,
					"sender":	true
				}],
			"sum":	{
				"start":	5.000054,
				"end":	6.00001,
				"seconds":	0.99995601177215576,
				"bytes":	487265600,
				"bits_per_second":	3898296279.1449313,
				"retransmits":	0,
				"omitted":	false,
				"sender":	true
			}
		}, {
			"streams":	[{
					"socket":	5,
					"start":	6.00001,
					"end":	7.000013,
					"seconds":	1.0000029802322388,
					"bytes":	481157704,
					"bits_per_second":	3849250160.3405771,
					"retransmits":	0,
					"snd_cwnd":	8388480,
					"rtt":	8,
					"rttvar":	0,
					"pmtu":	-1,
					"omitted":	false,
					"sender":	true
				}],
			"sum":	{
				"start":	6.00001,
				"end":	7.000013,
				"seconds":	1.0000029802322388,
				"bytes":	481157704,
				"bits_per_second":	3849250160.3405771,
				"retransmits":	0,
				"omitted":	false,
				"sender":	true
			}
		}, {
			"streams":	[{
					"socket":	5,
					"start":	7.000013,
					"end":	8.000024,
					"seconds":	1.0000109672546387,
					"bytes":	486457168,
					"bits_per_second":	3891614663.6710281,
					"retransmits":	0,
					"snd_cwnd":	8388480,
					"rtt":	7,
					"rttvar":	0,
					"pmtu":	-1,
					"omitted":	false,
					"sender":	true
				}],
			"sum":	{
				"start":	7.000013,
				"end":	8.000024,
				"seconds":	1.0000109672546387,
				"bytes":	486457168,
				"bits_per_second":	3891614663.6710281,
				"retransmits":	0,
				"omitted":	false,
				"sender":	true
			}
		}, {
			"streams":	[{
					"socket":	5,
					"start":	8.000024,
					"end":	9.000027,
					"seconds":	1.0000029802322388,
					"bytes":	482765016,
					"bits_per_second":	3862108618.0193868,
					"retransmits":	0,
					"snd_cwnd":	8388480,
					"rtt":	8,
					"rttvar":	0,
					"pmtu":	-1,
					"omitted":	false,
					"sender":	true
				}],
			"sum":	{
				"start":	8.000024,
				"end":	9.000027,
				"seconds":	1.0000029802322388,
				"bytes":	482765016,
				"bits_per_second":	3862108618.0193868,
				"retransmits":	0,
				"omitted":	false,
				"sender":	true
			}
		}, {
			"streams":	[{
					"socket":	5,
					"start":	9.000027,
					"end":	10.000014,
					"seconds":	0.999987006187439,
					"bytes":	497603216,
					"bits_per_second":	3980877454.775476,
					"retransmits":	0,
					"snd_cwnd":	8388480,
					"rtt":	8,
					"rttvar":	0,
					"pmtu":	-1,
					"omitted":	false,
					"sender":	true
				}],
			"sum":	{
				"start":	9.000027,
				"end":	10.000014,
				"seconds":	0.999987006187439,
				"bytes":	497603216,
				"bits_per_second":	3980877454.775476,
				"retransmits":	0,
				"omitted":	false,
				"sender":	true
			}
		}, {
			"streams":	[{
					"socket":	5,
					"start":	10.000014,
					"end":	11.000007,
					"seconds":	0.99999302625656128,
					"bytes":	484210984,
					"bits_per_second":	3873714886.2937717,
					"retransmits":	0,
					"snd_cwnd":	8388480,
					"rtt":	8,
					"rttvar":	0,
					"pmtu":	-1,
					"omitted":	false,
					"sender":	true
				}],
			"sum":	{
				"start":	10.000014,
				"end":	11.000007,
				"seconds":	0.99999302625656128,
				"bytes":	484210984,
				"bits_per_second":	3873714886.2937717,
				"retransmits":	0,
				"omitted":	false,
				"sender":	true
			}
		}, {
			"streams":	[{
					"socket":	5,
					"start":	11.000007,
					"end":	12.000021,
					"seconds":	1.0000139474868774,
					"bytes":	480407280,
					"bits_per_second":	3843204636.9537587,
					"retransmits":	0,
					"snd_cwnd":	8388480,
					"rtt":	8,
					"rttvar":	0,
					"pmtu":	-1,
					"omitted":	false,
					"sender":	true
				}],
			"sum":	{
				"start":	11.000007,
				"end":	12.000021,
				"seconds":	1.0000139474868774,
				"bytes":	480407280,
				"bits_per_second":	3843204636.9537587,
				"retransmits":	0,
				"omitted":	false,
				"sender":	true
			}
		}, {
			"streams":	[{
					"socket":	5,
					"start":	12.000021,
					"end":	13.000027,
					"seconds":	1.0000059604644775,
					"bytes":	480940016,
					"bits_per_second":	3847497195.1296411,
					"retransmits":	0,
					"snd_cwnd":	8388480,
					"rtt":	9,
					"rttvar":	0,
					"pmtu":	-1,
					"omitted":	false,