{
	"start":	{
		"connected":	[{
				"socket":	5,
				"local_host":	"192.168.105.1",
				"local_port":	49510,
				"remote_host":	"192.168.105.6",
				"remote_port":	5201
			}],
		"version":	"iperf 3.8.1 -  -- Apple version iperf3-117",
		"system_info":	"Darwin mimi-2.local 24.3.0 Darwin Kernel Version 24.3.0: Thu Jan  2 20:24:23 PST 2025; root:xnu-11215.81.4~3/RELEASE_ARM64_T8122 arm64",
		"timestamp":	{
			"time":	"Sat, 22 Feb 2025 17:21:48 UTC",
			"timesecs":	1740244908
		},
		"connecting_to":	{
			"host":	"192.168.105.6",
			"port":	5201
		},
		"cookie":	"ntlbka2my4r2cz5ug5ekrf53sxj7qyu6yu6t",
		"tcp_mss_default":	1448,
		"sock_bufsize":	0,
		"sndbuf_actual":	131072,
		"rcvbuf_actual":	131072,
		"test_start":	{
			"protocol":	"TCP",
			"num_streams":	1,
			"blksize":	131072,
			"omit":	0,
			"duration":	30,
			"bytes":	0,
			"blocks":	0,
			"reverse":	1,
			"tos":	0
		}
	},
	"intervals":	[{
			"streams":	[{
					"socket":	5,
					"start":	0,
					"end":	1.000033,
					"seconds":	1.0000330209732056,
					"bytes":	489214752,
					"bits_per_second":	3913588785.4895768,
					"omitted":	false,
					"sender":	false
				}],
			"sum":	{
				"start":	0,
				"end":	1.000033,
				"seconds":	1.0000330209732056,
				"bytes":	489214752,
				"bits_per_second":	3913588785.4895768,
				"omitted":	false,
				"sender":	false
			}
		}, {
			"streams":	[{
					"socket":	5,
					"start":	1.000033,
					"end":	2.000005,
					"seconds":	0.99997198581695557,
					"bytes":	486744376,
					"bits_per_second":	3894064097.0244,
					"omitted":	false,
					"sender":	false
				}],
			"sum":	{
				"start":	1.000033,
				"end":	2.000005,
				"seconds":	0.99997198581695557,
				"bytes":	486744376,
				"bits_per_second":	3894064097.0244,
				"omitted":	false,
				"sender":	false
			}
		}, {
			"streams":	[{
					"socket":	5,
					"start":	2.000005,
					"end":	3.000012,
					"seconds":	1.0000070333480835,
					"bytes":	491512792,
					"bits_per_second":	3932074680.3500829,
					"omitted":	false,
					"sender":	false
				}],
			"sum":	{
				"start":	2.000005,
				"end":	3.000012,
				"seconds":	1.0000070333480835,
				"bytes":	491512792,
				"bits_per_second":	3932074680.3500829,
				"omitted":	false,
				"sender":	false
			}
		}, {
			"streams":	[{
					"socket":	5,
					"start":	3.000012,
					"end":	4.000008,
					"seconds":	0.9999960064888,
					"bytes":	486964392,
					"bits_per_second":	3895730693.6441569,
					"omitted":	false,
					"sender":	false
				}],
			"sum":	{
				"start":	3.000012,
				"end":	4.000008,
				"seconds":	0.9999960064888,
				"bytes":	486964392,
				"bits_per_second":	3895730693.6441569,
				"omitted":	false,
				"sender":	false
			}
		}, {
			"streams":	[{
					"socket":	5,
					"start":	4.000008,
					"end":	5.000013,
					"seconds":	1.0000050067901611,
					"bytes":	484340304,
					"bits_per_second":	3874703032.1749811,
					"omitted":	false,
					"sender":	false
				}],
			"sum":	{
				"start":	4.000008,
				"end":	5.000013,
				"seconds":	1.0000050067901611,
				"bytes":	484340304,
				"bits_per_second":	3874703032.1749811,
				"omitted":	false,
				"sender":	false
			}
		}, {
			"streams":	[{
					"socket":	5,
					"start":	5.000013,
					"end":	6.000031,
					"seconds":	1.0000180006027222,
					"bytes":	485289360,
					"bits_per_second":	3882244997.2501345,
					"omitted":	false,
					"sender":	false
				}],
			"sum":	{
				"start":	5.000013,
				"end":	6.000031,
				"seconds":	1.0000180006027222,
				"bytes":	485289360,
				"bits_per_second":	3882244997.2501345,
				"omitted":	false,
				"sender":	false
			}
		}, {
			"streams":	[{
					"socket":	5,
					"start":	6.000031,
					"end":	7.000008,
					"seconds":	0.9999769926071167,
					"bytes":	486519744,
					"bits_per_second":	3892247502.4674883,
					"omitted":	false,
					"sender":	false
				}],
			"sum":	{
				"start":	6.000031,
				"end":	7.000008,
				"seconds":	0.9999769926071167,
				"bytes":	486519744,
				"bits_per_second":	3892247502.4674883,
				"omitted":	false,
				"sender":	false
			}
		}, {
			"streams":	[{
					"socket":	5,
					"start":	7.000008,
					"end":	8.000009,
					"seconds":	1.0000009536743164,
					"bytes":	477045080,
					"bits_per_second":	3816357000.4383464,
					"omitted":	false,
					"sender":	false
				}],
			"sum":	{
				"start":	7.000008,
				"end":	8.000009,
				"seconds":	1.0000009536743164,
				"bytes":	477045080,
				"bits_per_second":	3816357000.4383464,
				"omitted":	false,
				"sender":	false
			}
		}, {
			"streams":	[{
					"socket":	5,
					"start":	8.000009,
					"end":	9.000008,
					"seconds":	0.99999898672103882,
					"bytes":	488048720,
					"bits_per_second":	3904393716.2400088,
					"omitted":	false,
					"sender":	false
				}],
			"sum":	{
				"start":	8.000009,
				"end":	9.000008,
				"seconds":	0.99999898672103882,
				"bytes":	488048720,
				"bits_per_second":	3904393716.2400088,
				"omitted":	false,
				"sender":	false
			}
		}, {
			"streams":	[{
					"socket":	5,
					"start":	9.000008,
					"end":	10.000008,
					"seconds":	1,
					"bytes":	488930280,
					"bits_per_second":	3911442240,
					"omitted":	false,
					"sender":	false
				}],
			"sum":	{
				"start":	9.000008,
				"end":	10.000008,
				"seconds":	1,
				"bytes":	488930280,
				"bits_per_second":	3911442240,
				"omitted":	false,
				"sender":	false
			}
		}, {
			"streams":	[{
					"socket":	5,
					"start":	10.000008,
					"end":	11.000039,
					"seconds":	1.0000309944152832,
					"bytes":	485689480,
					"bits_per_second":	3885395414.4409852,
					"omitted":	false,
					"sender":	false
				}],
			"sum":	{
				"start":	10.000008,
				"end":	11.000039,
				"seconds":	1.0000309944152832,
				"bytes":	485689480,
				"bits_per_second":	3885395414.4409852,
				"omitted":	false,
				"sender":	false
			}
		}, {
			"streams":	[{
					"socket":	5,
					"start":	11.000039,
					"end":	12.000026,
					"seconds":	0.999987006187439,
					"bytes":	490374072,
					"bits_per_second":	3923043551.2925744,
					"omitted":	false,
					"sender":	false
				}],
			"sum":	{
				"start":	11.000039,
				"end":	12.000026,
				"seconds":	0.999987006187439,
				"bytes":	490374072,
				"bits_per_second":	3923043551.2925744,
				"omitted":	false,
				"sender":	false
			}
		}, {
			"streams":	[{
					"socket":	5,
					"start":	12.000026,
					"end":	13.000024,
					"seconds":	0.99999797344207764,
					"bytes":	484002480,
					"bits_per_second":	3872027686.8883843,
					"omitted":	false,
					"sender":	false
				}],
			"sum":	{
				"start":	12.000026,
				"end":	13.000024,
				"seconds":	0.99999797344207764,
				"bytes":	484002480,
				"bits_per_second":	3872027686.8883843,
				"omitted":	false,
				"sender":	false
			}
		}, {
			"streams":	[{
					"socket":	5,
					"start":	13.000024,
					"end":	14.000117,
					"seconds":	1.0000929832458496,
					"bytes":	489861144,
					"bits_per_second":	3918524794.845633,
					"omitted":	false,
					"sender":	false
				}],
			"sum":	{
				"start":	13.000024,
				"end":	14.000117,
				"seconds":	1.0000929832458496,
				"bytes":	489861144,
				"bits_per_second":	3918524794.845633,
				"omitted":	false,
				"sender":	false
			}
		}, {
			"streams":	[{
					"socket":	5,
					"start":	14.000117,
					"end":	15.000015,
					"seconds":	0.99989801645278931,
					"bytes":	486042184,
					"bits_per_second":	3888734058.8934851,
					"omitted":	false,
					"sender":	false
				}],
			"sum":	{
				"start":	14.000117,
				"end":	15.000015,
				"seconds":	0.99989801645278931,
				"bytes":	486042184,
				"bits_per_second":	3888734058.8934851,
				"omitted":	false,
				"sender":	false
			}
		}, {
			"streams":	[{
					"socket":	5,
					"start":	15.000015,
					"end":	16.000065,
					"seconds":	1.0000499486923218,
					"bytes":	490337984,
					"bits_per_second":	3922507947.8573828,
					"omitted":	false,
					"sender":	false
				}],
			"sum":	{
				"start":	15.000015,
				"end":	16.000065,
				"seconds":	1.0000499486923218,
				"bytes":	490337984,