{
	"start":	{
		"connected":	[{
				"socket":	5,
				"local_host":	"10.100.102.151",
				"local_port":	50723,
				"remote_host":	"10.100.102.161",
				"remote_port":	5201
			}],
		"version":	"iperf 3.19.1",
		"system_info":	"Darwin space-gray.local 24.6.0 Darwin Kernel Version 24.6.0: Mon Jul 14 11:30:30 PDT 2025; root:xnu-11417.140.69~1/RELEASE_ARM64_T6020 arm64",
		"timestamp":	{
			"time":	"Sun, 31 Aug 2025 07:04:32 UTC",
			"timesecs":	1756623872
		},
		"connecting_to":	{
			"host":	"10.100.102.161",
			"port":	5201
		},
		"cookie":	"dqtte7atuiegdvf3wgzdunirn52xyvtz6ydi",
		"tcp_mss_default":	1448,
		"target_bitrate":	0,
		"fq_rate":	0,
		"sock_bufsize":	0,
		"sndbuf_actual":	131072,
		"rcvbuf_actual":	131072,
		"test_start":	{
			"protocol":	"TCP",
			"num_streams":	1,
			"blksize":	131072,
			"omit":	0,
			"duration":	30,
			"bytes":	0,
			"blocks":	0,
			"reverse":	0,
			"tos":	0,
			"target_bitrate":	0,
			"bidir":	0,
			"fqrate":	0,
			"interval":	1
		}
	},
	"intervals":	[{
			"streams":	[{
					"socket":	5,
					"start":	0,
					"end":	1.005014,
					"seconds":	1.0050139427185059,
					"bytes":	1195769856,
					"bits_per_second":	9518433965.3279648,
					"omitted":	false,
					"sender":	true
				}],
			"sum":	{
				"start":	0,
				"end":	1.005014,
				"seconds":	1.0050139427185059,
				"bytes":	1195769856,
				"bits_per_second":	9518433965.3279648,
				"omitted":	false,
				"sender":	true
			}
		}, {
			"streams":	[{
					"socket":	5,
					"start":	1.005014,
					"end":	2.005011,
					"seconds":	0.99999701976776123,
					"bytes":	1224867840,
					"bits_per_second":	9798971923.21203,
					"omitted":	false,
					"sender":	true
				}],
			"sum":	{
				"start":	1.005014,
				"end":	2.005011,
				"seconds":	0.99999701976776123,
				"bytes":	1224867840,
				"bits_per_second":	9798971923.21203,
				"omitted":	false,
				"sender":	true
			}
		}, {
			"streams":	[{
					"socket":	5,
					"start":	2.005011,
					"end":	3.005006,
					"seconds":	0.999994993209839,
					"bytes":	1230241792,
					"bits_per_second":	9841983612.74672,
					"omitted":	false,
					"sender":	true
				}],
			"sum":	{
				"start":	2.005011,
				"end":	3.005006,
				"seconds":	0.999994993209839,
				"bytes":	1230241792,
				"bits_per_second":	9841983612.74672,
				"omitted":	false,
				"sender":	true
			}
		}, {
			"streams":	[{
					"socket":	5,
					"start":	3.005006,
					"end":	4.005014,
					"seconds":	1.0000079870224,
					"bytes":	1235746816,
					"bits_per_second":	9885895569.1306458,
					"omitted":	false,
					"sender":	true
				}],
			"sum":	{
				"start":	3.005006,
				"end":	4.005014,
				"seconds":	1.0000079870224,
				"bytes":	1235746816,
				"bits_per_second":	9885895569.1306458,
				"omitted":	false,
				"sender":	true
			}
		}, {
			"streams":	[{
					"socket":	5,
					"start":	4.005014,
					"end":	5.005005,
					"seconds":	0.999990999698639,
					"bytes":	1234960384,
					"bits_per_second":	9879771992.9253159,
					"omitted":	false,
					"sender":	true
				}],
			"sum":	{
				"start":	4.005014,
				"end":	5.005005,
				"seconds":	0.999990999698639,
				"bytes":	1234960384,
				"bits_per_second":	9879771992.9253159,
				"omitted":	false,
				"sender":	true
			}
		}, {
			"streams":	[{
					"socket":	5,
					"start":	5.005005,
					"end":	6.005014,
					"seconds":	1.0000089406967163,
					"bytes":	1242169344,
					"bits_per_second":	9937265905.9193459,
					"omitted":	false,
					"sender":	true
				}],
			"sum":	{
				"start":	5.005005,
				"end":	6.005014,
				"seconds":	1.0000089406967163,
				"bytes":	1242169344,
				"bits_per_second":	9937265905.9193459,
				"omitted":	false,
				"sender":	true
			}
		}, {
			"streams":	[{
					"socket":	5,
					"start":	6.005014,
					"end":	7.005008,
					"seconds":	0.99999397993087769,
					"bytes":	1238630400,
					"bits_per_second":	9909102853.48412,
					"omitted":	false,
					"sender":	true
				}],
			"sum":	{
				"start":	6.005014,
				"end":	7.005008,
				"seconds":	0.99999397993087769,
				"bytes":	1238630400,
				"bits_per_second":	9909102853.48412,
				"omitted":	false,
				"sender":	true
			}
		}, {
			"streams":	[{
					"socket":	5,
					"start":	7.005008,
					"end":	8.005007,
					"seconds":	0.99999898672103882,
					"bytes":	1225654272,
					"bits_per_second":	9805244111.447567,
					"omitted":	false,
					"sender":	true
				}],
			"sum":	{
				"start":	7.005008,
				"end":	8.005007,
				"seconds":	0.99999898672103882,
				"bytes":	1225654272,
				"bits_per_second":	9805244111.447567,
				"omitted":	false,
				"sender":	true
			}
		}, {
			"streams":	[{
					"socket":	5,
					"start":	8.005007,
					"end":	9.005017,
					"seconds":	1.0000100135803223,
					"bytes":	1229717504,
					"bits_per_second":	9837641521.98644,
					"omitted":	false,
					"sender":	true
				}],
			"sum":	{
				"start":	8.005007,
				"end":	9.005017,
				"seconds":	1.0000100135803223,
				"bytes":	1229717504,
				"bits_per_second":	9837641521.98644,
				"omitted":	false,
				"sender":	true
			}
		}, {
			"streams":	[{
					"socket":	5,
					"start":	9.005017,
					"end":	10.005005,
					"seconds":	0.9999880194664,
					"bytes":	1232076800,
					"bits_per_second":	9856732488.91477,
					"omitted":	false,
					"sender":	true
				}],
			"sum":	{
				"start":	9.005017,
				"end":	10.005005,
				"seconds":	0.9999880194664,
				"bytes":	1232076800,
				"bits_per_second":	9856732488.91477,
				"omitted":	false,
				"sender":	true
			}
		}, {
			"streams":	[{
					"socket":	5,
					"start":	10.005005,
					"end":	11.005016,
					"seconds":	1.0000109672546387,
					"bytes":	1238499328,
					"bits_per_second":	9907885961.6917267,
					"omitted":	false,
					"sender":	true
				}],
			"sum":	{
				"start":	10.005005,
				"end":	11.005016,
				"seconds":	1.0000109672546387,
				"bytes":	1238499328,
				"bits_per_second":	9907885961.6917267,
				"omitted":	false,
				"sender":	true
			}
		}, {
			"streams":	[{
					"socket":	5,
					"start":	11.005016,
					"end":	12.000871,
					"seconds":	0.99585497379302979,
					"bytes":	1238237184,
					"bits_per_second":	9947128580.6509,
					"omitted":	false,
					"sender":	true
				}],
			"sum":	{
				"start":	11.005016,
				"end":	12.000871,
				"seconds":	0.99585497379302979,
				"bytes":	1238237184,
				"bits_per_second":	9947128580.6509,
				"omitted":	false,
				"sender":	true
			}
		}, {
			"streams":	[{
					"socket":	5,
					"start":	12.000871,
					"end":	13.005014,
					"seconds":	1.0041429996490479,
					"bytes":	1244528640,
					"bits_per_second":	9915150654.3189,
					"omitted":	false,
					"sender":	true
				}],
			"sum":	{
				"start":	12.000871,
				"end":	13.005014,
				"seconds":	1.0041429996490479,
				"bytes":	1244528640,
				"bits_per_second":	9915150654.3189,
				"omitted":	false,
				"sender":	true
			}
		}, {
			"streams":	[{
					"socket":	5,
					"start":	13.005014,
					"end":	14.005005,
					"seconds":	0.999990999698639,
					"bytes":	1241382912,
					"bits_per_second":	9931152679.36698,
					"omitted":	false,
					"sender":	true
				}],
			"sum":	{
				"start":	13.005014,
				"end":	14.005005,
				"seconds":	0.999990999698639,
				"bytes":	1241382912,
				"bits_per_second":	9931152679.36698,
				"omitted":	false,
				"sender":	true
			}
		}, {
			"streams":	[{
					"socket":	5,
					"start":	14.005005,
					"end":	15.00501,
					"seconds":	1.0000050067901611,
					"bytes":	1244921856,
					"bits_per_second":	9959324983.74966,
					"omitted":	false,
					"sender":	true
				}],
			"sum":	{
				"start":	14.005005,
				"end":	15.00501,
				"seconds":	1.0000050067901611,
				"bytes":	1244921856,
				"bits_per_second":	9959324983.74966,
				"omitted":	false,
				"sender":	true
			}
		}, {
			"streams":	[{
					"socket":	5,
					"start":	15.00501,
					"end":	16.005012,
					"seconds":	1.0000020265579224,
					"bytes":	1251344384,
					"bits_per_second":	10010734784.666113,
					"omitted":	false,
					"sender":	true
				}],
			"sum":	{
				"start":	15.00501,
				"end":	16.005012,