{
	"start":	{
		"connected":	[{
				"socket":	5,
				"local_host":	"192.168.105.1",
				"local_port":	49435,
				"remote_host":	"192.168.105.2",
				"remote_port":	5201
			}],
		"version":	"iperf 3.20",
		"system_info":	"Darwin mimi-2.local 25.3.0 Darwin Kernel Version 25.3.0: Wed Jan 28 20:53:31 PST 2026; root:xnu-12377.81.4~5/RELEASE_ARM64_T8122 arm64",
		"timestamp":	{
			"time":	"Fri, 27 Feb 2026 20:09:17 UTC",
			"timesecs":	1772222957,
			"timemillisecs":	1772222957743
		},
		"connecting_to":	{
			"host":	"192.168.105.2",
			"port":	5201
		},
		"cookie":	"d53hfnriyfvtnc2pvwgf7n5x7sutsbbh5txh",
		"tcp_mss_default":	1448,
		"target_bitrate":	0,
		"fq_rate":	0,
		"sock_bufsize":	0,
		"sndbuf_actual":	131072,
		"rcvbuf_actual":	131072,
		"test_start":	{
			"protocol":	"TCP",
			"num_streams":	1,
			"blksize":	131072,
			"omit":	0,
			"duration":	30,
			"bytes":	0,
			"blocks":	0,
			"reverse":	1,
			"tos":	0,
			"target_bitrate":	0,
			"bidir":	0,
			"fqrate":	0,
			"interval":	1
		}
	},
	"intervals":	[{
			"streams":	[{
					"socket":	5,
					"start":	0,
					"end":	1.00004,
					"seconds":	1.0000400543212891,
					"bytes":	2115239936,
					"bits_per_second":	16921241719.147572,
					"omitted":	false,
					"sender":	false
				}],
			"sum":	{
				"start":	0,
				"end":	1.00004,
				"seconds":	1.0000400543212891,
				"bytes":	2115239936,
				"bits_per_second":	16921241719.147572,
				"omitted":	false,
				"sender":	false
			}
		}, {
			"streams":	[{
					"socket":	5,
					"start":	1.00004,
					"end":	2.005027,
					"seconds":	1.0049870014190674,
					"bytes":	2158231552,
					"bits_per_second":	17180174859.595371,
					"omitted":	false,
					"sender":	false
				}],
			"sum":	{
				"start":	1.00004,
				"end":	2.005027,
				"seconds":	1.0049870014190674,
				"bytes":	2158231552,
				"bits_per_second":	17180174859.595371,
				"omitted":	false,
				"sender":	false
			}
		}, {
			"streams":	[{
					"socket":	5,
					"start":	2.005027,
					"end":	3.005035,
					"seconds":	1.0000079870224,
					"bytes":	2108293120,
					"bits_per_second":	16866210249.200937,
					"omitted":	false,
					"sender":	false
				}],
			"sum":	{
				"start":	2.005027,
				"end":	3.005035,
				"seconds":	1.0000079870224,
				"bytes":	2108293120,
				"bits_per_second":	16866210249.200937,
				"omitted":	false,
				"sender":	false
			}
		}, {
			"streams":	[{
					"socket":	5,
					"start":	3.005035,
					"end":	4.003334,
					"seconds":	0.9982990026474,
					"bytes":	2077360128,
					"bits_per_second":	16647197863.494013,
					"omitted":	false,
					"sender":	false
				}],
			"sum":	{
				"start":	3.005035,
				"end":	4.003334,
				"seconds":	0.9982990026474,
				"bytes":	2077360128,
				"bits_per_second":	16647197863.494013,
				"omitted":	false,
				"sender":	false
			}
		}, {
			"streams":	[{
					"socket":	5,
					"start":	4.003334,
					"end":	5.005021,
					"seconds":	1.0016870498657227,
					"bytes":	2117074944,
					"bits_per_second":	16908074786.701468,
					"omitted":	false,
					"sender":	false
				}],
			"sum":	{
				"start":	4.003334,
				"end":	5.005021,
				"seconds":	1.0016870498657227,
				"bytes":	2117074944,
				"bits_per_second":	16908074786.701468,
				"omitted":	false,
				"sender":	false
			}
		}, {
			"streams":	[{
					"socket":	5,
					"start":	5.005021,
					"end":	6.00506,
					"seconds":	1.0000389814376831,
					"bytes":	2094006272,
					"bits_per_second":	16751397182.454628,
					"omitted":	false,
					"sender":	false
				}],
			"sum":	{
				"start":	5.005021,
				"end":	6.00506,
				"seconds":	1.0000389814376831,
				"bytes":	2094006272,
				"bits_per_second":	16751397182.454628,
				"omitted":	false,
				"sender":	false
			}
		}, {
			"streams":	[{
					"socket":	5,
					"start":	6.00506,
					"end":	7.005041,
					"seconds":	0.99998098611831665,
					"bytes":	2116550656,
					"bits_per_second":	16932727204.871651,
					"omitted":	false,
					"sender":	false
				}],
			"sum":	{
				"start":	6.00506,
				"end":	7.005041,
				"seconds":	0.99998098611831665,
				"bytes":	2116550656,
				"bits_per_second":	16932727204.871651,
				"omitted":	false,
				"sender":	false
			}
		}, {
			"streams":	[{
					"socket":	5,
					"start":	7.005041,
					"end":	8.00419,
					"seconds":	0.99914902448654175,
					"bytes":	2078408704,
					"bits_per_second":	16641431082.359991,
					"omitted":	false,
					"sender":	false
				}],
			"sum":	{
				"start":	7.005041,
				"end":	8.00419,
				"seconds":	0.99914902448654175,
				"bytes":	2078408704,
				"bits_per_second":	16641431082.359991,
				"omitted":	false,
				"sender":	false
			}
		}, {
			"streams":	[{
					"socket":	5,
					"start":	8.00419,
					"end":	9.004342,
					"seconds":	1.0001519918441772,
					"bytes":	2080899072,
					"bits_per_second":	16644662723.017021,
					"omitted":	false,
					"sender":	false
				}],
			"sum":	{
				"start":	8.00419,
				"end":	9.004342,
				"seconds":	1.0001519918441772,
				"bytes":	2080899072,
				"bits_per_second":	16644662723.017021,
				"omitted":	false,
				"sender":	false
			}
		}, {
			"streams":	[{
					"socket":	5,
					"start":	9.004342,
					"end":	10.002397,
					"seconds":	0.99805498123168945,
					"bytes":	2088108032,
					"bits_per_second":	16737418849.795927,
					"omitted":	false,
					"sender":	false
				}],
			"sum":	{
				"start":	9.004342,
				"end":	10.002397,
				"seconds":	0.99805498123168945,
				"bytes":	2088108032,
				"bits_per_second":	16737418849.795927,
				"omitted":	false,
				"sender":	false
			}
		}, {
			"streams":	[{
					"socket":	5,
					"start":	10.002397,
					"end":	11.004607,
					"seconds":	1.0022100210189819,
					"bytes":	2151940096,
					"bits_per_second":	17177558003.756916,
					"omitted":	false,
					"sender":	false
				}],
			"sum":	{
				"start":	10.002397,
				"end":	11.004607,
				"seconds":	1.0022100210189819,
				"bytes":	2151940096,
				"bits_per_second":	17177558003.756916,
				"omitted":	false,
				"sender":	false
			}
		}, {
			"streams":	[{
					"socket":	5,
					"start":	11.004607,
					"end":	12.003705,
					"seconds":	0.999098002910614,
					"bytes":	2198601728,
					"bits_per_second":	17604693206.031372,
					"omitted":	false,
					"sender":	false
				}],
			"sum":	{
				"start":	11.004607,
				"end":	12.003705,
				"seconds":	0.999098002910614,
				"bytes":	2198601728,
				"bits_per_second":	17604693206.031372,
				"omitted":	false,
				"sender":	false
			}
		}, {
			"streams":	[{
					"socket":	5,
					"start":	12.003705,
					"end":	13.000429,
					"seconds":	0.996724009513855,
					"bytes":	2174746624,
					"bits_per_second":	17455155916.717342,
					"omitted":	false,
					"sender":	false
				}],
			"sum":	{
				"start":	12.003705,
				"end":	13.000429,
				"seconds":	0.996724009513855,
				"bytes":	2174746624,
				"bits_per_second":	17455155916.717342,
				"omitted":	false,
				"sender":	false
			}
		}, {
			"streams":	[{
					"socket":	5,
					"start":	13.000429,
					"end":	14.00215,
					"seconds":	1.0017210245132446,
					"bytes":	2154692608,
					"bits_per_second":	17207925602.2165,
					"omitted":	false,
					"sender":	false
				}],
			"sum":	{
				"start":	13.000429,
				"end":	14.00215,
				"seconds":	1.0017210245132446,
				"bytes":	2154692608,
				"bits_per_second":	17207925602.2165,
				"omitted":	false,
				"sender":	false
			}
		}, {
			"streams":	[{
					"socket":	5,
					"start":	14.00215,
					"end":	15.005049,
					"seconds":	1.0028990507125854,
					"bytes":	2183921664,
					"bits_per_second":	17420869328.35976,
					"omitted":	false,
					"sender":	false
				}],
			"sum":	{
				"start":	14.00215,
				"end":	15.005049,
				"seconds":	1.0028990507125854,
				"bytes":	2183921664,
				"bits_per_second":	17420869328.35976,
				"omitted":	false,
				"sender":	false
			}
		}, {
			"streams":	[{
					"socket":	5,
					"start":	15.005049,
					"end":	16.004049,
					"seconds":	0.99900001287460327,
					"bytes":	2136080384,
					"bits_per_second":	17105748600.370644,
					"omitted":	false,