{
	"start":	{
		"connected":	[{
				"socket":	5,
				"local_host":	"10.100.102.151",
				"local_port":	49576,
				"remote_host":	"10.100.102.179",
				"remote_port":	5201
			}],
		"version":	"iperf 3.8.1 -  -- Apple version iperf3-117",
		"system_info":	"Darwin space-gray.local 24.3.0 Darwin Kernel Version 24.3.0: Thu Jan  2 20:24:23 PST 2025; root:xnu-11215.81.4~3/RELEASE_ARM64_T6020 arm64",
		"timestamp":	{
			"time":	"Sat, 22 Feb 2025 14:59:17 UTC",
			"timesecs":	1740236357
		},
		"connecting_to":	{
			"host":	"10.100.102.179",
			"port":	5201
		},
		"cookie":	"o7smcgrbwjdftgogggqkviyrswsf44cx6242",
		"tcp_mss_default":	1448,
		"sock_bufsize":	0,
		"sndbuf_actual":	131072,
		"rcvbuf_actual":	131072,
		"test_start":	{
			"protocol":	"TCP",
			"num_streams":	1,
			"blksize":	131072,
			"omit":	0,
			"duration":	30,
			"bytes":	0,
			"blocks":	0,
			"reverse":	0,
			"tos":	0
		}
	},
	"intervals":	[{
			"streams":	[{
					"socket":	5,
					"start":	0,
					"end":	1.000007,
					"seconds":	1.0000070333480835,
					"bytes":	227667848,
					"bits_per_second":	1821329973.9523182,
					"retransmits":	0,
					"snd_cwnd":	8388480,
					"rtt":	19,
					"rttvar":	0,
					"pmtu":	-1,
					"omitted":	false,
					"sender":	true
				}],
			"sum":	{
				"start":	0,
				"end":	1.000007,
				"seconds":	1.0000070333480835,
				"bytes":	227667848,
				"bits_per_second":	1821329973.9523182,
				"retransmits":	0,
				"omitted":	false,
				"sender":	true
			}
		}, {
			"streams":	[{
					"socket":	5,
					"start":	1.000007,
					"end":	2.000005,
					"seconds":	0.99999797344207764,
					"bytes":	224921888,
					"bits_per_second":	1799378750.5452623,
					"retransmits":	0,
					"snd_cwnd":	8388480,
					"rtt":	19,
					"rttvar":	0,
					"pmtu":	-1,
					"omitted":	false,
					"sender":	true
				}],
			"sum":	{
				"start":	1.000007,
				"end":	2.000005,
				"seconds":	0.99999797344207764,
				"bytes":	224921888,
				"bits_per_second":	1799378750.5452623,
				"retransmits":	0,
				"omitted":	false,
				"sender":	true
			}
		}, {
			"streams":	[{
					"socket":	5,
					"start":	2.000005,
					"end":	3.000016,
					"seconds":	1.0000109672546387,
					"bytes":	226517032,
					"bits_per_second":	1812116382.058203,
					"retransmits":	0,
					"snd_cwnd":	8388480,
					"rtt":	18,
					"rttvar":	0,
					"pmtu":	-1,
					"omitted":	false,
					"sender":	true
				}],
			"sum":	{
				"start":	2.000005,
				"end":	3.000016,
				"seconds":	1.0000109672546387,
				"bytes":	226517032,
				"bits_per_second":	1812116382.058203,
				"retransmits":	0,
				"omitted":	false,
				"sender":	true
			}
		}, {
			"streams":	[{
					"socket":	5,
					"start":	3.000016,
					"end":	4.000018,
					"seconds":	1.0000020265579224,
					"bytes":	223811272,
					"bits_per_second":	1790486547.4753022,
					"retransmits":	0,
					"snd_cwnd":	8388480,
					"rtt":	19,
					"rttvar":	0,
					"pmtu":	-1,
					"omitted":	false,
					"sender":	true
				}],
			"sum":	{
				"start":	3.000016,
				"end":	4.000018,
				"seconds":	1.0000020265579224,
				"bytes":	223811272,
				"bits_per_second":	1790486547.4753022,
				"retransmits":	0,
				"omitted":	false,
				"sender":	true
			}
		}, {
			"streams":	[{
					"socket":	5,
					"start":	4.000018,
					"end":	5.00005,
					"seconds":	1.0000319480895996,
					"bytes":	227756520,
					"bits_per_second":	1821993950.7740107,
					"retransmits":	0,
					"snd_cwnd":	8388480,
					"rtt":	18,
					"rttvar":	0,
					"pmtu":	-1,
					"omitted":	false,
					"sender":	true
				}],
			"sum":	{
				"start":	4.000018,
				"end":	5.00005,
				"seconds":	1.0000319480895996,
				"bytes":	227756520,
				"bits_per_second":	1821993950.7740107,
				"retransmits":	0,
				"omitted":	false,
				"sender":	true
			}
		}, {
			"streams":	[{
					"socket":	5,
					"start":	5.00005,
					"end":	6.000021,
					"seconds":	0.99997097253799438,
					"bytes":	226482832,
					"bits_per_second":	1811915251.3011146,
					"retransmits":	0,
					"snd_cwnd":	8388480,
					"rtt":	18,
					"rttvar":	0,
					"pmtu":	-1,
					"omitted":	false,
					"sender":	true
				}],
			"sum":	{
				"start":	5.00005,
				"end":	6.000021,
				"seconds":	0.99997097253799438,
				"bytes":	226482832,
				"bits_per_second":	1811915251.3011146,
				"retransmits":	0,
				"omitted":	false,
				"sender":	true
			}
		}, {
			"streams":	[{
					"socket":	5,
					"start":	6.000021,
					"end":	7.000005,
					"seconds":	0.9999840259552002,
					"bytes":	225487504,
					"bits_per_second":	1803928848.0402343,
					"retransmits":	0,
					"snd_cwnd":	8388480,
					"rtt":	17,
					"rttvar":	0,
					"pmtu":	-1,
					"omitted":	false,
					"sender":	true
				}],
			"sum":	{
				"start":	6.000021,
				"end":	7.000005,
				"seconds":	0.9999840259552002,
				"bytes":	225487504,
				"bits_per_second":	1803928848.0402343,
				"retransmits":	0,
				"omitted":	false,
				"sender":	true
			}
		}, {
			"streams":	[{
					"socket":	5,
					"start":	7.000005,
					"end":	8.000017,
					"seconds":	1.0000120401382446,
					"bytes":	228644144,
					"bits_per_second":	1829131129.0083392,
					"retransmits":	0,
					"snd_cwnd":	8388480,
					"rtt":	19,
					"rttvar":	0,
					"pmtu":	-1,
					"omitted":	false,
					"sender":	true
				}],
			"sum":	{
				"start":	7.000005,
				"end":	8.000017,
				"seconds":	1.0000120401382446,
				"bytes":	228644144,
				"bits_per_second":	1829131129.0083392,
				"retransmits":	0,
				"omitted":	false,
				"sender":	true
			}
		}, {
			"streams":	[{
					"socket":	5,
					"start":	8.000017,
					"end":	9.000022,
					"seconds":	1.0000050067901611,
					"bytes":	226478488,
					"bits_per_second":	1811818832.6032951,
					"retransmits":	0,
					"snd_cwnd":	8388480,
					"rtt":	19,
					"rttvar":	0,
					"pmtu":	-1,
					"omitted":	false,
					"sender":	true
				}],
			"sum":	{
				"start":	8.000017,
				"end":	9.000022,
				"seconds":	1.0000050067901611,
				"bytes":	226478488,
				"bits_per_second":	1811818832.6032951,
				"retransmits":	0,
				"omitted":	false,
				"sender":	true
			}
		}, {
			"streams":	[{
					"socket":	5,
					"start":	9.000022,
					"end":	10.000007,
					"seconds":	0.9999849796295166,
					"bytes":	225442616,
					"bits_per_second":	1803568018.2598262,
					"retransmits":	0,
					"snd_cwnd":	8388480,
					"rtt":	20,
					"rttvar":	0,
					"pmtu":	-1,
					"omitted":	false,
					"sender":	true
				}],
			"sum":	{
				"start":	9.000022,
				"end":	10.000007,
				"seconds":	0.9999849796295166,
				"bytes":	225442616,
				"bits_per_second":	1803568018.2598262,
				"retransmits":	0,
				"omitted":	false,
				"sender":	true
			}
		}, {
			"streams":	[{
					"socket":	5,
					"start":	10.000007,
					"end":	11.000042,
					"seconds":	1.0000350475311279,
					"bytes":	224759712,
					"bits_per_second":	1798014680.0245333,
					"retransmits":	0,
					"snd_cwnd":	8388480,
					"rtt":	18,
					"rttvar":	0,
					"pmtu":	-1,
					"omitted":	false,
					"sender":	true
				}],
			"sum":	{
				"start":	10.000007,
				"end":	11.000042,
				"seconds":	1.0000350475311279,
				"bytes":	224759712,
				"bits_per_second":	1798014680.0245333,
				"retransmits":	0,
				"omitted":	false,
				"sender":	true
			}
		}, {
			"streams":	[{
					"socket":	5,
					"start":	11.000042,
					"end":	12.000013,
					"seconds":	0.99997097253799438,
					"bytes":	223171256,
					"bits_per_second":	1785421874.2656193,
					"retransmits":	0,
					"snd_cwnd":	8388480,
					"rtt":	19,
					"rttvar":	0,
					"pmtu":	-1,
					"omitted":	false,
					"sender":	true
				}],
			"sum":	{
				"start":	11.000042,
				"end":	12.000013,
				"seconds":	0.99997097253799438,
				"bytes":	223171256,
				"bits_per_second":	1785421874.2656193,
				"retransmits":	0,
				"omitted":	false,
				"sender":	true
			}
		}, {
			"streams":	[{
					"socket":	5,
					"start":	12.000013,
					"end":	13.000012,
					"seconds":	0.99999898672103882,
					"bytes":	226072352,
					"bits_per_second":	1808580648.5967209,
					"retransmits":	0,
					"snd_cwnd":	8388480,