{
	"start":	{
		"connected":	[{
				"socket":	5,
				"local_host":	"192.168.105.1",
				"local_port":	49691,
				"remote_host":	"192.168.105.4",
				"remote_port":	5201
			}],
		"version":	"iperf 3.8.1 -  -- Apple version iperf3-117",
		"system_info":	"Darwin space-gray.local 24.3.0 Darwin Kernel Version 24.3.0: Thu Jan  2 20:24:23 PST 2025; root:xnu-11215.81.4~3/RELEASE_ARM64_T6020 arm64",
		"timestamp":	{
			"time":	"Sat, 22 Feb 2025 15:10:51 UTC",
			"timesecs":	1740237051
		},
		"connecting_to":	{
			"host":	"192.168.105.4",
			"port":	5201
		},
		"cookie":	"csxnu4zl3um6q6rcl7c34ks7ft6mc7svot4o",
		"tcp_mss_default":	1448,
		"sock_bufsize":	0,
		"sndbuf_actual":	131072,
		"rcvbuf_actual":	131072,
		"test_start":	{
			"protocol":	"TCP",
			"num_streams":	1,
			"blksize":	131072,
			"omit":	0,
			"duration":	30,
			"bytes":	0,
			"blocks":	0,
			"reverse":	1,
			"tos":	0
		}
	},
	"intervals":	[{
			"streams":	[{
					"socket":	5,
					"start":	0,
					"end":	1.000016,
					"seconds":	1.0000159740448,
					"bytes":	109486176,
					"bits_per_second":	875875416.72685421,
					"omitted":	false,
					"sender":	false
				}],
			"sum":	{
				"start":	0,
				"end":	1.000016,
				"seconds":	1.0000159740448,
				"bytes":	109486176,
				"bits_per_second":	875875416.72685421,
				"omitted":	false,
				"sender":	false
			}
		}, {
			"streams":	[{
					"socket":	5,
					"start":	1.000016,
					"end":	2.000005,
					"seconds":	0.99998897314071655,
					"bytes":	109966912,
					"bits_per_second":	879744996.82428527,
					"omitted":	false,
					"sender":	false
				}],
			"sum":	{
				"start":	1.000016,
				"end":	2.000005,
				"seconds":	0.99998897314071655,
				"bytes":	109966912,
				"bits_per_second":	879744996.82428527,
				"omitted":	false,
				"sender":	false
			}
		}, {
			"streams":	[{
					"socket":	5,
					"start":	2.000005,
					"end":	3.000023,
					"seconds":	1.0000180006027222,
					"bytes":	110709736,
					"bits_per_second":	885661945.551172,
					"omitted":	false,
					"sender":	false
				}],
			"sum":	{
				"start":	2.000005,
				"end":	3.000023,
				"seconds":	1.0000180006027222,
				"bytes":	110709736,
				"bits_per_second":	885661945.551172,
				"omitted":	false,
				"sender":	false
			}
		}, {
			"streams":	[{
					"socket":	5,
					"start":	3.000023,
					"end":	4.000011,
					"seconds":	0.9999880194664,
					"bytes":	110017592,
					"bits_per_second":	880151280.68199122,
					"omitted":	false,
					"sender":	false
				}],
			"sum":	{
				"start":	3.000023,
				"end":	4.000011,
				"seconds":	0.9999880194664,
				"bytes":	110017592,
				"bits_per_second":	880151280.68199122,
				"omitted":	false,
				"sender":	false
			}
		}, {
			"streams":	[{
					"socket":	5,
					"start":	4.000011,
					"end":	5.000021,
					"seconds":	1.0000100135803223,
					"bytes":	110276784,
					"bits_per_second":	882205437.96498621,
					"omitted":	false,
					"sender":	false
				}],
			"sum":	{
				"start":	4.000011,
				"end":	5.000021,
				"seconds":	1.0000100135803223,
				"bytes":	110276784,
				"bits_per_second":	882205437.96498621,
				"omitted":	false,
				"sender":	false
			}
		}, {
			"streams":	[{
					"socket":	5,
					"start":	5.000021,
					"end":	6.000011,
					"seconds":	0.99998998641967773,
					"bytes":	110237688,
					"bits_per_second":	881910335.07997739,
					"omitted":	false,
					"sender":	false
				}],
			"sum":	{
				"start":	5.000021,
				"end":	6.000011,
				"seconds":	0.99998998641967773,
				"bytes":	110237688,
				"bits_per_second":	881910335.07997739,
				"omitted":	false,
				"sender":	false
			}
		}, {
			"streams":	[{
					"socket":	5,
					"start":	6.000011,
					"end":	7.000013,
					"seconds":	1.0000020265579224,
					"bytes":	110615616,
					"bits_per_second":	884923134.6520108,
					"omitted":	false,
					"sender":	false
				}],
			"sum":	{
				"start":	6.000011,
				"end":	7.000013,
				"seconds":	1.0000020265579224,
				"bytes":	110615616,
				"bits_per_second":	884923134.6520108,
				"omitted":	false,
				"sender":	false
			}
		}, {
			"streams":	[{
					"socket":	5,
					"start":	7.000013,
					"end":	8.00002,
					"seconds":	1.0000070333480835,
					"bytes":	109880032,
					"bits_per_second":	879034073.44738424,
					"omitted":	false,
					"sender":	false
				}],
			"sum":	{
				"start":	7.000013,
				"end":	8.00002,
				"seconds":	1.0000070333480835,
				"bytes":	109880032,
				"bits_per_second":	879034073.44738424,
				"omitted":	false,
				"sender":	false
			}
		}, {
			"streams":	[{
					"socket":	5,
					"start":	8.00002,
					"end":	9.000011,
					"seconds":	0.999990999698639,
					"bytes":	109410880,
					"bits_per_second":	875294917.918041,
					"omitted":	false,
					"sender":	false
				}],
			"sum":	{
				"start":	8.00002,
				"end":	9.000011,
				"seconds":	0.999990999698639,
				"bytes":	109410880,
				"bits_per_second":	875294917.918041,
				"omitted":	false,
				"sender":	false
			}
		}, {
			"streams":	[{
					"socket":	5,
					"start":	9.000011,
					"end":	10.000007,
					"seconds":	0.9999960064888,
					"bytes":	109074944,
					"bits_per_second":	872603036.75000036,
					"omitted":	false,
					"sender":	false
				}],
			"sum":	{
				"start":	9.000011,
				"end":	10.000007,
				"seconds":	0.9999960064888,
				"bytes":	109074944,
				"bits_per_second":	872603036.75000036,
				"omitted":	false,
				"sender":	false
			}
		}, {
			"streams":	[{
					"socket":	5,
					"start":	10.000007,
					"end":	11.000009,
					"seconds":	1.0000020265579224,
					"bytes":	109231328,
					"bits_per_second":	873848853.09468377,
					"omitted":	false,
					"sender":	false
				}],
			"sum":	{
				"start":	10.000007,
				"end":	11.000009,
				"seconds":	1.0000020265579224,
				"bytes":	109231328,
				"bits_per_second":	873848853.09468377,
				"omitted":	false,
				"sender":	false
			}
		}, {
			"streams":	[{
					"socket":	5,
					"start":	11.000009,
					"end":	12.000043,
					"seconds":	1.000033974647522,
					"bytes":	109334136,
					"bits_per_second":	874643372.29971874,
					"omitted":	false,
					"sender":	false
				}],
			"sum":	{
				"start":	11.000009,
				"end":	12.000043,
				"seconds":	1.000033974647522,
				"bytes":	109334136,
				"bits_per_second":	874643372.29971874,
				"omitted":	false,
				"sender":	false
			}
		}, {
			"streams":	[{
					"socket":	5,
					"start":	12.000043,
					"end":	13.000009,
					"seconds":	0.999966025352478,
					"bytes":	108562352,
					"bits_per_second":	868528323.943669,
					"omitted":	false,
					"sender":	false
				}],
			"sum":	{
				"start":	12.000043,
				"end":	13.000009,
				"seconds":	0.999966025352478,
				"bytes":	108562352,
				"bits_per_second":	868528323.943669,
				"omitted":	false,
				"sender":	false
			}
		}, {
			"streams":	[{
					"socket":	5,
					"start":	13.000009,
					"end":	14.000044,
					"seconds":	1.0000350475311279,
					"bytes":	108983720,
					"bits_per_second":	871839204.1883527,
					"omitted":	false,
					"sender":	false
				}],
			"sum":	{
				"start":	13.000009,
				"end":	14.000044,
				"seconds":	1.0000350475311279,
				"bytes":	108983720,
				"bits_per_second":	871839204.1883527,
				"omitted":	false,
				"sender":	false
			}
		}, {
			"streams":	[{
					"socket":	5,
					"start":	14.000044,
					"end":	15.00002,
					"seconds":	0.99997597932815552,
					"bytes":	108672400,
					"bits_per_second":	869400083.574109,
					"omitted":	false,
					"sender":	false
				}],
			"sum":	{
				"start":	14.000044,
				"end":	15.00002,
				"seconds":	0.99997597932815552,
				"bytes":	108672400,
				"bits_per_second":	869400083.574109,
				"omitted":	false,
				"sender":	false
			}
		}, {
			"streams":	[{
					"socket":	5,
					"start":	15.00002,
					"end":	16.000023,
					"seconds":	1.0000029802322388,
					"bytes":	108788240,
					"bits_per_second":	870303326.29396951,
					"omitted":	false,
					"sender":	false
				}],
			"sum":	{
				"start":	15.00002,
				"end":	16.000023,
				"seconds":	1.0000029802322388,
				"bytes":	108788240,