{
	"start":	{
		"connected":	[{
				"socket":	5,
				"local_host":	"10.100.102.3",
				"local_port":	52223,
				"remote_host":	"10.100.102.6",
				"remote_port":	5201
			}],
		"version":	"iperf 3.20",
		"system_info":	"Darwin space-gray 25.3.0 Darwin Kernel Version 25.3.0: Wed Jan 28 20:53:05 PST 2026; root:xnu-12377.81.4~5/RELEASE_ARM64_T6020 arm64",
		"timestamp":	{
			"time":	"Fri, 27 Feb 2026 18:14:36 UTC",
			"timesecs":	1772216076,
			"timemillisecs":	1772216076654
		},
		"connecting_to":	{
			"host":	"10.100.102.6",
			"port":	5201
		},
		"cookie":	"p4fq33fpyk3ab6tm5fym5yjmq33xh2jecenc",
		"tcp_mss_default":	1448,
		"target_bitrate":	0,
		"fq_rate":	0,
		"sock_bufsize":	0,
		"sndbuf_actual":	131072,
		"rcvbuf_actual":	131072,
		"test_start":	{
			"protocol":	"TCP",
			"num_streams":	1,
			"blksize":	131072,
			"omit":	0,
			"duration":	30,
			"bytes":	0,
			"blocks":	0,
			"reverse":	1,
			"tos":	0,
			"target_bitrate":	0,
			"bidir":	0,
			"fqrate":	0,
			"interval":	1
		}
	},
	"intervals":	[{
			"streams":	[{
					"socket":	5,
					"start":	0,
					"end":	1.004697,
					"seconds":	1.00469696521759,
					"bytes":	1103626240,
					"bits_per_second":	8787734237.942955,
					"omitted":	false,
					"sender":	false
				}],
			"sum":	{
				"start":	0,
				"end":	1.004697,
				"seconds":	1.00469696521759,
				"bytes":	1103626240,
				"bits_per_second":	8787734237.942955,
				"omitted":	false,
				"sender":	false
			}
		}, {
			"streams":	[{
					"socket":	5,
					"start":	1.004697,
					"end":	2.005008,
					"seconds":	1.000311017036438,
					"bytes":	1105461248,
					"bits_per_second":	8840940300.9482746,
					"omitted":	false,
					"sender":	false
				}],
			"sum":	{
				"start":	1.004697,
				"end":	2.005008,
				"seconds":	1.000311017036438,
				"bytes":	1105461248,
				"bits_per_second":	8840940300.9482746,
				"omitted":	false,
				"sender":	false
			}
		}, {
			"streams":	[{
					"socket":	5,
					"start":	2.005008,
					"end":	3.003058,
					"seconds":	0.99804997444152832,
					"bytes":	1101004800,
					"bits_per_second":	8825247858.88467,
					"omitted":	false,
					"sender":	false
				}],
			"sum":	{
				"start":	2.005008,
				"end":	3.003058,
				"seconds":	0.99804997444152832,
				"bytes":	1101004800,
				"bits_per_second":	8825247858.88467,
				"omitted":	false,
				"sender":	false
			}
		}, {
			"streams":	[{
					"socket":	5,
					"start":	3.003058,
					"end":	4.005007,
					"seconds":	1.0019489526748657,
					"bytes":	1114505216,
					"bits_per_second":	8898698585.58879,
					"omitted":	false,
					"sender":	false
				}],
			"sum":	{
				"start":	3.003058,
				"end":	4.005007,
				"seconds":	1.0019489526748657,
				"bytes":	1114505216,
				"bits_per_second":	8898698585.58879,
				"omitted":	false,
				"sender":	false
			}
		}, {
			"streams":	[{
					"socket":	5,
					"start":	4.005007,
					"end":	5.00076,
					"seconds":	0.995752990245819,
					"bytes":	1104674816,
					"bits_per_second":	8875091126.5838451,
					"omitted":	false,
					"sender":	false
				}],
			"sum":	{
				"start":	4.005007,
				"end":	5.00076,
				"seconds":	0.995752990245819,
				"bytes":	1104674816,
				"bits_per_second":	8875091126.5838451,
				"omitted":	false,
				"sender":	false
			}
		}, {
			"streams":	[{
					"socket":	5,
					"start":	5.00076,
					"end":	6.004723,
					"seconds":	1.0039629936218262,
					"bytes":	1117126656,
					"bits_per_second":	8901735726.0943069,
					"omitted":	false,
					"sender":	false
				}],
			"sum":	{
				"start":	5.00076,
				"end":	6.004723,
				"seconds":	1.0039629936218262,
				"bytes":	1117126656,
				"bits_per_second":	8901735726.0943069,
				"omitted":	false,
				"sender":	false
			}
		}, {
			"streams":	[{
					"socket":	5,
					"start":	6.004723,
					"end":	7.000535,
					"seconds":	0.99581199884414673,
					"bytes":	1100873728,
					"bits_per_second":	8844028626.10854,
					"omitted":	false,
					"sender":	false
				}],
			"sum":	{
				"start":	6.004723,
				"end":	7.000535,
				"seconds":	0.99581199884414673,
				"bytes":	1100873728,
				"bits_per_second":	8844028626.10854,
				"omitted":	false,
				"sender":	false
			}
		}, {
			"streams":	[{
					"socket":	5,
					"start":	7.000535,
					"end":	8.001985,
					"seconds":	1.0014499425888062,
					"bytes":	1106378752,
					"bits_per_second":	8838215111.5008049,
					"omitted":	false,
					"sender":	false
				}],
			"sum":	{
				"start":	7.000535,
				"end":	8.001985,
				"seconds":	1.0014499425888062,
				"bytes":	1106378752,
				"bits_per_second":	8838215111.5008049,
				"omitted":	false,
				"sender":	false
			}
		}, {
			"streams":	[{
					"socket":	5,
					"start":	8.001985,
					"end":	9.005012,
					"seconds":	1.0030269622802734,
					"bytes":	1108082688,
					"bits_per_second":	8837909485.35137,
					"omitted":	false,
					"sender":	false
				}],
			"sum":	{
				"start":	8.001985,
				"end":	9.005012,
				"seconds":	1.0030269622802734,
				"bytes":	1108082688,
				"bits_per_second":	8837909485.35137,
				"omitted":	false,
				"sender":	false
			}
		}, {
			"streams":	[{
					"socket":	5,
					"start":	9.005012,
					"end":	10.003374,
					"seconds":	0.99836200475692749,
					"bytes":	1107558400,
					"bits_per_second":	8875004415.01404,
					"omitted":	false,
					"sender":	false
				}],
			"sum":	{
				"start":	9.005012,
				"end":	10.003374,
				"seconds":	0.99836200475692749,
				"bytes":	1107558400,
				"bits_per_second":	8875004415.01404,
				"omitted":	false,
				"sender":	false
			}
		}, {
			"streams":	[{
					"socket":	5,
					"start":	10.003374,
					"end":	11.00501,
					"seconds":	1.0016360282897949,
					"bytes":	1108738048,
					"bits_per_second":	8855416671.807003,
					"omitted":	false,
					"sender":	false
				}],
			"sum":	{
				"start":	10.003374,
				"end":	11.00501,
				"seconds":	1.0016360282897949,
				"bytes":	1108738048,
				"bits_per_second":	8855416671.807003,
				"omitted":	false,
				"sender":	false
			}
		}, {
			"streams":	[{
					"socket":	5,
					"start":	11.00501,
					"end":	12.002855,
					"seconds":	0.99784499406814575,
					"bytes":	1101791232,
					"bits_per_second":	8833365811.7225,
					"omitted":	false,
					"sender":	false
				}],
			"sum":	{
				"start":	11.00501,
				"end":	12.002855,
				"seconds":	0.99784499406814575,
				"bytes":	1101791232,
				"bits_per_second":	8833365811.7225,
				"omitted":	false,
				"sender":	false
			}
		}, {
			"streams":	[{
					"socket":	5,
					"start":	12.002855,
					"end":	13.003113,
					"seconds":	1.0002579689025879,
					"bytes":	1103495168,
					"bits_per_second":	8825684591.83126,
					"omitted":	false,
					"sender":	false
				}],
			"sum":	{
				"start":	12.002855,
				"end":	13.003113,
				"seconds":	1.0002579689025879,
				"bytes":	1103495168,
				"bits_per_second":	8825684591.83126,
				"omitted":	false,
				"sender":	false
			}
		}, {
			"streams":	[{
					"socket":	5,
					"start":	13.003113,
					"end":	14.005012,
					"seconds":	1.0018990039825439,
					"bytes":	1112014848,
					"bits_per_second":	8879257039.51992,
					"omitted":	false,
					"sender":	false
				}],
			"sum":	{
				"start":	13.003113,
				"end":	14.005012,
				"seconds":	1.0018990039825439,
				"bytes":	1112014848,
				"bits_per_second":	8879257039.51992,
				"omitted":	false,
				"sender":	false
			}
		}, {
			"streams":	[{
					"socket":	5,
					"start":	14.005012,
					"end":	15.00162,
					"seconds":	0.996608018875122,
					"bytes":	1106771968,
					"bits_per_second":	8884311159.7614536,
					"omitted":	false,
					"sender":	false
				}],
			"sum":	{
				"start":	14.005012,
				"end":	15.00162,
				"seconds":	0.996608018875122,
				"bytes":	1106771968,
				"bits_per_second":	8884311159.7614536,
				"omitted":	false,
				"sender":	false
			}
		}, {
			"streams":	[{
					"socket":	5,
					"start":	15.00162,
					"end":	16.005007,
					"seconds":	1.0033869743347168,
					"bytes":	1109000192,
					"bits_per_second":	8842053726.9606,
					"omitted":	false,
					"sender":	false
				}],